content_id,kind
bible:book15:6:14,extra_in_staging
bible:book21:150:6,extra_in_staging
bible:book21:72:20,extra_in_staging
bible:book21:77:6,extra_in_staging
bible:book3:14:51,extra_in_staging
bible:book16:7:74,missing_in_staging
bible:book17:10:1,missing_in_staging
bible:book17:10:10,missing_in_staging
bible:book17:10:11,missing_in_staging
bible:book17:10:12,missing_in_staging
bible:book17:10:13,missing_in_staging
bible:book17:10:2,missing_in_staging
bible:book17:10:3,missing_in_staging
bible:book17:10:4,missing_in_staging
bible:book17:10:5,missing_in_staging
bible:book17:10:6,missing_in_staging
bible:book17:10:7,missing_in_staging
bible:book17:10:8,missing_in_staging
bible:book17:10:9,missing_in_staging
bible:book17:11:1,missing_in_staging
bible:book17:11:10,missing_in_staging
bible:book17:11:11,missing_in_staging
bible:book17:11:12,missing_in_staging
bible:book17:11:13,missing_in_staging
bible:book17:11:14,missing_in_staging
bible:book17:11:15,missing_in_staging
bible:book17:11:16,missing_in_staging
bible:book17:11:17,missing_in_staging
bible:book17:11:18,missing_in_staging
bible:book17:11:19,missing_in_staging
bible:book17:11:2,missing_in_staging
bible:book17:11:20,missing_in_staging
bible:book17:11:21,missing_in_staging
bible:book17:11:3,missing_in_staging
bible:book17:11:4,missing_in_staging
bible:book17:11:5,missing_in_staging
bible:book17:11:6,missing_in_staging
bible:book17:11:7,missing_in_staging
bible:book17:11:8,missing_in_staging
bible:book17:11:9,missing_in_staging
bible:book17:12:1,missing_in_staging
bible:book17:12:10,missing_in_staging
bible:book17:12:11,missing_in_staging
bible:book17:12:12,missing_in_staging
bible:book17:12:13,missing_in_staging
bible:book17:12:14,missing_in_staging
bible:book17:12:15,missing_in_staging
bible:book17:12:16,missing_in_staging
bible:book17:12:17,missing_in_staging
bible:book17:12:18,missing_in_staging
bible:book17:12:19,missing_in_staging
bible:book17:12:2,missing_in_staging
bible:book17:12:20,missing_in_staging
bible:book17:12:21,missing_in_staging
bible:book17:12:22,missing_in_staging
bible:book17:12:3,missing_in_staging
bible:book17:12:4,missing_in_staging
bible:book17:12:5,missing_in_staging
bible:book17:12:6,missing_in_staging
bible:book17:12:7,missing_in_staging
bible:book17:12:8,missing_in_staging
bible:book17:12:9,missing_in_staging
bible:book17:13:1,missing_in_staging
bible:book17:13:10,missing_in_staging
bible:book17:13:11,missing_in_staging
bible:book17:13:12,missing_in_staging
bible:book17:13:13,missing_in_staging
bible:book17:13:14,missing_in_staging
bible:book17:13:15,missing_in_staging
bible:book17:13:16,missing_in_staging
bible:book17:13:17,missing_in_staging
bible:book17:13:18,missing_in_staging
bible:book17:13:19,missing_in_staging
bible:book17:13:2,missing_in_staging
bible:book17:13:20,missing_in_staging
bible:book17:13:21,missing_in_staging
bible:book17:13:22,missing_in_staging
bible:book17:13:23,missing_in_staging
bible:book17:13:3,missing_in_staging
bible:book17:13:4,missing_in_staging
bible:book17:13:5,missing_in_staging
bible:book17:13:6,missing_in_staging
bible:book17:13:7,missing_in_staging
bible:book17:13:8,missing_in_staging
bible:book17:13:9,missing_in_staging
bible:book17:14:1,missing_in_staging
bible:book17:14:10,missing_in_staging
bible:book17:14:11,missing_in_staging
bible:book17:14:12,missing_in_staging
bible:book17:14:13,missing_in_staging
bible:book17:14:14,missing_in_staging
bible:book17:14:15,missing_in_staging
bible:book17:14:16,missing_in_staging
bible:book17:14:17,missing_in_staging
bible:book17:14:2,missing_in_staging
bible:book17:14:3,missing_in_staging
bible:book17:14:4,missing_in_staging
bible:book17:14:5,missing_in_staging
bible:book17:14:6,missing_in_staging
bible:book17:14:7,missing_in_staging
bible:book17:14:8,missing_in_staging
bible:book17:14:9,missing_in_staging
bible:book17:1:1,missing_in_staging
bible:book17:1:10,missing_in_staging
bible:book17:1:11,missing_in_staging
bible:book17:1:12,missing_in_staging
bible:book17:1:13,missing_in_staging
bible:book17:1:14,missing_in_staging
bible:book17:1:15,missing_in_staging
bible:book17:1:16,missing_in_staging
bible:book17:1:17,missing_in_staging
bible:book17:1:18,missing_in_staging
bible:book17:1:19,missing_in_staging
bible:book17:1:2,missing_in_staging
bible:book17:1:20,missing_in_staging
bible:book17:1:21,missing_in_staging
bible:book17:1:22,missing_in_staging
bible:book17:1:23,missing_in_staging
bible:book17:1:24,missing_in_staging
bible:book17:1:25,missing_in_staging
bible:book17:1:3,missing_in_staging
bible:book17:1:4,missing_in_staging
bible:book17:1:5,missing_in_staging
bible:book17:1:6,missing_in_staging
bible:book17:1:7,missing_in_staging
bible:book17:1:8,missing_in_staging
bible:book17:1:9,missing_in_staging
bible:book17:2:1,missing_in_staging
bible:book17:2:10,missing_in_staging
bible:book17:2:11,missing_in_staging
bible:book17:2:12,missing_in_staging
bible:book17:2:13,missing_in_staging
bible:book17:2:14,missing_in_staging
bible:book17:2:15,missing_in_staging
bible:book17:2:16,missing_in_staging
bible:book17:2:17,missing_in_staging
bible:book17:2:18,missing_in_staging
bible:book17:2:19,missing_in_staging
bible:book17:2:2,missing_in_staging
bible:book17:2:20,missing_in_staging
bible:book17:2:21,missing_in_staging
bible:book17:2:22,missing_in_staging
bible:book17:2:3,missing_in_staging
bible:book17:2:4,missing_in_staging
bible:book17:2:5,missing_in_staging
bible:book17:2:6,missing_in_staging
bible:book17:2:7,missing_in_staging
bible:book17:2:8,missing_in_staging
bible:book17:2:9,missing_in_staging
bible:book17:3:1,missing_in_staging
bible:book17:3:10,missing_in_staging
bible:book17:3:11,missing_in_staging
bible:book17:3:12,missing_in_staging
bible:book17:3:13,missing_in_staging
bible:book17:3:14,missing_in_staging
bible:book17:3:15,missing_in_staging
bible:book17:3:16,missing_in_staging
bible:book17:3:17,missing_in_staging
bible:book17:3:18,missing_in_staging
bible:book17:3:19,missing_in_staging
bible:book17:3:2,missing_in_staging
bible:book17:3:20,missing_in_staging
bible:book17:3:21,missing_in_staging
bible:book17:3:22,missing_in_staging
bible:book17:3:23,missing_in_staging
bible:book17:3:24,missing_in_staging
bible:book17:3:25,missing_in_staging
bible:book17:3:3,missing_in_staging
bible:book17:3:4,missing_in_staging
bible:book17:3:5,missing_in_staging
bible:book17:3:6,missing_in_staging
bible:book17:3:7,missing_in_staging
bible:book17:3:8,missing_in_staging
bible:book17:3:9,missing_in_staging
bible:book17:4:1,missing_in_staging
bible:book17:4:10,missing_in_staging
bible:book17:4:11,missing_in_staging
bible:book17:4:12,missing_in_staging
bible:book17:4:13,missing_in_staging
bible:book17:4:14,missing_in_staging
bible:book17:4:15,missing_in_staging
bible:book17:4:16,missing_in_staging
bible:book17:4:17,missing_in_staging
bible:book17:4:18,missing_in_staging
bible:book17:4:19,missing_in_staging
bible:book17:4:2,missing_in_staging
bible:book17:4:20,missing_in_staging
bible:book17:4:21,missing_in_staging
bible:book17:4:22,missing_in_staging
bible:book17:4:23,missing_in_staging
bible:book17:4:3,missing_in_staging
bible:book17:4:4,missing_in_staging
bible:book17:4:5,missing_in_staging
bible:book17:4:6,missing_in_staging
bible:book17:4:7,missing_in_staging
bible:book17:4:8,missing_in_staging
bible:book17:4:9,missing_in_staging
bible:book17:5:1,missing_in_staging
bible:book17:5:10,missing_in_staging
bible:book17:5:11,missing_in_staging
bible:book17:5:12,missing_in_staging
bible:book17:5:13,missing_in_staging
bible:book17:5:14,missing_in_staging
bible:book17:5:15,missing_in_staging
bible:book17:5:16,missing_in_staging
bible:book17:5:17,missing_in_staging
bible:book17:5:18,missing_in_staging
bible:book17:5:19,missing_in_staging
bible:book17:5:2,missing_in_staging
bible:book17:5:20,missing_in_staging
bible:book17:5:21,missing_in_staging
bible:book17:5:22,missing_in_staging
bible:book17:5:23,missing_in_staging
bible:book17:5:24,missing_in_staging
bible:book17:5:25,missing_in_staging
bible:book17:5:26,missing_in_staging
bible:book17:5:27,missing_in_staging
bible:book17:5:28,missing_in_staging
bible:book17:5:3,missing_in_staging
bible:book17:5:4,missing_in_staging
bible:book17:5:5,missing_in_staging
bible:book17:5:6,missing_in_staging
bible:book17:5:7,missing_in_staging
bible:book17:5:8,missing_in_staging
bible:book17:5:9,missing_in_staging
bible:book17:6:1,missing_in_staging
bible:book17:6:10,missing_in_staging
bible:book17:6:11,missing_in_staging
bible:book17:6:12,missing_in_staging
bible:book17:6:13,missing_in_staging
bible:book17:6:14,missing_in_staging
bible:book17:6:15,missing_in_staging
bible:book17:6:16,missing_in_staging
bible:book17:6:17,missing_in_staging
bible:book17:6:18,missing_in_staging
bible:book17:6:19,missing_in_staging
bible:book17:6:2,missing_in_staging
bible:book17:6:20,missing_in_staging
bible:book17:6:21,missing_in_staging
bible:book17:6:22,missing_in_staging
bible:book17:6:3,missing_in_staging
bible:book17:6:4,missing_in_staging
bible:book17:6:5,missing_in_staging
bible:book17:6:6,missing_in_staging
bible:book17:6:7,missing_in_staging
bible:book17:6:8,missing_in_staging
bible:book17:6:9,missing_in_staging
bible:book17:7:1,missing_in_staging
bible:book17:7:10,missing_in_staging
bible:book17:7:11,missing_in_staging
bible:book17:7:12,missing_in_staging
bible:book17:7:13,missing_in_staging
bible:book17:7:14,missing_in_staging
bible:book17:7:15,missing_in_staging
bible:book17:7:16,missing_in_staging
bible:book17:7:17,missing_in_staging
bible:book17:7:18,missing_in_staging
bible:book17:7:19,missing_in_staging
bible:book17:7:2,missing_in_staging
bible:book17:7:20,missing_in_staging
bible:book17:7:3,missing_in_staging
bible:book17:7:4,missing_in_staging
bible:book17:7:5,missing_in_staging
bible:book17:7:6,missing_in_staging
bible:book17:7:7,missing_in_staging
bible:book17:7:8,missing_in_staging
bible:book17:7:9,missing_in_staging
bible:book17:8:1,missing_in_staging
bible:book17:8:10,missing_in_staging
bible:book17:8:11,missing_in_staging
bible:book17:8:12,missing_in_staging
bible:book17:8:13,missing_in_staging
bible:book17:8:14,missing_in_staging
bible:book17:8:15,missing_in_staging
bible:book17:8:16,missing_in_staging
bible:book17:8:17,missing_in_staging
bible:book17:8:18,missing_in_staging
bible:book17:8:19,missing_in_staging
bible:book17:8:2,missing_in_staging
bible:book17:8:20,missing_in_staging
bible:book17:8:21,missing_in_staging
bible:book17:8:22,missing_in_staging
bible:book17:8:23,missing_in_staging
bible:book17:8:24,missing_in_staging
bible:book17:8:3,missing_in_staging
bible:book17:8:4,missing_in_staging
bible:book17:8:5,missing_in_staging
bible:book17:8:6,missing_in_staging
bible:book17:8:7,missing_in_staging
bible:book17:8:8,missing_in_staging
bible:book17:8:9,missing_in_staging
bible:book17:9:1,missing_in_staging
bible:book17:9:10,missing_in_staging
bible:book17:9:11,missing_in_staging
bible:book17:9:12,missing_in_staging
bible:book17:9:2,missing_in_staging
bible:book17:9:3,missing_in_staging
bible:book17:9:4,missing_in_staging
bible:book17:9:5,missing_in_staging
bible:book17:9:6,missing_in_staging
bible:book17:9:7,missing_in_staging
bible:book17:9:8,missing_in_staging
bible:book17:9:9,missing_in_staging
bible:book18:10:1,missing_in_staging
bible:book18:10:10,missing_in_staging
bible:book18:10:11,missing_in_staging
bible:book18:10:12,missing_in_staging
bible:book18:10:13,missing_in_staging
bible:book18:10:14,missing_in_staging
bible:book18:10:15,missing_in_staging
bible:book18:10:16,missing_in_staging
bible:book18:10:17,missing_in_staging
bible:book18:10:18,missing_in_staging
bible:book18:10:19,missing_in_staging
bible:book18:10:2,missing_in_staging
bible:book18:10:20,missing_in_staging
bible:book18:10:3,missing_in_staging
bible:book18:10:4,missing_in_staging
bible:book18:10:5,missing_in_staging
bible:book18:10:6,missing_in_staging
bible:book18:10:7,missing_in_staging
bible:book18:10:8,missing_in_staging
bible:book18:10:9,missing_in_staging
bible:book18:11:1,missing_in_staging
bible:book18:11:10,missing_in_staging
bible:book18:11:11,missing_in_staging
bible:book18:11:12,missing_in_staging
bible:book18:11:13,missing_in_staging
bible:book18:11:14,missing_in_staging
bible:book18:11:15,missing_in_staging
bible:book18:11:16,missing_in_staging
bible:book18:11:17,missing_in_staging
bible:book18:11:18,missing_in_staging
bible:book18:11:19,missing_in_staging
bible:book18:11:2,missing_in_staging
bible:book18:11:20,missing_in_staging
bible:book18:11:21,missing_in_staging
bible:book18:11:3,missing_in_staging
bible:book18:11:4,missing_in_staging
bible:book18:11:5,missing_in_staging
bible:book18:11:6,missing_in_staging
bible:book18:11:7,missing_in_staging
bible:book18:11:8,missing_in_staging
bible:book18:11:9,missing_in_staging
bible:book18:12:1,missing_in_staging
bible:book18:12:10,missing_in_staging
bible:book18:12:11,missing_in_staging
bible:book18:12:12,missing_in_staging
bible:book18:12:13,missing_in_staging
bible:book18:12:14,missing_in_staging
bible:book18:12:15,missing_in_staging
bible:book18:12:16,missing_in_staging
bible:book18:12:17,missing_in_staging
bible:book18:12:18,missing_in_staging
bible:book18:12:19,missing_in_staging
bible:book18:12:2,missing_in_staging
bible:book18:12:20,missing_in_staging
bible:book18:12:3,missing_in_staging
bible:book18:12:4,missing_in_staging
bible:book18:12:5,missing_in_staging
bible:book18:12:6,missing_in_staging
bible:book18:12:7,missing_in_staging
bible:book18:12:8,missing_in_staging
bible:book18:12:9,missing_in_staging
bible:book18:13:1,missing_in_staging
bible:book18:13:10,missing_in_staging
bible:book18:13:11,missing_in_staging
bible:book18:13:12,missing_in_staging
bible:book18:13:13,missing_in_staging
bible:book18:13:14,missing_in_staging
bible:book18:13:15,missing_in_staging
bible:book18:13:16,missing_in_staging
bible:book18:13:17,missing_in_staging
bible:book18:13:18,missing_in_staging
bible:book18:13:19,missing_in_staging
bible:book18:13:2,missing_in_staging
bible:book18:13:20,missing_in_staging
bible:book18:13:21,missing_in_staging
bible:book18:13:22,missing_in_staging
bible:book18:13:23,missing_in_staging
bible:book18:13:24,missing_in_staging
bible:book18:13:25,missing_in_staging
bible:book18:13:26,missing_in_staging
bible:book18:13:27,missing_in_staging
bible:book18:13:28,missing_in_staging
bible:book18:13:29,missing_in_staging
bible:book18:13:3,missing_in_staging
bible:book18:13:30,missing_in_staging
bible:book18:13:31,missing_in_staging
bible:book18:13:4,missing_in_staging
bible:book18:13:5,missing_in_staging
bible:book18:13:6,missing_in_staging
bible:book18:13:7,missing_in_staging
bible:book18:13:8,missing_in_staging
bible:book18:13:9,missing_in_staging
bible:book18:14:1,missing_in_staging
bible:book18:14:10,missing_in_staging
bible:book18:14:11,missing_in_staging
bible:book18:14:12,missing_in_staging
bible:book18:14:13,missing_in_staging
bible:book18:14:14,missing_in_staging
bible:book18:14:15,missing_in_staging
bible:book18:14:16,missing_in_staging
bible:book18:14:17,missing_in_staging
bible:book18:14:18,missing_in_staging
bible:book18:14:2,missing_in_staging
bible:book18:14:3,missing_in_staging
bible:book18:14:4,missing_in_staging
bible:book18:14:5,missing_in_staging
bible:book18:14:6,missing_in_staging
bible:book18:14:7,missing_in_staging
bible:book18:14:8,missing_in_staging
bible:book18:14:9,missing_in_staging
bible:book18:15:1,missing_in_staging
bible:book18:15:10,missing_in_staging
bible:book18:15:11,missing_in_staging
bible:book18:15:12,missing_in_staging
bible:book18:15:13,missing_in_staging
bible:book18:15:14,missing_in_staging
bible:book18:15:15,missing_in_staging
bible:book18:15:2,missing_in_staging
bible:book18:15:3,missing_in_staging
bible:book18:15:4,missing_in_staging
bible:book18:15:5,missing_in_staging
bible:book18:15:6,missing_in_staging
bible:book18:15:7,missing_in_staging
bible:book18:15:8,missing_in_staging
bible:book18:15:9,missing_in_staging
bible:book18:16:1,missing_in_staging
bible:book18:16:10,missing_in_staging
bible:book18:16:11,missing_in_staging
bible:book18:16:12,missing_in_staging
bible:book18:16:13,missing_in_staging
bible:book18:16:14,missing_in_staging
bible:book18:16:15,missing_in_staging
bible:book18:16:16,missing_in_staging
bible:book18:16:17,missing_in_staging
bible:book18:16:18,missing_in_staging
bible:book18:16:19,missing_in_staging
bible:book18:16:2,missing_in_staging
bible:book18:16:20,missing_in_staging
bible:book18:16:21,missing_in_staging
bible:book18:16:22,missing_in_staging
bible:book18:16:23,missing_in_staging
bible:book18:16:24,missing_in_staging
bible:book18:16:25,missing_in_staging
bible:book18:16:26,missing_in_staging
bible:book18:16:27,missing_in_staging
bible:book18:16:28,missing_in_staging
bible:book18:16:29,missing_in_staging
bible:book18:16:3,missing_in_staging
bible:book18:16:30,missing_in_staging
bible:book18:16:31,missing_in_staging
bible:book18:16:4,missing_in_staging
bible:book18:16:5,missing_in_staging
bible:book18:16:6,missing_in_staging
bible:book18:16:7,missing_in_staging
bible:book18:16:8,missing_in_staging
bible:book18:16:9,missing_in_staging
bible:book18:1:1,missing_in_staging
bible:book18:1:10,missing_in_staging
bible:book18:1:11,missing_in_staging
bible:book18:1:12,missing_in_staging
bible:book18:1:2,missing_in_staging
bible:book18:1:3,missing_in_staging
bible:book18:1:4,missing_in_staging
bible:book18:1:5,missing_in_staging
bible:book18:1:6,missing_in_staging
bible:book18:1:7,missing_in_staging
bible:book18:1:8,missing_in_staging
bible:book18:1:9,missing_in_staging
bible:book18:2:1,missing_in_staging
bible:book18:2:10,missing_in_staging
bible:book18:2:11,missing_in_staging
bible:book18:2:12,missing_in_staging
bible:book18:2:13,missing_in_staging
bible:book18:2:14,missing_in_staging
bible:book18:2:15,missing_in_staging
bible:book18:2:16,missing_in_staging
bible:book18:2:17,missing_in_staging
bible:book18:2:18,missing_in_staging
bible:book18:2:2,missing_in_staging
bible:book18:2:3,missing_in_staging
bible:book18:2:4,missing_in_staging
bible:book18:2:5,missing_in_staging
bible:book18:2:6,missing_in_staging
bible:book18:2:7,missing_in_staging
bible:book18:2:8,missing_in_staging
bible:book18:2:9,missing_in_staging
bible:book18:3:1,missing_in_staging
bible:book18:3:10,missing_in_staging
bible:book18:3:11,missing_in_staging
bible:book18:3:12,missing_in_staging
bible:book18:3:13,missing_in_staging
bible:book18:3:14,missing_in_staging
bible:book18:3:15,missing_in_staging
bible:book18:3:2,missing_in_staging
bible:book18:3:3,missing_in_staging
bible:book18:3:4,missing_in_staging
bible:book18:3:5,missing_in_staging
bible:book18:3:6,missing_in_staging
bible:book18:3:7,missing_in_staging
bible:book18:3:8,missing_in_staging
bible:book18:3:9,missing_in_staging
bible:book18:4:1,missing_in_staging
bible:book18:4:10,missing_in_staging
bible:book18:4:11,missing_in_staging
bible:book18:4:12,missing_in_staging
bible:book18:4:13,missing_in_staging
bible:book18:4:14,missing_in_staging
bible:book18:4:15,missing_in_staging
bible:book18:4:16,missing_in_staging
bible:book18:4:17,missing_in_staging
bible:book18:4:2,missing_in_staging
bible:book18:4:3,missing_in_staging
bible:book18:4:4,missing_in_staging
bible:book18:4:5,missing_in_staging
bible:book18:4:6,missing_in_staging
bible:book18:4:7,missing_in_staging
bible:book18:4:8,missing_in_staging
bible:book18:4:9,missing_in_staging
bible:book18:5:1,missing_in_staging
bible:book18:5:10,missing_in_staging
bible:book18:5:11,missing_in_staging
bible:book18:5:12,missing_in_staging
bible:book18:5:13,missing_in_staging
bible:book18:5:14,missing_in_staging
bible:book18:5:15,missing_in_staging
bible:book18:5:16,missing_in_staging
bible:book18:5:17,missing_in_staging
bible:book18:5:18,missing_in_staging
bible:book18:5:19,missing_in_staging
bible:book18:5:2,missing_in_staging
bible:book18:5:20,missing_in_staging
bible:book18:5:21,missing_in_staging
bible:book18:5:22,missing_in_staging
bible:book18:5:23,missing_in_staging
bible:book18:5:24,missing_in_staging
bible:book18:5:25,missing_in_staging
bible:book18:5:26,missing_in_staging
bible:book18:5:27,missing_in_staging
bible:book18:5:28,missing_in_staging
bible:book18:5:29,missing_in_staging
bible:book18:5:3,missing_in_staging
bible:book18:5:4,missing_in_staging
bible:book18:5:5,missing_in_staging
bible:book18:5:6,missing_in_staging
bible:book18:5:7,missing_in_staging
bible:book18:5:8,missing_in_staging
bible:book18:5:9,missing_in_staging
bible:book18:6:1,missing_in_staging
bible:book18:6:10,missing_in_staging
bible:book18:6:11,missing_in_staging
bible:book18:6:12,missing_in_staging
bible:book18:6:13,missing_in_staging
bible:book18:6:14,missing_in_staging
bible:book18:6:15,missing_in_staging
bible:book18:6:16,missing_in_staging
bible:book18:6:17,missing_in_staging
bible:book18:6:18,missing_in_staging
bible:book18:6:19,missing_in_staging
bible:book18:6:2,missing_in_staging
bible:book18:6:20,missing_in_staging
bible:book18:6:21,missing_in_staging
bible:book18:6:3,missing_in_staging
bible:book18:6:4,missing_in_staging
bible:book18:6:5,missing_in_staging
bible:book18:6:6,missing_in_staging
bible:book18:6:7,missing_in_staging
bible:book18:6:8,missing_in_staging
bible:book18:6:9,missing_in_staging
bible:book18:7:1,missing_in_staging
bible:book18:7:10,missing_in_staging
bible:book18:7:11,missing_in_staging
bible:book18:7:12,missing_in_staging
bible:book18:7:13,missing_in_staging
bible:book18:7:14,missing_in_staging
bible:book18:7:15,missing_in_staging
bible:book18:7:16,missing_in_staging
bible:book18:7:17,missing_in_staging
bible:book18:7:18,missing_in_staging
bible:book18:7:19,missing_in_staging
bible:book18:7:2,missing_in_staging
bible:book18:7:20,missing_in_staging
bible:book18:7:21,missing_in_staging
bible:book18:7:22,missing_in_staging
bible:book18:7:23,missing_in_staging
bible:book18:7:24,missing_in_staging
bible:book18:7:25,missing_in_staging
bible:book18:7:3,missing_in_staging
bible:book18:7:4,missing_in_staging
bible:book18:7:5,missing_in_staging
bible:book18:7:6,missing_in_staging
bible:book18:7:7,missing_in_staging
bible:book18:7:8,missing_in_staging
bible:book18:7:9,missing_in_staging
bible:book18:8:1,missing_in_staging
bible:book18:8:10,missing_in_staging
bible:book18:8:11,missing_in_staging
bible:book18:8:12,missing_in_staging
bible:book18:8:13,missing_in_staging
bible:book18:8:14,missing_in_staging
bible:book18:8:15,missing_in_staging
bible:book18:8:16,missing_in_staging
bible:book18:8:17,missing_in_staging
bible:book18:8:18,missing_in_staging
bible:book18:8:19,missing_in_staging
bible:book18:8:2,missing_in_staging
bible:book18:8:20,missing_in_staging
bible:book18:8:21,missing_in_staging
bible:book18:8:22,missing_in_staging
bible:book18:8:23,missing_in_staging
bible:book18:8:24,missing_in_staging
bible:book18:8:25,missing_in_staging
bible:book18:8:26,missing_in_staging
bible:book18:8:27,missing_in_staging
bible:book18:8:28,missing_in_staging
bible:book18:8:29,missing_in_staging
bible:book18:8:3,missing_in_staging
bible:book18:8:30,missing_in_staging
bible:book18:8:31,missing_in_staging
bible:book18:8:32,missing_in_staging
bible:book18:8:33,missing_in_staging
bible:book18:8:34,missing_in_staging
bible:book18:8:4,missing_in_staging
bible:book18:8:5,missing_in_staging
bible:book18:8:6,missing_in_staging
bible:book18:8:7,missing_in_staging
bible:book18:8:8,missing_in_staging
bible:book18:8:9,missing_in_staging
bible:book18:9:1,missing_in_staging
bible:book18:9:10,missing_in_staging
bible:book18:9:11,missing_in_staging
bible:book18:9:12,missing_in_staging
bible:book18:9:13,missing_in_staging
bible:book18:9:14,missing_in_staging
bible:book18:9:15,missing_in_staging
bible:book18:9:16,missing_in_staging
bible:book18:9:17,missing_in_staging
bible:book18:9:18,missing_in_staging
bible:book18:9:19,missing_in_staging
bible:book18:9:2,missing_in_staging
bible:book18:9:3,missing_in_staging
bible:book18:9:4,missing_in_staging
bible:book18:9:5,missing_in_staging
bible:book18:9:6,missing_in_staging
bible:book18:9:7,missing_in_staging
bible:book18:9:8,missing_in_staging
bible:book18:9:9,missing_in_staging
bible:book19:10:10,missing_in_staging
bible:book19:10:11,missing_in_staging
bible:book19:10:12,missing_in_staging
bible:book19:10:13,missing_in_staging
bible:book19:10:4,missing_in_staging
bible:book19:10:5,missing_in_staging
bible:book19:10:6,missing_in_staging
bible:book19:10:7,missing_in_staging
bible:book19:10:8,missing_in_staging
bible:book19:10:9,missing_in_staging
bible:book19:11:1,missing_in_staging
bible:book19:11:10,missing_in_staging
bible:book19:11:11,missing_in_staging
bible:book19:11:12,missing_in_staging
bible:book19:11:2,missing_in_staging
bible:book19:11:3,missing_in_staging
bible:book19:11:4,missing_in_staging
bible:book19:11:5,missing_in_staging
bible:book19:11:6,missing_in_staging
bible:book19:11:7,missing_in_staging
bible:book19:11:8,missing_in_staging
bible:book19:11:9,missing_in_staging
bible:book19:12:1,missing_in_staging
bible:book19:12:2,missing_in_staging
bible:book19:12:3,missing_in_staging
bible:book19:12:4,missing_in_staging
bible:book19:12:5,missing_in_staging
bible:book19:12:6,missing_in_staging
bible:book19:13:1,missing_in_staging
bible:book19:13:10,missing_in_staging
bible:book19:13:11,missing_in_staging
bible:book19:13:12,missing_in_staging
bible:book19:13:13,missing_in_staging
bible:book19:13:14,missing_in_staging
bible:book19:13:15,missing_in_staging
bible:book19:13:16,missing_in_staging
bible:book19:13:17,missing_in_staging
bible:book19:13:18,missing_in_staging
bible:book19:13:2,missing_in_staging
bible:book19:13:3,missing_in_staging
bible:book19:13:4,missing_in_staging
bible:book19:13:5,missing_in_staging
bible:book19:13:6,missing_in_staging
bible:book19:13:7,missing_in_staging
bible:book19:13:8,missing_in_staging
bible:book19:13:9,missing_in_staging
bible:book19:14:1,missing_in_staging
bible:book19:14:10,missing_in_staging
bible:book19:14:11,missing_in_staging
bible:book19:14:12,missing_in_staging
bible:book19:14:13,missing_in_staging
bible:book19:14:14,missing_in_staging
bible:book19:14:15,missing_in_staging
bible:book19:14:16,missing_in_staging
bible:book19:14:17,missing_in_staging
bible:book19:14:18,missing_in_staging
bible:book19:14:19,missing_in_staging
bible:book19:14:2,missing_in_staging
bible:book19:14:3,missing_in_staging
bible:book19:14:4,missing_in_staging
bible:book19:14:5,missing_in_staging
bible:book19:14:6,missing_in_staging
bible:book19:14:7,missing_in_staging
bible:book19:14:8,missing_in_staging
bible:book19:14:9,missing_in_staging
bible:book19:15:1,missing_in_staging
bible:book19:15:10,missing_in_staging
bible:book19:15:11,missing_in_staging
bible:book19:15:12,missing_in_staging
bible:book19:15:13,missing_in_staging
bible:book19:15:14,missing_in_staging
bible:book19:15:15,missing_in_staging
bible:book19:15:16,missing_in_staging
bible:book19:15:17,missing_in_staging
bible:book19:15:18,missing_in_staging
bible:book19:15:19,missing_in_staging
bible:book19:15:2,missing_in_staging
bible:book19:15:3,missing_in_staging
bible:book19:15:4,missing_in_staging
bible:book19:15:5,missing_in_staging
bible:book19:15:6,missing_in_staging
bible:book19:15:7,missing_in_staging
bible:book19:15:8,missing_in_staging
bible:book19:15:9,missing_in_staging
bible:book19:16:1,missing_in_staging
bible:book19:16:10,missing_in_staging
bible:book19:16:11,missing_in_staging
bible:book19:16:12,missing_in_staging
bible:book19:16:13,missing_in_staging
bible:book19:16:14,missing_in_staging
bible:book19:16:15,missing_in_staging
bible:book19:16:16,missing_in_staging
bible:book19:16:17,missing_in_staging
bible:book19:16:18,missing_in_staging
bible:book19:16:19,missing_in_staging
bible:book19:16:2,missing_in_staging
bible:book19:16:20,missing_in_staging
bible:book19:16:21,missing_in_staging
bible:book19:16:22,missing_in_staging
bible:book19:16:23,missing_in_staging
bible:book19:16:24,missing_in_staging
bible:book19:16:3,missing_in_staging
bible:book19:16:4,missing_in_staging
bible:book19:16:5,missing_in_staging
bible:book19:16:6,missing_in_staging
bible:book19:16:7,missing_in_staging
bible:book19:16:8,missing_in_staging
bible:book19:16:9,missing_in_staging
bible:book21:151:1,missing_in_staging
bible:book21:151:2,missing_in_staging
bible:book21:151:3,missing_in_staging
bible:book21:151:4,missing_in_staging
bible:book21:151:5,missing_in_staging
bible:book21:151:6,missing_in_staging
bible:book21:151:7,missing_in_staging
bible:book21:151:8,missing_in_staging
bible:book25:10:1,missing_in_staging
bible:book25:10:10,missing_in_staging
bible:book25:10:11,missing_in_staging
bible:book25:10:12,missing_in_staging
bible:book25:10:13,missing_in_staging
bible:book25:10:14,missing_in_staging
bible:book25:10:15,missing_in_staging
bible:book25:10:16,missing_in_staging
bible:book25:10:17,missing_in_staging
bible:book25:10:18,missing_in_staging
bible:book25:10:19,missing_in_staging
bible:book25:10:2,missing_in_staging
bible:book25:10:20,missing_in_staging
bible:book25:10:21,missing_in_staging
bible:book25:10:3,missing_in_staging
bible:book25:10:4,missing_in_staging
bible:book25:10:5,missing_in_staging
bible:book25:10:6,missing_in_staging
bible:book25:10:7,missing_in_staging
bible:book25:10:8,missing_in_staging
bible:book25:10:9,missing_in_staging
bible:book25:11:1,missing_in_staging
bible:book25:11:10,missing_in_staging
bible:book25:11:11,missing_in_staging
bible:book25:11:12,missing_in_staging
bible:book25:11:13,missing_in_staging
bible:book25:11:14,missing_in_staging
bible:book25:11:15,missing_in_staging
bible:book25:11:16,missing_in_staging
bible:book25:11:17,missing_in_staging
bible:book25:11:18,missing_in_staging
bible:book25:11:19,missing_in_staging
bible:book25:11:2,missing_in_staging
bible:book25:11:20,missing_in_staging
bible:book25:11:21,missing_in_staging
bible:book25:11:22,missing_in_staging
bible:book25:11:23,missing_in_staging
bible:book25:11:24,missing_in_staging
bible:book25:11:25,missing_in_staging
bible:book25:11:26,missing_in_staging
bible:book25:11:27,missing_in_staging
bible:book25:11:3,missing_in_staging
bible:book25:11:4,missing_in_staging
bible:book25:11:5,missing_in_staging
bible:book25:11:6,missing_in_staging
bible:book25:11:7,missing_in_staging
bible:book25:11:8,missing_in_staging
bible:book25:11:9,missing_in_staging
bible:book25:12:1,missing_in_staging
bible:book25:12:10,missing_in_staging
bible:book25:12:11,missing_in_staging
bible:book25:12:12,missing_in_staging
bible:book25:12:13,missing_in_staging
bible:book25:12:14,missing_in_staging
bible:book25:12:15,missing_in_staging
bible:book25:12:16,missing_in_staging
bible:book25:12:17,missing_in_staging
bible:book25:12:18,missing_in_staging
bible:book25:12:19,missing_in_staging
bible:book25:12:2,missing_in_staging
bible:book25:12:20,missing_in_staging
bible:book25:12:21,missing_in_staging
bible:book25:12:22,missing_in_staging
bible:book25:12:23,missing_in_staging
bible:book25:12:24,missing_in_staging
bible:book25:12:25,missing_in_staging
bible:book25:12:26,missing_in_staging
bible:book25:12:27,missing_in_staging
bible:book25:12:3,missing_in_staging
bible:book25:12:4,missing_in_staging
bible:book25:12:5,missing_in_staging
bible:book25:12:6,missing_in_staging
bible:book25:12:7,missing_in_staging
bible:book25:12:8,missing_in_staging
bible:book25:12:9,missing_in_staging
bible:book25:13:1,missing_in_staging
bible:book25:13:10,missing_in_staging
bible:book25:13:11,missing_in_staging
bible:book25:13:12,missing_in_staging
bible:book25:13:13,missing_in_staging
bible:book25:13:14,missing_in_staging
bible:book25:13:15,missing_in_staging
bible:book25:13:16,missing_in_staging
bible:book25:13:17,missing_in_staging
bible:book25:13:18,missing_in_staging
bible:book25:13:19,missing_in_staging
bible:book25:13:2,missing_in_staging
bible:book25:13:3,missing_in_staging
bible:book25:13:4,missing_in_staging
bible:book25:13:5,missing_in_staging
bible:book25:13:6,missing_in_staging
bible:book25:13:7,missing_in_staging
bible:book25:13:8,missing_in_staging
bible:book25:13:9,missing_in_staging
bible:book25:14:1,missing_in_staging
bible:book25:14:10,missing_in_staging
bible:book25:14:11,missing_in_staging
bible:book25:14:12,missing_in_staging
bible:book25:14:13,missing_in_staging
bible:book25:14:14,missing_in_staging
bible:book25:14:15,missing_in_staging
bible:book25:14:16,missing_in_staging
bible:book25:14:17,missing_in_staging
bible:book25:14:18,missing_in_staging
bible:book25:14:19,missing_in_staging
bible:book25:14:2,missing_in_staging
bible:book25:14:20,missing_in_staging
bible:book25:14:21,missing_in_staging
bible:book25:14:22,missing_in_staging
bible:book25:14:23,missing_in_staging
bible:book25:14:24,missing_in_staging
bible:book25:14:25,missing_in_staging
bible:book25:14:26,missing_in_staging
bible:book25:14:27,missing_in_staging
bible:book25:14:28,missing_in_staging
bible:book25:14:29,missing_in_staging
bible:book25:14:3,missing_in_staging
bible:book25:14:30,missing_in_staging
bible:book25:14:31,missing_in_staging
bible:book25:14:4,missing_in_staging
bible:book25:14:5,missing_in_staging
bible:book25:14:6,missing_in_staging
bible:book25:14:7,missing_in_staging
bible:book25:14:8,missing_in_staging
bible:book25:14:9,missing_in_staging
bible:book25:15:1,missing_in_staging
bible:book25:15:10,missing_in_staging
bible:book25:15:11,missing_in_staging
bible:book25:15:12,missing_in_staging
bible:book25:15:13,missing_in_staging
bible:book25:15:14,missing_in_staging
bible:book25:15:15,missing_in_staging
bible:book25:15:16,missing_in_staging
bible:book25:15:17,missing_in_staging
bible:book25:15:18,missing_in_staging
bible:book25:15:19,missing_in_staging
bible:book25:15:2,missing_in_staging
bible:book25:15:3,missing_in_staging
bible:book25:15:4,missing_in_staging
bible:book25:15:5,missing_in_staging
bible:book25:15:6,missing_in_staging
bible:book25:15:7,missing_in_staging
bible:book25:15:8,missing_in_staging
bible:book25:15:9,missing_in_staging
bible:book25:16:1,missing_in_staging
bible:book25:16:10,missing_in_staging
bible:book25:16:11,missing_in_staging
bible:book25:16:12,missing_in_staging
bible:book25:16:13,missing_in_staging
bible:book25:16:14,missing_in_staging
bible:book25:16:15,missing_in_staging
bible:book25:16:16,missing_in_staging
bible:book25:16:17,missing_in_staging
bible:book25:16:18,missing_in_staging
bible:book25:16:19,missing_in_staging
bible:book25:16:2,missing_in_staging
bible:book25:16:20,missing_in_staging
bible:book25:16:21,missing_in_staging
bible:book25:16:22,missing_in_staging
bible:book25:16:23,missing_in_staging
bible:book25:16:24,missing_in_staging
bible:book25:16:25,missing_in_staging
bible:book25:16:26,missing_in_staging
bible:book25:16:27,missing_in_staging
bible:book25:16:28,missing_in_staging
bible:book25:16:29,missing_in_staging
bible:book25:16:3,missing_in_staging
bible:book25:16:4,missing_in_staging
bible:book25:16:5,missing_in_staging
bible:book25:16:6,missing_in_staging
bible:book25:16:7,missing_in_staging
bible:book25:16:8,missing_in_staging
bible:book25:16:9,missing_in_staging
bible:book25:17:1,missing_in_staging
bible:book25:17:10,missing_in_staging
bible:book25:17:11,missing_in_staging
bible:book25:17:12,missing_in_staging
bible:book25:17:13,missing_in_staging
bible:book25:17:14,missing_in_staging
bible:book25:17:15,missing_in_staging
bible:book25:17:16,missing_in_staging
bible:book25:17:17,missing_in_staging
bible:book25:17:18,missing_in_staging
bible:book25:17:19,missing_in_staging
bible:book25:17:2,missing_in_staging
bible:book25:17:20,missing_in_staging
bible:book25:17:3,missing_in_staging
bible:book25:17:4,missing_in_staging
bible:book25:17:5,missing_in_staging
bible:book25:17:6,missing_in_staging
bible:book25:17:7,missing_in_staging
bible:book25:17:8,missing_in_staging
bible:book25:17:9,missing_in_staging
bible:book25:18:1,missing_in_staging
bible:book25:18:10,missing_in_staging
bible:book25:18:11,missing_in_staging
bible:book25:18:12,missing_in_staging
bible:book25:18:13,missing_in_staging
bible:book25:18:14,missing_in_staging
bible:book25:18:15,missing_in_staging
bible:book25:18:16,missing_in_staging
bible:book25:18:17,missing_in_staging
bible:book25:18:18,missing_in_staging
bible:book25:18:19,missing_in_staging
bible:book25:18:2,missing_in_staging
bible:book25:18:20,missing_in_staging
bible:book25:18:21,missing_in_staging
bible:book25:18:22,missing_in_staging
bible:book25:18:23,missing_in_staging
bible:book25:18:24,missing_in_staging
bible:book25:18:25,missing_in_staging
bible:book25:18:3,missing_in_staging
bible:book25:18:4,missing_in_staging
bible:book25:18:5,missing_in_staging
bible:book25:18:6,missing_in_staging
bible:book25:18:7,missing_in_staging
bible:book25:18:8,missing_in_staging
bible:book25:18:9,missing_in_staging
bible:book25:19:1,missing_in_staging
bible:book25:19:10,missing_in_staging
bible:book25:19:11,missing_in_staging
bible:book25:19:12,missing_in_staging
bible:book25:19:13,missing_in_staging
bible:book25:19:14,missing_in_staging
bible:book25:19:15,missing_in_staging
bible:book25:19:16,missing_in_staging
bible:book25:19:17,missing_in_staging
bible:book25:19:18,missing_in_staging
bible:book25:19:19,missing_in_staging
bible:book25:19:2,missing_in_staging
bible:book25:19:20,missing_in_staging
bible:book25:19:3,missing_in_staging
bible:book25:19:4,missing_in_staging
bible:book25:19:5,missing_in_staging
bible:book25:19:6,missing_in_staging
bible:book25:19:7,missing_in_staging
bible:book25:19:8,missing_in_staging
bible:book25:19:9,missing_in_staging
bible:book25:1:1,missing_in_staging
bible:book25:1:10,missing_in_staging
bible:book25:1:11,missing_in_staging
bible:book25:1:12,missing_in_staging
bible:book25:1:13,missing_in_staging
bible:book25:1:14,missing_in_staging
bible:book25:1:15,missing_in_staging
bible:book25:1:16,missing_in_staging
bible:book25:1:2,missing_in_staging
bible:book25:1:3,missing_in_staging
bible:book25:1:4,missing_in_staging
bible:book25:1:5,missing_in_staging
bible:book25:1:6,missing_in_staging
bible:book25:1:7,missing_in_staging
bible:book25:1:8,missing_in_staging
bible:book25:1:9,missing_in_staging
bible:book25:2:1,missing_in_staging
bible:book25:2:10,missing_in_staging
bible:book25:2:11,missing_in_staging
bible:book25:2:12,missing_in_staging
bible:book25:2:13,missing_in_staging
bible:book25:2:14,missing_in_staging
bible:book25:2:15,missing_in_staging
bible:book25:2:16,missing_in_staging
bible:book25:2:17,missing_in_staging
bible:book25:2:18,missing_in_staging
bible:book25:2:19,missing_in_staging
bible:book25:2:2,missing_in_staging
bible:book25:2:20,missing_in_staging
bible:book25:2:21,missing_in_staging
bible:book25:2:22,missing_in_staging
bible:book25:2:23,missing_in_staging
bible:book25:2:24,missing_in_staging
bible:book25:2:25,missing_in_staging
bible:book25:2:3,missing_in_staging
bible:book25:2:4,missing_in_staging
bible:book25:2:5,missing_in_staging
bible:book25:2:6,missing_in_staging
bible:book25:2:7,missing_in_staging
bible:book25:2:8,missing_in_staging
bible:book25:2:9,missing_in_staging
bible:book25:3:1,missing_in_staging
bible:book25:3:10,missing_in_staging
bible:book25:3:11,missing_in_staging
bible:book25:3:12,missing_in_staging
bible:book25:3:13,missing_in_staging
bible:book25:3:14,missing_in_staging
bible:book25:3:15,missing_in_staging
bible:book25:3:16,missing_in_staging
bible:book25:3:17,missing_in_staging
bible:book25:3:18,missing_in_staging
bible:book25:3:19,missing_in_staging
bible:book25:3:2,missing_in_staging
bible:book25:3:3,missing_in_staging
bible:book25:3:4,missing_in_staging
bible:book25:3:5,missing_in_staging
bible:book25:3:6,missing_in_staging
bible:book25:3:7,missing_in_staging
bible:book25:3:8,missing_in_staging
bible:book25:3:9,missing_in_staging
bible:book25:4:1,missing_in_staging
bible:book25:4:10,missing_in_staging
bible:book25:4:11,missing_in_staging
bible:book25:4:12,missing_in_staging
bible:book25:4:13,missing_in_staging
bible:book25:4:14,missing_in_staging
bible:book25:4:15,missing_in_staging
bible:book25:4:16,missing_in_staging
bible:book25:4:17,missing_in_staging
bible:book25:4:18,missing_in_staging
bible:book25:4:19,missing_in_staging
bible:book25:4:2,missing_in_staging
bible:book25:4:20,missing_in_staging
bible:book25:4:3,missing_in_staging
bible:book25:4:4,missing_in_staging
bible:book25:4:5,missing_in_staging
bible:book25:4:6,missing_in_staging
bible:book25:4:7,missing_in_staging
bible:book25:4:8,missing_in_staging
bible:book25:4:9,missing_in_staging
bible:book25:5:1,missing_in_staging
bible:book25:5:10,missing_in_staging
bible:book25:5:11,missing_in_staging
bible:book25:5:12,missing_in_staging
bible:book25:5:13,missing_in_staging
bible:book25:5:14,missing_in_staging
bible:book25:5:15,missing_in_staging
bible:book25:5:16,missing_in_staging
bible:book25:5:17,missing_in_staging
bible:book25:5:18,missing_in_staging
bible:book25:5:19,missing_in_staging
bible:book25:5:2,missing_in_staging
bible:book25:5:20,missing_in_staging
bible:book25:5:21,missing_in_staging
bible:book25:5:22,missing_in_staging
bible:book25:5:23,missing_in_staging
bible:book25:5:24,missing_in_staging
bible:book25:5:3,missing_in_staging
bible:book25:5:4,missing_in_staging
bible:book25:5:5,missing_in_staging
bible:book25:5:6,missing_in_staging
bible:book25:5:7,missing_in_staging
bible:book25:5:8,missing_in_staging
bible:book25:5:9,missing_in_staging
bible:book25:6:1,missing_in_staging
bible:book25:6:10,missing_in_staging
bible:book25:6:11,missing_in_staging
bible:book25:6:12,missing_in_staging
bible:book25:6:13,missing_in_staging
bible:book25:6:14,missing_in_staging
bible:book25:6:15,missing_in_staging
bible:book25:6:16,missing_in_staging
bible:book25:6:17,missing_in_staging
bible:book25:6:18,missing_in_staging
bible:book25:6:19,missing_in_staging
bible:book25:6:2,missing_in_staging
bible:book25:6:20,missing_in_staging
bible:book25:6:21,missing_in_staging
bible:book25:6:22,missing_in_staging
bible:book25:6:23,missing_in_staging
bible:book25:6:24,missing_in_staging
bible:book25:6:25,missing_in_staging
bible:book25:6:26,missing_in_staging
bible:book25:6:27,missing_in_staging
bible:book25:6:3,missing_in_staging
bible:book25:6:4,missing_in_staging
bible:book25:6:5,missing_in_staging
bible:book25:6:6,missing_in_staging
bible:book25:6:7,missing_in_staging
bible:book25:6:8,missing_in_staging
bible:book25:6:9,missing_in_staging
bible:book25:7:1,missing_in_staging
bible:book25:7:10,missing_in_staging
bible:book25:7:11,missing_in_staging
bible:book25:7:12,missing_in_staging
bible:book25:7:13,missing_in_staging
bible:book25:7:14,missing_in_staging
bible:book25:7:15,missing_in_staging
bible:book25:7:16,missing_in_staging
bible:book25:7:17,missing_in_staging
bible:book25:7:18,missing_in_staging
bible:book25:7:19,missing_in_staging
bible:book25:7:2,missing_in_staging
bible:book25:7:20,missing_in_staging
bible:book25:7:21,missing_in_staging
bible:book25:7:22,missing_in_staging
bible:book25:7:23,missing_in_staging
bible:book25:7:24,missing_in_staging
bible:book25:7:25,missing_in_staging
bible:book25:7:26,missing_in_staging
bible:book25:7:27,missing_in_staging
bible:book25:7:28,missing_in_staging
bible:book25:7:29,missing_in_staging
bible:book25:7:3,missing_in_staging
bible:book25:7:30,missing_in_staging
bible:book25:7:4,missing_in_staging
bible:book25:7:5,missing_in_staging
bible:book25:7:6,missing_in_staging
bible:book25:7:7,missing_in_staging
bible:book25:7:8,missing_in_staging
bible:book25:7:9,missing_in_staging
bible:book25:8:1,missing_in_staging
bible:book25:8:10,missing_in_staging
bible:book25:8:11,missing_in_staging
bible:book25:8:12,missing_in_staging
bible:book25:8:13,missing_in_staging
bible:book25:8:14,missing_in_staging
bible:book25:8:15,missing_in_staging
bible:book25:8:16,missing_in_staging
bible:book25:8:17,missing_in_staging
bible:book25:8:18,missing_in_staging
bible:book25:8:19,missing_in_staging
bible:book25:8:2,missing_in_staging
bible:book25:8:20,missing_in_staging
bible:book25:8:21,missing_in_staging
bible:book25:8:3,missing_in_staging
bible:book25:8:4,missing_in_staging
bible:book25:8:5,missing_in_staging
bible:book25:8:6,missing_in_staging
bible:book25:8:7,missing_in_staging
bible:book25:8:8,missing_in_staging
bible:book25:8:9,missing_in_staging
bible:book25:9:1,missing_in_staging
bible:book25:9:10,missing_in_staging
bible:book25:9:11,missing_in_staging
bible:book25:9:12,missing_in_staging
bible:book25:9:13,missing_in_staging
bible:book25:9:14,missing_in_staging
bible:book25:9:15,missing_in_staging
bible:book25:9:16,missing_in_staging
bible:book25:9:17,missing_in_staging
bible:book25:9:18,missing_in_staging
bible:book25:9:19,missing_in_staging
bible:book25:9:2,missing_in_staging
bible:book25:9:3,missing_in_staging
bible:book25:9:4,missing_in_staging
bible:book25:9:5,missing_in_staging
bible:book25:9:6,missing_in_staging
bible:book25:9:7,missing_in_staging
bible:book25:9:8,missing_in_staging
bible:book25:9:9,missing_in_staging
bible:book26:10:1,missing_in_staging
bible:book26:10:10,missing_in_staging
bible:book26:10:11,missing_in_staging
bible:book26:10:12,missing_in_staging
bible:book26:10:13,missing_in_staging
bible:book26:10:14,missing_in_staging
bible:book26:10:15,missing_in_staging
bible:book26:10:16,missing_in_staging
bible:book26:10:17,missing_in_staging
bible:book26:10:18,missing_in_staging
bible:book26:10:19,missing_in_staging
bible:book26:10:2,missing_in_staging
bible:book26:10:20,missing_in_staging
bible:book26:10:21,missing_in_staging
bible:book26:10:22,missing_in_staging
bible:book26:10:23,missing_in_staging
bible:book26:10:24,missing_in_staging
bible:book26:10:25,missing_in_staging
bible:book26:10:26,missing_in_staging
bible:book26:10:27,missing_in_staging
bible:book26:10:28,missing_in_staging
bible:book26:10:29,missing_in_staging
bible:book26:10:3,missing_in_staging
bible:book26:10:30,missing_in_staging
bible:book26:10:31,missing_in_staging
bible:book26:10:32,missing_in_staging
bible:book26:10:33,missing_in_staging
bible:book26:10:34,missing_in_staging
bible:book26:10:4,missing_in_staging
bible:book26:10:5,missing_in_staging
bible:book26:10:6,missing_in_staging
bible:book26:10:7,missing_in_staging
bible:book26:10:8,missing_in_staging
bible:book26:10:9,missing_in_staging
bible:book26:11:1,missing_in_staging
bible:book26:11:10,missing_in_staging
bible:book26:11:11,missing_in_staging
bible:book26:11:12,missing_in_staging
bible:book26:11:13,missing_in_staging
bible:book26:11:14,missing_in_staging
bible:book26:11:15,missing_in_staging
bible:book26:11:16,missing_in_staging
bible:book26:11:17,missing_in_staging
bible:book26:11:18,missing_in_staging
bible:book26:11:19,missing_in_staging
bible:book26:11:2,missing_in_staging
bible:book26:11:20,missing_in_staging
bible:book26:11:21,missing_in_staging
bible:book26:11:22,missing_in_staging
bible:book26:11:23,missing_in_staging
bible:book26:11:24,missing_in_staging
bible:book26:11:25,missing_in_staging
bible:book26:11:26,missing_in_staging
bible:book26:11:27,missing_in_staging
bible:book26:11:28,missing_in_staging
bible:book26:11:29,missing_in_staging
bible:book26:11:3,missing_in_staging
bible:book26:11:30,missing_in_staging
bible:book26:11:31,missing_in_staging
bible:book26:11:32,missing_in_staging
bible:book26:11:33,missing_in_staging
bible:book26:11:34,missing_in_staging
bible:book26:11:35,missing_in_staging
bible:book26:11:36,missing_in_staging
bible:book26:11:4,missing_in_staging
bible:book26:11:5,missing_in_staging
bible:book26:11:6,missing_in_staging
bible:book26:11:7,missing_in_staging
bible:book26:11:8,missing_in_staging
bible:book26:11:9,missing_in_staging
bible:book26:12:1,missing_in_staging
bible:book26:12:10,missing_in_staging
bible:book26:12:11,missing_in_staging
bible:book26:12:12,missing_in_staging
bible:book26:12:13,missing_in_staging
bible:book26:12:14,missing_in_staging
bible:book26:12:15,missing_in_staging
bible:book26:12:16,missing_in_staging
bible:book26:12:17,missing_in_staging
bible:book26:12:18,missing_in_staging
bible:book26:12:19,missing_in_staging
bible:book26:12:2,missing_in_staging
bible:book26:12:3,missing_in_staging
bible:book26:12:4,missing_in_staging
bible:book26:12:5,missing_in_staging
bible:book26:12:6,missing_in_staging
bible:book26:12:7,missing_in_staging
bible:book26:12:8,missing_in_staging
bible:book26:12:9,missing_in_staging
bible:book26:13:1,missing_in_staging
bible:book26:13:10,missing_in_staging
bible:book26:13:11,missing_in_staging
bible:book26:13:12,missing_in_staging
bible:book26:13:13,missing_in_staging
bible:book26:13:14,missing_in_staging
bible:book26:13:15,missing_in_staging
bible:book26:13:16,missing_in_staging
bible:book26:13:17,missing_in_staging
bible:book26:13:18,missing_in_staging
bible:book26:13:19,missing_in_staging
bible:book26:13:2,missing_in_staging
bible:book26:13:20,missing_in_staging
bible:book26:13:21,missing_in_staging
bible:book26:13:22,missing_in_staging
bible:book26:13:23,missing_in_staging
bible:book26:13:24,missing_in_staging
bible:book26:13:25,missing_in_staging
bible:book26:13:26,missing_in_staging
bible:book26:13:27,missing_in_staging
bible:book26:13:28,missing_in_staging
bible:book26:13:29,missing_in_staging
bible:book26:13:3,missing_in_staging
bible:book26:13:30,missing_in_staging
bible:book26:13:31,missing_in_staging
bible:book26:13:32,missing_in_staging
bible:book26:13:4,missing_in_staging
bible:book26:13:5,missing_in_staging
bible:book26:13:6,missing_in_staging
bible:book26:13:7,missing_in_staging
bible:book26:13:8,missing_in_staging
bible:book26:13:9,missing_in_staging
bible:book26:14:1,missing_in_staging
bible:book26:14:10,missing_in_staging
bible:book26:14:11,missing_in_staging
bible:book26:14:12,missing_in_staging
bible:book26:14:13,missing_in_staging
bible:book26:14:14,missing_in_staging
bible:book26:14:15,missing_in_staging
bible:book26:14:16,missing_in_staging
bible:book26:14:17,missing_in_staging
bible:book26:14:18,missing_in_staging
bible:book26:14:19,missing_in_staging
bible:book26:14:2,missing_in_staging
bible:book26:14:20,missing_in_staging
bible:book26:14:21,missing_in_staging
bible:book26:14:22,missing_in_staging
bible:book26:14:23,missing_in_staging
bible:book26:14:24,missing_in_staging
bible:book26:14:25,missing_in_staging
bible:book26:14:26,missing_in_staging
bible:book26:14:27,missing_in_staging
bible:book26:14:3,missing_in_staging
bible:book26:14:4,missing_in_staging
bible:book26:14:5,missing_in_staging
bible:book26:14:6,missing_in_staging
bible:book26:14:7,missing_in_staging
bible:book26:14:8,missing_in_staging
bible:book26:14:9,missing_in_staging
bible:book26:15:1,missing_in_staging
bible:book26:15:10,missing_in_staging
bible:book26:15:11,missing_in_staging
bible:book26:15:12,missing_in_staging
bible:book26:15:13,missing_in_staging
bible:book26:15:14,missing_in_staging
bible:book26:15:15,missing_in_staging
bible:book26:15:16,missing_in_staging
bible:book26:15:17,missing_in_staging
bible:book26:15:18,missing_in_staging
bible:book26:15:19,missing_in_staging
bible:book26:15:2,missing_in_staging
bible:book26:15:20,missing_in_staging
bible:book26:15:21,missing_in_staging
bible:book26:15:22,missing_in_staging
bible:book26:15:3,missing_in_staging
bible:book26:15:4,missing_in_staging
bible:book26:15:5,missing_in_staging
bible:book26:15:6,missing_in_staging
bible:book26:15:7,missing_in_staging
bible:book26:15:8,missing_in_staging
bible:book26:15:9,missing_in_staging
bible:book26:16:1,missing_in_staging
bible:book26:16:10,missing_in_staging
bible:book26:16:11,missing_in_staging
bible:book26:16:12,missing_in_staging
bible:book26:16:13,missing_in_staging
bible:book26:16:14,missing_in_staging
bible:book26:16:15,missing_in_staging
bible:book26:16:16,missing_in_staging
bible:book26:16:17,missing_in_staging
bible:book26:16:18,missing_in_staging
bible:book26:16:19,missing_in_staging
bible:book26:16:2,missing_in_staging
bible:book26:16:20,missing_in_staging
bible:book26:16:21,missing_in_staging
bible:book26:16:22,missing_in_staging
bible:book26:16:23,missing_in_staging
bible:book26:16:24,missing_in_staging
bible:book26:16:25,missing_in_staging
bible:book26:16:26,missing_in_staging
bible:book26:16:27,missing_in_staging
bible:book26:16:28,missing_in_staging
bible:book26:16:29,missing_in_staging
bible:book26:16:3,missing_in_staging
bible:book26:16:30,missing_in_staging
bible:book26:16:31,missing_in_staging
bible:book26:16:4,missing_in_staging
bible:book26:16:5,missing_in_staging
bible:book26:16:6,missing_in_staging
bible:book26:16:7,missing_in_staging
bible:book26:16:8,missing_in_staging
bible:book26:16:9,missing_in_staging
bible:book26:17:1,missing_in_staging
bible:book26:17:10,missing_in_staging
bible:book26:17:11,missing_in_staging
bible:book26:17:12,missing_in_staging
bible:book26:17:13,missing_in_staging
bible:book26:17:14,missing_in_staging
bible:book26:17:15,missing_in_staging
bible:book26:17:16,missing_in_staging
bible:book26:17:17,missing_in_staging
bible:book26:17:18,missing_in_staging
bible:book26:17:19,missing_in_staging
bible:book26:17:2,missing_in_staging
bible:book26:17:20,missing_in_staging
bible:book26:17:21,missing_in_staging
bible:book26:17:22,missing_in_staging
bible:book26:17:23,missing_in_staging
bible:book26:17:24,missing_in_staging
bible:book26:17:25,missing_in_staging
bible:book26:17:26,missing_in_staging
bible:book26:17:27,missing_in_staging
bible:book26:17:28,missing_in_staging
bible:book26:17:29,missing_in_staging
bible:book26:17:3,missing_in_staging
bible:book26:17:30,missing_in_staging
bible:book26:17:31,missing_in_staging
bible:book26:17:4,missing_in_staging
bible:book26:17:5,missing_in_staging
bible:book26:17:6,missing_in_staging
bible:book26:17:7,missing_in_staging
bible:book26:17:8,missing_in_staging
bible:book26:17:9,missing_in_staging
bible:book26:18:1,missing_in_staging
bible:book26:18:10,missing_in_staging
bible:book26:18:11,missing_in_staging
bible:book26:18:12,missing_in_staging
bible:book26:18:13,missing_in_staging
bible:book26:18:14,missing_in_staging
bible:book26:18:15,missing_in_staging
bible:book26:18:16,missing_in_staging
bible:book26:18:17,missing_in_staging
bible:book26:18:18,missing_in_staging
bible:book26:18:19,missing_in_staging
bible:book26:18:2,missing_in_staging
bible:book26:18:20,missing_in_staging
bible:book26:18:21,missing_in_staging
bible:book26:18:22,missing_in_staging
bible:book26:18:23,missing_in_staging
bible:book26:18:24,missing_in_staging
bible:book26:18:25,missing_in_staging
bible:book26:18:26,missing_in_staging
bible:book26:18:27,missing_in_staging
bible:book26:18:28,missing_in_staging
bible:book26:18:29,missing_in_staging
bible:book26:18:3,missing_in_staging
bible:book26:18:30,missing_in_staging
bible:book26:18:31,missing_in_staging
bible:book26:18:32,missing_in_staging
bible:book26:18:33,missing_in_staging
bible:book26:18:4,missing_in_staging
bible:book26:18:5,missing_in_staging
bible:book26:18:6,missing_in_staging
bible:book26:18:7,missing_in_staging
bible:book26:18:8,missing_in_staging
bible:book26:18:9,missing_in_staging
bible:book26:19:1,missing_in_staging
bible:book26:19:10,missing_in_staging
bible:book26:19:11,missing_in_staging
bible:book26:19:12,missing_in_staging
bible:book26:19:13,missing_in_staging
bible:book26:19:14,missing_in_staging
bible:book26:19:15,missing_in_staging
bible:book26:19:16,missing_in_staging
bible:book26:19:17,missing_in_staging
bible:book26:19:18,missing_in_staging
bible:book26:19:19,missing_in_staging
bible:book26:19:2,missing_in_staging
bible:book26:19:20,missing_in_staging
bible:book26:19:21,missing_in_staging
bible:book26:19:22,missing_in_staging
bible:book26:19:23,missing_in_staging
bible:book26:19:24,missing_in_staging
bible:book26:19:25,missing_in_staging
bible:book26:19:26,missing_in_staging
bible:book26:19:27,missing_in_staging
bible:book26:19:28,missing_in_staging
bible:book26:19:3,missing_in_staging
bible:book26:19:4,missing_in_staging
bible:book26:19:5,missing_in_staging
bible:book26:19:6,missing_in_staging
bible:book26:19:7,missing_in_staging
bible:book26:19:8,missing_in_staging
bible:book26:19:9,missing_in_staging
bible:book26:1:1,missing_in_staging
bible:book26:1:10,missing_in_staging
bible:book26:1:11,missing_in_staging
bible:book26:1:12,missing_in_staging
bible:book26:1:13,missing_in_staging
bible:book26:1:14,missing_in_staging
bible:book26:1:15,missing_in_staging
bible:book26:1:16,missing_in_staging
bible:book26:1:17,missing_in_staging
bible:book26:1:18,missing_in_staging
bible:book26:1:19,missing_in_staging
bible:book26:1:2,missing_in_staging
bible:book26:1:20,missing_in_staging
bible:book26:1:21,missing_in_staging
bible:book26:1:22,missing_in_staging
bible:book26:1:23,missing_in_staging
bible:book26:1:24,missing_in_staging
bible:book26:1:25,missing_in_staging
bible:book26:1:26,missing_in_staging
bible:book26:1:27,missing_in_staging
bible:book26:1:28,missing_in_staging
bible:book26:1:29,missing_in_staging
bible:book26:1:3,missing_in_staging
bible:book26:1:30,missing_in_staging
bible:book26:1:31,missing_in_staging
bible:book26:1:32,missing_in_staging
bible:book26:1:33,missing_in_staging
bible:book26:1:34,missing_in_staging
bible:book26:1:35,missing_in_staging
bible:book26:1:36,missing_in_staging
bible:book26:1:37,missing_in_staging
bible:book26:1:38,missing_in_staging
bible:book26:1:39,missing_in_staging
bible:book26:1:4,missing_in_staging
bible:book26:1:40,missing_in_staging
bible:book26:1:5,missing_in_staging
bible:book26:1:6,missing_in_staging
bible:book26:1:7,missing_in_staging
bible:book26:1:8,missing_in_staging
bible:book26:1:9,missing_in_staging
bible:book26:20:1,missing_in_staging
bible:book26:20:10,missing_in_staging
bible:book26:20:11,missing_in_staging
bible:book26:20:12,missing_in_staging
bible:book26:20:13,missing_in_staging
bible:book26:20:14,missing_in_staging
bible:book26:20:15,missing_in_staging
bible:book26:20:16,missing_in_staging
bible:book26:20:17,missing_in_staging
bible:book26:20:18,missing_in_staging
bible:book26:20:19,missing_in_staging
bible:book26:20:2,missing_in_staging
bible:book26:20:20,missing_in_staging
bible:book26:20:21,missing_in_staging
bible:book26:20:22,missing_in_staging
bible:book26:20:23,missing_in_staging
bible:book26:20:24,missing_in_staging
bible:book26:20:25,missing_in_staging
bible:book26:20:26,missing_in_staging
bible:book26:20:27,missing_in_staging
bible:book26:20:28,missing_in_staging
bible:book26:20:29,missing_in_staging
bible:book26:20:3,missing_in_staging
bible:book26:20:30,missing_in_staging
bible:book26:20:31,missing_in_staging
bible:book26:20:32,missing_in_staging
bible:book26:20:33,missing_in_staging
bible:book26:20:4,missing_in_staging
bible:book26:20:5,missing_in_staging
bible:book26:20:6,missing_in_staging
bible:book26:20:7,missing_in_staging
bible:book26:20:8,missing_in_staging
bible:book26:20:9,missing_in_staging
bible:book26:21:1,missing_in_staging
bible:book26:21:10,missing_in_staging
bible:book26:21:11,missing_in_staging
bible:book26:21:12,missing_in_staging
bible:book26:21:13,missing_in_staging
bible:book26:21:14,missing_in_staging
bible:book26:21:15,missing_in_staging
bible:book26:21:16,missing_in_staging
bible:book26:21:17,missing_in_staging
bible:book26:21:18,missing_in_staging
bible:book26:21:19,missing_in_staging
bible:book26:21:2,missing_in_staging
bible:book26:21:20,missing_in_staging
bible:book26:21:21,missing_in_staging
bible:book26:21:22,missing_in_staging
bible:book26:21:23,missing_in_staging
bible:book26:21:24,missing_in_staging
bible:book26:21:25,missing_in_staging
bible:book26:21:26,missing_in_staging
bible:book26:21:27,missing_in_staging
bible:book26:21:28,missing_in_staging
bible:book26:21:29,missing_in_staging
bible:book26:21:3,missing_in_staging
bible:book26:21:30,missing_in_staging
bible:book26:21:31,missing_in_staging
bible:book26:21:4,missing_in_staging
bible:book26:21:5,missing_in_staging
bible:book26:21:6,missing_in_staging
bible:book26:21:7,missing_in_staging
bible:book26:21:8,missing_in_staging
bible:book26:21:9,missing_in_staging
bible:book26:22:1,missing_in_staging
bible:book26:22:10,missing_in_staging
bible:book26:22:11,missing_in_staging
bible:book26:22:12,missing_in_staging
bible:book26:22:13,missing_in_staging
bible:book26:22:14,missing_in_staging
bible:book26:22:15,missing_in_staging
bible:book26:22:16,missing_in_staging
bible:book26:22:17,missing_in_staging
bible:book26:22:18,missing_in_staging
bible:book26:22:19,missing_in_staging
bible:book26:22:2,missing_in_staging
bible:book26:22:20,missing_in_staging
bible:book26:22:21,missing_in_staging
bible:book26:22:22,missing_in_staging
bible:book26:22:23,missing_in_staging
bible:book26:22:24,missing_in_staging
bible:book26:22:25,missing_in_staging
bible:book26:22:26,missing_in_staging
bible:book26:22:27,missing_in_staging
bible:book26:22:28,missing_in_staging
bible:book26:22:29,missing_in_staging
bible:book26:22:3,missing_in_staging
bible:book26:22:30,missing_in_staging
bible:book26:22:31,missing_in_staging
bible:book26:22:32,missing_in_staging
bible:book26:22:33,missing_in_staging
bible:book26:22:4,missing_in_staging
bible:book26:22:5,missing_in_staging
bible:book26:22:6,missing_in_staging
bible:book26:22:7,missing_in_staging
bible:book26:22:8,missing_in_staging
bible:book26:22:9,missing_in_staging
bible:book26:23:1,missing_in_staging
bible:book26:23:10,missing_in_staging
bible:book26:23:11,missing_in_staging
bible:book26:23:12,missing_in_staging
bible:book26:23:13,missing_in_staging
bible:book26:23:14,missing_in_staging
bible:book26:23:15,missing_in_staging
bible:book26:23:16,missing_in_staging
bible:book26:23:17,missing_in_staging
bible:book26:23:18,missing_in_staging
bible:book26:23:19,missing_in_staging
bible:book26:23:2,missing_in_staging
bible:book26:23:20,missing_in_staging
bible:book26:23:21,missing_in_staging
bible:book26:23:22,missing_in_staging
bible:book26:23:23,missing_in_staging
bible:book26:23:24,missing_in_staging
bible:book26:23:25,missing_in_staging
bible:book26:23:26,missing_in_staging
bible:book26:23:27,missing_in_staging
bible:book26:23:28,missing_in_staging
bible:book26:23:29,missing_in_staging
bible:book26:23:3,missing_in_staging
bible:book26:23:30,missing_in_staging
bible:book26:23:31,missing_in_staging
bible:book26:23:32,missing_in_staging
bible:book26:23:33,missing_in_staging
bible:book26:23:34,missing_in_staging
bible:book26:23:35,missing_in_staging
bible:book26:23:36,missing_in_staging
bible:book26:23:37,missing_in_staging
bible:book26:23:38,missing_in_staging
bible:book26:23:4,missing_in_staging
bible:book26:23:5,missing_in_staging
bible:book26:23:6,missing_in_staging
bible:book26:23:7,missing_in_staging
bible:book26:23:8,missing_in_staging
bible:book26:23:9,missing_in_staging
bible:book26:24:1,missing_in_staging
bible:book26:24:10,missing_in_staging
bible:book26:24:11,missing_in_staging
bible:book26:24:12,missing_in_staging
bible:book26:24:13,missing_in_staging
bible:book26:24:14,missing_in_staging
bible:book26:24:15,missing_in_staging
bible:book26:24:16,missing_in_staging
bible:book26:24:17,missing_in_staging
bible:book26:24:18,missing_in_staging
bible:book26:24:19,missing_in_staging
bible:book26:24:2,missing_in_staging
bible:book26:24:20,missing_in_staging
bible:book26:24:21,missing_in_staging
bible:book26:24:22,missing_in_staging
bible:book26:24:23,missing_in_staging
bible:book26:24:24,missing_in_staging
bible:book26:24:25,missing_in_staging
bible:book26:24:26,missing_in_staging
bible:book26:24:27,missing_in_staging
bible:book26:24:28,missing_in_staging
bible:book26:24:29,missing_in_staging
bible:book26:24:3,missing_in_staging
bible:book26:24:30,missing_in_staging
bible:book26:24:31,missing_in_staging
bible:book26:24:32,missing_in_staging
bible:book26:24:33,missing_in_staging
bible:book26:24:34,missing_in_staging
bible:book26:24:35,missing_in_staging
bible:book26:24:36,missing_in_staging
bible:book26:24:37,missing_in_staging
bible:book26:24:38,missing_in_staging
bible:book26:24:39,missing_in_staging
bible:book26:24:4,missing_in_staging
bible:book26:24:40,missing_in_staging
bible:book26:24:41,missing_in_staging
bible:book26:24:42,missing_in_staging
bible:book26:24:43,missing_in_staging
bible:book26:24:44,missing_in_staging
bible:book26:24:45,missing_in_staging
bible:book26:24:46,missing_in_staging
bible:book26:24:47,missing_in_staging
bible:book26:24:5,missing_in_staging
bible:book26:24:6,missing_in_staging
bible:book26:24:7,missing_in_staging
bible:book26:24:8,missing_in_staging
bible:book26:24:9,missing_in_staging
bible:book26:25:1,missing_in_staging
bible:book26:25:10,missing_in_staging
bible:book26:25:11,missing_in_staging
bible:book26:25:12,missing_in_staging
bible:book26:25:13,missing_in_staging
bible:book26:25:14,missing_in_staging
bible:book26:25:15,missing_in_staging
bible:book26:25:16,missing_in_staging
bible:book26:25:17,missing_in_staging
bible:book26:25:18,missing_in_staging
bible:book26:25:19,missing_in_staging
bible:book26:25:2,missing_in_staging
bible:book26:25:20,missing_in_staging
bible:book26:25:21,missing_in_staging
bible:book26:25:22,missing_in_staging
bible:book26:25:23,missing_in_staging
bible:book26:25:24,missing_in_staging
bible:book26:25:25,missing_in_staging
bible:book26:25:26,missing_in_staging
bible:book26:25:27,missing_in_staging
bible:book26:25:28,missing_in_staging
bible:book26:25:29,missing_in_staging
bible:book26:25:3,missing_in_staging
bible:book26:25:30,missing_in_staging
bible:book26:25:31,missing_in_staging
bible:book26:25:32,missing_in_staging
bible:book26:25:33,missing_in_staging
bible:book26:25:34,missing_in_staging
bible:book26:25:35,missing_in_staging
bible:book26:25:36,missing_in_staging
bible:book26:25:4,missing_in_staging
bible:book26:25:5,missing_in_staging
bible:book26:25:6,missing_in_staging
bible:book26:25:7,missing_in_staging
bible:book26:25:8,missing_in_staging
bible:book26:25:9,missing_in_staging
bible:book26:26:1,missing_in_staging
bible:book26:26:10,missing_in_staging
bible:book26:26:11,missing_in_staging
bible:book26:26:12,missing_in_staging
bible:book26:26:13,missing_in_staging
bible:book26:26:14,missing_in_staging
bible:book26:26:15,missing_in_staging
bible:book26:26:16,missing_in_staging
bible:book26:26:17,missing_in_staging
bible:book26:26:18,missing_in_staging
bible:book26:26:19,missing_in_staging
bible:book26:26:2,missing_in_staging
bible:book26:26:20,missing_in_staging
bible:book26:26:21,missing_in_staging
bible:book26:26:22,missing_in_staging
bible:book26:26:23,missing_in_staging
bible:book26:26:24,missing_in_staging
bible:book26:26:25,missing_in_staging
bible:book26:26:26,missing_in_staging
bible:book26:26:27,missing_in_staging
bible:book26:26:28,missing_in_staging
bible:book26:26:3,missing_in_staging
bible:book26:26:4,missing_in_staging
bible:book26:26:5,missing_in_staging
bible:book26:26:6,missing_in_staging
bible:book26:26:7,missing_in_staging
bible:book26:26:8,missing_in_staging
bible:book26:26:9,missing_in_staging
bible:book26:27:1,missing_in_staging
bible:book26:27:10,missing_in_staging
bible:book26:27:11,missing_in_staging
bible:book26:27:12,missing_in_staging
bible:book26:27:13,missing_in_staging
bible:book26:27:14,missing_in_staging
bible:book26:27:15,missing_in_staging
bible:book26:27:16,missing_in_staging
bible:book26:27:17,missing_in_staging
bible:book26:27:18,missing_in_staging
bible:book26:27:19,missing_in_staging
bible:book26:27:2,missing_in_staging
bible:book26:27:20,missing_in_staging
bible:book26:27:21,missing_in_staging
bible:book26:27:22,missing_in_staging
bible:book26:27:23,missing_in_staging
bible:book26:27:24,missing_in_staging
bible:book26:27:25,missing_in_staging
bible:book26:27:26,missing_in_staging
bible:book26:27:27,missing_in_staging
bible:book26:27:28,missing_in_staging
bible:book26:27:29,missing_in_staging
bible:book26:27:3,missing_in_staging
bible:book26:27:30,missing_in_staging
bible:book26:27:31,missing_in_staging
bible:book26:27:32,missing_in_staging
bible:book26:27:33,missing_in_staging
bible:book26:27:4,missing_in_staging
bible:book26:27:5,missing_in_staging
bible:book26:27:6,missing_in_staging
bible:book26:27:7,missing_in_staging
bible:book26:27:8,missing_in_staging
bible:book26:27:9,missing_in_staging
bible:book26:28:1,missing_in_staging
bible:book26:28:10,missing_in_staging
bible:book26:28:11,missing_in_staging
bible:book26:28:12,missing_in_staging
bible:book26:28:13,missing_in_staging
bible:book26:28:14,missing_in_staging
bible:book26:28:15,missing_in_staging
bible:book26:28:16,missing_in_staging
bible:book26:28:17,missing_in_staging
bible:book26:28:18,missing_in_staging
bible:book26:28:19,missing_in_staging
bible:book26:28:2,missing_in_staging
bible:book26:28:20,missing_in_staging
bible:book26:28:21,missing_in_staging
bible:book26:28:22,missing_in_staging
bible:book26:28:23,missing_in_staging
bible:book26:28:24,missing_in_staging
bible:book26:28:25,missing_in_staging
bible:book26:28:26,missing_in_staging
bible:book26:28:27,missing_in_staging
bible:book26:28:28,missing_in_staging
bible:book26:28:29,missing_in_staging
bible:book26:28:3,missing_in_staging
bible:book26:28:30,missing_in_staging
bible:book26:28:4,missing_in_staging
bible:book26:28:5,missing_in_staging
bible:book26:28:6,missing_in_staging
bible:book26:28:7,missing_in_staging
bible:book26:28:8,missing_in_staging
bible:book26:28:9,missing_in_staging
bible:book26:29:1,missing_in_staging
bible:book26:29:10,missing_in_staging
bible:book26:29:11,missing_in_staging
bible:book26:29:12,missing_in_staging
bible:book26:29:13,missing_in_staging
bible:book26:29:14,missing_in_staging
bible:book26:29:19,missing_in_staging
bible:book26:29:2,missing_in_staging
bible:book26:29:20,missing_in_staging
bible:book26:29:21,missing_in_staging
bible:book26:29:22,missing_in_staging
bible:book26:29:23,missing_in_staging
bible:book26:29:24,missing_in_staging
bible:book26:29:25,missing_in_staging
bible:book26:29:26,missing_in_staging
bible:book26:29:27,missing_in_staging
bible:book26:29:28,missing_in_staging
bible:book26:29:29,missing_in_staging
bible:book26:29:3,missing_in_staging
bible:book26:29:30,missing_in_staging
bible:book26:29:31,missing_in_staging
bible:book26:29:32,missing_in_staging
bible:book26:29:33,missing_in_staging
bible:book26:29:34,missing_in_staging
bible:book26:29:35,missing_in_staging
bible:book26:29:4,missing_in_staging
bible:book26:29:5,missing_in_staging
bible:book26:29:6,missing_in_staging
bible:book26:29:7,missing_in_staging
bible:book26:29:8,missing_in_staging
bible:book26:29:9,missing_in_staging
bible:book26:2:1,missing_in_staging
bible:book26:2:10,missing_in_staging
bible:book26:2:11,missing_in_staging
bible:book26:2:12,missing_in_staging
bible:book26:2:13,missing_in_staging
bible:book26:2:14,missing_in_staging
bible:book26:2:15,missing_in_staging
bible:book26:2:16,missing_in_staging
bible:book26:2:17,missing_in_staging
bible:book26:2:18,missing_in_staging
bible:book26:2:19,missing_in_staging
bible:book26:2:2,missing_in_staging
bible:book26:2:20,missing_in_staging
bible:book26:2:21,missing_in_staging
bible:book26:2:22,missing_in_staging
bible:book26:2:23,missing_in_staging
bible:book26:2:3,missing_in_staging
bible:book26:2:4,missing_in_staging
bible:book26:2:5,missing_in_staging
bible:book26:2:6,missing_in_staging
bible:book26:2:7,missing_in_staging
bible:book26:2:8,missing_in_staging
bible:book26:2:9,missing_in_staging
bible:book26:30:1,missing_in_staging
bible:book26:30:10,missing_in_staging
bible:book26:30:11,missing_in_staging
bible:book26:30:12,missing_in_staging
bible:book26:30:13,missing_in_staging
bible:book26:30:14,missing_in_staging
bible:book26:30:15,missing_in_staging
bible:book26:30:16,missing_in_staging
bible:book26:30:17,missing_in_staging
bible:book26:30:18,missing_in_staging
bible:book26:30:19,missing_in_staging
bible:book26:30:2,missing_in_staging
bible:book26:30:20,missing_in_staging
bible:book26:30:21,missing_in_staging
bible:book26:30:22,missing_in_staging
bible:book26:30:23,missing_in_staging
bible:book26:30:24,missing_in_staging
bible:book26:30:25,missing_in_staging
bible:book26:30:26,missing_in_staging
bible:book26:30:27,missing_in_staging
bible:book26:30:3,missing_in_staging
bible:book26:30:4,missing_in_staging
bible:book26:30:5,missing_in_staging
bible:book26:30:6,missing_in_staging
bible:book26:30:7,missing_in_staging
bible:book26:30:8,missing_in_staging
bible:book26:30:9,missing_in_staging
bible:book26:31:1,missing_in_staging
bible:book26:31:10,missing_in_staging
bible:book26:31:11,missing_in_staging
bible:book26:31:12,missing_in_staging
bible:book26:31:13,missing_in_staging
bible:book26:31:14,missing_in_staging
bible:book26:31:15,missing_in_staging
bible:book26:31:16,missing_in_staging
bible:book26:31:17,missing_in_staging
bible:book26:31:18,missing_in_staging
bible:book26:31:19,missing_in_staging
bible:book26:31:2,missing_in_staging
bible:book26:31:20,missing_in_staging
bible:book26:31:21,missing_in_staging
bible:book26:31:22,missing_in_staging
bible:book26:31:23,missing_in_staging
bible:book26:31:24,missing_in_staging
bible:book26:31:25,missing_in_staging
bible:book26:31:26,missing_in_staging
bible:book26:31:27,missing_in_staging
bible:book26:31:28,missing_in_staging
bible:book26:31:29,missing_in_staging
bible:book26:31:3,missing_in_staging
bible:book26:31:30,missing_in_staging
bible:book26:31:31,missing_in_staging
bible:book26:31:32,missing_in_staging
bible:book26:31:33,missing_in_staging
bible:book26:31:34,missing_in_staging
bible:book26:31:35,missing_in_staging
bible:book26:31:36,missing_in_staging
bible:book26:31:37,missing_in_staging
bible:book26:31:38,missing_in_staging
bible:book26:31:39,missing_in_staging
bible:book26:31:4,missing_in_staging
bible:book26:31:40,missing_in_staging
bible:book26:31:41,missing_in_staging
bible:book26:31:42,missing_in_staging
bible:book26:31:5,missing_in_staging
bible:book26:31:6,missing_in_staging
bible:book26:31:7,missing_in_staging
bible:book26:31:8,missing_in_staging
bible:book26:31:9,missing_in_staging
bible:book26:32:1,missing_in_staging
bible:book26:32:10,missing_in_staging
bible:book26:32:11,missing_in_staging
bible:book26:32:12,missing_in_staging
bible:book26:32:13,missing_in_staging
bible:book26:32:14,missing_in_staging
bible:book26:32:15,missing_in_staging
bible:book26:32:16,missing_in_staging
bible:book26:32:17,missing_in_staging
bible:book26:32:18,missing_in_staging
bible:book26:32:19,missing_in_staging
bible:book26:32:2,missing_in_staging
bible:book26:32:20,missing_in_staging
bible:book26:32:21,missing_in_staging
bible:book26:32:22,missing_in_staging
bible:book26:32:23,missing_in_staging
bible:book26:32:24,missing_in_staging
bible:book26:32:25,missing_in_staging
bible:book26:32:26,missing_in_staging
bible:book26:32:27,missing_in_staging
bible:book26:32:28,missing_in_staging
bible:book26:32:3,missing_in_staging
bible:book26:32:4,missing_in_staging
bible:book26:32:5,missing_in_staging
bible:book26:32:6,missing_in_staging
bible:book26:32:7,missing_in_staging
bible:book26:32:8,missing_in_staging
bible:book26:32:9,missing_in_staging
bible:book26:33:1,missing_in_staging
bible:book26:33:10,missing_in_staging
bible:book26:33:11,missing_in_staging
bible:book26:33:12,missing_in_staging
bible:book26:33:13,missing_in_staging
bible:book26:33:14,missing_in_staging
bible:book26:33:15,missing_in_staging
bible:book26:33:16,missing_in_staging
bible:book26:33:17,missing_in_staging
bible:book26:33:18,missing_in_staging
bible:book26:33:19,missing_in_staging
bible:book26:33:2,missing_in_staging
bible:book26:33:20,missing_in_staging
bible:book26:33:21,missing_in_staging
bible:book26:33:22,missing_in_staging
bible:book26:33:23,missing_in_staging
bible:book26:33:24,missing_in_staging
bible:book26:33:25,missing_in_staging
bible:book26:33:26,missing_in_staging
bible:book26:33:27,missing_in_staging
bible:book26:33:28,missing_in_staging
bible:book26:33:29,missing_in_staging
bible:book26:33:3,missing_in_staging
bible:book26:33:30,missing_in_staging
bible:book26:33:31,missing_in_staging
bible:book26:33:32,missing_in_staging
bible:book26:33:33,missing_in_staging
bible:book26:33:4,missing_in_staging
bible:book26:33:5,missing_in_staging
bible:book26:33:6,missing_in_staging
bible:book26:33:7,missing_in_staging
bible:book26:33:8,missing_in_staging
bible:book26:33:9,missing_in_staging
bible:book26:34:1,missing_in_staging
bible:book26:34:10,missing_in_staging
bible:book26:34:11,missing_in_staging
bible:book26:34:12,missing_in_staging
bible:book26:34:13,missing_in_staging
bible:book26:34:14,missing_in_staging
bible:book26:34:15,missing_in_staging
bible:book26:34:16,missing_in_staging
bible:book26:34:17,missing_in_staging
bible:book26:34:18,missing_in_staging
bible:book26:34:19,missing_in_staging
bible:book26:34:2,missing_in_staging
bible:book26:34:20,missing_in_staging
bible:book26:34:21,missing_in_staging
bible:book26:34:22,missing_in_staging
bible:book26:34:23,missing_in_staging
bible:book26:34:24,missing_in_staging
bible:book26:34:25,missing_in_staging
bible:book26:34:26,missing_in_staging
bible:book26:34:27,missing_in_staging
bible:book26:34:28,missing_in_staging
bible:book26:34:29,missing_in_staging
bible:book26:34:3,missing_in_staging
bible:book26:34:30,missing_in_staging
bible:book26:34:31,missing_in_staging
bible:book26:34:4,missing_in_staging
bible:book26:34:5,missing_in_staging
bible:book26:34:6,missing_in_staging
bible:book26:34:7,missing_in_staging
bible:book26:34:8,missing_in_staging
bible:book26:34:9,missing_in_staging
bible:book26:35:1,missing_in_staging
bible:book26:35:10,missing_in_staging
bible:book26:35:11,missing_in_staging
bible:book26:35:12,missing_in_staging
bible:book26:35:13,missing_in_staging
bible:book26:35:14,missing_in_staging
bible:book26:35:15,missing_in_staging
bible:book26:35:16,missing_in_staging
bible:book26:35:17,missing_in_staging
bible:book26:35:18,missing_in_staging
bible:book26:35:19,missing_in_staging
bible:book26:35:2,missing_in_staging
bible:book26:35:20,missing_in_staging
bible:book26:35:21,missing_in_staging
bible:book26:35:22,missing_in_staging
bible:book26:35:23,missing_in_staging
bible:book26:35:24,missing_in_staging
bible:book26:35:25,missing_in_staging
bible:book26:35:26,missing_in_staging
bible:book26:35:3,missing_in_staging
bible:book26:35:4,missing_in_staging
bible:book26:35:5,missing_in_staging
bible:book26:35:6,missing_in_staging
bible:book26:35:7,missing_in_staging
bible:book26:35:8,missing_in_staging
bible:book26:35:9,missing_in_staging
bible:book26:36:1,missing_in_staging
bible:book26:36:10,missing_in_staging
bible:book26:36:11,missing_in_staging
bible:book26:36:12,missing_in_staging
bible:book26:36:13,missing_in_staging
bible:book26:36:14,missing_in_staging
bible:book26:36:15,missing_in_staging
bible:book26:36:16,missing_in_staging
bible:book26:36:17,missing_in_staging
bible:book26:36:18,missing_in_staging
bible:book26:36:19,missing_in_staging
bible:book26:36:2,missing_in_staging
bible:book26:36:20,missing_in_staging
bible:book26:36:21,missing_in_staging
bible:book26:36:22,missing_in_staging
bible:book26:36:23,missing_in_staging
bible:book26:36:24,missing_in_staging
bible:book26:36:25,missing_in_staging
bible:book26:36:26,missing_in_staging
bible:book26:36:27,missing_in_staging
bible:book26:36:28,missing_in_staging
bible:book26:36:3,missing_in_staging
bible:book26:36:4,missing_in_staging
bible:book26:36:5,missing_in_staging
bible:book26:36:6,missing_in_staging
bible:book26:36:7,missing_in_staging
bible:book26:36:8,missing_in_staging
bible:book26:36:9,missing_in_staging
bible:book26:37:1,missing_in_staging
bible:book26:37:10,missing_in_staging
bible:book26:37:11,missing_in_staging
bible:book26:37:12,missing_in_staging
bible:book26:37:13,missing_in_staging
bible:book26:37:14,missing_in_staging
bible:book26:37:15,missing_in_staging
bible:book26:37:16,missing_in_staging
bible:book26:37:17,missing_in_staging
bible:book26:37:18,missing_in_staging
bible:book26:37:19,missing_in_staging
bible:book26:37:2,missing_in_staging
bible:book26:37:20,missing_in_staging
bible:book26:37:21,missing_in_staging
bible:book26:37:22,missing_in_staging
bible:book26:37:23,missing_in_staging
bible:book26:37:24,missing_in_staging
bible:book26:37:25,missing_in_staging
bible:book26:37:26,missing_in_staging
bible:book26:37:27,missing_in_staging
bible:book26:37:28,missing_in_staging
bible:book26:37:29,missing_in_staging
bible:book26:37:3,missing_in_staging
bible:book26:37:30,missing_in_staging
bible:book26:37:31,missing_in_staging
bible:book26:37:32,missing_in_staging
bible:book26:37:33,missing_in_staging
bible:book26:37:34,missing_in_staging
bible:book26:37:4,missing_in_staging
bible:book26:37:5,missing_in_staging
bible:book26:37:6,missing_in_staging
bible:book26:37:7,missing_in_staging
bible:book26:37:8,missing_in_staging
bible:book26:37:9,missing_in_staging
bible:book26:38:1,missing_in_staging
bible:book26:38:10,missing_in_staging
bible:book26:38:11,missing_in_staging
bible:book26:38:12,missing_in_staging
bible:book26:38:13,missing_in_staging
bible:book26:38:14,missing_in_staging
bible:book26:38:15,missing_in_staging
bible:book26:38:16,missing_in_staging
bible:book26:38:17,missing_in_staging
bible:book26:38:18,missing_in_staging
bible:book26:38:19,missing_in_staging
bible:book26:38:2,missing_in_staging
bible:book26:38:20,missing_in_staging
bible:book26:38:21,missing_in_staging
bible:book26:38:22,missing_in_staging
bible:book26:38:23,missing_in_staging
bible:book26:38:24,missing_in_staging
bible:book26:38:25,missing_in_staging
bible:book26:38:26,missing_in_staging
bible:book26:38:27,missing_in_staging
bible:book26:38:28,missing_in_staging
bible:book26:38:29,missing_in_staging
bible:book26:38:3,missing_in_staging
bible:book26:38:30,missing_in_staging
bible:book26:38:31,missing_in_staging
bible:book26:38:32,missing_in_staging
bible:book26:38:33,missing_in_staging
bible:book26:38:34,missing_in_staging
bible:book26:38:35,missing_in_staging
bible:book26:38:36,missing_in_staging
bible:book26:38:37,missing_in_staging
bible:book26:38:38,missing_in_staging
bible:book26:38:39,missing_in_staging
bible:book26:38:4,missing_in_staging
bible:book26:38:5,missing_in_staging
bible:book26:38:6,missing_in_staging
bible:book26:38:7,missing_in_staging
bible:book26:38:8,missing_in_staging
bible:book26:38:9,missing_in_staging
bible:book26:39:1,missing_in_staging
bible:book26:39:10,missing_in_staging
bible:book26:39:11,missing_in_staging
bible:book26:39:12,missing_in_staging
bible:book26:39:13,missing_in_staging
bible:book26:39:14,missing_in_staging
bible:book26:39:15,missing_in_staging
bible:book26:39:16,missing_in_staging
bible:book26:39:17,missing_in_staging
bible:book26:39:18,missing_in_staging
bible:book26:39:19,missing_in_staging
bible:book26:39:2,missing_in_staging
bible:book26:39:20,missing_in_staging
bible:book26:39:21,missing_in_staging
bible:book26:39:22,missing_in_staging
bible:book26:39:23,missing_in_staging
bible:book26:39:24,missing_in_staging
bible:book26:39:25,missing_in_staging
bible:book26:39:26,missing_in_staging
bible:book26:39:27,missing_in_staging
bible:book26:39:28,missing_in_staging
bible:book26:39:29,missing_in_staging
bible:book26:39:3,missing_in_staging
bible:book26:39:30,missing_in_staging
bible:book26:39:31,missing_in_staging
bible:book26:39:32,missing_in_staging
bible:book26:39:33,missing_in_staging
bible:book26:39:34,missing_in_staging
bible:book26:39:35,missing_in_staging
bible:book26:39:36,missing_in_staging
bible:book26:39:37,missing_in_staging
bible:book26:39:38,missing_in_staging
bible:book26:39:39,missing_in_staging
bible:book26:39:4,missing_in_staging
bible:book26:39:40,missing_in_staging
bible:book26:39:41,missing_in_staging
bible:book26:39:5,missing_in_staging
bible:book26:39:6,missing_in_staging
bible:book26:39:7,missing_in_staging
bible:book26:39:8,missing_in_staging
bible:book26:39:9,missing_in_staging
bible:book26:3:1,missing_in_staging
bible:book26:3:10,missing_in_staging
bible:book26:3:11,missing_in_staging
bible:book26:3:12,missing_in_staging
bible:book26:3:13,missing_in_staging
bible:book26:3:14,missing_in_staging
bible:book26:3:15,missing_in_staging
bible:book26:3:16,missing_in_staging
bible:book26:3:17,missing_in_staging
bible:book26:3:18,missing_in_staging
bible:book26:3:19,missing_in_staging
bible:book26:3:2,missing_in_staging
bible:book26:3:20,missing_in_staging
bible:book26:3:21,missing_in_staging
bible:book26:3:22,missing_in_staging
bible:book26:3:23,missing_in_staging
bible:book26:3:24,missing_in_staging
bible:book26:3:25,missing_in_staging
bible:book26:3:26,missing_in_staging
bible:book26:3:27,missing_in_staging
bible:book26:3:28,missing_in_staging
bible:book26:3:29,missing_in_staging
bible:book26:3:3,missing_in_staging
bible:book26:3:30,missing_in_staging
bible:book26:3:31,missing_in_staging
bible:book26:3:32,missing_in_staging
bible:book26:3:33,missing_in_staging
bible:book26:3:34,missing_in_staging
bible:book26:3:4,missing_in_staging
bible:book26:3:5,missing_in_staging
bible:book26:3:6,missing_in_staging
bible:book26:3:7,missing_in_staging
bible:book26:3:8,missing_in_staging
bible:book26:3:9,missing_in_staging
bible:book26:40:1,missing_in_staging
bible:book26:40:10,missing_in_staging
bible:book26:40:11,missing_in_staging
bible:book26:40:12,missing_in_staging
bible:book26:40:13,missing_in_staging
bible:book26:40:14,missing_in_staging
bible:book26:40:15,missing_in_staging
bible:book26:40:16,missing_in_staging
bible:book26:40:17,missing_in_staging
bible:book26:40:18,missing_in_staging
bible:book26:40:19,missing_in_staging
bible:book26:40:2,missing_in_staging
bible:book26:40:20,missing_in_staging
bible:book26:40:21,missing_in_staging
bible:book26:40:22,missing_in_staging
bible:book26:40:23,missing_in_staging
bible:book26:40:24,missing_in_staging
bible:book26:40:25,missing_in_staging
bible:book26:40:26,missing_in_staging
bible:book26:40:27,missing_in_staging
bible:book26:40:28,missing_in_staging
bible:book26:40:29,missing_in_staging
bible:book26:40:3,missing_in_staging
bible:book26:40:30,missing_in_staging
bible:book26:40:31,missing_in_staging
bible:book26:40:32,missing_in_staging
bible:book26:40:4,missing_in_staging
bible:book26:40:5,missing_in_staging
bible:book26:40:6,missing_in_staging
bible:book26:40:7,missing_in_staging
bible:book26:40:8,missing_in_staging
bible:book26:40:9,missing_in_staging
bible:book26:41:1,missing_in_staging
bible:book26:41:10,missing_in_staging
bible:book26:41:11,missing_in_staging
bible:book26:41:12,missing_in_staging
bible:book26:41:13,missing_in_staging
bible:book26:41:14,missing_in_staging
bible:book26:41:15,missing_in_staging
bible:book26:41:16,missing_in_staging
bible:book26:41:17,missing_in_staging
bible:book26:41:18,missing_in_staging
bible:book26:41:19,missing_in_staging
bible:book26:41:2,missing_in_staging
bible:book26:41:20,missing_in_staging
bible:book26:41:21,missing_in_staging
bible:book26:41:22,missing_in_staging
bible:book26:41:23,missing_in_staging
bible:book26:41:24,missing_in_staging
bible:book26:41:25,missing_in_staging
bible:book26:41:26,missing_in_staging
bible:book26:41:27,missing_in_staging
bible:book26:41:28,missing_in_staging
bible:book26:41:3,missing_in_staging
bible:book26:41:4,missing_in_staging
bible:book26:41:5,missing_in_staging
bible:book26:41:6,missing_in_staging
bible:book26:41:7,missing_in_staging
bible:book26:41:8,missing_in_staging
bible:book26:41:9,missing_in_staging
bible:book26:42:1,missing_in_staging
bible:book26:42:10,missing_in_staging
bible:book26:42:11,missing_in_staging
bible:book26:42:12,missing_in_staging
bible:book26:42:13,missing_in_staging
bible:book26:42:14,missing_in_staging
bible:book26:42:15,missing_in_staging
bible:book26:42:16,missing_in_staging
bible:book26:42:17,missing_in_staging
bible:book26:42:18,missing_in_staging
bible:book26:42:19,missing_in_staging
bible:book26:42:2,missing_in_staging
bible:book26:42:20,missing_in_staging
bible:book26:42:21,missing_in_staging
bible:book26:42:22,missing_in_staging
bible:book26:42:23,missing_in_staging
bible:book26:42:24,missing_in_staging
bible:book26:42:25,missing_in_staging
bible:book26:42:26,missing_in_staging
bible:book26:42:3,missing_in_staging
bible:book26:42:4,missing_in_staging
bible:book26:42:5,missing_in_staging
bible:book26:42:6,missing_in_staging
bible:book26:42:7,missing_in_staging
bible:book26:42:8,missing_in_staging
bible:book26:42:9,missing_in_staging
bible:book26:43:1,missing_in_staging
bible:book26:43:10,missing_in_staging
bible:book26:43:11,missing_in_staging
bible:book26:43:12,missing_in_staging
bible:book26:43:13,missing_in_staging
bible:book26:43:14,missing_in_staging
bible:book26:43:15,missing_in_staging
bible:book26:43:16,missing_in_staging
bible:book26:43:17,missing_in_staging
bible:book26:43:18,missing_in_staging
bible:book26:43:19,missing_in_staging
bible:book26:43:2,missing_in_staging
bible:book26:43:20,missing_in_staging
bible:book26:43:21,missing_in_staging
bible:book26:43:22,missing_in_staging
bible:book26:43:23,missing_in_staging
bible:book26:43:24,missing_in_staging
bible:book26:43:25,missing_in_staging
bible:book26:43:26,missing_in_staging
bible:book26:43:27,missing_in_staging
bible:book26:43:28,missing_in_staging
bible:book26:43:29,missing_in_staging
bible:book26:43:3,missing_in_staging
bible:book26:43:30,missing_in_staging
bible:book26:43:31,missing_in_staging
bible:book26:43:32,missing_in_staging
bible:book26:43:33,missing_in_staging
bible:book26:43:34,missing_in_staging
bible:book26:43:35,missing_in_staging
bible:book26:43:36,missing_in_staging
bible:book26:43:37,missing_in_staging
bible:book26:43:4,missing_in_staging
bible:book26:43:5,missing_in_staging
bible:book26:43:6,missing_in_staging
bible:book26:43:7,missing_in_staging
bible:book26:43:8,missing_in_staging
bible:book26:43:9,missing_in_staging
bible:book26:44:1,missing_in_staging
bible:book26:44:10,missing_in_staging
bible:book26:44:11,missing_in_staging
bible:book26:44:12,missing_in_staging
bible:book26:44:13,missing_in_staging
bible:book26:44:14,missing_in_staging
bible:book26:44:15,missing_in_staging
bible:book26:44:16,missing_in_staging
bible:book26:44:17,missing_in_staging
bible:book26:44:18,missing_in_staging
bible:book26:44:19,missing_in_staging
bible:book26:44:2,missing_in_staging
bible:book26:44:20,missing_in_staging
bible:book26:44:21,missing_in_staging
bible:book26:44:22,missing_in_staging
bible:book26:44:23,missing_in_staging
bible:book26:44:24,missing_in_staging
bible:book26:44:25,missing_in_staging
bible:book26:44:26,missing_in_staging
bible:book26:44:27,missing_in_staging
bible:book26:44:3,missing_in_staging
bible:book26:44:4,missing_in_staging
bible:book26:44:5,missing_in_staging
bible:book26:44:6,missing_in_staging
bible:book26:44:7,missing_in_staging
bible:book26:44:8,missing_in_staging
bible:book26:44:9,missing_in_staging
bible:book26:45:1,missing_in_staging
bible:book26:45:10,missing_in_staging
bible:book26:45:11,missing_in_staging
bible:book26:45:12,missing_in_staging
bible:book26:45:13,missing_in_staging
bible:book26:45:14,missing_in_staging
bible:book26:45:15,missing_in_staging
bible:book26:45:16,missing_in_staging
bible:book26:45:17,missing_in_staging
bible:book26:45:18,missing_in_staging
bible:book26:45:19,missing_in_staging
bible:book26:45:2,missing_in_staging
bible:book26:45:20,missing_in_staging
bible:book26:45:21,missing_in_staging
bible:book26:45:22,missing_in_staging
bible:book26:45:23,missing_in_staging
bible:book26:45:24,missing_in_staging
bible:book26:45:25,missing_in_staging
bible:book26:45:26,missing_in_staging
bible:book26:45:27,missing_in_staging
bible:book26:45:28,missing_in_staging
bible:book26:45:29,missing_in_staging
bible:book26:45:3,missing_in_staging
bible:book26:45:30,missing_in_staging
bible:book26:45:31,missing_in_staging
bible:book26:45:4,missing_in_staging
bible:book26:45:5,missing_in_staging
bible:book26:45:6,missing_in_staging
bible:book26:45:7,missing_in_staging
bible:book26:45:8,missing_in_staging
bible:book26:45:9,missing_in_staging
bible:book26:46:1,missing_in_staging
bible:book26:46:10,missing_in_staging
bible:book26:46:11,missing_in_staging
bible:book26:46:12,missing_in_staging
bible:book26:46:13,missing_in_staging
bible:book26:46:14,missing_in_staging
bible:book26:46:15,missing_in_staging
bible:book26:46:16,missing_in_staging
bible:book26:46:17,missing_in_staging
bible:book26:46:18,missing_in_staging
bible:book26:46:19,missing_in_staging
bible:book26:46:2,missing_in_staging
bible:book26:46:20,missing_in_staging
bible:book26:46:21,missing_in_staging
bible:book26:46:22,missing_in_staging
bible:book26:46:23,missing_in_staging
bible:book26:46:3,missing_in_staging
bible:book26:46:4,missing_in_staging
bible:book26:46:5,missing_in_staging
bible:book26:46:6,missing_in_staging
bible:book26:46:7,missing_in_staging
bible:book26:46:8,missing_in_staging
bible:book26:46:9,missing_in_staging
bible:book26:47:1,missing_in_staging
bible:book26:47:10,missing_in_staging
bible:book26:47:11,missing_in_staging
bible:book26:47:12,missing_in_staging
bible:book26:47:13,missing_in_staging
bible:book26:47:14,missing_in_staging
bible:book26:47:15,missing_in_staging
bible:book26:47:16,missing_in_staging
bible:book26:47:17,missing_in_staging
bible:book26:47:18,missing_in_staging
bible:book26:47:19,missing_in_staging
bible:book26:47:2,missing_in_staging
bible:book26:47:20,missing_in_staging
bible:book26:47:21,missing_in_staging
bible:book26:47:22,missing_in_staging
bible:book26:47:23,missing_in_staging
bible:book26:47:24,missing_in_staging
bible:book26:47:25,missing_in_staging
bible:book26:47:26,missing_in_staging
bible:book26:47:27,missing_in_staging
bible:book26:47:28,missing_in_staging
bible:book26:47:29,missing_in_staging
bible:book26:47:3,missing_in_staging
bible:book26:47:30,missing_in_staging
bible:book26:47:31,missing_in_staging
bible:book26:47:4,missing_in_staging
bible:book26:47:5,missing_in_staging
bible:book26:47:6,missing_in_staging
bible:book26:47:7,missing_in_staging
bible:book26:47:8,missing_in_staging
bible:book26:47:9,missing_in_staging
bible:book26:48:1,missing_in_staging
bible:book26:48:10,missing_in_staging
bible:book26:48:11,missing_in_staging
bible:book26:48:12,missing_in_staging
bible:book26:48:13,missing_in_staging
bible:book26:48:14,missing_in_staging
bible:book26:48:15,missing_in_staging
bible:book26:48:16,missing_in_staging
bible:book26:48:17,missing_in_staging
bible:book26:48:18,missing_in_staging
bible:book26:48:19,missing_in_staging
bible:book26:48:2,missing_in_staging
bible:book26:48:20,missing_in_staging
bible:book26:48:21,missing_in_staging
bible:book26:48:22,missing_in_staging
bible:book26:48:23,missing_in_staging
bible:book26:48:24,missing_in_staging
bible:book26:48:25,missing_in_staging
bible:book26:48:26,missing_in_staging
bible:book26:48:27,missing_in_staging
bible:book26:48:28,missing_in_staging
bible:book26:48:3,missing_in_staging
bible:book26:48:4,missing_in_staging
bible:book26:48:5,missing_in_staging
bible:book26:48:6,missing_in_staging
bible:book26:48:7,missing_in_staging
bible:book26:48:8,missing_in_staging
bible:book26:48:9,missing_in_staging
bible:book26:49:1,missing_in_staging
bible:book26:49:10,missing_in_staging
bible:book26:49:11,missing_in_staging
bible:book26:49:12,missing_in_staging
bible:book26:49:13,missing_in_staging
bible:book26:49:14,missing_in_staging
bible:book26:49:15,missing_in_staging
bible:book26:49:16,missing_in_staging
bible:book26:49:17,missing_in_staging
bible:book26:49:18,missing_in_staging
bible:book26:49:19,missing_in_staging
bible:book26:49:2,missing_in_staging
bible:book26:49:3,missing_in_staging
bible:book26:49:4,missing_in_staging
bible:book26:49:5,missing_in_staging
bible:book26:49:6,missing_in_staging
bible:book26:49:7,missing_in_staging
bible:book26:49:8,missing_in_staging
bible:book26:49:9,missing_in_staging
bible:book26:4:1,missing_in_staging
bible:book26:4:10,missing_in_staging
bible:book26:4:11,missing_in_staging
bible:book26:4:12,missing_in_staging
bible:book26:4:13,missing_in_staging
bible:book26:4:14,missing_in_staging
bible:book26:4:15,missing_in_staging
bible:book26:4:16,missing_in_staging
bible:book26:4:17,missing_in_staging
bible:book26:4:18,missing_in_staging
bible:book26:4:19,missing_in_staging
bible:book26:4:2,missing_in_staging
bible:book26:4:20,missing_in_staging
bible:book26:4:21,missing_in_staging
bible:book26:4:22,missing_in_staging
bible:book26:4:23,missing_in_staging
bible:book26:4:24,missing_in_staging
bible:book26:4:25,missing_in_staging
bible:book26:4:26,missing_in_staging
bible:book26:4:27,missing_in_staging
bible:book26:4:28,missing_in_staging
bible:book26:4:29,missing_in_staging
bible:book26:4:3,missing_in_staging
bible:book26:4:30,missing_in_staging
bible:book26:4:31,missing_in_staging
bible:book26:4:32,missing_in_staging
bible:book26:4:33,missing_in_staging
bible:book26:4:34,missing_in_staging
bible:book26:4:35,missing_in_staging
bible:book26:4:36,missing_in_staging
bible:book26:4:4,missing_in_staging
bible:book26:4:5,missing_in_staging
bible:book26:4:6,missing_in_staging
bible:book26:4:7,missing_in_staging
bible:book26:4:8,missing_in_staging
bible:book26:4:9,missing_in_staging
bible:book26:50:1,missing_in_staging
bible:book26:50:10,missing_in_staging
bible:book26:50:11,missing_in_staging
bible:book26:50:12,missing_in_staging
bible:book26:50:13,missing_in_staging
bible:book26:50:14,missing_in_staging
bible:book26:50:15,missing_in_staging
bible:book26:50:16,missing_in_staging
bible:book26:50:17,missing_in_staging
bible:book26:50:18,missing_in_staging
bible:book26:50:19,missing_in_staging
bible:book26:50:2,missing_in_staging
bible:book26:50:20,missing_in_staging
bible:book26:50:21,missing_in_staging
bible:book26:50:22,missing_in_staging
bible:book26:50:23,missing_in_staging
bible:book26:50:24,missing_in_staging
bible:book26:50:25,missing_in_staging
bible:book26:50:26,missing_in_staging
bible:book26:50:27,missing_in_staging
bible:book26:50:28,missing_in_staging
bible:book26:50:29,missing_in_staging
bible:book26:50:3,missing_in_staging
bible:book26:50:30,missing_in_staging
bible:book26:50:31,missing_in_staging
bible:book26:50:4,missing_in_staging
bible:book26:50:5,missing_in_staging
bible:book26:50:6,missing_in_staging
bible:book26:50:7,missing_in_staging
bible:book26:50:8,missing_in_staging
bible:book26:50:9,missing_in_staging
bible:book26:51:1,missing_in_staging
bible:book26:51:10,missing_in_staging
bible:book26:51:11,missing_in_staging
bible:book26:51:12,missing_in_staging
bible:book26:51:13,missing_in_staging
bible:book26:51:14,missing_in_staging
bible:book26:51:15,missing_in_staging
bible:book26:51:16,missing_in_staging
bible:book26:51:17,missing_in_staging
bible:book26:51:18,missing_in_staging
bible:book26:51:19,missing_in_staging
bible:book26:51:2,missing_in_staging
bible:book26:51:20,missing_in_staging
bible:book26:51:21,missing_in_staging
bible:book26:51:22,missing_in_staging
bible:book26:51:23,missing_in_staging
bible:book26:51:24,missing_in_staging
bible:book26:51:25,missing_in_staging
bible:book26:51:26,missing_in_staging
bible:book26:51:27,missing_in_staging
bible:book26:51:28,missing_in_staging
bible:book26:51:29,missing_in_staging
bible:book26:51:3,missing_in_staging
bible:book26:51:30,missing_in_staging
bible:book26:51:31,missing_in_staging
bible:book26:51:32,missing_in_staging
bible:book26:51:33,missing_in_staging
bible:book26:51:34,missing_in_staging
bible:book26:51:35,missing_in_staging
bible:book26:51:36,missing_in_staging
bible:book26:51:37,missing_in_staging
bible:book26:51:38,missing_in_staging
bible:book26:51:4,missing_in_staging
bible:book26:51:5,missing_in_staging
bible:book26:51:6,missing_in_staging
bible:book26:51:7,missing_in_staging
bible:book26:51:8,missing_in_staging
bible:book26:51:9,missing_in_staging
bible:book26:5:1,missing_in_staging
bible:book26:5:10,missing_in_staging
bible:book26:5:11,missing_in_staging
bible:book26:5:12,missing_in_staging
bible:book26:5:13,missing_in_staging
bible:book26:5:14,missing_in_staging
bible:book26:5:15,missing_in_staging
bible:book26:5:16,missing_in_staging
bible:book26:5:17,missing_in_staging
bible:book26:5:18,missing_in_staging
bible:book26:5:2,missing_in_staging
bible:book26:5:3,missing_in_staging
bible:book26:5:4,missing_in_staging
bible:book26:5:5,missing_in_staging
bible:book26:5:6,missing_in_staging
bible:book26:5:7,missing_in_staging
bible:book26:5:8,missing_in_staging
bible:book26:5:9,missing_in_staging
bible:book26:6:1,missing_in_staging
bible:book26:6:10,missing_in_staging
bible:book26:6:11,missing_in_staging
bible:book26:6:12,missing_in_staging
bible:book26:6:13,missing_in_staging
bible:book26:6:14,missing_in_staging
bible:book26:6:15,missing_in_staging
bible:book26:6:16,missing_in_staging
bible:book26:6:17,missing_in_staging
bible:book26:6:18,missing_in_staging
bible:book26:6:19,missing_in_staging
bible:book26:6:2,missing_in_staging
bible:book26:6:20,missing_in_staging
bible:book26:6:21,missing_in_staging
bible:book26:6:22,missing_in_staging
bible:book26:6:23,missing_in_staging
bible:book26:6:24,missing_in_staging
bible:book26:6:25,missing_in_staging
bible:book26:6:26,missing_in_staging
bible:book26:6:27,missing_in_staging
bible:book26:6:28,missing_in_staging
bible:book26:6:29,missing_in_staging
bible:book26:6:3,missing_in_staging
bible:book26:6:30,missing_in_staging
bible:book26:6:31,missing_in_staging
bible:book26:6:32,missing_in_staging
bible:book26:6:33,missing_in_staging
bible:book26:6:34,missing_in_staging
bible:book26:6:35,missing_in_staging
bible:book26:6:36,missing_in_staging
bible:book26:6:37,missing_in_staging
bible:book26:6:4,missing_in_staging
bible:book26:6:5,missing_in_staging
bible:book26:6:6,missing_in_staging
bible:book26:6:7,missing_in_staging
bible:book26:6:8,missing_in_staging
bible:book26:6:9,missing_in_staging
bible:book26:7:1,missing_in_staging
bible:book26:7:10,missing_in_staging
bible:book26:7:11,missing_in_staging
bible:book26:7:12,missing_in_staging
bible:book26:7:13,missing_in_staging
bible:book26:7:14,missing_in_staging
bible:book26:7:15,missing_in_staging
bible:book26:7:16,missing_in_staging
bible:book26:7:17,missing_in_staging
bible:book26:7:18,missing_in_staging
bible:book26:7:19,missing_in_staging
bible:book26:7:2,missing_in_staging
bible:book26:7:20,missing_in_staging
bible:book26:7:21,missing_in_staging
bible:book26:7:22,missing_in_staging
bible:book26:7:23,missing_in_staging
bible:book26:7:24,missing_in_staging
bible:book26:7:25,missing_in_staging
bible:book26:7:26,missing_in_staging
bible:book26:7:27,missing_in_staging
bible:book26:7:28,missing_in_staging
bible:book26:7:29,missing_in_staging
bible:book26:7:3,missing_in_staging
bible:book26:7:30,missing_in_staging
bible:book26:7:31,missing_in_staging
bible:book26:7:32,missing_in_staging
bible:book26:7:33,missing_in_staging
bible:book26:7:34,missing_in_staging
bible:book26:7:35,missing_in_staging
bible:book26:7:36,missing_in_staging
bible:book26:7:37,missing_in_staging
bible:book26:7:38,missing_in_staging
bible:book26:7:39,missing_in_staging
bible:book26:7:4,missing_in_staging
bible:book26:7:40,missing_in_staging
bible:book26:7:5,missing_in_staging
bible:book26:7:6,missing_in_staging
bible:book26:7:7,missing_in_staging
bible:book26:7:8,missing_in_staging
bible:book26:7:9,missing_in_staging
bible:book26:8:1,missing_in_staging
bible:book26:8:10,missing_in_staging
bible:book26:8:11,missing_in_staging
bible:book26:8:12,missing_in_staging
bible:book26:8:13,missing_in_staging
bible:book26:8:14,missing_in_staging
bible:book26:8:15,missing_in_staging
bible:book26:8:16,missing_in_staging
bible:book26:8:17,missing_in_staging
bible:book26:8:18,missing_in_staging
bible:book26:8:19,missing_in_staging
bible:book26:8:2,missing_in_staging
bible:book26:8:20,missing_in_staging
bible:book26:8:21,missing_in_staging
bible:book26:8:22,missing_in_staging
bible:book26:8:3,missing_in_staging
bible:book26:8:4,missing_in_staging
bible:book26:8:5,missing_in_staging
bible:book26:8:6,missing_in_staging
bible:book26:8:7,missing_in_staging
bible:book26:8:8,missing_in_staging
bible:book26:8:9,missing_in_staging
bible:book26:9:1,missing_in_staging
bible:book26:9:10,missing_in_staging
bible:book26:9:11,missing_in_staging
bible:book26:9:12,missing_in_staging
bible:book26:9:13,missing_in_staging
bible:book26:9:14,missing_in_staging
bible:book26:9:15,missing_in_staging
bible:book26:9:16,missing_in_staging
bible:book26:9:17,missing_in_staging
bible:book26:9:18,missing_in_staging
bible:book26:9:19,missing_in_staging
bible:book26:9:2,missing_in_staging
bible:book26:9:20,missing_in_staging
bible:book26:9:21,missing_in_staging
bible:book26:9:22,missing_in_staging
bible:book26:9:23,missing_in_staging
bible:book26:9:24,missing_in_staging
bible:book26:9:25,missing_in_staging
bible:book26:9:3,missing_in_staging
bible:book26:9:4,missing_in_staging
bible:book26:9:5,missing_in_staging
bible:book26:9:6,missing_in_staging
bible:book26:9:7,missing_in_staging
bible:book26:9:8,missing_in_staging
bible:book26:9:9,missing_in_staging
bible:book30:1:1,missing_in_staging
bible:book30:1:10,missing_in_staging
bible:book30:1:11,missing_in_staging
bible:book30:1:12,missing_in_staging
bible:book30:1:13,missing_in_staging
bible:book30:1:14,missing_in_staging
bible:book30:1:15,missing_in_staging
bible:book30:1:16,missing_in_staging
bible:book30:1:17,missing_in_staging
bible:book30:1:18,missing_in_staging
bible:book30:1:19,missing_in_staging
bible:book30:1:2,missing_in_staging
bible:book30:1:20,missing_in_staging
bible:book30:1:21,missing_in_staging
bible:book30:1:22,missing_in_staging
bible:book30:1:3,missing_in_staging
bible:book30:1:4,missing_in_staging
bible:book30:1:5,missing_in_staging
bible:book30:1:6,missing_in_staging
bible:book30:1:7,missing_in_staging
bible:book30:1:8,missing_in_staging
bible:book30:1:9,missing_in_staging
bible:book30:2:1,missing_in_staging
bible:book30:2:10,missing_in_staging
bible:book30:2:11,missing_in_staging
bible:book30:2:12,missing_in_staging
bible:book30:2:13,missing_in_staging
bible:book30:2:14,missing_in_staging
bible:book30:2:15,missing_in_staging
bible:book30:2:16,missing_in_staging
bible:book30:2:17,missing_in_staging
bible:book30:2:18,missing_in_staging
bible:book30:2:19,missing_in_staging
bible:book30:2:2,missing_in_staging
bible:book30:2:20,missing_in_staging
bible:book30:2:21,missing_in_staging
bible:book30:2:22,missing_in_staging
bible:book30:2:23,missing_in_staging
bible:book30:2:24,missing_in_staging
bible:book30:2:25,missing_in_staging
bible:book30:2:26,missing_in_staging
bible:book30:2:27,missing_in_staging
bible:book30:2:28,missing_in_staging
bible:book30:2:29,missing_in_staging
bible:book30:2:3,missing_in_staging
bible:book30:2:30,missing_in_staging
bible:book30:2:31,missing_in_staging
bible:book30:2:32,missing_in_staging
bible:book30:2:33,missing_in_staging
bible:book30:2:34,missing_in_staging
bible:book30:2:35,missing_in_staging
bible:book30:2:4,missing_in_staging
bible:book30:2:5,missing_in_staging
bible:book30:2:6,missing_in_staging
bible:book30:2:7,missing_in_staging
bible:book30:2:8,missing_in_staging
bible:book30:2:9,missing_in_staging
bible:book30:3:1,missing_in_staging
bible:book30:3:10,missing_in_staging
bible:book30:3:11,missing_in_staging
bible:book30:3:12,missing_in_staging
bible:book30:3:13,missing_in_staging
bible:book30:3:14,missing_in_staging
bible:book30:3:15,missing_in_staging
bible:book30:3:16,missing_in_staging
bible:book30:3:17,missing_in_staging
bible:book30:3:18,missing_in_staging
bible:book30:3:19,missing_in_staging
bible:book30:3:2,missing_in_staging
bible:book30:3:20,missing_in_staging
bible:book30:3:21,missing_in_staging
bible:book30:3:22,missing_in_staging
bible:book30:3:23,missing_in_staging
bible:book30:3:24,missing_in_staging
bible:book30:3:25,missing_in_staging
bible:book30:3:26,missing_in_staging
bible:book30:3:27,missing_in_staging
bible:book30:3:28,missing_in_staging
bible:book30:3:29,missing_in_staging
bible:book30:3:3,missing_in_staging
bible:book30:3:30,missing_in_staging
bible:book30:3:31,missing_in_staging
bible:book30:3:32,missing_in_staging
bible:book30:3:33,missing_in_staging
bible:book30:3:34,missing_in_staging
bible:book30:3:35,missing_in_staging
bible:book30:3:36,missing_in_staging
bible:book30:3:37,missing_in_staging
bible:book30:3:38,missing_in_staging
bible:book30:3:4,missing_in_staging
bible:book30:3:5,missing_in_staging
bible:book30:3:6,missing_in_staging
bible:book30:3:7,missing_in_staging
bible:book30:3:8,missing_in_staging
bible:book30:3:9,missing_in_staging
bible:book30:4:1,missing_in_staging
bible:book30:4:10,missing_in_staging
bible:book30:4:11,missing_in_staging
bible:book30:4:12,missing_in_staging
bible:book30:4:13,missing_in_staging
bible:book30:4:14,missing_in_staging
bible:book30:4:15,missing_in_staging
bible:book30:4:16,missing_in_staging
bible:book30:4:17,missing_in_staging
bible:book30:4:18,missing_in_staging
bible:book30:4:19,missing_in_staging
bible:book30:4:2,missing_in_staging
bible:book30:4:20,missing_in_staging
bible:book30:4:21,missing_in_staging
bible:book30:4:22,missing_in_staging
bible:book30:4:23,missing_in_staging
bible:book30:4:24,missing_in_staging
bible:book30:4:25,missing_in_staging
bible:book30:4:26,missing_in_staging
bible:book30:4:27,missing_in_staging
bible:book30:4:28,missing_in_staging
bible:book30:4:29,missing_in_staging
bible:book30:4:3,missing_in_staging
bible:book30:4:30,missing_in_staging
bible:book30:4:31,missing_in_staging
bible:book30:4:32,missing_in_staging
bible:book30:4:33,missing_in_staging
bible:book30:4:34,missing_in_staging
bible:book30:4:35,missing_in_staging
bible:book30:4:36,missing_in_staging
bible:book30:4:37,missing_in_staging
bible:book30:4:4,missing_in_staging
bible:book30:4:5,missing_in_staging
bible:book30:4:6,missing_in_staging
bible:book30:4:7,missing_in_staging
bible:book30:4:8,missing_in_staging
bible:book30:4:9,missing_in_staging
bible:book30:5:1,missing_in_staging
bible:book30:5:2,missing_in_staging
bible:book30:5:3,missing_in_staging
bible:book30:5:4,missing_in_staging
bible:book30:5:5,missing_in_staging
bible:book30:5:6,missing_in_staging
bible:book30:5:7,missing_in_staging
bible:book30:5:8,missing_in_staging
bible:book30:5:9,missing_in_staging
bible:book30:6:0,missing_in_staging
bible:book30:6:1,missing_in_staging
bible:book30:6:10,missing_in_staging
bible:book30:6:11,missing_in_staging
bible:book30:6:12,missing_in_staging
bible:book30:6:13,missing_in_staging
bible:book30:6:14,missing_in_staging
bible:book30:6:15,missing_in_staging
bible:book30:6:16,missing_in_staging
bible:book30:6:17,missing_in_staging
bible:book30:6:18,missing_in_staging
bible:book30:6:19,missing_in_staging
bible:book30:6:2,missing_in_staging
bible:book30:6:20,missing_in_staging
bible:book30:6:21,missing_in_staging
bible:book30:6:22,missing_in_staging
bible:book30:6:23,missing_in_staging
bible:book30:6:24,missing_in_staging
bible:book30:6:25,missing_in_staging
bible:book30:6:26,missing_in_staging
bible:book30:6:27,missing_in_staging
bible:book30:6:28,missing_in_staging
bible:book30:6:29,missing_in_staging
bible:book30:6:3,missing_in_staging
bible:book30:6:30,missing_in_staging
bible:book30:6:31,missing_in_staging
bible:book30:6:32,missing_in_staging
bible:book30:6:33,missing_in_staging
bible:book30:6:34,missing_in_staging
bible:book30:6:35,missing_in_staging
bible:book30:6:36,missing_in_staging
bible:book30:6:37,missing_in_staging
bible:book30:6:38,missing_in_staging
bible:book30:6:39,missing_in_staging
bible:book30:6:4,missing_in_staging
bible:book30:6:40,missing_in_staging
bible:book30:6:41,missing_in_staging
bible:book30:6:42,missing_in_staging
bible:book30:6:43,missing_in_staging
bible:book30:6:44,missing_in_staging
bible:book30:6:45,missing_in_staging
bible:book30:6:46,missing_in_staging
bible:book30:6:47,missing_in_staging
bible:book30:6:48,missing_in_staging
bible:book30:6:49,missing_in_staging
bible:book30:6:5,missing_in_staging
bible:book30:6:50,missing_in_staging
bible:book30:6:51,missing_in_staging
bible:book30:6:52,missing_in_staging
bible:book30:6:53,missing_in_staging
bible:book30:6:54,missing_in_staging
bible:book30:6:55,missing_in_staging
bible:book30:6:56,missing_in_staging
bible:book30:6:57,missing_in_staging
bible:book30:6:58,missing_in_staging
bible:book30:6:59,missing_in_staging
bible:book30:6:6,missing_in_staging
bible:book30:6:60,missing_in_staging
bible:book30:6:61,missing_in_staging
bible:book30:6:62,missing_in_staging
bible:book30:6:63,missing_in_staging
bible:book30:6:64,missing_in_staging
bible:book30:6:65,missing_in_staging
bible:book30:6:66,missing_in_staging
bible:book30:6:67,missing_in_staging
bible:book30:6:68,missing_in_staging
bible:book30:6:69,missing_in_staging
bible:book30:6:7,missing_in_staging
bible:book30:6:70,missing_in_staging
bible:book30:6:71,missing_in_staging
bible:book30:6:72,missing_in_staging
bible:book30:6:8,missing_in_staging
bible:book30:6:9,missing_in_staging
bible:book32:13:1,missing_in_staging
bible:book32:13:10,missing_in_staging
bible:book32:13:11,missing_in_staging
bible:book32:13:12,missing_in_staging
bible:book32:13:13,missing_in_staging
bible:book32:13:14,missing_in_staging
bible:book32:13:15,missing_in_staging
bible:book32:13:16,missing_in_staging
bible:book32:13:17,missing_in_staging
bible:book32:13:18,missing_in_staging
bible:book32:13:19,missing_in_staging
bible:book32:13:2,missing_in_staging
bible:book32:13:20,missing_in_staging
bible:book32:13:21,missing_in_staging
bible:book32:13:22,missing_in_staging
bible:book32:13:23,missing_in_staging
bible:book32:13:24,missing_in_staging
bible:book32:13:25,missing_in_staging
bible:book32:13:26,missing_in_staging
bible:book32:13:27,missing_in_staging
bible:book32:13:28,missing_in_staging
bible:book32:13:29,missing_in_staging
bible:book32:13:3,missing_in_staging
bible:book32:13:30,missing_in_staging
bible:book32:13:31,missing_in_staging
bible:book32:13:32,missing_in_staging
bible:book32:13:33,missing_in_staging
bible:book32:13:34,missing_in_staging
bible:book32:13:35,missing_in_staging
bible:book32:13:36,missing_in_staging
bible:book32:13:37,missing_in_staging
bible:book32:13:38,missing_in_staging
bible:book32:13:39,missing_in_staging
bible:book32:13:4,missing_in_staging
bible:book32:13:40,missing_in_staging
bible:book32:13:41,missing_in_staging
bible:book32:13:42,missing_in_staging
bible:book32:13:43,missing_in_staging
bible:book32:13:44,missing_in_staging
bible:book32:13:45,missing_in_staging
bible:book32:13:46,missing_in_staging
bible:book32:13:47,missing_in_staging
bible:book32:13:48,missing_in_staging
bible:book32:13:49,missing_in_staging
bible:book32:13:5,missing_in_staging
bible:book32:13:50,missing_in_staging
bible:book32:13:51,missing_in_staging
bible:book32:13:52,missing_in_staging
bible:book32:13:53,missing_in_staging
bible:book32:13:54,missing_in_staging
bible:book32:13:55,missing_in_staging
bible:book32:13:56,missing_in_staging
bible:book32:13:57,missing_in_staging
bible:book32:13:58,missing_in_staging
bible:book32:13:59,missing_in_staging
bible:book32:13:6,missing_in_staging
bible:book32:13:60,missing_in_staging
bible:book32:13:61,missing_in_staging
bible:book32:13:62,missing_in_staging
bible:book32:13:63,missing_in_staging
bible:book32:13:64,missing_in_staging
bible:book32:13:65,missing_in_staging
bible:book32:13:7,missing_in_staging
bible:book32:13:8,missing_in_staging
bible:book32:13:9,missing_in_staging
bible:book32:14:1,missing_in_staging
bible:book32:14:10,missing_in_staging
bible:book32:14:11,missing_in_staging
bible:book32:14:12,missing_in_staging
bible:book32:14:13,missing_in_staging
bible:book32:14:14,missing_in_staging
bible:book32:14:15,missing_in_staging
bible:book32:14:16,missing_in_staging
bible:book32:14:17,missing_in_staging
bible:book32:14:18,missing_in_staging
bible:book32:14:19,missing_in_staging
bible:book32:14:2,missing_in_staging
bible:book32:14:20,missing_in_staging
bible:book32:14:21,missing_in_staging
bible:book32:14:22,missing_in_staging
bible:book32:14:23,missing_in_staging
bible:book32:14:24,missing_in_staging
bible:book32:14:25,missing_in_staging
bible:book32:14:26,missing_in_staging
bible:book32:14:27,missing_in_staging
bible:book32:14:28,missing_in_staging
bible:book32:14:29,missing_in_staging
bible:book32:14:3,missing_in_staging
bible:book32:14:30,missing_in_staging
bible:book32:14:31,missing_in_staging
bible:book32:14:32,missing_in_staging
bible:book32:14:33,missing_in_staging
bible:book32:14:34,missing_in_staging
bible:book32:14:35,missing_in_staging
bible:book32:14:36,missing_in_staging
bible:book32:14:37,missing_in_staging
bible:book32:14:38,missing_in_staging
bible:book32:14:39,missing_in_staging
bible:book32:14:4,missing_in_staging
bible:book32:14:40,missing_in_staging
bible:book32:14:41,missing_in_staging
bible:book32:14:42,missing_in_staging
bible:book32:14:5,missing_in_staging
bible:book32:14:6,missing_in_staging
bible:book32:14:7,missing_in_staging
bible:book32:14:8,missing_in_staging
bible:book32:14:9,missing_in_staging
bible:book32:3:31,missing_in_staging
bible:book32:3:32,missing_in_staging
bible:book32:3:33,missing_in_staging
bible:book32:3:34,missing_in_staging
bible:book32:3:35,missing_in_staging
bible:book32:3:36,missing_in_staging
bible:book32:3:37,missing_in_staging
bible:book32:3:38,missing_in_staging
bible:book32:3:39,missing_in_staging
bible:book32:3:40,missing_in_staging
bible:book32:3:41,missing_in_staging
bible:book32:3:42,missing_in_staging
bible:book32:3:43,missing_in_staging
bible:book32:3:44,missing_in_staging
bible:book32:3:45,missing_in_staging
bible:book32:3:46,missing_in_staging
bible:book32:3:47,missing_in_staging
bible:book32:3:48,missing_in_staging
bible:book32:3:49,missing_in_staging
bible:book32:3:50,missing_in_staging
bible:book32:3:51,missing_in_staging
bible:book32:3:52,missing_in_staging
bible:book32:3:53,missing_in_staging
bible:book32:3:54,missing_in_staging
bible:book32:3:55,missing_in_staging
bible:book32:3:56,missing_in_staging
bible:book32:3:57,missing_in_staging
bible:book32:3:58,missing_in_staging
bible:book32:3:59,missing_in_staging
bible:book32:3:60,missing_in_staging
bible:book32:3:61,missing_in_staging
bible:book32:3:62,missing_in_staging
bible:book32:3:63,missing_in_staging
bible:book32:3:64,missing_in_staging
bible:book32:3:65,missing_in_staging
bible:book32:3:66,missing_in_staging
bible:book32:3:67,missing_in_staging
bible:book32:3:68,missing_in_staging
bible:book32:3:69,missing_in_staging
bible:book32:3:70,missing_in_staging
bible:book32:3:71,missing_in_staging
bible:book32:3:72,missing_in_staging
bible:book32:3:73,missing_in_staging
bible:book32:3:74,missing_in_staging
bible:book32:3:75,missing_in_staging
bible:book32:3:76,missing_in_staging
bible:book32:3:77,missing_in_staging
bible:book32:3:78,missing_in_staging
bible:book32:3:79,missing_in_staging
bible:book32:3:80,missing_in_staging
bible:book32:3:81,missing_in_staging
bible:book32:3:82,missing_in_staging
bible:book32:3:83,missing_in_staging
bible:book32:3:84,missing_in_staging
bible:book32:3:85,missing_in_staging
bible:book32:3:86,missing_in_staging
bible:book32:3:87,missing_in_staging
bible:book32:3:88,missing_in_staging
bible:book32:3:89,missing_in_staging
bible:book32:3:90,missing_in_staging
bible:book32:3:91,missing_in_staging
bible:book32:3:92,missing_in_staging
bible:book32:3:93,missing_in_staging
bible:book32:3:94,missing_in_staging
bible:book32:3:95,missing_in_staging
bible:book32:3:96,missing_in_staging
bible:book32:3:97,missing_in_staging
bible:book45:10:1,missing_in_staging
bible:book45:10:10,missing_in_staging
bible:book45:10:11,missing_in_staging
bible:book45:10:12,missing_in_staging
bible:book45:10:13,missing_in_staging
bible:book45:10:14,missing_in_staging
bible:book45:10:15,missing_in_staging
bible:book45:10:16,missing_in_staging
bible:book45:10:17,missing_in_staging
bible:book45:10:18,missing_in_staging
bible:book45:10:19,missing_in_staging
bible:book45:10:2,missing_in_staging
bible:book45:10:20,missing_in_staging
bible:book45:10:21,missing_in_staging
bible:book45:10:22,missing_in_staging
bible:book45:10:23,missing_in_staging
bible:book45:10:24,missing_in_staging
bible:book45:10:25,missing_in_staging
bible:book45:10:26,missing_in_staging
bible:book45:10:27,missing_in_staging
bible:book45:10:28,missing_in_staging
bible:book45:10:29,missing_in_staging
bible:book45:10:3,missing_in_staging
bible:book45:10:30,missing_in_staging
bible:book45:10:31,missing_in_staging
bible:book45:10:32,missing_in_staging
bible:book45:10:33,missing_in_staging
bible:book45:10:34,missing_in_staging
bible:book45:10:35,missing_in_staging
bible:book45:10:36,missing_in_staging
bible:book45:10:37,missing_in_staging
bible:book45:10:38,missing_in_staging
bible:book45:10:39,missing_in_staging
bible:book45:10:4,missing_in_staging
bible:book45:10:40,missing_in_staging
bible:book45:10:41,missing_in_staging
bible:book45:10:42,missing_in_staging
bible:book45:10:43,missing_in_staging
bible:book45:10:44,missing_in_staging
bible:book45:10:45,missing_in_staging
bible:book45:10:46,missing_in_staging
bible:book45:10:47,missing_in_staging
bible:book45:10:48,missing_in_staging
bible:book45:10:49,missing_in_staging
bible:book45:10:5,missing_in_staging
bible:book45:10:50,missing_in_staging
bible:book45:10:51,missing_in_staging
bible:book45:10:52,missing_in_staging
bible:book45:10:53,missing_in_staging
bible:book45:10:54,missing_in_staging
bible:book45:10:55,missing_in_staging
bible:book45:10:56,missing_in_staging
bible:book45:10:57,missing_in_staging
bible:book45:10:58,missing_in_staging
bible:book45:10:59,missing_in_staging
bible:book45:10:6,missing_in_staging
bible:book45:10:60,missing_in_staging
bible:book45:10:61,missing_in_staging
bible:book45:10:62,missing_in_staging
bible:book45:10:63,missing_in_staging
bible:book45:10:64,missing_in_staging
bible:book45:10:65,missing_in_staging
bible:book45:10:66,missing_in_staging
bible:book45:10:67,missing_in_staging
bible:book45:10:68,missing_in_staging
bible:book45:10:69,missing_in_staging
bible:book45:10:7,missing_in_staging
bible:book45:10:70,missing_in_staging
bible:book45:10:71,missing_in_staging
bible:book45:10:72,missing_in_staging
bible:book45:10:73,missing_in_staging
bible:book45:10:74,missing_in_staging
bible:book45:10:75,missing_in_staging
bible:book45:10:76,missing_in_staging
bible:book45:10:77,missing_in_staging
bible:book45:10:78,missing_in_staging
bible:book45:10:79,missing_in_staging
bible:book45:10:8,missing_in_staging
bible:book45:10:80,missing_in_staging
bible:book45:10:81,missing_in_staging
bible:book45:10:82,missing_in_staging
bible:book45:10:83,missing_in_staging
bible:book45:10:84,missing_in_staging
bible:book45:10:85,missing_in_staging
bible:book45:10:86,missing_in_staging
bible:book45:10:87,missing_in_staging
bible:book45:10:88,missing_in_staging
bible:book45:10:89,missing_in_staging
bible:book45:10:9,missing_in_staging
bible:book45:11:1,missing_in_staging
bible:book45:11:10,missing_in_staging
bible:book45:11:11,missing_in_staging
bible:book45:11:12,missing_in_staging
bible:book45:11:13,missing_in_staging
bible:book45:11:14,missing_in_staging
bible:book45:11:15,missing_in_staging
bible:book45:11:16,missing_in_staging
bible:book45:11:17,missing_in_staging
bible:book45:11:18,missing_in_staging
bible:book45:11:19,missing_in_staging
bible:book45:11:2,missing_in_staging
bible:book45:11:20,missing_in_staging
bible:book45:11:21,missing_in_staging
bible:book45:11:22,missing_in_staging
bible:book45:11:23,missing_in_staging
bible:book45:11:24,missing_in_staging
bible:book45:11:25,missing_in_staging
bible:book45:11:26,missing_in_staging
bible:book45:11:27,missing_in_staging
bible:book45:11:28,missing_in_staging
bible:book45:11:29,missing_in_staging
bible:book45:11:3,missing_in_staging
bible:book45:11:30,missing_in_staging
bible:book45:11:31,missing_in_staging
bible:book45:11:32,missing_in_staging
bible:book45:11:33,missing_in_staging
bible:book45:11:34,missing_in_staging
bible:book45:11:35,missing_in_staging
bible:book45:11:36,missing_in_staging
bible:book45:11:37,missing_in_staging
bible:book45:11:38,missing_in_staging
bible:book45:11:39,missing_in_staging
bible:book45:11:4,missing_in_staging
bible:book45:11:40,missing_in_staging
bible:book45:11:41,missing_in_staging
bible:book45:11:42,missing_in_staging
bible:book45:11:43,missing_in_staging
bible:book45:11:44,missing_in_staging
bible:book45:11:45,missing_in_staging
bible:book45:11:46,missing_in_staging
bible:book45:11:47,missing_in_staging
bible:book45:11:48,missing_in_staging
bible:book45:11:49,missing_in_staging
bible:book45:11:5,missing_in_staging
bible:book45:11:50,missing_in_staging
bible:book45:11:51,missing_in_staging
bible:book45:11:52,missing_in_staging
bible:book45:11:53,missing_in_staging
bible:book45:11:54,missing_in_staging
bible:book45:11:55,missing_in_staging
bible:book45:11:56,missing_in_staging
bible:book45:11:57,missing_in_staging
bible:book45:11:58,missing_in_staging
bible:book45:11:59,missing_in_staging
bible:book45:11:6,missing_in_staging
bible:book45:11:60,missing_in_staging
bible:book45:11:61,missing_in_staging
bible:book45:11:62,missing_in_staging
bible:book45:11:63,missing_in_staging
bible:book45:11:64,missing_in_staging
bible:book45:11:65,missing_in_staging
bible:book45:11:66,missing_in_staging
bible:book45:11:67,missing_in_staging
bible:book45:11:68,missing_in_staging
bible:book45:11:69,missing_in_staging
bible:book45:11:7,missing_in_staging
bible:book45:11:70,missing_in_staging
bible:book45:11:71,missing_in_staging
bible:book45:11:72,missing_in_staging
bible:book45:11:73,missing_in_staging
bible:book45:11:74,missing_in_staging
bible:book45:11:8,missing_in_staging
bible:book45:11:9,missing_in_staging
bible:book45:12:1,missing_in_staging
bible:book45:12:10,missing_in_staging
bible:book45:12:11,missing_in_staging
bible:book45:12:12,missing_in_staging
bible:book45:12:13,missing_in_staging
bible:book45:12:14,missing_in_staging
bible:book45:12:15,missing_in_staging
bible:book45:12:16,missing_in_staging
bible:book45:12:17,missing_in_staging
bible:book45:12:18,missing_in_staging
bible:book45:12:19,missing_in_staging
bible:book45:12:2,missing_in_staging
bible:book45:12:20,missing_in_staging
bible:book45:12:21,missing_in_staging
bible:book45:12:22,missing_in_staging
bible:book45:12:23,missing_in_staging
bible:book45:12:24,missing_in_staging
bible:book45:12:25,missing_in_staging
bible:book45:12:26,missing_in_staging
bible:book45:12:27,missing_in_staging
bible:book45:12:28,missing_in_staging
bible:book45:12:29,missing_in_staging
bible:book45:12:3,missing_in_staging
bible:book45:12:30,missing_in_staging
bible:book45:12:31,missing_in_staging
bible:book45:12:32,missing_in_staging
bible:book45:12:33,missing_in_staging
bible:book45:12:34,missing_in_staging
bible:book45:12:35,missing_in_staging
bible:book45:12:36,missing_in_staging
bible:book45:12:37,missing_in_staging
bible:book45:12:38,missing_in_staging
bible:book45:12:39,missing_in_staging
bible:book45:12:4,missing_in_staging
bible:book45:12:40,missing_in_staging
bible:book45:12:41,missing_in_staging
bible:book45:12:42,missing_in_staging
bible:book45:12:43,missing_in_staging
bible:book45:12:44,missing_in_staging
bible:book45:12:45,missing_in_staging
bible:book45:12:46,missing_in_staging
bible:book45:12:47,missing_in_staging
bible:book45:12:48,missing_in_staging
bible:book45:12:49,missing_in_staging
bible:book45:12:5,missing_in_staging
bible:book45:12:50,missing_in_staging
bible:book45:12:51,missing_in_staging
bible:book45:12:52,missing_in_staging
bible:book45:12:53,missing_in_staging
bible:book45:12:54,missing_in_staging
bible:book45:12:6,missing_in_staging
bible:book45:12:7,missing_in_staging
bible:book45:12:8,missing_in_staging
bible:book45:12:9,missing_in_staging
bible:book45:13:1,missing_in_staging
bible:book45:13:10,missing_in_staging
bible:book45:13:11,missing_in_staging
bible:book45:13:12,missing_in_staging
bible:book45:13:13,missing_in_staging
bible:book45:13:14,missing_in_staging
bible:book45:13:15,missing_in_staging
bible:book45:13:16,missing_in_staging
bible:book45:13:17,missing_in_staging
bible:book45:13:18,missing_in_staging
bible:book45:13:19,missing_in_staging
bible:book45:13:2,missing_in_staging
bible:book45:13:20,missing_in_staging
bible:book45:13:21,missing_in_staging
bible:book45:13:22,missing_in_staging
bible:book45:13:23,missing_in_staging
bible:book45:13:24,missing_in_staging
bible:book45:13:25,missing_in_staging
bible:book45:13:26,missing_in_staging
bible:book45:13:27,missing_in_staging
bible:book45:13:28,missing_in_staging
bible:book45:13:29,missing_in_staging
bible:book45:13:3,missing_in_staging
bible:book45:13:30,missing_in_staging
bible:book45:13:31,missing_in_staging
bible:book45:13:32,missing_in_staging
bible:book45:13:33,missing_in_staging
bible:book45:13:34,missing_in_staging
bible:book45:13:35,missing_in_staging
bible:book45:13:36,missing_in_staging
bible:book45:13:37,missing_in_staging
bible:book45:13:38,missing_in_staging
bible:book45:13:39,missing_in_staging
bible:book45:13:4,missing_in_staging
bible:book45:13:40,missing_in_staging
bible:book45:13:41,missing_in_staging
bible:book45:13:42,missing_in_staging
bible:book45:13:43,missing_in_staging
bible:book45:13:44,missing_in_staging
bible:book45:13:45,missing_in_staging
bible:book45:13:46,missing_in_staging
bible:book45:13:47,missing_in_staging
bible:book45:13:48,missing_in_staging
bible:book45:13:49,missing_in_staging
bible:book45:13:5,missing_in_staging
bible:book45:13:50,missing_in_staging
bible:book45:13:51,missing_in_staging
bible:book45:13:52,missing_in_staging
bible:book45:13:53,missing_in_staging
bible:book45:13:54,missing_in_staging
bible:book45:13:6,missing_in_staging
bible:book45:13:7,missing_in_staging
bible:book45:13:8,missing_in_staging
bible:book45:13:9,missing_in_staging
bible:book45:14:1,missing_in_staging
bible:book45:14:10,missing_in_staging
bible:book45:14:11,missing_in_staging
bible:book45:14:12,missing_in_staging
bible:book45:14:13,missing_in_staging
bible:book45:14:14,missing_in_staging
bible:book45:14:15,missing_in_staging
bible:book45:14:16,missing_in_staging
bible:book45:14:17,missing_in_staging
bible:book45:14:18,missing_in_staging
bible:book45:14:19,missing_in_staging
bible:book45:14:2,missing_in_staging
bible:book45:14:20,missing_in_staging
bible:book45:14:21,missing_in_staging
bible:book45:14:22,missing_in_staging
bible:book45:14:23,missing_in_staging
bible:book45:14:24,missing_in_staging
bible:book45:14:25,missing_in_staging
bible:book45:14:26,missing_in_staging
bible:book45:14:27,missing_in_staging
bible:book45:14:28,missing_in_staging
bible:book45:14:29,missing_in_staging
bible:book45:14:3,missing_in_staging
bible:book45:14:30,missing_in_staging
bible:book45:14:31,missing_in_staging
bible:book45:14:32,missing_in_staging
bible:book45:14:33,missing_in_staging
bible:book45:14:34,missing_in_staging
bible:book45:14:35,missing_in_staging
bible:book45:14:36,missing_in_staging
bible:book45:14:37,missing_in_staging
bible:book45:14:38,missing_in_staging
bible:book45:14:39,missing_in_staging
bible:book45:14:4,missing_in_staging
bible:book45:14:40,missing_in_staging
bible:book45:14:41,missing_in_staging
bible:book45:14:42,missing_in_staging
bible:book45:14:43,missing_in_staging
bible:book45:14:44,missing_in_staging
bible:book45:14:45,missing_in_staging
bible:book45:14:46,missing_in_staging
bible:book45:14:47,missing_in_staging
bible:book45:14:48,missing_in_staging
bible:book45:14:49,missing_in_staging
bible:book45:14:5,missing_in_staging
bible:book45:14:6,missing_in_staging
bible:book45:14:7,missing_in_staging
bible:book45:14:8,missing_in_staging
bible:book45:14:9,missing_in_staging
bible:book45:15:1,missing_in_staging
bible:book45:15:10,missing_in_staging
bible:book45:15:11,missing_in_staging
bible:book45:15:12,missing_in_staging
bible:book45:15:13,missing_in_staging
bible:book45:15:14,missing_in_staging
bible:book45:15:15,missing_in_staging
bible:book45:15:16,missing_in_staging
bible:book45:15:17,missing_in_staging
bible:book45:15:18,missing_in_staging
bible:book45:15:19,missing_in_staging
bible:book45:15:2,missing_in_staging
bible:book45:15:20,missing_in_staging
bible:book45:15:21,missing_in_staging
bible:book45:15:22,missing_in_staging
bible:book45:15:23,missing_in_staging
bible:book45:15:24,missing_in_staging
bible:book45:15:25,missing_in_staging
bible:book45:15:26,missing_in_staging
bible:book45:15:27,missing_in_staging
bible:book45:15:28,missing_in_staging
bible:book45:15:29,missing_in_staging
bible:book45:15:3,missing_in_staging
bible:book45:15:30,missing_in_staging
bible:book45:15:31,missing_in_staging
bible:book45:15:32,missing_in_staging
bible:book45:15:33,missing_in_staging
bible:book45:15:34,missing_in_staging
bible:book45:15:35,missing_in_staging
bible:book45:15:36,missing_in_staging
bible:book45:15:37,missing_in_staging
bible:book45:15:38,missing_in_staging
bible:book45:15:39,missing_in_staging
bible:book45:15:4,missing_in_staging
bible:book45:15:40,missing_in_staging
bible:book45:15:41,missing_in_staging
bible:book45:15:5,missing_in_staging
bible:book45:15:6,missing_in_staging
bible:book45:15:7,missing_in_staging
bible:book45:15:8,missing_in_staging
bible:book45:15:9,missing_in_staging
bible:book45:16:1,missing_in_staging
bible:book45:16:10,missing_in_staging
bible:book45:16:11,missing_in_staging
bible:book45:16:12,missing_in_staging
bible:book45:16:13,missing_in_staging
bible:book45:16:14,missing_in_staging
bible:book45:16:15,missing_in_staging
bible:book45:16:16,missing_in_staging
bible:book45:16:17,missing_in_staging
bible:book45:16:18,missing_in_staging
bible:book45:16:19,missing_in_staging
bible:book45:16:2,missing_in_staging
bible:book45:16:20,missing_in_staging
bible:book45:16:21,missing_in_staging
bible:book45:16:22,missing_in_staging
bible:book45:16:23,missing_in_staging
bible:book45:16:24,missing_in_staging
bible:book45:16:3,missing_in_staging
bible:book45:16:4,missing_in_staging
bible:book45:16:5,missing_in_staging
bible:book45:16:6,missing_in_staging
bible:book45:16:7,missing_in_staging
bible:book45:16:8,missing_in_staging
bible:book45:16:9,missing_in_staging
bible:book45:1:1,missing_in_staging
bible:book45:1:10,missing_in_staging
bible:book45:1:11,missing_in_staging
bible:book45:1:12,missing_in_staging
bible:book45:1:13,missing_in_staging
bible:book45:1:14,missing_in_staging
bible:book45:1:15,missing_in_staging
bible:book45:1:16,missing_in_staging
bible:book45:1:17,missing_in_staging
bible:book45:1:18,missing_in_staging
bible:book45:1:19,missing_in_staging
bible:book45:1:2,missing_in_staging
bible:book45:1:20,missing_in_staging
bible:book45:1:21,missing_in_staging
bible:book45:1:22,missing_in_staging
bible:book45:1:23,missing_in_staging
bible:book45:1:24,missing_in_staging
bible:book45:1:25,missing_in_staging
bible:book45:1:26,missing_in_staging
bible:book45:1:27,missing_in_staging
bible:book45:1:28,missing_in_staging
bible:book45:1:29,missing_in_staging
bible:book45:1:3,missing_in_staging
bible:book45:1:30,missing_in_staging
bible:book45:1:31,missing_in_staging
bible:book45:1:32,missing_in_staging
bible:book45:1:33,missing_in_staging
bible:book45:1:34,missing_in_staging
bible:book45:1:35,missing_in_staging
bible:book45:1:36,missing_in_staging
bible:book45:1:37,missing_in_staging
bible:book45:1:38,missing_in_staging
bible:book45:1:39,missing_in_staging
bible:book45:1:4,missing_in_staging
bible:book45:1:40,missing_in_staging
bible:book45:1:41,missing_in_staging
bible:book45:1:42,missing_in_staging
bible:book45:1:43,missing_in_staging
bible:book45:1:44,missing_in_staging
bible:book45:1:45,missing_in_staging
bible:book45:1:46,missing_in_staging
bible:book45:1:47,missing_in_staging
bible:book45:1:48,missing_in_staging
bible:book45:1:49,missing_in_staging
bible:book45:1:5,missing_in_staging
bible:book45:1:50,missing_in_staging
bible:book45:1:51,missing_in_staging
bible:book45:1:52,missing_in_staging
bible:book45:1:53,missing_in_staging
bible:book45:1:54,missing_in_staging
bible:book45:1:55,missing_in_staging
bible:book45:1:56,missing_in_staging
bible:book45:1:57,missing_in_staging
bible:book45:1:58,missing_in_staging
bible:book45:1:59,missing_in_staging
bible:book45:1:6,missing_in_staging
bible:book45:1:60,missing_in_staging
bible:book45:1:61,missing_in_staging
bible:book45:1:62,missing_in_staging
bible:book45:1:63,missing_in_staging
bible:book45:1:64,missing_in_staging
bible:book45:1:65,missing_in_staging
bible:book45:1:66,missing_in_staging
bible:book45:1:67,missing_in_staging
bible:book45:1:7,missing_in_staging
bible:book45:1:8,missing_in_staging
bible:book45:1:9,missing_in_staging
bible:book45:2:1,missing_in_staging
bible:book45:2:10,missing_in_staging
bible:book45:2:11,missing_in_staging
bible:book45:2:12,missing_in_staging
bible:book45:2:13,missing_in_staging
bible:book45:2:14,missing_in_staging
bible:book45:2:15,missing_in_staging
bible:book45:2:16,missing_in_staging
bible:book45:2:17,missing_in_staging
bible:book45:2:18,missing_in_staging
bible:book45:2:19,missing_in_staging
bible:book45:2:2,missing_in_staging
bible:book45:2:20,missing_in_staging
bible:book45:2:21,missing_in_staging
bible:book45:2:22,missing_in_staging
bible:book45:2:23,missing_in_staging
bible:book45:2:24,missing_in_staging
bible:book45:2:25,missing_in_staging
bible:book45:2:26,missing_in_staging
bible:book45:2:27,missing_in_staging
bible:book45:2:28,missing_in_staging
bible:book45:2:29,missing_in_staging
bible:book45:2:3,missing_in_staging
bible:book45:2:30,missing_in_staging
bible:book45:2:31,missing_in_staging
bible:book45:2:32,missing_in_staging
bible:book45:2:33,missing_in_staging
bible:book45:2:34,missing_in_staging
bible:book45:2:35,missing_in_staging
bible:book45:2:36,missing_in_staging
bible:book45:2:37,missing_in_staging
bible:book45:2:38,missing_in_staging
bible:book45:2:39,missing_in_staging
bible:book45:2:4,missing_in_staging
bible:book45:2:40,missing_in_staging
bible:book45:2:41,missing_in_staging
bible:book45:2:42,missing_in_staging
bible:book45:2:43,missing_in_staging
bible:book45:2:44,missing_in_staging
bible:book45:2:45,missing_in_staging
bible:book45:2:46,missing_in_staging
bible:book45:2:47,missing_in_staging
bible:book45:2:48,missing_in_staging
bible:book45:2:49,missing_in_staging
bible:book45:2:5,missing_in_staging
bible:book45:2:50,missing_in_staging
bible:book45:2:51,missing_in_staging
bible:book45:2:52,missing_in_staging
bible:book45:2:53,missing_in_staging
bible:book45:2:54,missing_in_staging
bible:book45:2:55,missing_in_staging
bible:book45:2:56,missing_in_staging
bible:book45:2:57,missing_in_staging
bible:book45:2:58,missing_in_staging
bible:book45:2:59,missing_in_staging
bible:book45:2:6,missing_in_staging
bible:book45:2:60,missing_in_staging
bible:book45:2:61,missing_in_staging
bible:book45:2:62,missing_in_staging
bible:book45:2:63,missing_in_staging
bible:book45:2:64,missing_in_staging
bible:book45:2:65,missing_in_staging
bible:book45:2:66,missing_in_staging
bible:book45:2:67,missing_in_staging
bible:book45:2:68,missing_in_staging
bible:book45:2:69,missing_in_staging
bible:book45:2:7,missing_in_staging
bible:book45:2:70,missing_in_staging
bible:book45:2:8,missing_in_staging
bible:book45:2:9,missing_in_staging
bible:book45:3:1,missing_in_staging
bible:book45:3:10,missing_in_staging
bible:book45:3:11,missing_in_staging
bible:book45:3:12,missing_in_staging
bible:book45:3:13,missing_in_staging
bible:book45:3:14,missing_in_staging
bible:book45:3:15,missing_in_staging
bible:book45:3:16,missing_in_staging
bible:book45:3:17,missing_in_staging
bible:book45:3:18,missing_in_staging
bible:book45:3:19,missing_in_staging
bible:book45:3:2,missing_in_staging
bible:book45:3:20,missing_in_staging
bible:book45:3:21,missing_in_staging
bible:book45:3:22,missing_in_staging
bible:book45:3:23,missing_in_staging
bible:book45:3:24,missing_in_staging
bible:book45:3:25,missing_in_staging
bible:book45:3:26,missing_in_staging
bible:book45:3:27,missing_in_staging
bible:book45:3:28,missing_in_staging
bible:book45:3:29,missing_in_staging
bible:book45:3:3,missing_in_staging
bible:book45:3:30,missing_in_staging
bible:book45:3:31,missing_in_staging
bible:book45:3:32,missing_in_staging
bible:book45:3:33,missing_in_staging
bible:book45:3:34,missing_in_staging
bible:book45:3:35,missing_in_staging
bible:book45:3:36,missing_in_staging
bible:book45:3:37,missing_in_staging
bible:book45:3:38,missing_in_staging
bible:book45:3:39,missing_in_staging
bible:book45:3:4,missing_in_staging
bible:book45:3:40,missing_in_staging
bible:book45:3:41,missing_in_staging
bible:book45:3:42,missing_in_staging
bible:book45:3:43,missing_in_staging
bible:book45:3:44,missing_in_staging
bible:book45:3:45,missing_in_staging
bible:book45:3:46,missing_in_staging
bible:book45:3:47,missing_in_staging
bible:book45:3:48,missing_in_staging
bible:book45:3:49,missing_in_staging
bible:book45:3:5,missing_in_staging
bible:book45:3:50,missing_in_staging
bible:book45:3:51,missing_in_staging
bible:book45:3:52,missing_in_staging
bible:book45:3:53,missing_in_staging
bible:book45:3:54,missing_in_staging
bible:book45:3:55,missing_in_staging
bible:book45:3:56,missing_in_staging
bible:book45:3:57,missing_in_staging
bible:book45:3:58,missing_in_staging
bible:book45:3:59,missing_in_staging
bible:book45:3:6,missing_in_staging
bible:book45:3:60,missing_in_staging
bible:book45:3:7,missing_in_staging
bible:book45:3:8,missing_in_staging
bible:book45:3:9,missing_in_staging
bible:book45:4:1,missing_in_staging
bible:book45:4:10,missing_in_staging
bible:book45:4:11,missing_in_staging
bible:book45:4:12,missing_in_staging
bible:book45:4:13,missing_in_staging
bible:book45:4:14,missing_in_staging
bible:book45:4:15,missing_in_staging
bible:book45:4:16,missing_in_staging
bible:book45:4:17,missing_in_staging
bible:book45:4:18,missing_in_staging
bible:book45:4:19,missing_in_staging
bible:book45:4:2,missing_in_staging
bible:book45:4:20,missing_in_staging
bible:book45:4:21,missing_in_staging
bible:book45:4:22,missing_in_staging
bible:book45:4:23,missing_in_staging
bible:book45:4:24,missing_in_staging
bible:book45:4:25,missing_in_staging
bible:book45:4:26,missing_in_staging
bible:book45:4:27,missing_in_staging
bible:book45:4:28,missing_in_staging
bible:book45:4:29,missing_in_staging
bible:book45:4:3,missing_in_staging
bible:book45:4:30,missing_in_staging
bible:book45:4:31,missing_in_staging
bible:book45:4:32,missing_in_staging
bible:book45:4:33,missing_in_staging
bible:book45:4:34,missing_in_staging
bible:book45:4:35,missing_in_staging
bible:book45:4:36,missing_in_staging
bible:book45:4:37,missing_in_staging
bible:book45:4:38,missing_in_staging
bible:book45:4:39,missing_in_staging
bible:book45:4:4,missing_in_staging
bible:book45:4:40,missing_in_staging
bible:book45:4:41,missing_in_staging
bible:book45:4:42,missing_in_staging
bible:book45:4:43,missing_in_staging
bible:book45:4:44,missing_in_staging
bible:book45:4:45,missing_in_staging
bible:book45:4:46,missing_in_staging
bible:book45:4:47,missing_in_staging
bible:book45:4:48,missing_in_staging
bible:book45:4:49,missing_in_staging
bible:book45:4:5,missing_in_staging
bible:book45:4:50,missing_in_staging
bible:book45:4:51,missing_in_staging
bible:book45:4:52,missing_in_staging
bible:book45:4:53,missing_in_staging
bible:book45:4:54,missing_in_staging
bible:book45:4:55,missing_in_staging
bible:book45:4:56,missing_in_staging
bible:book45:4:57,missing_in_staging
bible:book45:4:58,missing_in_staging
bible:book45:4:59,missing_in_staging
bible:book45:4:6,missing_in_staging
bible:book45:4:60,missing_in_staging
bible:book45:4:61,missing_in_staging
bible:book45:4:7,missing_in_staging
bible:book45:4:8,missing_in_staging
bible:book45:4:9,missing_in_staging
bible:book45:5:1,missing_in_staging
bible:book45:5:10,missing_in_staging
bible:book45:5:11,missing_in_staging
bible:book45:5:12,missing_in_staging
bible:book45:5:13,missing_in_staging
bible:book45:5:14,missing_in_staging
bible:book45:5:15,missing_in_staging
bible:book45:5:16,missing_in_staging
bible:book45:5:17,missing_in_staging
bible:book45:5:18,missing_in_staging
bible:book45:5:19,missing_in_staging
bible:book45:5:2,missing_in_staging
bible:book45:5:20,missing_in_staging
bible:book45:5:21,missing_in_staging
bible:book45:5:22,missing_in_staging
bible:book45:5:23,missing_in_staging
bible:book45:5:24,missing_in_staging
bible:book45:5:25,missing_in_staging
bible:book45:5:26,missing_in_staging
bible:book45:5:27,missing_in_staging
bible:book45:5:28,missing_in_staging
bible:book45:5:29,missing_in_staging
bible:book45:5:3,missing_in_staging
bible:book45:5:30,missing_in_staging
bible:book45:5:31,missing_in_staging
bible:book45:5:32,missing_in_staging
bible:book45:5:33,missing_in_staging
bible:book45:5:34,missing_in_staging
bible:book45:5:35,missing_in_staging
bible:book45:5:36,missing_in_staging
bible:book45:5:37,missing_in_staging
bible:book45:5:38,missing_in_staging
bible:book45:5:39,missing_in_staging
bible:book45:5:4,missing_in_staging
bible:book45:5:40,missing_in_staging
bible:book45:5:41,missing_in_staging
bible:book45:5:42,missing_in_staging
bible:book45:5:43,missing_in_staging
bible:book45:5:44,missing_in_staging
bible:book45:5:45,missing_in_staging
bible:book45:5:46,missing_in_staging
bible:book45:5:47,missing_in_staging
bible:book45:5:48,missing_in_staging
bible:book45:5:49,missing_in_staging
bible:book45:5:5,missing_in_staging
bible:book45:5:50,missing_in_staging
bible:book45:5:51,missing_in_staging
bible:book45:5:52,missing_in_staging
bible:book45:5:53,missing_in_staging
bible:book45:5:54,missing_in_staging
bible:book45:5:55,missing_in_staging
bible:book45:5:56,missing_in_staging
bible:book45:5:57,missing_in_staging
bible:book45:5:58,missing_in_staging
bible:book45:5:59,missing_in_staging
bible:book45:5:6,missing_in_staging
bible:book45:5:60,missing_in_staging
bible:book45:5:61,missing_in_staging
bible:book45:5:62,missing_in_staging
bible:book45:5:63,missing_in_staging
bible:book45:5:64,missing_in_staging
bible:book45:5:65,missing_in_staging
bible:book45:5:66,missing_in_staging
bible:book45:5:67,missing_in_staging
bible:book45:5:68,missing_in_staging
bible:book45:5:7,missing_in_staging
bible:book45:5:8,missing_in_staging
bible:book45:5:9,missing_in_staging
bible:book45:6:1,missing_in_staging
bible:book45:6:10,missing_in_staging
bible:book45:6:11,missing_in_staging
bible:book45:6:12,missing_in_staging
bible:book45:6:13,missing_in_staging
bible:book45:6:14,missing_in_staging
bible:book45:6:15,missing_in_staging
bible:book45:6:16,missing_in_staging
bible:book45:6:17,missing_in_staging
bible:book45:6:18,missing_in_staging
bible:book45:6:19,missing_in_staging
bible:book45:6:2,missing_in_staging
bible:book45:6:20,missing_in_staging
bible:book45:6:21,missing_in_staging
bible:book45:6:22,missing_in_staging
bible:book45:6:23,missing_in_staging
bible:book45:6:24,missing_in_staging
bible:book45:6:25,missing_in_staging
bible:book45:6:26,missing_in_staging
bible:book45:6:27,missing_in_staging
bible:book45:6:28,missing_in_staging
bible:book45:6:29,missing_in_staging
bible:book45:6:3,missing_in_staging
bible:book45:6:30,missing_in_staging
bible:book45:6:31,missing_in_staging
bible:book45:6:32,missing_in_staging
bible:book45:6:33,missing_in_staging
bible:book45:6:34,missing_in_staging
bible:book45:6:35,missing_in_staging
bible:book45:6:36,missing_in_staging
bible:book45:6:37,missing_in_staging
bible:book45:6:38,missing_in_staging
bible:book45:6:39,missing_in_staging
bible:book45:6:4,missing_in_staging
bible:book45:6:40,missing_in_staging
bible:book45:6:41,missing_in_staging
bible:book45:6:42,missing_in_staging
bible:book45:6:43,missing_in_staging
bible:book45:6:44,missing_in_staging
bible:book45:6:45,missing_in_staging
bible:book45:6:46,missing_in_staging
bible:book45:6:47,missing_in_staging
bible:book45:6:48,missing_in_staging
bible:book45:6:49,missing_in_staging
bible:book45:6:5,missing_in_staging
bible:book45:6:50,missing_in_staging
bible:book45:6:51,missing_in_staging
bible:book45:6:52,missing_in_staging
bible:book45:6:53,missing_in_staging
bible:book45:6:54,missing_in_staging
bible:book45:6:55,missing_in_staging
bible:book45:6:56,missing_in_staging
bible:book45:6:57,missing_in_staging
bible:book45:6:58,missing_in_staging
bible:book45:6:59,missing_in_staging
bible:book45:6:6,missing_in_staging
bible:book45:6:60,missing_in_staging
bible:book45:6:61,missing_in_staging
bible:book45:6:62,missing_in_staging
bible:book45:6:63,missing_in_staging
bible:book45:6:7,missing_in_staging
bible:book45:6:8,missing_in_staging
bible:book45:6:9,missing_in_staging
bible:book45:7:1,missing_in_staging
bible:book45:7:10,missing_in_staging
bible:book45:7:11,missing_in_staging
bible:book45:7:12,missing_in_staging
bible:book45:7:13,missing_in_staging
bible:book45:7:14,missing_in_staging
bible:book45:7:15,missing_in_staging
bible:book45:7:16,missing_in_staging
bible:book45:7:17,missing_in_staging
bible:book45:7:18,missing_in_staging
bible:book45:7:19,missing_in_staging
bible:book45:7:2,missing_in_staging
bible:book45:7:20,missing_in_staging
bible:book45:7:21,missing_in_staging
bible:book45:7:22,missing_in_staging
bible:book45:7:23,missing_in_staging
bible:book45:7:24,missing_in_staging
bible:book45:7:25,missing_in_staging
bible:book45:7:26,missing_in_staging
bible:book45:7:27,missing_in_staging
bible:book45:7:28,missing_in_staging
bible:book45:7:29,missing_in_staging
bible:book45:7:3,missing_in_staging
bible:book45:7:30,missing_in_staging
bible:book45:7:31,missing_in_staging
bible:book45:7:32,missing_in_staging
bible:book45:7:33,missing_in_staging
bible:book45:7:34,missing_in_staging
bible:book45:7:35,missing_in_staging
bible:book45:7:36,missing_in_staging
bible:book45:7:37,missing_in_staging
bible:book45:7:38,missing_in_staging
bible:book45:7:39,missing_in_staging
bible:book45:7:4,missing_in_staging
bible:book45:7:40,missing_in_staging
bible:book45:7:41,missing_in_staging
bible:book45:7:42,missing_in_staging
bible:book45:7:43,missing_in_staging
bible:book45:7:44,missing_in_staging
bible:book45:7:45,missing_in_staging
bible:book45:7:46,missing_in_staging
bible:book45:7:47,missing_in_staging
bible:book45:7:48,missing_in_staging
bible:book45:7:49,missing_in_staging
bible:book45:7:5,missing_in_staging
bible:book45:7:50,missing_in_staging
bible:book45:7:6,missing_in_staging
bible:book45:7:7,missing_in_staging
bible:book45:7:8,missing_in_staging
bible:book45:7:9,missing_in_staging
bible:book45:8:1,missing_in_staging
bible:book45:8:10,missing_in_staging
bible:book45:8:11,missing_in_staging
bible:book45:8:12,missing_in_staging
bible:book45:8:13,missing_in_staging
bible:book45:8:14,missing_in_staging
bible:book45:8:15,missing_in_staging
bible:book45:8:16,missing_in_staging
bible:book45:8:17,missing_in_staging
bible:book45:8:18,missing_in_staging
bible:book45:8:19,missing_in_staging
bible:book45:8:2,missing_in_staging
bible:book45:8:20,missing_in_staging
bible:book45:8:21,missing_in_staging
bible:book45:8:22,missing_in_staging
bible:book45:8:23,missing_in_staging
bible:book45:8:24,missing_in_staging
bible:book45:8:25,missing_in_staging
bible:book45:8:26,missing_in_staging
bible:book45:8:27,missing_in_staging
bible:book45:8:28,missing_in_staging
bible:book45:8:29,missing_in_staging
bible:book45:8:3,missing_in_staging
bible:book45:8:30,missing_in_staging
bible:book45:8:31,missing_in_staging
bible:book45:8:32,missing_in_staging
bible:book45:8:4,missing_in_staging
bible:book45:8:5,missing_in_staging
bible:book45:8:6,missing_in_staging
bible:book45:8:7,missing_in_staging
bible:book45:8:8,missing_in_staging
bible:book45:8:9,missing_in_staging
bible:book45:9:1,missing_in_staging
bible:book45:9:10,missing_in_staging
bible:book45:9:11,missing_in_staging
bible:book45:9:12,missing_in_staging
bible:book45:9:13,missing_in_staging
bible:book45:9:14,missing_in_staging
bible:book45:9:15,missing_in_staging
bible:book45:9:16,missing_in_staging
bible:book45:9:17,missing_in_staging
bible:book45:9:18,missing_in_staging
bible:book45:9:19,missing_in_staging
bible:book45:9:2,missing_in_staging
bible:book45:9:20,missing_in_staging
bible:book45:9:21,missing_in_staging
bible:book45:9:22,missing_in_staging
bible:book45:9:23,missing_in_staging
bible:book45:9:24,missing_in_staging
bible:book45:9:25,missing_in_staging
bible:book45:9:26,missing_in_staging
bible:book45:9:27,missing_in_staging
bible:book45:9:28,missing_in_staging
bible:book45:9:29,missing_in_staging
bible:book45:9:3,missing_in_staging
bible:book45:9:30,missing_in_staging
bible:book45:9:31,missing_in_staging
bible:book45:9:32,missing_in_staging
bible:book45:9:33,missing_in_staging
bible:book45:9:34,missing_in_staging
bible:book45:9:35,missing_in_staging
bible:book45:9:36,missing_in_staging
bible:book45:9:37,missing_in_staging
bible:book45:9:38,missing_in_staging
bible:book45:9:39,missing_in_staging
bible:book45:9:4,missing_in_staging
bible:book45:9:40,missing_in_staging
bible:book45:9:41,missing_in_staging
bible:book45:9:42,missing_in_staging
bible:book45:9:43,missing_in_staging
bible:book45:9:44,missing_in_staging
bible:book45:9:45,missing_in_staging
bible:book45:9:46,missing_in_staging
bible:book45:9:47,missing_in_staging
bible:book45:9:48,missing_in_staging
bible:book45:9:49,missing_in_staging
bible:book45:9:5,missing_in_staging
bible:book45:9:50,missing_in_staging
bible:book45:9:51,missing_in_staging
bible:book45:9:52,missing_in_staging
bible:book45:9:53,missing_in_staging
bible:book45:9:54,missing_in_staging
bible:book45:9:55,missing_in_staging
bible:book45:9:56,missing_in_staging
bible:book45:9:57,missing_in_staging
bible:book45:9:58,missing_in_staging
bible:book45:9:59,missing_in_staging
bible:book45:9:6,missing_in_staging
bible:book45:9:60,missing_in_staging
bible:book45:9:61,missing_in_staging
bible:book45:9:62,missing_in_staging
bible:book45:9:63,missing_in_staging
bible:book45:9:64,missing_in_staging
bible:book45:9:65,missing_in_staging
bible:book45:9:66,missing_in_staging
bible:book45:9:67,missing_in_staging
bible:book45:9:68,missing_in_staging
bible:book45:9:69,missing_in_staging
bible:book45:9:7,missing_in_staging
bible:book45:9:70,missing_in_staging
bible:book45:9:71,missing_in_staging
bible:book45:9:72,missing_in_staging
bible:book45:9:73,missing_in_staging
bible:book45:9:8,missing_in_staging
bible:book45:9:9,missing_in_staging
bible:book46:10:1,missing_in_staging
bible:book46:10:10,missing_in_staging
bible:book46:10:11,missing_in_staging
bible:book46:10:12,missing_in_staging
bible:book46:10:13,missing_in_staging
bible:book46:10:14,missing_in_staging
bible:book46:10:15,missing_in_staging
bible:book46:10:16,missing_in_staging
bible:book46:10:17,missing_in_staging
bible:book46:10:18,missing_in_staging
bible:book46:10:19,missing_in_staging
bible:book46:10:2,missing_in_staging
bible:book46:10:20,missing_in_staging
bible:book46:10:21,missing_in_staging
bible:book46:10:22,missing_in_staging
bible:book46:10:23,missing_in_staging
bible:book46:10:24,missing_in_staging
bible:book46:10:25,missing_in_staging
bible:book46:10:26,missing_in_staging
bible:book46:10:27,missing_in_staging
bible:book46:10:28,missing_in_staging
bible:book46:10:29,missing_in_staging
bible:book46:10:3,missing_in_staging
bible:book46:10:30,missing_in_staging
bible:book46:10:31,missing_in_staging
bible:book46:10:32,missing_in_staging
bible:book46:10:33,missing_in_staging
bible:book46:10:34,missing_in_staging
bible:book46:10:35,missing_in_staging
bible:book46:10:36,missing_in_staging
bible:book46:10:37,missing_in_staging
bible:book46:10:38,missing_in_staging
bible:book46:10:4,missing_in_staging
bible:book46:10:5,missing_in_staging
bible:book46:10:6,missing_in_staging
bible:book46:10:7,missing_in_staging
bible:book46:10:8,missing_in_staging
bible:book46:10:9,missing_in_staging
bible:book46:11:1,missing_in_staging
bible:book46:11:10,missing_in_staging
bible:book46:11:11,missing_in_staging
bible:book46:11:12,missing_in_staging
bible:book46:11:13,missing_in_staging
bible:book46:11:14,missing_in_staging
bible:book46:11:15,missing_in_staging
bible:book46:11:16,missing_in_staging
bible:book46:11:17,missing_in_staging
bible:book46:11:18,missing_in_staging
bible:book46:11:19,missing_in_staging
bible:book46:11:2,missing_in_staging
bible:book46:11:20,missing_in_staging
bible:book46:11:21,missing_in_staging
bible:book46:11:22,missing_in_staging
bible:book46:11:23,missing_in_staging
bible:book46:11:24,missing_in_staging
bible:book46:11:25,missing_in_staging
bible:book46:11:26,missing_in_staging
bible:book46:11:27,missing_in_staging
bible:book46:11:28,missing_in_staging
bible:book46:11:29,missing_in_staging
bible:book46:11:3,missing_in_staging
bible:book46:11:30,missing_in_staging
bible:book46:11:31,missing_in_staging
bible:book46:11:32,missing_in_staging
bible:book46:11:33,missing_in_staging
bible:book46:11:34,missing_in_staging
bible:book46:11:35,missing_in_staging
bible:book46:11:36,missing_in_staging
bible:book46:11:37,missing_in_staging
bible:book46:11:38,missing_in_staging
bible:book46:11:4,missing_in_staging
bible:book46:11:5,missing_in_staging
bible:book46:11:6,missing_in_staging
bible:book46:11:7,missing_in_staging
bible:book46:11:8,missing_in_staging
bible:book46:11:9,missing_in_staging
bible:book46:12:1,missing_in_staging
bible:book46:12:10,missing_in_staging
bible:book46:12:11,missing_in_staging
bible:book46:12:12,missing_in_staging
bible:book46:12:13,missing_in_staging
bible:book46:12:14,missing_in_staging
bible:book46:12:15,missing_in_staging
bible:book46:12:16,missing_in_staging
bible:book46:12:17,missing_in_staging
bible:book46:12:18,missing_in_staging
bible:book46:12:19,missing_in_staging
bible:book46:12:2,missing_in_staging
bible:book46:12:20,missing_in_staging
bible:book46:12:21,missing_in_staging
bible:book46:12:22,missing_in_staging
bible:book46:12:23,missing_in_staging
bible:book46:12:24,missing_in_staging
bible:book46:12:25,missing_in_staging
bible:book46:12:26,missing_in_staging
bible:book46:12:27,missing_in_staging
bible:book46:12:28,missing_in_staging
bible:book46:12:29,missing_in_staging
bible:book46:12:3,missing_in_staging
bible:book46:12:30,missing_in_staging
bible:book46:12:31,missing_in_staging
bible:book46:12:32,missing_in_staging
bible:book46:12:33,missing_in_staging
bible:book46:12:34,missing_in_staging
bible:book46:12:35,missing_in_staging
bible:book46:12:36,missing_in_staging
bible:book46:12:37,missing_in_staging
bible:book46:12:38,missing_in_staging
bible:book46:12:39,missing_in_staging
bible:book46:12:4,missing_in_staging
bible:book46:12:40,missing_in_staging
bible:book46:12:41,missing_in_staging
bible:book46:12:42,missing_in_staging
bible:book46:12:43,missing_in_staging
bible:book46:12:44,missing_in_staging
bible:book46:12:45,missing_in_staging
bible:book46:12:46,missing_in_staging
bible:book46:12:5,missing_in_staging
bible:book46:12:6,missing_in_staging
bible:book46:12:7,missing_in_staging
bible:book46:12:8,missing_in_staging
bible:book46:12:9,missing_in_staging
bible:book46:13:1,missing_in_staging
bible:book46:13:10,missing_in_staging
bible:book46:13:11,missing_in_staging
bible:book46:13:12,missing_in_staging
bible:book46:13:13,missing_in_staging
bible:book46:13:14,missing_in_staging
bible:book46:13:15,missing_in_staging
bible:book46:13:16,missing_in_staging
bible:book46:13:17,missing_in_staging
bible:book46:13:18,missing_in_staging
bible:book46:13:19,missing_in_staging
bible:book46:13:2,missing_in_staging
bible:book46:13:20,missing_in_staging
bible:book46:13:21,missing_in_staging
bible:book46:13:22,missing_in_staging
bible:book46:13:23,missing_in_staging
bible:book46:13:24,missing_in_staging
bible:book46:13:25,missing_in_staging
bible:book46:13:26,missing_in_staging
bible:book46:13:3,missing_in_staging
bible:book46:13:4,missing_in_staging
bible:book46:13:5,missing_in_staging
bible:book46:13:6,missing_in_staging
bible:book46:13:7,missing_in_staging
bible:book46:13:8,missing_in_staging
bible:book46:13:9,missing_in_staging
bible:book46:14:1,missing_in_staging
bible:book46:14:10,missing_in_staging
bible:book46:14:11,missing_in_staging
bible:book46:14:12,missing_in_staging
bible:book46:14:13,missing_in_staging
bible:book46:14:14,missing_in_staging
bible:book46:14:15,missing_in_staging
bible:book46:14:16,missing_in_staging
bible:book46:14:17,missing_in_staging
bible:book46:14:18,missing_in_staging
bible:book46:14:19,missing_in_staging
bible:book46:14:2,missing_in_staging
bible:book46:14:20,missing_in_staging
bible:book46:14:21,missing_in_staging
bible:book46:14:22,missing_in_staging
bible:book46:14:23,missing_in_staging
bible:book46:14:24,missing_in_staging
bible:book46:14:25,missing_in_staging
bible:book46:14:26,missing_in_staging
bible:book46:14:27,missing_in_staging
bible:book46:14:28,missing_in_staging
bible:book46:14:29,missing_in_staging
bible:book46:14:3,missing_in_staging
bible:book46:14:30,missing_in_staging
bible:book46:14:31,missing_in_staging
bible:book46:14:32,missing_in_staging
bible:book46:14:33,missing_in_staging
bible:book46:14:34,missing_in_staging
bible:book46:14:35,missing_in_staging
bible:book46:14:36,missing_in_staging
bible:book46:14:37,missing_in_staging
bible:book46:14:38,missing_in_staging
bible:book46:14:39,missing_in_staging
bible:book46:14:4,missing_in_staging
bible:book46:14:40,missing_in_staging
bible:book46:14:41,missing_in_staging
bible:book46:14:42,missing_in_staging
bible:book46:14:43,missing_in_staging
bible:book46:14:44,missing_in_staging
bible:book46:14:45,missing_in_staging
bible:book46:14:46,missing_in_staging
bible:book46:14:5,missing_in_staging
bible:book46:14:6,missing_in_staging
bible:book46:14:7,missing_in_staging
bible:book46:14:8,missing_in_staging
bible:book46:14:9,missing_in_staging
bible:book46:15:1,missing_in_staging
bible:book46:15:10,missing_in_staging
bible:book46:15:11,missing_in_staging
bible:book46:15:12,missing_in_staging
bible:book46:15:13,missing_in_staging
bible:book46:15:14,missing_in_staging
bible:book46:15:15,missing_in_staging
bible:book46:15:16,missing_in_staging
bible:book46:15:17,missing_in_staging
bible:book46:15:18,missing_in_staging
bible:book46:15:19,missing_in_staging
bible:book46:15:2,missing_in_staging
bible:book46:15:20,missing_in_staging
bible:book46:15:21,missing_in_staging
bible:book46:15:22,missing_in_staging
bible:book46:15:23,missing_in_staging
bible:book46:15:24,missing_in_staging
bible:book46:15:25,missing_in_staging
bible:book46:15:26,missing_in_staging
bible:book46:15:27,missing_in_staging
bible:book46:15:28,missing_in_staging
bible:book46:15:29,missing_in_staging
bible:book46:15:3,missing_in_staging
bible:book46:15:30,missing_in_staging
bible:book46:15:31,missing_in_staging
bible:book46:15:32,missing_in_staging
bible:book46:15:33,missing_in_staging
bible:book46:15:34,missing_in_staging
bible:book46:15:35,missing_in_staging
bible:book46:15:36,missing_in_staging
bible:book46:15:37,missing_in_staging
bible:book46:15:38,missing_in_staging
bible:book46:15:39,missing_in_staging
bible:book46:15:4,missing_in_staging
bible:book46:15:40,missing_in_staging
bible:book46:15:5,missing_in_staging
bible:book46:15:6,missing_in_staging
bible:book46:15:7,missing_in_staging
bible:book46:15:8,missing_in_staging
bible:book46:15:9,missing_in_staging
bible:book46:1:1,missing_in_staging
bible:book46:1:10,missing_in_staging
bible:book46:1:11,missing_in_staging
bible:book46:1:12,missing_in_staging
bible:book46:1:13,missing_in_staging
bible:book46:1:14,missing_in_staging
bible:book46:1:15,missing_in_staging
bible:book46:1:16,missing_in_staging
bible:book46:1:17,missing_in_staging
bible:book46:1:18,missing_in_staging
bible:book46:1:19,missing_in_staging
bible:book46:1:2,missing_in_staging
bible:book46:1:20,missing_in_staging
bible:book46:1:21,missing_in_staging
bible:book46:1:22,missing_in_staging
bible:book46:1:23,missing_in_staging
bible:book46:1:24,missing_in_staging
bible:book46:1:25,missing_in_staging
bible:book46:1:26,missing_in_staging
bible:book46:1:27,missing_in_staging
bible:book46:1:28,missing_in_staging
bible:book46:1:29,missing_in_staging
bible:book46:1:3,missing_in_staging
bible:book46:1:30,missing_in_staging
bible:book46:1:31,missing_in_staging
bible:book46:1:32,missing_in_staging
bible:book46:1:33,missing_in_staging
bible:book46:1:34,missing_in_staging
bible:book46:1:35,missing_in_staging
bible:book46:1:36,missing_in_staging
bible:book46:1:4,missing_in_staging
bible:book46:1:5,missing_in_staging
bible:book46:1:6,missing_in_staging
bible:book46:1:7,missing_in_staging
bible:book46:1:8,missing_in_staging
bible:book46:1:9,missing_in_staging
bible:book46:2:1,missing_in_staging
bible:book46:2:10,missing_in_staging
bible:book46:2:11,missing_in_staging
bible:book46:2:12,missing_in_staging
bible:book46:2:13,missing_in_staging
bible:book46:2:14,missing_in_staging
bible:book46:2:15,missing_in_staging
bible:book46:2:16,missing_in_staging
bible:book46:2:17,missing_in_staging
bible:book46:2:18,missing_in_staging
bible:book46:2:19,missing_in_staging
bible:book46:2:2,missing_in_staging
bible:book46:2:20,missing_in_staging
bible:book46:2:21,missing_in_staging
bible:book46:2:22,missing_in_staging
bible:book46:2:23,missing_in_staging
bible:book46:2:24,missing_in_staging
bible:book46:2:25,missing_in_staging
bible:book46:2:26,missing_in_staging
bible:book46:2:27,missing_in_staging
bible:book46:2:28,missing_in_staging
bible:book46:2:29,missing_in_staging
bible:book46:2:3,missing_in_staging
bible:book46:2:30,missing_in_staging
bible:book46:2:31,missing_in_staging
bible:book46:2:32,missing_in_staging
bible:book46:2:33,missing_in_staging
bible:book46:2:4,missing_in_staging
bible:book46:2:5,missing_in_staging
bible:book46:2:6,missing_in_staging
bible:book46:2:7,missing_in_staging
bible:book46:2:8,missing_in_staging
bible:book46:2:9,missing_in_staging
bible:book46:3:1,missing_in_staging
bible:book46:3:10,missing_in_staging
bible:book46:3:11,missing_in_staging
bible:book46:3:12,missing_in_staging
bible:book46:3:13,missing_in_staging
bible:book46:3:14,missing_in_staging
bible:book46:3:15,missing_in_staging
bible:book46:3:16,missing_in_staging
bible:book46:3:17,missing_in_staging
bible:book46:3:18,missing_in_staging
bible:book46:3:19,missing_in_staging
bible:book46:3:2,missing_in_staging
bible:book46:3:20,missing_in_staging
bible:book46:3:21,missing_in_staging
bible:book46:3:22,missing_in_staging
bible:book46:3:23,missing_in_staging
bible:book46:3:24,missing_in_staging
bible:book46:3:25,missing_in_staging
bible:book46:3:26,missing_in_staging
bible:book46:3:27,missing_in_staging
bible:book46:3:28,missing_in_staging
bible:book46:3:29,missing_in_staging
bible:book46:3:3,missing_in_staging
bible:book46:3:30,missing_in_staging
bible:book46:3:31,missing_in_staging
bible:book46:3:32,missing_in_staging
bible:book46:3:33,missing_in_staging
bible:book46:3:34,missing_in_staging
bible:book46:3:35,missing_in_staging
bible:book46:3:36,missing_in_staging
bible:book46:3:37,missing_in_staging
bible:book46:3:38,missing_in_staging
bible:book46:3:39,missing_in_staging
bible:book46:3:4,missing_in_staging
bible:book46:3:40,missing_in_staging
bible:book46:3:5,missing_in_staging
bible:book46:3:6,missing_in_staging
bible:book46:3:7,missing_in_staging
bible:book46:3:8,missing_in_staging
bible:book46:3:9,missing_in_staging
bible:book46:4:1,missing_in_staging
bible:book46:4:10,missing_in_staging
bible:book46:4:11,missing_in_staging
bible:book46:4:12,missing_in_staging
bible:book46:4:13,missing_in_staging
bible:book46:4:14,missing_in_staging
bible:book46:4:15,missing_in_staging
bible:book46:4:16,missing_in_staging
bible:book46:4:17,missing_in_staging
bible:book46:4:18,missing_in_staging
bible:book46:4:19,missing_in_staging
bible:book46:4:2,missing_in_staging
bible:book46:4:20,missing_in_staging
bible:book46:4:21,missing_in_staging
bible:book46:4:22,missing_in_staging
bible:book46:4:23,missing_in_staging
bible:book46:4:24,missing_in_staging
bible:book46:4:25,missing_in_staging
bible:book46:4:26,missing_in_staging
bible:book46:4:27,missing_in_staging
bible:book46:4:28,missing_in_staging
bible:book46:4:29,missing_in_staging
bible:book46:4:3,missing_in_staging
bible:book46:4:30,missing_in_staging
bible:book46:4:31,missing_in_staging
bible:book46:4:32,missing_in_staging
bible:book46:4:33,missing_in_staging
bible:book46:4:34,missing_in_staging
bible:book46:4:35,missing_in_staging
bible:book46:4:36,missing_in_staging
bible:book46:4:37,missing_in_staging
bible:book46:4:38,missing_in_staging
bible:book46:4:39,missing_in_staging
bible:book46:4:4,missing_in_staging
bible:book46:4:40,missing_in_staging
bible:book46:4:41,missing_in_staging
bible:book46:4:42,missing_in_staging
bible:book46:4:43,missing_in_staging
bible:book46:4:44,missing_in_staging
bible:book46:4:45,missing_in_staging
bible:book46:4:46,missing_in_staging
bible:book46:4:47,missing_in_staging
bible:book46:4:48,missing_in_staging
bible:book46:4:49,missing_in_staging
bible:book46:4:5,missing_in_staging
bible:book46:4:50,missing_in_staging
bible:book46:4:6,missing_in_staging
bible:book46:4:7,missing_in_staging
bible:book46:4:8,missing_in_staging
bible:book46:4:9,missing_in_staging
bible:book46:5:1,missing_in_staging
bible:book46:5:10,missing_in_staging
bible:book46:5:11,missing_in_staging
bible:book46:5:12,missing_in_staging
bible:book46:5:13,missing_in_staging
bible:book46:5:14,missing_in_staging
bible:book46:5:15,missing_in_staging
bible:book46:5:16,missing_in_staging
bible:book46:5:17,missing_in_staging
bible:book46:5:18,missing_in_staging
bible:book46:5:19,missing_in_staging
bible:book46:5:2,missing_in_staging
bible:book46:5:20,missing_in_staging
bible:book46:5:21,missing_in_staging
bible:book46:5:22,missing_in_staging
bible:book46:5:23,missing_in_staging
bible:book46:5:24,missing_in_staging
bible:book46:5:25,missing_in_staging
bible:book46:5:26,missing_in_staging
bible:book46:5:27,missing_in_staging
bible:book46:5:3,missing_in_staging
bible:book46:5:4,missing_in_staging
bible:book46:5:5,missing_in_staging
bible:book46:5:6,missing_in_staging
bible:book46:5:7,missing_in_staging
bible:book46:5:8,missing_in_staging
bible:book46:5:9,missing_in_staging
bible:book46:6:1,missing_in_staging
bible:book46:6:10,missing_in_staging
bible:book46:6:11,missing_in_staging
bible:book46:6:12,missing_in_staging
bible:book46:6:13,missing_in_staging
bible:book46:6:14,missing_in_staging
bible:book46:6:15,missing_in_staging
bible:book46:6:16,missing_in_staging
bible:book46:6:17,missing_in_staging
bible:book46:6:18,missing_in_staging
bible:book46:6:19,missing_in_staging
bible:book46:6:2,missing_in_staging
bible:book46:6:20,missing_in_staging
bible:book46:6:21,missing_in_staging
bible:book46:6:22,missing_in_staging
bible:book46:6:23,missing_in_staging
bible:book46:6:24,missing_in_staging
bible:book46:6:25,missing_in_staging
bible:book46:6:26,missing_in_staging
bible:book46:6:27,missing_in_staging
bible:book46:6:28,missing_in_staging
bible:book46:6:29,missing_in_staging
bible:book46:6:3,missing_in_staging
bible:book46:6:30,missing_in_staging
bible:book46:6:31,missing_in_staging
bible:book46:6:4,missing_in_staging
bible:book46:6:5,missing_in_staging
bible:book46:6:6,missing_in_staging
bible:book46:6:7,missing_in_staging
bible:book46:6:8,missing_in_staging
bible:book46:6:9,missing_in_staging
bible:book46:7:1,missing_in_staging
bible:book46:7:10,missing_in_staging
bible:book46:7:11,missing_in_staging
bible:book46:7:12,missing_in_staging
bible:book46:7:13,missing_in_staging
bible:book46:7:14,missing_in_staging
bible:book46:7:15,missing_in_staging
bible:book46:7:16,missing_in_staging
bible:book46:7:17,missing_in_staging
bible:book46:7:18,missing_in_staging
bible:book46:7:19,missing_in_staging
bible:book46:7:2,missing_in_staging
bible:book46:7:20,missing_in_staging
bible:book46:7:21,missing_in_staging
bible:book46:7:22,missing_in_staging
bible:book46:7:23,missing_in_staging
bible:book46:7:24,missing_in_staging
bible:book46:7:25,missing_in_staging
bible:book46:7:26,missing_in_staging
bible:book46:7:27,missing_in_staging
bible:book46:7:28,missing_in_staging
bible:book46:7:29,missing_in_staging
bible:book46:7:3,missing_in_staging
bible:book46:7:30,missing_in_staging
bible:book46:7:31,missing_in_staging
bible:book46:7:32,missing_in_staging
bible:book46:7:33,missing_in_staging
bible:book46:7:34,missing_in_staging
bible:book46:7:35,missing_in_staging
bible:book46:7:36,missing_in_staging
bible:book46:7:37,missing_in_staging
bible:book46:7:38,missing_in_staging
bible:book46:7:39,missing_in_staging
bible:book46:7:4,missing_in_staging
bible:book46:7:40,missing_in_staging
bible:book46:7:41,missing_in_staging
bible:book46:7:42,missing_in_staging
bible:book46:7:5,missing_in_staging
bible:book46:7:6,missing_in_staging
bible:book46:7:7,missing_in_staging
bible:book46:7:8,missing_in_staging
bible:book46:7:9,missing_in_staging
bible:book46:8:1,missing_in_staging
bible:book46:8:10,missing_in_staging
bible:book46:8:11,missing_in_staging
bible:book46:8:12,missing_in_staging
bible:book46:8:13,missing_in_staging
bible:book46:8:14,missing_in_staging
bible:book46:8:15,missing_in_staging
bible:book46:8:16,missing_in_staging
bible:book46:8:17,missing_in_staging
bible:book46:8:18,missing_in_staging
bible:book46:8:19,missing_in_staging
bible:book46:8:2,missing_in_staging
bible:book46:8:20,missing_in_staging
bible:book46:8:21,missing_in_staging
bible:book46:8:22,missing_in_staging
bible:book46:8:23,missing_in_staging
bible:book46:8:24,missing_in_staging
bible:book46:8:25,missing_in_staging
bible:book46:8:26,missing_in_staging
bible:book46:8:27,missing_in_staging
bible:book46:8:28,missing_in_staging
bible:book46:8:29,missing_in_staging
bible:book46:8:3,missing_in_staging
bible:book46:8:30,missing_in_staging
bible:book46:8:31,missing_in_staging
bible:book46:8:32,missing_in_staging
bible:book46:8:33,missing_in_staging
bible:book46:8:34,missing_in_staging
bible:book46:8:35,missing_in_staging
bible:book46:8:36,missing_in_staging
bible:book46:8:4,missing_in_staging
bible:book46:8:5,missing_in_staging
bible:book46:8:6,missing_in_staging
bible:book46:8:7,missing_in_staging
bible:book46:8:8,missing_in_staging
bible:book46:8:9,missing_in_staging
bible:book46:9:1,missing_in_staging
bible:book46:9:10,missing_in_staging
bible:book46:9:11,missing_in_staging
bible:book46:9:12,missing_in_staging
bible:book46:9:13,missing_in_staging
bible:book46:9:14,missing_in_staging
bible:book46:9:15,missing_in_staging
bible:book46:9:16,missing_in_staging
bible:book46:9:17,missing_in_staging
bible:book46:9:18,missing_in_staging
bible:book46:9:19,missing_in_staging
bible:book46:9:2,missing_in_staging
bible:book46:9:20,missing_in_staging
bible:book46:9:21,missing_in_staging
bible:book46:9:22,missing_in_staging
bible:book46:9:23,missing_in_staging
bible:book46:9:24,missing_in_staging
bible:book46:9:25,missing_in_staging
bible:book46:9:26,missing_in_staging
bible:book46:9:27,missing_in_staging
bible:book46:9:28,missing_in_staging
bible:book46:9:29,missing_in_staging
bible:book46:9:3,missing_in_staging
bible:book46:9:4,missing_in_staging
bible:book46:9:5,missing_in_staging
bible:book46:9:6,missing_in_staging
bible:book46:9:7,missing_in_staging
bible:book46:9:8,missing_in_staging
bible:book46:9:9,missing_in_staging
