content_id,origin,source_id,source_page,review_status,critical,decision,notes,key_fields
katameros:1,reference,,,draft,0,,,سَبِّحُوا الرَّبَّ تَسْبِيحاً جَدِيداً. سَبِّحُوا الرَّبَّ يا كُلَّ الأرْض. سَبِّحُوا الرَّبَّ وَبَارِكُوا اسْمَهُ. بَش…
katameros:10,reference,,,draft,0,,,وأنا مِثلُ شَجَرةِ الزَّيتونِ الْمُثْمِرَةِ، في بَيْتِ اللَّهِ. وأَتمَسَّكُ بِاسْمِكَ فإنَّهُ حُلْوٌ، قُدَّامَ قدِّيسِي…
katameros:100,reference,,,draft,0,,,افْرَحُوا أيهَا الصِّدِّيقُونَ بِالرَّبِّ وَابْتَهِجُوا. وَافْتَخِرُوا يا جَمِيعَ مُسْتَقِيمِي الْقُلُوبِ. مِنْ أَجْلِ …
katameros:1000,reference,,,draft,0,,,يُعَسْكِرُ مَلاَكُ الرَّبِّ، حَوْلَ كُلِّ خَائِفِيهِ وَيُنَجِّيهِمْ. ذُوقُوا وَانْظُرُوا مَا أَطْيَبَ الرَّبَّ! طُوبَى …
katameros:1001,reference,,,draft,0,,,"حِينَئِذٍ قَالَ يَسُوعُ لِتَلامِيذِهِ: "" مَنْ أَرَادَ أنْ يَتْبَعْنِي فَلْيُنْكِرْ نَفْسَهُ وَيَحْمِلْ صَلِيبَهُ وَيَتْ…"
katameros:1002,reference,,,draft,0,,,اسْجُدُوا لَهُ يَا جَمِيعَ مَلائِكَتِهِ. سَمِعَتْ صِهْيَوْنُ فَفَرِحَتْ، وَتَهلَّلَتْ بَنَاتُ الْيَهُودِيَّةِ، مِنْ أَج…
katameros:1003,reference,,,draft,0,,,اُنْظُرُوا إذاً، لا تَحْتَقِرُوا أَحَدَ هَؤُلاءِ الصِّغَارِ، لأني أَقُولُ لَكُمْ: إنَّ مَلاَئِكَتَهُمْ في السَّمَوَاتِ …
katameros:1004,reference,,,draft,0,,,فَإنَّهُ لِمَلائِكَةٍ لَمْ يُخْضِعِ الْعَالَمَ الْعَتِيدَ الَّذِي نَتَكَلَّمُ عَنْهُ. لكِنْ شَهِدَ لَنَا وَاحِدٌ في مَو…
katameros:1005,reference,,,draft,0,,,مُبَارَكٌ اللَّهُ أَبو رَبِّنَا يَسُوعَ الْمَسِيحِ، الَّذِي بِكَثْرَةِ رَحْمَتِهِ وَلَدَنَا ثَانِيَةً لِرَجَاءٍ حَيٍّ، …
katameros:1006,reference,,,draft,0,,,"فَنَزَلَ بُطْرُسُ إلى الرِّجَالِ، وَقَالَ: "" هَا أنَا الَّذِي تَطْلُبُونَهُ. مَا هُوَ الأَمْرُ الَّذِي حَضَرْتُمْ لأَجْ…"
katameros:1007,reference,,,draft,0,,,أَعْتَرِفُ لَكَ يَارَبُّ مِنْ كُلِّ قَلْبِي. لأنكَ اسْتَمَعْتَ كُلَّ كَلِمَاتِ فَمِي. أمَامَ الْمَلائِكَةِ أُرَتِّلُ لَ…
katameros:1008,reference,,,draft,0,,,وَفي الشَّهْرِ السَّادِسِ أُرْسِلَ جِبْرَائِيلُ الْمَلاَكُ مِنْ قِبَلِ اللَّهِ إلى مَدِينَةٍ مِنَ الْجَلِيلِ اسْمُهَا ن…
katameros:1009,reference,,,draft,0,,,مِنْ أَجْلِ دَاوُدَ عَبْدِكَ لاَ تَرُدَّ وَجْهَ مَسِيحِكَ. أَقْسَمَ الرَّبُّ لِدَاوُدَ بِالْحَقِّ لاَ يَرْجعُ عَنْهُ: م…
katameros:101,reference,,,draft,0,,,وَكَأنمَا إنْسَانٌ مُسَافِرٌ دَعَا عَبِيدَهُ وَسَلَّمَهُمْ أَمْوَالَهُ، فَأَعْطَى وَاحِداً خَمْسَ وَزَنَاتٍ، وَآخَرَ وَ…
katameros:1010,reference,,,draft,0,,,"فَكَثِيرُونَ مِنَ الْجَمْعِ لَمَّا سَمِعُوا هذَا الْكَلاَمَ قَالُوا: ""هذَا بِالْحَقِيقَةِ هُوَ النَّبِيُّ"". آخَرُونَ قَ…"
katameros:1011,reference,,,draft,0,,,"حِينَئِذٍ كَلَّمْتَ بِرُؤْيَا تَقِيَّكَ وَقُلْتَ: ""جَعَلْتُ عَوْنًا عَلَى قَوِيٍّ. رَفَعْتُ مُخْتَارًا مِنْ بَيْنِ الشَ…"
katameros:1012,reference,,,draft,0,,,فِي ذلِكَ الْوَقْتِ ذَهَبَ يَسُوعُ فِي السَّبْتِ بَيْنَ الزُّرُوعِ، فَجَاعَ تَلاَمِيذُهُ وَابْتَدَأُوا يَقْطِفُونَ سَنَ…
katameros:1013,reference,,,draft,0,,,وَمَاذَا أَقُولُ أَيْضًا؟ لأَنَّهُ يُعْوِزُنِي الْوَقْتُ إِنْ أَخْبَرْتُ عَنْ جِدْعُونَ، وَبَارَاقَ، وَشَمْشُونَ، وَيَف…
katameros:1014,reference,,,draft,0,,,فَتَأَنَّوْا أَيُّهَا الإِخْوَةُ إِلَى مَجِيءِ الرَّبِّ. هُوَذَا الْفَلاَحُ يَنْتَظِرُ ثَمَرَ الأَرْضِ الثَّمِينَ، مُتَ…
katameros:1015,reference,,,draft,0,,,أَيُّهَا الرِّجَالُ الإِسْرَائِيلِيُّونَ اسْمَعُوا هذِهِ الأَقْوَالَ: يَسُوعُ النَّاصِرِيُّ رَجُلٌ قَدْ تَبَرْهَنَ لَكُ…
katameros:1016,reference,,,draft,0,,,وَاخْتَارَ دَاوُدَ عَبْدَهُ، وَأَخَذَهُ مِنْ حَظَائِرِ الْغَنَمِ. مِنْ خَلْفِ الْمُرْضِعَاتِ أَتَى بِهِ، لِيَرْعَى يَعْ…
katameros:1017,reference,,,draft,0,,,"وَفِيمَا كَانَ الْفَرِّيسِيُّونَ مُجْتَمِعِينَ سَأَلَهُمْ يَسُوعُ قَائلاً: ""مَاذَا تَظُنُّونَ فِي الْمَسِيحِ؟ ابْنُ مَن…"
katameros:1018,reference,,,draft,0,,,السَّمَوَاتُ تُذِيعُ مَجْدَ اللَّهِ، الْفَلَكُ يُخْبِرُ بِعَمَلِ يَدَيْهِ. في كُلِّ الأَرْضِ خَرَجَ مَنْطِقُهُمْ. وَإلى…
katameros:1019,reference,,,draft,0,,,إنْ ثَبَتُّمْ فيَّ وَثَبَتَ كَلاَمِي فِيكُمْ، تَطْلُبُوا مَا تُرِيدُونَ فَيَكُونُ لَكُمْ. بِهذَا يَتَمَجَّدُ أبِي: أنْ …
katameros:102,reference,,,draft,0,,,طُوبَى لِلرَّجُلِ الْخَائِفِ مِنَ الرَّبِّ. وَيَهْوَى وَصَايَاه جِدّاً. يَقْوَى نَسْلُهُ عَلَى الأَرْضِ، وَيُبَارَكُ جِ…
katameros:1020,reference,,,draft,0,,,فَاضَ قَلْبِي كَلِمَةً صَالِحةً. أَقُولُ أَنا أَعْمَالِي لِلْمَلِكِ. انْسَكَبَتِ النِّعْمَةُ مِنْ شَفَتَيْكَ، لِذَلِكَ …
katameros:1021,reference,,,draft,0,,,في الْبَدْءِ كَانَ الْكَلِمَةُ، وَالْكَلِمَةُ كَانَ عِنْدَ اللَّهِ، وَكَانَ الْكَلِمَةُ اللَّهَ. هذَا كَانَ في الْبَدْء…
katameros:1022,reference,,,draft,0,,,لأنَّ غَايَةَ النَّامُوسِ هيَ: الْمَسِيحُ لِلْبِرِّ لِكُلِّ مَنْ يُؤْمِنُ؛ لأنَّ مُوسَى كَتَبَ في الْبِرِّ الَّذِي مِنَ…
katameros:1023,reference,,,draft,0,,,الَّذِي كَانَ مِنَ الْبَدْءِ، الَّذِي سَمِعْنَاهُ، الَّذِي رَأيْنَاهُ بِعُيُوننَا، الَّذِي شَاهَدْنَاهُ، وَلَمَسَتْهُ أ…
katameros:1024,reference,,,draft,0,,,وَصَعِدَ بُطْرُسُ وَيُوحَنَّا إلى الْهَيْكَلِ في وَقْتِ صَلاةِ السَّاعَةِ التَّاسِعَةِ. وَكَانَ رَجُلٌ أَعْرَجُ مِنْ بَ…
katameros:1025,reference,,,draft,0,,,وَأنا لَقَدْ أَكْرَمَ عَليَّ جِدّاً، أَصْفِياؤُكَ يَا اللَّهُ. وَاعْتَزَّتْ جِدّاً رِئَاسَتُهُمْ. أَحْصِهِمْ فَيُكْثِرُ…
katameros:1026,reference,,,draft,0,,,"فَبَعْدَ مَا أَكَلُوا قَالَ يَسُوعُ لِسِمْعَانَ بُطْرُسَ: "" يا سِمْعَانُ بْنَ يُونا، أَتُحِبُّنِي أَكْثَرَ مِنْ هؤُلاءِ…"
katameros:1027,reference,,,draft,0,,,افْرَحُوا أيهَا الصِّدِّيقُونَ بِالرَّبِّ وَابْتَهِجُوا. وَافْتَخِرُوا يا جَمِيعَ مُسْتَقِيمِي الْقُلُوبِ. مِنْ أَجْلِ …
katameros:1028,reference,,,draft,0,,,"وَكَانَتْ بَيْنَهُمْ أيْضاً مُشَاجَرَةٌ أنهُ مَنْ مِنْهُمْ يَكُونُ الأَكْبَرَ. فَقَالَ لَهُمْ: "" مُلُوكُ الأُمَمِ يَسُو…"
katameros:1029,reference,,,draft,0,,,ابْتَهِجُوا أيهَا الصِّدِّيقُونَ بِالرَّبِّ. لِلْمُسْتَقِيمِينَ يَنْبَغِي التَّسْبِيحُ. طُوبَى لِلأُمَّةِ التِي الرَّبُ…
katameros:103,reference,,,draft,0,,,وَنَزَلَ مَعَهُمْ وَوَقَفَ في مَوْضِعٍ خَلاءٍ، مَعَ جَمْعٍ مِنْ تَلامِيذِهِ، وَجُمْهورٍ كَثِيرٍ مِنَ الشَّعْبِ، مِنْ جَ…
katameros:1030,reference,,,draft,0,,,وَكَأنمَا إنْسَانٌ مُسَافِرٌ دَعَا عَبِيدَهُ وَسَلَّمَهُمْ أَمْوَالَهُ، فَأَعْطَى وَاحِداً خَمْسَ وَزَنَاتٍ، وَآخَرَ وَ…
katameros:1031,reference,,,draft,0,,,اُذْكُرُوا مُدَبِّرِيكُم الَّذِينَ كَلَّمُوكُمْ بِكَلِمَةِ اللَّهِ. هؤلاءِ الَّذِينَ تَنْظُرُونَ إلى نِهَايَةِ سِيرَتِه…
katameros:1032,reference,,,draft,0,,,أَطْلُبُ إلى الشُّيُوخِ الَّذِينَ بَيْنَكُمْ، أنا الشَّيْخَ شَرِيكَكُمْ، وَالشَّاهِدَ لآلاَمِ الْمَسِيحِ، وَشَرِيكَ الْ…
katameros:1033,reference,,,draft,0,,,فَسَكَتَ الْجُمْهُورُ كُلُّهُ. وَكَانُوا يَسْمَعُونَ بَرْنَابَا وَبُولُسَ يُحَدِّثَانِ بِجَمِيعِ مَا صَنَعَ اللَّهُ مِن…
katameros:1034,reference,,,draft,0,,,كَهَنَتُكَ يَلْبَسُونَ الْبِرَّ، وقِدِّيسُوكَ يَبْتَهِجُونَ مِنْ أَجْلِ دَاوُدَ عَبْدِكَ. اُذْكُرْ يَارَبُّ دَاودَ وَكُ…
katameros:1035,reference,,,draft,0,,,"وَجَاءَ إلى كَفْرِنَاحُومَ. وَلَمَّا دَخَلَ إلى الْبَيْتِ سَأَلَهُمْ: "" في أَيِّ شَيْءٍ كُنْتُمْ تُفَكِّرُونَ في الطَّر…"
katameros:1036,reference,,,draft,0,,,تُبَادِرُ الرُّؤَسَاءُ إلى كُلِّ الْمُرَتِّلِيْنَ، في وَسَطِ صَبَايَا ضَارِبَاتٍ بِالدُّفُوفِ. بَارِكُوا اللَّهَ في الْ…
katameros:1037,reference,,,draft,0,,,وَفِيمَا كَانَ يَسُوعُ في بَيْتِ عَنْيَا في بَيْتِ سِمْعَانَ الأَبْرَصِ، جَاءَتْ إلَيْهِ امْرَأةٌ مَعَهَا قَارُورَةُ طِ…
katameros:1038,reference,,,draft,0,,,مِنْ أَفْوَاهِ الأَطْفَالِ وَالرُّضعَانِ هَيَّأتَ سُبْحَاً؛ لأني أَرَى السَّمَوَاتِ أَعْمَالَ أصَابِعِكَ، الْقَمَرَ وَا…
katameros:1039,reference,,,draft,0,,,"قَالَتْ لَهُ الْمَرْأَةُ: "" يَا سَيِّدي أَعْطِنِي هذَا الْمَاءَ؛ لِكَيْ لا أَعْطَشَ وَلا آتِيَ إلى هُنَا لأَسْتَقِيَ "".…"
katameros:104,reference,,,draft,0,,,فَإنَّهُ لَيْسَ بِالنَّامُوسِ أُعْطِيَ الْوَعْدُ لإبْرَاهِيمَ أوْ لِنَسْلِهِ أنْ يَكُونَ وَارِثاً لِلْعَالَمِ، بَلْ بِب…
katameros:1040,reference,,,draft,0,,,سِيرُوا إذاً كَأَوْلاَدِ النُّورِ؛ لأنَّ ثَمَرَ النُّورِ هُوَ في كُلِّ صَلاَحٍ وَبِرٍّ وَحَقٍّ. مُخْتَبِرِينَ مَا هُوَ …
katameros:1041,reference,,,draft,0,,,لأنهُ هَكَذَا كَانَتْ قَدِيماً النِّسَاءُ الْقِدِّيسَاتُ الْمُتَوَكِّلاَتُ أيْضاً عَلَى اللَّهِ، يُزَيِّنَّ أَنْفُسَهُن…
katameros:1042,reference,,,draft,0,,,وَلكِنْ حَدَثَ لَمَّا اسْتَكْمَلْنَا الأيامَ خَرَجْنَا وَمَشَيْنَا، وَهُمْ يُشَيِّعُونَنَا، مَعَ نِسَاءٍ أيْضاً وَأَوْل…
katameros:1043,reference,,,draft,0,,,يُدْخِلْنَ للْمَلِكِ عَذَارَى في إثْرِهَا. جَمِيعُ صَاحِبَاتِهَا لَهُ يُقَدَّمْنَ. يُدْخِلْنَهُنَّ بِفَرَحٍ وَابْتِهَاج…
katameros:1044,reference,,,draft,0,,,حِينَئِذٍ يُشْبِهُ مَلَكُوتُ السَّمَوَاتِ عَشْرَ عَذَارَى، أَخَذْنَ مَصَابِيحَهُنَّ وَخَرَجْنَ لِلِقَاءِ الْعَرِيسِ. وَ…
katameros:1045,reference,,,draft,0,,,رَفَعْتُ مُخْتَاراً مِنْ شَعْبِي. وَجَدْتُ دَاوُدَ عَبْدِي، مَسَحْتُهُ بِدُهْنٍ مُقَدَّسٍ، لأنَّ يَدِي تُعَضِّدُهُ.   ه…
katameros:1046,reference,,,draft,0,,,لا تَظُنُّوا أني جِئْتُ لأُلْقِيَ سَلاَماً عَلَى الأَرْضِ، مَا جِئْتُ لأُلْقِيَ سَلاماً بَلْ سَيْفاً. فَإنِّي أَتَيْتُ …
katameros:1047,reference,,,draft,0,,,كَهَنَتُكَ يَلْبَسُونَ الْبِرَّ، وقِدِّيسُوكَ يَبْتَهِجُونَ مِنْ أَجْلِ دَاوُدَ عَبْدِكَ. هَيَّأْتُ سِرَاجاً لِمَسِيحِي…
katameros:1048,reference,,,draft,0,,,وَنَزَلَ مَعَهُمْ وَوَقَفَ في مَوْضِعٍ خَلاءٍ، مَعَ جَمْعٍ مِنْ تَلامِيذِهِ، وَجُمْهورٍ كَثِيرٍ مِنَ الشَّعْبِ، مِنْ جَ…
katameros:1049,reference,,,draft,0,,,فَإنَّهُ يَصِيرُ إبْطَالُ الْوَصِيَّةِ الأُولَى مِنْ أَجْلِ ضَعْفِهَا وَعَدَمِ نَفْعِهَا، إذِ النَّامُوسُ لَمْ يُكَمِّل…
katameros:105,reference,,,draft,0,,,مُبَارَكٌ اللَّهُ أَبو رَبِّنَا يَسُوعَ الْمَسِيحِ، الَّذِي بِكَثْرَةِ رَحْمَتِهِ وَلَدَنَا ثَانِيَةً لِرَجَاءٍ حَيٍّ، …
katameros:1050,reference,,,draft,0,,,مِنَ الشَّيْخِ، إلى غَايُوسَ الْحَبِيبِ الَّذِي أنا أُحِبُّهُ بِالْحَقِّ. أيهَا الْحَبِيبُ، في كُلِّ شَيْءٍ أَرُومُ أَن…
katameros:1051,reference,,,draft,0,,,"مِنْ بَعْدِ أيامٍ قَالَ بُولُسُ لِبَرْنَابَا: "" لِنَرْجِعْ وَنَتَفَقَّدِ الإخْوَةَ في كُلِّ مَدِينَةٍ بَشَّرْنَا فِيهَا…"
katameros:1052,reference,,,draft,0,,,مُوسَى وَهَارُونُ في كَهَنَتِهِ، وَصَمُوئيلُ في الَّذِينَ يَدْعُونَ بِاسْمِهِ. كَانُوا يَدْعُونَ الرَّبَّ وَهُوَ كَانَ …
katameros:1053,reference,,,draft,0,,,""" الْحَقَّ الْحَقَّ أَقُولُ لَكُمْ: إنَّكُمْ سَتَبْكُونَ وَتَنُوحُونَ وَالْعَالَمُ يَفْرَحُ. أَنْتُمْ سَتَحْزَنُونَ، وَ…"
katameros:1054,reference,,,draft,0,,,مِنْ صِهْيَوْنَ حُسْنُ بَهَاءِ جَمَالِهِ. اللَّهُ يَأتِي جِهاراً. وَهُنَاكَ الطَّرِيقُ حَيْثُ أُرِيكَ: خَلاَصَ اللَّهِ.…
katameros:1055,reference,,,draft,0,,,كِتَابُ مِيلاَدِ يَسُوعَ الْمَسِيحِ ابْنِ دَاوُدَ ابْنِ إبْراهِيمَ: وإبْراهِيمُ وَلَدَ إسْحَقَ. وَإسْحَقُ وَلَدَ يَعْقُ…
katameros:1056,reference,,,draft,0,,,اللَّهُ ظَاهِرٌ في الْيَهُودِيَةِ، وَعَظِيمٌ هُوَ اسْمُهُ في إسْرَائِيلَ. صَارَ موضِعُهُ بِسَلاَمٍ، وَمَسْكَنُهُ في صِه…
katameros:1057,reference,,,draft,0,,,أَمَّا مِيلاَدُ يَسُوعَ الْمَسِيحِ فَكَانَ هكَذَا: لَمَّا كَانَتْ مَرْيَمُ أُمُّهُ مَخْطُوبَةً لِيُوسُفَ، قَبْلَ أَنْ ي…
katameros:1058,reference,,,draft,0,,,أيهَا الإخْوَةُ بِحَسَبِ الإنْسَانِ أَقُولُ: لَيْسَ أَحَدٌ يُرْذِلُ عَهْدَ إنْسَانٍ قَدْ تَمَكَّنَ أَوْ يَزِيدُ عَلَيْه…
katameros:1059,reference,,,draft,0,,,يَا أَحِبَّائِي، لا تُصَدِّقُوا كُلَّ رُوحٍ، بَلِ امْتَحِنُوا الأَرْوَاحَ: هَلْ هِيَ مِنَ اللَّهِ؟ لأنَّ أنْبِياءَ كَذَ…
katameros:106,reference,,,draft,0,,,فَلَمَّا ابْتَدَأْتُ أَتَكَلَّمُ، حَلَّ الرُّوحُ القُدُسُ عَلَيْهِمْ كَمَا حَلَّ عَلِينَا نَحْنُ أيْضاً في البُدَاءَةِ.…
katameros:1060,reference,,,draft,0,,,ثُمَّ أَقْلَعَ بُولُسُ وَبَرْنَابَا وَمَنْ مَعَهمَا مِنْ بَافُوسَ وَأتَوْا إلى بَرْجَةِ بَمْفِيلِيَّةَ. وَأمَّا يُوحَنَ…
katameros:1061,reference,,,draft,0,,,مَعَكَ الرِّئَاسَةُ في يَوْمِ قُوَّتِكَ، في بَهَاءِ الْقِدِّيِسِينَ. مِنَ الْبَطْنِ قَبْلَ كَوكَبِ الصُّبْحِ، وَلَدْتُك…
katameros:1062,reference,,,draft,0,,,وَفي تِلْكَ الأيامِ صَدَرَ أَمْرٌ مِنْ أُوغُسْطُسَ قَيْصَرَ بِأَنْ يُكْتَتَبَ كُلُّ الْمَسْكُونَةِ. وَهذَا الاكْتِتَابُ…
katameros:1063,reference,,,draft,0,,,مُلُوكُ تَرْسُوسَ وَالْجَزَائِرِ، يُقَدِّمُونَ لَهُ هَدَايَا. مُلُوكُ الْعَرَبِ وَسَبَأ، يُقَرِّبونَ لَهُ الْعَطَايَا. …
katameros:1064,reference,,,draft,0,,,وَلَمَّا ابْتَدَأَ يَسُوعُ كَانَ لَهُ نَحْوُ ثَلاَثِينَ سَنَةً، وَكَانَ يُظَنُّ أنهُ ابْنَ يُوسُفَ، بْنِ هَالِي، بْنِ م…
katameros:1065,reference,,,draft,0,,,يَعِيشُ وَيُعْطَى لَهُ، مِنْ ذَهَبِ أَرَابِيا. وَيُصَلُّونَ مِنْ أَجْلِهِ كُلَّ حِينٍ. وَيُبَارِكُونَهُ في كُلِّ يَوْمٍ…
katameros:1066,reference,,,draft,0,,,وَالْكَلِمَةُ صَارَ جَسَداً وَحَلَّ فِينا، وَرَأَيْنَا مَجْدَهُ، كَمَجْدِ ابْنٍ وَحِيدٍ لأَبِيهِ، مَمْلُوءاً نِعْمَةً و…
katameros:1067,reference,,,draft,0,,,بِأنْوَاعٍ كَثِيرَةٍ وَأَشْبَاهٍ مُتَنَوِّعَةٍ كَلَّمَ اللَّهُ آباءَنَا بِالأنبِيَاءِ مُنذُ الْبَدءِ، وَأمَّا في هذِهِ …
katameros:1068,reference,,,draft,0,,,لِذلِكَ سَوْفَ أُذَكِّرُكُمْ في كُلِّ حِينٍ بِهذِهِ الأُمُورِ، وَلَوْ إنَّكُمْ عَالِمُونَ وَثَابِتُونَ في الْحَقِّ الْح…
katameros:1069,reference,,,draft,0,,,أيهَا الرِّجَالُ إخْوَتُنَا بَنِي جِنْسِ إبْرَاهِيمَ، وَالَّذِينَ بَيْنَكُمْ يَتَّقُونَ اللَّهَ، إلَيْكُمْ أُرْسِلَتْ ك…
katameros:107,reference,,,draft,0,,,في كُلِّ الأَرْضِ خَرَجَ مَنْطِقُهُمْ. وَإلى أَقْطَارِ الْمَسْكُونَةِ بَلَغَتْ أَقْوَالُهُمْ. كَهَنَتُكَ يَلْبَسُونَ ال…
katameros:1070,reference,,,draft,0,,,الرَّبُّ قَالَ لي: أَنْتَ ابْنِي، وَأنَا الْيَوْمَ وَلَدْتُكَ. سَلْنِي فَأُعْطِيَكَ الأُمَمَ مِيرَاثَكَ، وَسُلْطَانَكَ …
katameros:1071,reference,,,draft,0,,,وَلَمَّا وُلدَ يَسُوعُ في بَيْتِ لَحْمِ الْيَهُودِيَّةِ، في أَيامِ هِيرُودِسَ الْمَلِكِ، إذَا مَجُوسٌ مِنَ الْمَشْرِقِ …
katameros:1072,reference,,,draft,0,,,اَللَّهُمَّ أَعْطِ حُكْمَكَ لِلْمَلِكِ، وَعَدلَكَ لابْنِ الْمَلِكِ. لِيَحْكُمَ لِشَعْبِكَ بِالْعَدْلِ، وَلفُقَرَائِكَ ب…
katameros:1073,reference,,,draft,0,,,فَعَلِمَ يَسُوعُ وَانْتَقَلَ مِنْ هُنَاكَ. وَتَبِعَتْهُ جُمُوعٌ كَثِيرَةٌ فَشَفَاهُمْ جَمِيعَاً. وَأَمَرَهُمْ أنْ لا يُ…
katameros:1074,reference,,,draft,0,,,وَيَسْجُدُ لَهُ جَمِيعُ مُلُوكِ الأَرْضِ، وَكُلُّ الأُمَمِ تَتَعَبَّدُ لَهُ. وَتَمْتَلِئُ الأَرْضُ كُلُّهَا، مِنْ مَجْد…
katameros:1075,reference,,,draft,0,,,"وَفِيمَا كَانَ الْفَرِّيسِيُّونَ مُجْتَمَعِينَ مَعَاً سَأَلَهُمْ يَسُوعُ قَائِلاً: "" مَاذَا تَظُنُّونَ في الْمَسِيحِ؟ ا…"
katameros:1076,reference,,,draft,0,,,يَا أَوْلاَدِي الَّذِينَ أَتَمَخَّضُ بِكُمْ أيْضاً إلى أنْ يَتَصَوَّرَ الْمَسِيحُ فِيكُمْ. وَلكِنِّي كُنْتُ أُرِيدُ أنْ…
katameros:1077,reference,,,draft,0,,,مَنْ يَعْتَرِفْ أنَّ يَسُوعَ هُوَ ابْنُ اللَّهِ، فَاللهُ يَثْبُتُ فِيهِ وَهُوَ أيْضاً يَثْبُتُ في اللَّهِ. وَنَحْنُ قَد…
katameros:1078,reference,,,draft,0,,,وَأمَّا دَاوُدُ فَقَدْ خَدَمَ مَشُورَةَ اللَّهِ في جِيلِهِ، وَرَقَدَ وَضُمَّ إلى آبائِهِ، وَرَأَى الْفَسَادَ. وَأمَّا ا…
katameros:1079,reference,,,draft,0,,,فَلْيَكُنْ اسْمُهُ مُبَارَكَاً إلى الأَبدِ. وَقَبْلَ الْشَّمْسِ يَدُومُ اسْمُهُ. وَتَتَبَارَكُ بِهِ جَمِيعُ قَبَائِلِ ا…
katameros:108,reference,,,draft,0,,,"وَلَمَّا جَاءَ يَسُوعُ إلى نَوَاحِي قَيْصَرِيَّةِ فِيلُبُّسَ سَألَ تَلاَمِيذَهُ قَائِلاً: "" مَاذا يَقُولُ النَّاسُ في ا…"
katameros:1080,reference,,,draft,0,,,في الْبَدْءِ كَانَ الْكَلِمَةُ، وَالْكَلِمَةُ كَانَ عِنْدَ اللَّهِ، وَكَانَ الْكَلِمَةُ اللَّهَ. هذَا كَانَ في الْبَدْء…
katameros:1081,reference,,,draft,0,,,وَليَفْرَحْ جَمِيعُ الْمُتَّكِلِينَ عَلَيْكَ، إلَى الأَبدِ يُسَرُّونَ. لأنكَ أنْتَ بَارَكْتَ الصِّدِّيقَ يَارَبُّ. مِثْ…
katameros:1082,reference,,,draft,0,,,لَيْسَ تِلْمِيذٌ أَفْضَلَ مِنْ مُعَلِّمِهِ، وَلا عَبْدٌ أَفْضَلَ مِنْ سَيِّدِهِ. يَكْفِي التِّلْمِيذَ أنْ يَصِيرَ كَمُع…
katameros:1083,reference,,,draft,0,,,كَثِيرَةٌ هيَ أَحْزَانُ الصِّدِّيقِينَ، وَمِنْ جَمِيعِهَا يُنَجِّيهِمِ الرَّبُّ. يَحْفَظُ الرَّبُّ جَمِيعَ عِظَامِهِمْ.…
katameros:1084,reference,,,draft,0,,,وَكَانَ قَوْمٌ يُونَانِيُّونَ مِنَ الَّذِينَ صَعِدُوا لِيَسْجُدُوا في الْعِيدِ. فَتَقَدَّمَ هؤُلاءِ إلى فِيلُبُّسَ الَّ…
katameros:1085,reference,,,draft,0,,,أَقُولُ أيْضاً: لِئَلاَّ يَظُنَّ أَحَدٌ إنِّي غَبِيٌّ. وَإلاَّ فاقْبَلُوني وَلَوْ كَغَبِيٍّ، لأَفْتَخِرَ أنَا أيْضاً قَ…
katameros:1086,reference,,,draft,0,,,وَهَذِهِ هِيَ الْكَلِمَةُ الَّتي بُشِّرْتُمْ بِهَا. فَاطْرَحُوا عَنْكُمْ إذاً كُلَّ شَرٍّ وَكُلَّ غِشٍّ وَكُلَّ رِيَاءٍ…
katameros:1087,reference,,,draft,0,,,وَفى تِلْكَ الأيامِ إذْ تَكَاثَرَ التَّلامِيذُ، حَدَثَ تَذَمُّرٌ مِنَ الْيُونَانِيِّينَ عَلَى الْعِبْرَانِيِّينَ بِأنَّ…
katameros:1088,reference,,,draft,0,,,أَدْرَكْتَهُ بِبَرَكَاتِ صَلاحِكَ. وَوَضَعْتَ عَلَى رَأْسِهِ إكْلِيلاً مِنْ حَجَرٍ كَرِيمٍ. مَجْدُهُ عَظِيمٌ بِخَلاَصِك…
katameros:1089,reference,,,draft,0,,,وَبَعَدَ ذلِكَ عَيَّنَ الرَّبُّ سَبْعِينَ آخَرِينَ، وَأَرْسَلَهُمُ اثْنَيْنِ اثْنَيْنِ أمَامَ وَجْهِهِ إلى كُلِّ مَدِين…
katameros:109,reference,,,draft,0,,,كَهَنَتُكَ يَلْبَسُونَ الْبِرَّ، وقِدِّيسُوكَ يَبْتَهِجُونَ مِنْ أَجْلِ دَاوُدَ عَبْدِكَ. هَيَّأْتُ سِرَاجاً لِمَسِيحِي…
katameros:1090,reference,,,draft,0,,,"أَقْسَمَ الرَّبُّ وَلَنْ يَنْدَمَ: "" إنكَ أَنْتَ هُوَ الْكَاهِنُ إلى الأَبدِ عَلَى طَقْسِ مَلْشِيصَادَقَ "". الرَّبُّ عَ…"
katameros:1091,reference,,,draft,0,,,"وَلَمَّا جَاءَ يَسُوعُ إلى نَوَاحِي قَيْصَرِيَّةِ فِيلُبُّسَ سَألَ تَلاَمِيذَهُ قَائِلاً: "" مَاذا يَقُولُ النَّاسُ في ا…"
katameros:1092,reference,,,draft,0,,,أَمْسَكْتَ بِيَدِي الْيُمْنَى. وَبِمَشُورَتكَ هَدَيْتَنِي وَبِالْمَجْدِ قَبِلْتَنِي. وَأنا خَيْرٌ لِي الالْتِصَاقُ بِال…
katameros:1093,reference,,,draft,0,,,بِهذَا أَوْصَيْتُكُمْ حَتَّى تُحِبُّوا بَعْضُكُمْ بَعْضاً. إنْ كَانَ الْعَالَمُ يُبْغِضُكُمْ فَاعْلَمُوا أنهُ قَدْ أَبْ…
katameros:1094,reference,,,draft,0,,,فَإنَّنَا لَسْنَا نَكْرِزُ بِأَنْفُسِنَا، بَلْ بِالْمَسِيحِ يَسُوعَ رَبِّنَا، وَنَحْنُ أيْضاً عَبِيدٌ لَكُمْ مِنْ قِبَل…
katameros:1095,reference,,,draft,0,,,أيهَا العَبِيدُ، كُونُوا خَاضِعِينَ لِسَادَتِكُمْ بِكُلِّ خَوْفٍ، لَيْسَ فَقَطْ للصَّالِحِينَ الْمُتَرَفِّقِينَ، بَلْ ل…
katameros:1096,reference,,,draft,0,,,"وَمِنْ مِيلِيتُسَ أَرْسَلَ إلى أَفَسُسَ وَاسْتَدْعَى أحْبَارَ الْكَنِيسَةِ. فَلَمَّا جَاءُوا إلَيْهِ قَالَ لَهُمْ: "" أَ…"
katameros:1097,reference,,,draft,0,,,فَلْيَرْفَعُوهُ في كَنِيسَةِ شَعْبِهِ، وَلْيُبَارِكُوهُ في مَجْلِسِ الشُّيوخِ. جَعَلَ أبوَّةً مِثْلَ الْخِرَافِ. يُبْصِ…
katameros:1098,reference,,,draft,0,,,""" الْحَقَّ الْحَقَّ أَقُولُ لَكُمْ: إنَّ الَّذِي لا يَدْخُلُ مِنَ الْبَابِ إلى حَظِيرَةِ الْخِرَافِ، بَلْ يَطْلَعُ مِنْ…"
katameros:1099,reference,,,draft,0,,,الرَّبُّ ذَكَرَنَا وَبَارَكَنَا. بَارَكَ بَيْتَ إسْرَائِيلَ، بَارَكَ بَيْتَ هَارُونَ. بَارَكَ الَّذِينَ يَخَافُونَ الرَ…
katameros:11,reference,,,draft,0,,,"وفي ذلِكَ الزَّمَنِ سَمِعَ هِيرُودِسُ رَئِيسُ الرُّبْعِ خَبَرَ يَسُوعَ، فَقَالَ لِفِتْيَانِهِ: "" هذَا هُوَ يُوحَنَّا ال…"
katameros:110,reference,,,draft,0,,,وَكَانَ يَسُوعُ يَطُوفُ في كُلِّ الْجَلِيلِ يُعَلِّمُ في مَجَامِعِهِمْ، وَيَكْرِزُ بِبِشَارَةِ الْمَلَكُوتِ، وَيَشْفِي …
katameros:1100,reference,,,draft,0,,,"في تِلْكَ السَّاعَةِ تَقَدَّمَ التَّلامِيذُ إلى يَسُوعَ قَائِلِينَ: "" مَنْ تُرَى هُوَ الأَعْظَمُ في مَلَكُوتِ السَّمَوَ…"
katameros:1101,reference,,,draft,0,,,إعْلاَنُ أَقْوَالِكَ يُنِيرُ لِي، وَيُفَهِّمُ الأَطْفَالَ الصِّغَارَ. شَابٌ أنَا وَمَرْذُولٌ. وَحُقُوقَكَ لَمْ أنْسَ.  …
katameros:1102,reference,,,draft,0,,,اُنْظُرُوا إذاً، لا تَحْتَقِرُوا أَحَدَ هَؤُلاءِ الصِّغَارِ، لأني أَقُولُ لَكُمْ: إنَّ مَلاَئِكَتَهُمْ في السَّمَوَاتِ …
katameros:1103,reference,,,draft,0,,,لَمَّا كُنْتُ طِفْلاً كَطِفْلٍ كُنْتُ أَتَكَلَّمُ، وَكَطِفْلٍ كُنْتُ أَفْطَنُ، وَكَطِفْلٍ كُنْتُ أَفْتَكِرُ. وَلكِنْ لَ…
katameros:1104,reference,,,draft,0,,,وَهَذِهِ هِيَ الْكَلِمَةُ الَّتي بُشِّرْتُمْ بِهَا. فَاطْرَحُوا عَنْكُمْ إذاً كُلَّ شَرٍّ وَكُلَّ غِشٍّ وَكُلَّ رِيَاءٍ…
katameros:1105,reference,,,draft,0,,,"وَأمَّا شَاوُلُ فَكَانَ يَزْدَادُ قُوَّةً، وَكَانَ يُزْعِجُ الْيَهُودَ السَّاكِنِينَ في دِمَشْقَ مُبَيِّنَاً لَهُمْ "" أ…"
katameros:1106,reference,,,draft,0,,,سَبِّحُوا أيهَا الْفِتْيَانُ الرَّبَّ، سَبِّحُوا اسْمَ الرَّبِّ، لِيَكُنْ اسْمُ الرَّبِّ مُبَارَكَاً، مِنَ الآنَ وَإلى …
katameros:1107,reference,,,draft,0,,,"النص بالعربيوَلَمَّا مَضَوْا، إذَا مَلاَكُ الرَّبِّ قَدْ ظَهَرَ لِيُوسُفَ في حُلْمٍ قَائِلاً: "" قُمْ وَخُذ الصَّبِيَّ و…"
katameros:1108,reference,,,draft,0,,,السَّمَوَاتُ تُذِيعُ مَجْدَ اللَّهِ، الْفَلَكُ يُخْبِرُ بِعَمَلِ يَدَيْهِ. في كُلِّ الأَرْضِ خَرَجَ مَنْطِقُهُمْ. وَإلى…
katameros:1109,reference,,,draft,0,,,إنْ ثَبَتُّمْ فيَّ وَثَبَتَ كَلاَمِي فِيكُمْ، تَطْلُبُوا مَا تُرِيدُونَ فَيَكُونُ لَكُمْ. بِهذَا يَتَمَجَّدُ أبِي: أنْ …
katameros:111,reference,,,draft,0,,,"أَقْسَمَ الرَّبُّ وَلَنْ يَنْدَمَ: "" إِنَّكَ أَنْتَ هُوَ الْكَاهِنُ إلى الأَبدِ عَلَى طَقْسِ مَلْشِيصَادَقَ "". الرَّبُّ…"
katameros:1110,reference,,,draft,0,,,فَاضَ قَلْبِي كَلِمَةً صَالِحةً. أَقُولُ أَنا أَعْمَالِي لِلْمَلِكِ. انْسَكَبَتِ النِّعْمَةُ مِنْ شَفَتَيْكَ، لِذَلِكَ …
katameros:1111,reference,,,draft,0,,,في الْبَدْءِ كَانَ الْكَلِمَةُ، وَالْكَلِمَةُ كَانَ عِنْدَ اللَّهِ، وَكَانَ الْكَلِمَةُ اللَّهَ. هذَا كَانَ في الْبَدْء…
katameros:1112,reference,,,draft,0,,,لأنَّ غَايَةَ النَّامُوسِ هيَ: الْمَسِيحُ لِلْبِرِّ لِكُلِّ مَنْ يُؤْمِنُ؛ لأنَّ مُوسَى كَتَبَ في الْبِرِّ الَّذِي مِنَ…
katameros:1113,reference,,,draft,0,,,الَّذِي كَانَ مِنَ الْبَدْءِ، الَّذِي سَمِعْنَاهُ، الَّذِي رَأيْنَاهُ بِعُيُوننَا، الَّذِي شَاهَدْنَاهُ، وَلَمَسَتْهُ أ…
katameros:1114,reference,,,draft,0,,,وَصَعِدَ بُطْرُسُ وَيُوحَنَّا إلى الْهَيْكَلِ في وَقْتِ صَلاةِ السَّاعَةِ التَّاسِعَةِ. وَكَانَ رَجُلٌ أَعْرَجُ مِنْ بَ…
katameros:1115,reference,,,draft,0,,,وَأنا لَقَدْ أَكْرَمَ عَليَّ جِدّاً، أَصْفِياؤُكَ يَا اللَّهُ. وَاعْتَزَّتْ جِدّاً رِئَاسَتُهُمْ. أَحْصِهِمْ فَيُكْثِرُ…
katameros:1116,reference,,,draft,0,,,"فَبَعْدَ مَا أَكَلُوا قَالَ يَسُوعُ لِسِمْعَانَ بُطْرُسَ: "" يا سِمْعَانُ بْنَ يُونا، أَتُحِبُّنِي أَكْثَرَ مِنْ هؤُلاءِ…"
katameros:1117,reference,,,draft,0,,,الَّذِي يُعَلِّمُ يَدَيَّ الْقِتَالَ، وَجَعَلَ سَاعِدَيَّ أقْوَاسَاً مِنْ نُحَاسٍ. وَمَنْطَقْتَنِي قُوَّةً في الْحَرْبِ…
katameros:1118,reference,,,draft,0,,,"وَلَمَّا دَخَلَ كَفْرَنَاحُومَ، جَاءَ إلَيْهِ قَائِدُ مِئَةٍ يَطْلُبُ إلَيْهِ قَائِلاً: "" يَا سَيِّدي، غُلاَمِي مَطْرُو…"
katameros:1119,reference,,,draft,0,,,عَجِيبٌ هُوَ اللَّهُ في قِدِّيسِيهِ. إلَهُ إسْرَائِيلَ هُوَ يُعْطِي قُوَّةً وَعِزَّاً لِشَعْبِهِ. وَالصِّدِّيقُونَ يَفْ…
katameros:112,reference,,,draft,0,,,وَنَزَلَ مَعَهُمْ وَوَقَفَ في مَوْضِعٍ خَلاءٍ، مَعَ جَمْعٍ مِنْ تَلامِيذِهِ، وَجُمْهورٍ كَثِيرٍ مِنَ الشَّعْبِ، مِنْ جَ…
katameros:1120,reference,,,draft,0,,,وَلكِنْ أَقُولُ لَكُمْ يَا أَصْدِقَائِي: لا تَخَافُوا مِنَ الَّذِينَ يَقْتُلُونَ جَسَدَكُمْ، وَبَعْدَ ذلِكَ لَيْسَ لَهُ…
katameros:1121,reference,,,draft,0,,,أنَا نَفْسِي بُولُسُ أَطْلُبُ إلَيْكُمْ بِوَدَاعَةِ الْمَسِيحِ وَحِلْمِهِ، كَمَا أني ذَلِيلٌ بَيْنَكُمْ وَأمَامَكُمْ، و…
katameros:1122,reference,,,draft,0,,,فَإذْ قَدْ تَألَّمَ الْمَسِيحُ بِالْجَسَدِ عَنَّا، تَسَلَّحُوا أَنْتُمْ أيْضاً بِهذَا الْمِثَالِ. فَإنَّ مَنْ تَألَّمَ …
katameros:1123,reference,,,draft,0,,,وَرَجَعَ بَرْنَابَا وَشَاوُلُ مِنْ أُورُشَلِيمَ بَعْدَ مَا كَمَّلاَ الْخِدْمَةَ، وَأَخَذَا مَعَهُمَا يُوحَنَّا أيْضاً ا…
katameros:1124,reference,,,draft,0,,,تَقَلَّدْ سَيْفَكَ عَلَى فَخْذِكَ، أيهَا الْقَويُّ. بِحُسْنِكَ وَجَمَالِكَ، اسْتَلَّهُ وَانْجَحْ وَامْلِكْ.   هللويا.
katameros:1125,reference,,,draft,0,,,"ثُمَّ انْتَقَلَ مِنْ هُنَاكَ وَدَخَلَ مَجْمَعَهُمْ، وَإذَا إنْسَانٌ يَدُهُ يَابِسَةٌ، فَسَأَلُوهُ قَائِلِينَ: "" هَلْ يَ…"
katameros:1126,reference,,,draft,0,,,قَطَعْتَ قُيُودِي فَلَكَ أَذْبَحُ ذَبِيحَةَ التَّسْبِيحِ. أُوفِي لِلرَّبِّ نُذُورِي في دِيَارِ بَيْتِ الرَّبِّ، قُدَّام…
katameros:1127,reference,,,draft,0,,,"وَلَمَّا مَضَتْ عَنْهُمُ الْمَلائِكَةُ إلى السَّمَاءِ، تَكَلَّمَ الرُّعَاةُ مَعَ بَعْضِهمْ قَائِلِينَ: "" هَلُمَّ بِنَا …"
katameros:1128,reference,,,draft,0,,,أَدْخُلُ إلى بَيْتِكَ بِالْمُحْرَقَاتِ، وَأُوفِيكَ النُّذُورَ التي نَطَقَتْ بِهَا شَفَتَايَ. أُقَرِّبُ لَكَ مُحْرَقَاتٍ…
katameros:1129,reference,,,draft,0,,,أمَّا الصَّبِيُّ فَكَانَ يَنْمُو وَيَتَقَوَّى بِالرُّوحِ، مُمْتَلِئاً مِنَ الْحِكْمَةِ، وَكَانَتْ نِعْمَةُ اللَّهِ عَلَ…
katameros:113,reference,,,draft,0,,,وَأَمَّا أَنْتَ فَقَدْ اتَّبَعْتَ تَعْلِيمِي، وَمَثَالِي، وَرَسْمِي الأَوَّلَ، وَإيمَانِي، وَأَنَاتِي، وَمَحَبَّتِي، وَ…
katameros:1130,reference,,,draft,0,,,أَخِيراً يَا إخْوَتي افْرَحُوا في الرَّبِّ. وَهذِهِ الأُمُورُ التي أَكْتُبهَا إلَيْكُمْ لَيْسَتْ عَلَيَّ ثَقِيلَةً، وَأ…
katameros:1131,reference,,,draft,0,,,لِذلِكَ سَوْفَ أُذَكِّرُكُمْ في كُلِّ حِينٍ بِهذِهِ الأُمُورِ، وَلَوْ إنَّكُمْ عَالِمُونَ وَثَابِتُونَ في الْحَقِّ الْح…
katameros:1132,reference,,,draft,0,,,"وَبَعْدَمَا سَكَتَا، أَجَابَ يَعْقُوبُ قَائِلاً: "" أيهَا الرِّجَالُ إخْوَتُنَا، اسْمَعُونِي. سِمْعَانُ قَدْ أَخْبَرَ كَ…"
katameros:1133,reference,,,draft,0,,,اِذْبَحْ للَّهِ ذَبِيحَةَ التَّسْبِيحِ، أَوْفِ الْعَليَّ نُذُورَكَ. ذَبِيحَةُ التَّسْبِيحِ تُمَجِّدُنِي. وَهُنَاكَ الطَ…
katameros:1134,reference,,,draft,0,,,وَلَمَّا تَمَّتْ ثَمَانِيَةُ أيامٍ، أَتوْا لِيَخْتنوهُ وَدَعُوا اسْمَهُ يَسُوعَ، كَمَا قَدْ تَسَمَّى مِنَ الْمَلاكِ قَب…
katameros:1135,reference,,,draft,0,,,كَهَنَتُكَ يَلْبَسُونَ الْبِرَّ، وقِدِّيسُوكَ يَبْتَهِجُونَ مِنْ أَجْلِ دَاوُدَ عَبْدِكَ. هَيَّأْتُ سِرَاجاً لِمَسِيحِي…
katameros:1136,reference,,,draft,0,,,وَكَانَ يَسُوعُ يَطُوفُ في كُلِّ الْجَلِيلِ يُعَلِّمُ في مَجَامِعِهِمْ، وَيَكْرِزُ بِبِشَارَةِ الْمَلَكُوتِ، وَيَشْفِي …
katameros:1137,reference,,,draft,0,,,"أَقْسَمَ الرَّبُّ وَلَنْ يَنْدَمَ: "" إِنَّكَ أَنْتَ هُوَ الْكَاهِنُ إلى الأَبدِ عَلَى طَقْسِ مَلْشِيصَادَقَ "". الرَّبُّ…"
katameros:1138,reference,,,draft,0,,,وَنَزَلَ مَعَهُمْ وَوَقَفَ في مَوْضِعٍ خَلاءٍ، مَعَ جَمْعٍ مِنْ تَلامِيذِهِ، وَجُمْهورٍ كَثِيرٍ مِنَ الشَّعْبِ، مِنْ جَ…
katameros:1139,reference,,,draft,0,,,وَأَمَّا أَنْتَ فَقَدْ اتَّبَعْتَ تَعْلِيمِي، وَمَثَالِي، وَرَسْمِي الأَوَّلَ، وَإيمَانِي، وَأَنَاتِي، وَمَحَبَّتِي، وَ…
katameros:114,reference,,,draft,0,,,أَطْلُبُ إلى الشُّيُوخِ الَّذِينَ بَيْنَكُمْ، أنا الشَّيْخَ شَرِيكَكُمْ، وَالشَّاهِدَ لآلاَمِ الْمَسِيحِ، وَشَرِيكَ الْ…
katameros:1140,reference,,,draft,0,,,أَطْلُبُ إلى الشُّيُوخِ الَّذِينَ بَيْنَكُمْ، أنا الشَّيْخَ شَرِيكَكُمْ، وَالشَّاهِدَ لآلاَمِ الْمَسِيحِ، وَشَرِيكَ الْ…
katameros:1141,reference,,,draft,0,,,"وَمِنْ مِيلِيتُسَ أَرْسَلَ إلى أَفَسُسَ وَاسْتَدْعَى أحْبَارَ الْكَنِيسَةِ. فَلَمَّا جَاءُوا إلَيْهِ قَالَ لَهُمْ: "" أَ…"
katameros:1142,reference,,,draft,0,,,أَمْسَكْتَ بِيَدِي الْيُمْنَى. وَبِمَشُورَتِكَ هَدَيْتَنِي وَبِالْمَجْدِ قَبِلْتَنِي. وَأنا خَيْرٌ لِي الالْتِصَاقُ بِا…
katameros:1143,reference,,,draft,0,,,""" الْحَقَّ الْحَقَّ أَقُولُ لَكُمْ: إنَّ الَّذِي لا يَدْخُلُ مِنَ الْبَابِ إلى حَظِيرَةِ الْخِرَافِ، بَلْ يَطْلَعُ مِنْ…"
katameros:1144,reference,,,draft,0,,,"أَقْسَمَ الرَّبُّ وَلَنْ يَنْدَمَ: "" إنكَ أَنْتَ هُوَ الْكَاهِنُ إلى الأَبدِ عَلَى طَقْسِ مَلْشِيصَادَقَ "". الرَّبُّ عَ…"
katameros:1145,reference,,,draft,0,,,"وَلَمَّا جَاءَ يَسُوعُ إلى نَوَاحِي قَيْصَرِيَّةِ فِيلُبُّسَ سَألَ تَلاَمِيذَهُ قَائِلاً: "" مَاذا يَقُولُ النَّاسُ في ا…"
katameros:1146,reference,,,draft,0,,,أَمْسَكْتَ بِيَدِي الْيُمْنَى. وَبِمَشُورَتكَ هَدَيْتَنِي وَبِالْمَجْدِ قَبِلْتَنِي. وَأنا خَيْرٌ لِي الالْتِصَاقُ بِال…
katameros:1147,reference,,,draft,0,,,بِهذَا أَوْصَيْتُكُمْ حَتَّى تُحِبُّوا بَعْضُكُمْ بَعْضاً. إنْ كَانَ الْعَالَمُ يُبْغِضُكُمْ فَاعْلَمُوا أنهُ قَدْ أَبْ…
katameros:1148,reference,,,draft,0,,,فَإنَّنَا لَسْنَا نَكْرِزُ بِأَنْفُسِنَا، بَلْ بِالْمَسِيحِ يَسُوعَ رَبِّنَا، وَنَحْنُ أيْضاً عَبِيدٌ لَكُمْ مِنْ قِبَل…
katameros:1149,reference,,,draft,0,,,أيهَا العَبِيدُ، كُونُوا خَاضِعِينَ لِسَادَتِكُمْ بِكُلِّ خَوْفٍ، لَيْسَ فَقَطْ للصَّالِحِينَ الْمُتَرَفِّقِينَ، بَلْ ل…
katameros:115,reference,,,draft,0,,,"وَمِنْ مِيلِيتُسَ أَرْسَلَ إلى أَفَسُسَ وَاسْتَدْعَى أحْبَارَ الْكَنِيسَةِ. فَلَمَّا جَاءُوا إلَيْهِ قَالَ لَهُمْ: "" أَ…"
katameros:1150,reference,,,draft,0,,,"وَمِنْ مِيلِيتُسَ أَرْسَلَ إلى أَفَسُسَ وَاسْتَدْعَى أحْبَارَ الْكَنِيسَةِ. فَلَمَّا جَاءُوا إلَيْهِ قَالَ لَهُمْ: "" أَ…"
katameros:1151,reference,,,draft,0,,,فَلْيَرْفَعُوهُ في كَنِيسَةِ شَعْبِهِ، وَلْيُبَارِكُوهُ في مَجْلِسِ الشُّيوخِ. جَعَلَ أبوَّةً مِثْلَ الْخِرَافِ. يُبْصِ…
katameros:1152,reference,,,draft,0,,,""" الْحَقَّ الْحَقَّ أَقُولُ لَكُمْ: إنَّ الَّذِي لا يَدْخُلُ مِنَ الْبَابِ إلى حَظِيرَةِ الْخِرَافِ، بَلْ يَطْلَعُ مِنْ…"
katameros:1153,reference,,,draft,0,,,طُوبَى لِلرَّجُلِ الْخَائِفِ مِنَ الرَّبِّ. وَيَهْوَى وَصَايَاه جِدّاً. يَقْوَى نَسْلُهُ عَلَى الأَرْضِ، وَيُبَارَكُ جِ…
katameros:1154,reference,,,draft,0,,,وَكَأنمَا إنْسَانٌ مُسَافِرٌ دَعَا عَبِيدَهُ وَسَلَّمَهُمْ أَمْوَالَهُ، فَأَعْطَى وَاحِداً خَمْسَ وَزَنَاتٍ، وَآخَرَ وَ…
katameros:1155,reference,,,draft,0,,,اُذْكُرْ يَارَبُّ دَاودَ وَكُلَّ دِعَتِهِ. كَمَا أَقْسَمَ لِلرَّبِّ وَنَذَرَ لإلَهِ يَعْقُوبَ. كَهَنَتُكَ يَلْبَسُونَ ا…
katameros:1156,reference,,,draft,0,,,وَنَزَلَ مَعَهُمْ وَوَقَفَ في مَوْضِعٍ خَلاءٍ، مَعَ جَمْعٍ مِنْ تَلامِيذِهِ، وَجُمْهورٍ كَثِيرٍ مِنَ الشَّعْبِ، مِنْ جَ…
katameros:1157,reference,,,draft,0,,,بِالإيمَانِ قَرَّبَ إبْرَاهِيمُ إسْحَقَ حِينَ جُرِّبَ. وَقَرَّبَ ابْنَهُ الوَحِيدَ ذَاكَ الَّذِي قَبِلَ الْمَوَاعِيدَ ب…
katameros:1158,reference,,,draft,0,,,طُوبَى لِلرَّجُلِ الَّذِي يَصْبِرُ في التَّجْرِبَةِ، لأنهُ إذَا صَارَ مُخْتَارَاً يَنَالُ إكْلِيلَ الْحَيَاةِ، الَّذِي …
katameros:1159,reference,,,draft,0,,,وَكَانَ اللَّهُ يَصْنَعُ عَلَى يَدَيْ بُولُسَ قُوَّاتٍ كَثِيرَةً، حَتَّى إِنَّهُمْ كَانُوا يَأخُذُونَ مَنادِيلَ وَخِرَق…
katameros:116,reference,,,draft,0,,,أَمْسَكْتَ بِيَدِي الْيُمْنَى. وَبِمَشُورَتِكَ هَدَيْتَنِي وَبِالْمَجْدِ قَبِلْتَنِي. وَأنا خَيْرٌ لِي الالْتِصَاقُ بِا…
katameros:1160,reference,,,draft,0,,,طُوبَى لِلرَّجُلِ، الَّذِي لَمْ يَسْلُكْ في مَشُورَةِ الْمُنَافِقِينَ، وَفي طَرِيقِ الْخُطَاةِ لَمْ يَقِفْ، وَفي مَجْلِ…
katameros:1161,reference,,,draft,0,,,وَكَانَ يَسُوعُ يَطُوفُ في كُلِّ الْجَلِيلِ يُعَلِّمُ في مَجَامِعِهِمْ، وَيَكْرِزُ بِبِشَارَةِ الْمَلَكُوتِ، وَيَشْفِي …
katameros:1162,reference,,,draft,0,,,عَطِشَتْ نَفْسِي، إلى اللَّهِ الْحَيِّ. تَوَكَّلِي عَلَى اللَّهِ فَإنِّي أَعْتَرِفُ لَهُ، خَلاَصُ وَجْهِي هُوَ إلهِي.  …
katameros:1163,reference,,,draft,0,,,وَلَمَّا سَمِعَ يَسُوعُ أنَّ يُوحَنَّا أُسْلِمَ، مَضَى إلى الْجَلِيلِ. وَتَرَكَ النَّاصِرَةَ فَأَتَى وَسَكَنَ في كَفْرَ…
katameros:1164,reference,,,draft,0,,,الْعُمْقُ نَادَى الْعُمْقَ، بِصَوْتِ مَيَازِيبِكَ. مِنْ عِنْدِي صَلاَةٌ، لإلهِ حَيَاتِي.   هللويا.
katameros:1165,reference,,,draft,0,,,وَبَعْدَ هذَا جَاءَ يَسُوعُ وَتَلامِيذُهُ إلى أَرْضِ الْيَهُودِيَّةِ، وَمَكَثَ مَعَهُمْ هُنَاكَ يُعَمِّدُ. وَقَدْ كَانَ…
katameros:1166,reference,,,draft,0,,,مِنْ بُولُسَ، الْمَدْعُوِّ رَسُولاً لِيَسُوعَ الْمَسِيحِ بِمَشِيئَةِ اللَّهِ، وَسُوسْتَانِيسَ الأَخِ، إلى كَنِيسَةِ الل…
katameros:1167,reference,,,draft,0,,,لِذلِكَ سَوْفَ أُذَكِّرُكُمْ في كُلِّ حِينٍ بِهذِهِ الأُمُورِ، وَلَوْ إنَّكُمْ عَالِمُونَ وَثَابِتُونَ في الْحَقِّ الْح…
katameros:1168,reference,,,draft,0,,,وَفي نَحْوِ نِصْفِ اللَّيْلِ كَانَ بُولُسُ وَسِيلاَ يُصَلِّيَانِ وَيُسَبِّحَانِ اللَّهَ، وَالْمَسْجُونُونَ يَسْمَعُونَه…
katameros:1169,reference,,,draft,0,,,بَهِيٌّ في حُسْنِهِ، أَفْضَلُ مِنْ بَنِي الْبَشَرِ. انْسَكَبَت النِّعْمَةُ مِنْ شَفَتَيْكَ، لِذَلِكَ بَارَكَكَ اللَّهُ …
katameros:117,reference,,,draft,0,,,""" الْحَقَّ الْحَقَّ أَقُولُ لَكُمْ: إنَّ الَّذِي لا يَدْخُلُ مِنَ الْبَابِ إلى حَظِيرَةِ الْخِرَافِ، بَلْ يَطْلَعُ مِنْ…"
katameros:1170,reference,,,draft,0,,,وَفي السَّنَةِ الْخَامِسَةِ عَشْرَةَ مِنْ وَلايَةِ طِيبَارِيُوسَ الْمَلِكَ، إذْ كَانَ بِيلاَطُسُ الْبُنْطِيُّ وَالِياً …
katameros:1171,reference,,,draft,0,,,لِذلِكَ أَذْكُرُكَ يَارَبُّ في أَرْضِ الأُرْدُنِّ. يا نَفْسِي تَوَكَّلِي عَلَى اللَّهِ، فَإنِّي أَعْتَرِفُ لَهُ، خَلاَص…
katameros:1172,reference,,,draft,0,,,"وَفي تِلْكَ الأيامِ جَاءَ يُوحَنَّا الْمَعْمَدَانُ يَكْرِزُ في بَرِّيَّةِ الْيَهُودِيَّةِ قَائِلاً: "" تُوبُوا، لأنهُ قَ…"
katameros:1173,reference,,,draft,0,,,صَوْتُ الرَّبِّ عَلَى الْمِيَاهِ. إلهُ الْمَجْدِ أَرْعَدَ. الرَّبُّ عَلَى الْمِيَاهِ الْكَثِيرَةِ. صَوْتُ الرَّبِّ بِقُ…
katameros:1174,reference,,,draft,0,,,"بَدْءُ إنْجِيلِ يَسُوعَ الْمَسِيحِ ابْنِ اللَّهِ، كَمَا هُوَ مَكْتُوبٌ في إشَعْيَاءَ النَّبِيِّ: "" هَأَنَذَا أُرْسِلُ م…"
katameros:1175,reference,,,draft,0,,,لأنهُ قَدْ ظَهَرَتْ نِعْمَةُ اللَّهِ مُخَلِّصِنَا لِجَمِيعِ النَّاسِ، مُعَلِّمَةً إيَّانَا أنْ نُنْكِرَ النِّفَاقَ وَال…
katameros:1176,reference,,,draft,0,,,"مَنْ هُوَ الَّذِي يَغْلِبُ العَالَمَ، إلاَّ الَّذِي يُؤْمِنُ أنَّ يَسُوعَ هُوَ ابْنُ اللَّهِ؟

يَسُوعُ الْمَسِيحُ، هذا …"
katameros:1177,reference,,,draft,0,,,وَكَانَ يُوجَدُ يَهُودِيٌّ اسْمُهُ أَبلُّوسُ، إسْكَنْدَرِيُّ الْجِنْسِ، رَجُلٌ فَصِيحٌ قَدُمَ إلى أَفَسُسَ مُقْتَدِرٌ ف…
katameros:1178,reference,,,draft,0,,,مُبَارَكٌ الآتِي بِاسْمِ الرَّبِّ. بَارَكْنَاكُمْ مِنْ بَيْتِ الرَّبِّ. أَنْتَ هُوَ إلهِي فَأَشْكُرُكَ. إلهِي أَنْتَ فَ…
katameros:1179,reference,,,draft,0,,,"اللَّهُ لَمْ يَرَهُ أَحَدٌ قَطُّ. الإلهُ الْوَحِيدُ الْجِنْسَ، الكَائِنُ في حِضْنِ أَبِيهِ هُوَ خَبَّرَ

وَهذِهِ شَهَاد…"
katameros:118,reference,,,draft,0,,,أَقَامَ عَلَى الصَّخْرَةِ رِجْلَيَّ. وَسَهَّلَ خُطُوَاتِي. وَجَعَلَ في فَمِي تَسْبِيحَاً جَدِيدَاً، وَسُبْحَاً لإلهِنَا…
katameros:1180,reference,,,draft,0,,,كَمَا يَشْتَاقُ الإيلُ إلى يَنَابِيعِ الْمِيَاهِ، كَذلِكَ تَاقَتْ نَفْسِي أنْ تَأتِيَ إلَيْكَ يَا اللَّهُ. لِذلِكَ أَذْ…
katameros:1181,reference,,,draft,0,,,وَكَانَ لَمَّا اعْتَمَدَ جَمِيعُ الشَّعْبِ وَاعْتَمَدَ يَسُوعُ أيْضاً، وَإذْ كَانَ يُصَلِّي انْفَتَحَتِ السَّمَاءُ، وَن…
katameros:1182,reference,,,draft,0,,,هَلُمَّ أيهَا الأبْنَاءُ وَاسْمَعُونِي؛ لأُعَلِّمَكُمْ مَخَافَةَ الرَّبِّ. تَقَدَّمُوا إلَيْهِ وَاسْتَنِيرُوا، وَوُجُوه…
katameros:1183,reference,,,draft,0,,,حِينَئِذٍ جَاءَ يَسُوعُ مِنَ الْجَلِيلِ إلى الأُرْدُنِّ إلى يُوحَنَّا لِيَعْتَمِدَ مِنْهُ. وَلكِنْ يُوحَنَّا مَنَعَهُ ق…
katameros:1184,reference,,,draft,0,,,بُولُسُ، رَسُولُ يَسُوعَ الْمَسِيحِ بِمَشِيئَةِ اللَّهِ، إلى الْقِدِّيسِينَ الَّذِينَ في أَفَسُسَ، وَالْمُؤْمِنِينَ الَ…
katameros:1185,reference,,,draft,0,,,كُونُوا مُسْتَعِدِّينَ في كُلِّ حِينٍ لِمُجَاوَبَةِ كُلِّ مَنْ يَسْأَلُكُمْ كَلِمَةً عَنْ سَبَبِ الرَّجَاءِ الَّذِي فِي…
katameros:1186,reference,,,draft,0,,,"ثُمَّ إنَّ مَلاكَ الرَّبِّ تَكَلَّمَ مَعَ فِيلُبُّسَ قَائِلاً: "" قُمْ وَاذْهَبْ وَقْتَ الظَّهِيرَةِ، عَلَى الطَّرِيقِ ا…"
katameros:1187,reference,,,draft,0,,,بَارِكِي يَا نَفْسِي الرَّبَّ. أيهَا الرَّبُّ الإلَهُ قَدْ عَظُمْتَ جِدَّاً. الاعْتِرَافُ وَعِظَمُ الْجَلاَلِ تَسَرْبَل…
katameros:1188,reference,,,draft,0,,,وَفي الْغَدِ أيْضاً كَانَ يُوحَنَّا وَاقِفاً هُوَ وَاثْنَانِ مِنْ تَلامِيذِهِ، فَلَمَّا نَظَرَ إلى يَسُوعَ مَاشِياً، قَ…
katameros:1189,reference,,,draft,0,,,قَد كَثُرُوا مِنْ ثَمَرَةِ الْحِنْطَةِ، والْخَمْرِ والزَّيْتِ. لأنكَ أَنْتَ وَحْدَكَ يَارَبُّ، أَسْكَنْتَنِي عَلَى الرَ…
katameros:119,reference,,,draft,0,,,لأنهُ يُوجَدُ كَثِيرُونَ سَيَقُولُونَ لِي في ذلِكَ الْيَوْمِ: يَارَبُّ، يَارَبُّ! أَلَيْسَ بِاسْمِكَ تَنَبَّأْنا، وَبِا…
katameros:1190,reference,,,draft,0,,,وَحَدَثَ لَمَّا أَكْمَلَ يَسُوعُ هذَا الْكَلاَمَ انْتَقَلَ مِنَ الْجَلِيلِ وَجَاءَ إلى تُخُومِ الْيَهُودِيَّةِ إلى عَبْ…
katameros:1191,reference,,,draft,0,,,الْخَمْرُ يُفرِحُ قَلْبَ الإنْسَانِ، وَيَبْتَهِجُ وَجْهُهُ بِالْزِّيْتِ. كَمثلِ مَا عَظُمَتْ أَعْمَالُكَ يَارَبُّ، كُلَ…
katameros:1192,reference,,,draft,0,,,"وَبَعْدَ الْيَوْمَيْنِ خَرَجَ يَسُوعُ مِنْ هُنَاكَ وَجَاءَ إلى الْجَلِيلِ؛ لأنَّ يَسُوعَ نَفْسَهُ شَهِدَ أنْ: "" لَيْسَ …"
katameros:1193,reference,,,draft,0,,,أَمْ تَجْهَلُونَ أننَا كُلَّ مَنْ اعْتَمَدَ لِيَسُوعَ الْمَسِيحِ اعْتَمَدْنَا لِمَوْتهِ، فَدُفِنَّا مَعَهُ بِالْمَعْمُو…
katameros:1194,reference,,,draft,0,,,وَأمَّا أَنْتُمْ فَلَكُمْ أيْضاً مَسْحَةٌ مِنَ القُدُّوسِ وَتَعْلَمُونَ كُلَّ شَيْءٍ. لَمْ أَكْتُبْ إلَيْكُمْ لأنكُمْ ل…
katameros:1195,reference,,,draft,0,,,وَأمَّا شَاوُلُ فَكَانَ يَضْطَهِدُ الكَنِيسَةَ، وَهُوَ يَدْخُلُ الْبُيُوتَ وَيَجُرُّ رِجَالاً وَنِسَاءً وَيُسَلِّمُهُمْ…
katameros:1196,reference,,,draft,0,,,أَنْتَ هُوَ اللَّهُ صَانِعُ الْعَجَائِبَ. أَظْهَرْتَ في الشُّعُوبِ قُوَّتَكَ. خَلَّصْتَ بِذِرَاعِكَ شَعْبَكَ. أَبْصَرَت…
katameros:1197,reference,,,draft,0,,,وَفي الْيَوْمِ الثَّالِثِ كَانَ عُرْسٌ في قَانَا الْجَلِيلِ، وَكَانَتْ أُمُّ يَسُوعَ هُنَاكَ. وَدُعِيَ أيْضاً يَسُوعُ و…
katameros:1198,reference,,,draft,0,,,طُوبَى لِمَنْ اخْتَرْتَهُ وَقَبِلْتَهُ، يَسْكُنُ في دِيَارِكَ إلى الأَبدِ. اسْتَجِبْ لَنَا يَا اللَّهُ مُخَلِّصُنَا، يَ…
katameros:1199,reference,,,draft,0,,,اسْهَرُوا إذَاً لأَنكُمْ لا تَعْلَمُونَ في أَيةِ سَاعَةٍ يَأتِي رَبكُمْ. وَاعْلَمُوا هَذَا: أنهُ لَوْ كَانَ رَبُّ الْبَ…
katameros:12,reference,,,draft,0,,,"وَيَرْتَفِعُ قَرْنِي مِثْلَ وَحِيدِ القَرْنِ. وَشَيخُوخَتِي في دُهْنٍ دَسِمٍ. وَيَكُونُونَ بِمَا 
هُمْ مُسْتَريحونَ، يُ…"
katameros:120,reference,,,draft,0,,,حَقِّي وَرَحْمَتِي مَعَهُ، وَبِاسْمِي يَرْتَفِع قَرْنُهُ. حِينَئِذٍ بِالْوَحِيِّ تَكَلَّمْتُ مَعَ بَنِيِكَ، وَقُلْتُ: إ…
katameros:1200,reference,,,draft,0,,,الرَّبُّ يُعَضِّدُ الصِّدِّيقِينَ، يَعْرِفُ الرَّبُّ طَرِيقَ الَّذِينَ لا عَيْبَ فِيهِمْ. وَيَكُونُ مِيرَاثَهُمْ إلى ال…
katameros:1201,reference,,,draft,0,,,اُنْظُرُوا، اسْهَرُوا وَصَلُّوا؛ لأَنكُمْ لا تَعْرفُونَ مَتَى يَكُونُ الْوَقْتُ. كَأنمَا إنْسَانٌ مسَافِرٌ تَرَكَ بَيْت…
katameros:1202,reference,,,draft,0,,,"لأَنهُ إذَا قَالَ وَاحِدٌ: "" أَنا لِبُولُسَ "" وَآخَرُ: "" أَنا لأَبلُّوسَ "" أَفَلَسْتُمْ بَشَرِيِّينَ؟

فَمَنْ هُوَ أَبل…"
katameros:1203,reference,,,draft,0,,,كَذلِكَ أَنْتُمْ أيهَا الشُّبَّانُ، اخْضَعُوا لِلشُّيُوخِ، وَكُونُوا جَمِيعاً مُتَسَرْبِلِينَ بِالتَّوَاضُعِ بَعْضُكُمْ…
katameros:1204,reference,,,draft,0,,,وَكَانَ يُوجَدُ يَهُودِيٌّ اسْمُهُ أَبلُّوسُ، إسْكَنْدَرِيُّ الْجِنْسِ، رَجُلٌ فَصِيحٌ قَدُمَ إلى أَفَسُسَ مُقْتَدِرٌ ف…
katameros:1205,reference,,,draft,0,,,فَمُ الصِّدِّيقِ يَتْلُو الْحِكْمَةَ، وَلِسَانُهُ يَنْطِقُ بِالْحُكْمِ. نَامُوسُ اللَّهِ في قَلْبِهِ. وَلا تَتَعَرْقَلُ…
katameros:1206,reference,,,draft,0,,,"وَقَالَ أيْضاً لِتَلامِيذِهِ: "" كَانَ إنْسَانٌ غَنِيٌّ لَهُ وَكِيلٌ، فَوُشِيَ بِهِ إلَيْهِ بِأَنهُ يُبَذِّرُ أَمْوَالَه…"
katameros:1207,reference,,,draft,0,,,"لَمْ يَتْرُكْ إنْسَاناً يَظْلِمُهُمْ، وَبَكَّتَ ملوكاً مِنْ أجْلِهمْ، قَائِلاً: "" لا تَمَسُّوا مُسَحَائي، وَلا تُسِيئوا…"
katameros:1208,reference,,,draft,0,,,وَفِيمَا هُوَ يَتَكَلَّمُ سَألَهُ فَرِّيسِيٌّ أنْ يَأْكُلَ عِنْدَهُ، فَدَخَلَ وَاتَّكَأَ. وَأمَّا الفَرِّيسِيُّ لَمَّا …
katameros:1209,reference,,,draft,0,,,أَرْسَلَ مُوسَى عَبْدَهُ وَهارُونَ الَّذِي اخْتَارَهُ، جَعَلَ فِيهِمَا أَقْوَالَ آيَاتِهِ وَعَجَائِبِهِ، كَيْ يَحْفَظُو…
katameros:121,reference,,,draft,0,,,"فَقَالَ لَهُ وَاحِدٌ: "" يَارَبُّ، أَقَلِيلٌ هُمُ الَّذِينَ يَخْلُصُونَ؟ "". فَقَالَ لَهُمُ: "" اجْتَهِدُوا أنْ تَدْخُلُوا…"
katameros:1210,reference,,,draft,0,,,وَبَعْدَ سِتَّةِ أيامٍ أخَذَ يَسُوعُ بُطْرُسَ وَيَعْقُوبَ وَيُوحَنَّا أخَاهُ وَأَصْعَدَهُمْ عَلَى جَبَلٍ عَالٍ مُنْفَرِ…
katameros:1211,reference,,,draft,0,,,بِالإيمَانِ قَرَّبَ إبْرَاهِيمُ إسْحَقَ حِينَ جُرِّبَ. وَقَرَّبَ ابْنَهُ الوَحِيدَ ذَاكَ الَّذِي قَبِلَ الْمَوَاعِيدَ ب…
katameros:1212,reference,,,draft,0,,,وَثَابِتٌ عِنْدَنَا كَلامُ الأنبِيَاءِ، هذَا الَّذِي هُوَ نِعْمَ مَا تَصْنَعُونَهُ إذَا تَأمَّلْتُمْ إلَيْهِ، كَمِثْلِ …
katameros:1213,reference,,,draft,0,,,لأنَّ مُوسَى مُنْذُ الأجْيَالِ الْقَدِيمَةِ، لَهُ في كُلِّ مَدِينَةٍ مَنْ يَكْرِزُ بِهِ، إذْ يُقْرَأُ  في الْمَجَامِعِ …
katameros:1214,reference,,,draft,0,,,مُوسَى وَهَارُونُ في كَهَنَتِهِ، وَصَمُوئيلُ في الَّذِينَ يَدْعُونَ بِاسْمِهِ. كَانُوا يَدْعُونَ الرَّبَّ وَهُوَ كَانَ …
katameros:1215,reference,,,draft,0,,,الْوَيْلُ لَكُمْ أيهَا الكَتَبَةُ والْفَرِّيسِيُّونَ الْمُرَاؤُونَ! لأنكُمْ تُغْلِقُونَ مَلَكُوتَ السَّمَوَاتِ قُدَّامَ…
katameros:1216,reference,,,draft,0,,,قَدْ ارْتَسَمَ عَلَيْنَا نُورُ وَجْهِكَ يَارَبُّ. أَعْطيتَ سُرُوراً لِقَلْبِي؛ لأنكَ أنْتَ وَحْدَكَ يَارَبُّ، أَسْكَنْت…
katameros:1217,reference,,,draft,0,,,"حِينَئِذٍ قَالَ يَسُوعُ لِتَلامِيذِهِ: "" مَنْ أَرَادَ أنْ يَتْبَعْنِي فَلْيُنْكِرْ نَفْسَهُ وَيَحْمِلْ صَلِيبَهُ وَيَتْ…"
katameros:1218,reference,,,draft,0,,,يَفْتَخِرُ بِكَ كُلُّ الَّذِينَ يُحِبُّونَ اسْمَكَ؛ لأَنكَ أَنْتَ يَارَبُّ بَارَكْتَ الصِّدِّيقَ. مِثْلَ سِلاَحِ الْمَس…
katameros:1219,reference,,,draft,0,,,لا تَظُنُّوا أني جِئْتُ لأُلْقِيَ سَلاَماً عَلَى الأَرْضِ، مَا جِئْتُ لأُلْقِيَ سَلاماً بَلْ سَيْفاً. فَإنِّي أَتَيْتُ …
katameros:122,reference,,,draft,0,,,وَأنَا أيْضاً أيهَا الإخْوَةُ لَمْ أَسْتَطِعْ أنْ أُكَلِّمَكُمْ كَرُوحِيِّينَ، بَلْ كَجَسَدِيِّينَ كَأَطْفَالٍ في الْمَ…
katameros:1220,reference,,,draft,0,,,لأني أَظُنُّ أنَّ آلامَ هذَا الزَّمَانِ الْحَاضِرِ لا تُقَاسُ بِالْمَجْدِ الْعَتِيدِ أنْ يُسْتَعْلَنَ فِينَا. لأنَّ انْ…
katameros:1221,reference,,,draft,0,,,وَالنِّهَايَةُ، كُونُوا جَمِيعَاً بِرَأيٍ وَاحِدٍ، وَكُونُوا مُشْتَرِكِينَ في الآلامِ. وَكُونُوا مُحِبِّينَ الإخْوَةَ، …
katameros:1222,reference,,,draft,0,,,وَحَدَثَ في ذَلِكَ الْوَقْتِ اضطرَابٌ لَيْسَ بِقَلِيلٍ بِسَبَبِ الطَّرِيقِ؛ لأنَّ وَاحداً اسْمُهُ دِيمِتْرِيُوس، صَائِغ…
katameros:1223,reference,,,draft,0,,,عَجِيبٌ هُوَ اللَّهُ في قِدِّيسِيهِ. إلَهُ إسْرَائِيلَ هُوَ يُعْطِي قُوَّةً وَعِزَّاً لِشَعْبِهِ. وَالصِّدِّيقُونَ يَفْ…
katameros:1224,reference,,,draft,0,,,وَلكِنْ أَقُولُ لَكُمْ يَا أَصْدِقَائِي: لا تَخَافُوا مِنَ الَّذِينَ يَقْتُلُونَ جَسَدَكُمْ، وَبَعْدَ ذلِكَ لَيْسَ لَهُ…
katameros:1225,reference,,,draft,0,,,ذِكْرُ الصِّدِّيقِ يَكُونُ إلى الأبدِ. وَلا يَخْشَى مِنَ السَّمَاعِ الْخَبِيثِ. وَبِرُّهُ دَائِمٌ إلى أَبدِ الأبدِ. يَر…
katameros:1226,reference,,,draft,0,,,اسْهَرُوا إذَاً لأَنكُمْ لا تَعْلَمُونَ في أَيةِ سَاعَةٍ يَأتِي رَبكُمْ. وَاعْلَمُوا هَذَا: أنهُ لَوْ كَانَ رَبُّ الْبَ…
katameros:1227,reference,,,draft,0,,,وَيَرْتَفِعُ قَرْنِي مِثْلَ وَحِيدِ القَرْنِ. وَشَيخُوخَتِي في دُهْنٍ دَسِمٍ. وَيَكُونُونَ بِمَا هُمْ مُسْتَريحونَ، يُخ…
katameros:1228,reference,,,draft,0,,,وَإذْ كَانُوا يَسْمَعُونَ هذَا عَادَ فَقَالَ مَثَلاً، لأنهُ كَانَ قَرِيباً مِنْ أُورُشَلِيمَ، وَكَانُوا يَظُنُّونَ أنَّ…
katameros:1229,reference,,,draft,0,,,مَاذا أقُولُ أيْضاً؟ لأنهُ يُعْوِزُنِي الوَقْتُ إنْ أَخْبَرْتُ عَنْ جِدْعُونَ، وَبَارَاقَ، وَشَمْشُونَ، وَيَفْتَاحَ، وَ…
katameros:123,reference,,,draft,0,,,سِمْعَانُ بُطْرُسُ عَبْدُ يَسُوعَ الْمَسِيحِ وَرَسُولُهُ، إلى الَّذِينَ نَالُوا مَعَنَا إيمَاناً مُكَرَّمَاً مُسَاوِياً…
katameros:1230,reference,,,draft,0,,,لا يَئِنَّ بَعْضُكُمْ عَلَى بَعْضٍ يا إخْوَتي لِئَلاَّ تُدَانُوا. هُوَذا الدَّيَّانُ وَاقِفٌ عَلَى الأبْوَابِ. خُذُوا ل…
katameros:1231,reference,,,draft,0,,,وَكَانَ يُوجَدُ يَهُودِيٌّ اسْمُهُ أَبلُّوسُ، إسْكَنْدَرِيُّ الْجِنْسِ، رَجُلٌ فَصِيحٌ قَدُمَ إلى أَفَسُسَ مُقْتَدِرٌ ف…
katameros:1232,reference,,,draft,0,,,الصِّدِّيقُ كَالنَّخْلَةِ يُزْهِرُ، وَكَمِثْلِ أَرْزِ لُبْنَانَ يَنْمُو. مَغْرُوسِينَ في بَيْتِ الرَّبِّ، وفي دِيَارِ ب…
katameros:1233,reference,,,draft,0,,,لاَ تَخَفْ، أَيهَا الْقَطِيعُ الصَّغِيرُ، فَإنَّ أَباكُمْ قَدْ سُرَّ أَنْ يُعْطِيَكُمُ الْمَلَكُوتَ. بِيعُوا أَمْتعَتَك…
katameros:1234,reference,,,draft,0,,,رَفَعْتُ مُخْتَاراً مِنْ شَعْبِي. وَجَدْتُ دَاوُدَ عَبْدِي، مَسَحْتُهُ بِدُهْنٍ مُقَدَّسٍ، لأنَّ يَدِي تُعَضِّدُهُ.   ه…
katameros:1235,reference,,,draft,0,,,لا تَظُنُّوا أني جِئْتُ لأُلْقِيَ سَلاَماً عَلَى الأَرْضِ، مَا جِئْتُ لأُلْقِيَ سَلاماً بَلْ سَيْفاً. فَإنِّي أَتَيْتُ …
katameros:1236,reference,,,draft,0,,,كَهَنَتُكَ يَلْبَسُونَ الْبِرَّ، وقِدِّيسُوكَ يَبْتَهِجُونَ مِنْ أَجْلِ دَاوُدَ عَبْدِكَ. هَيَّأْتُ سِرَاجاً لِمَسِيحِي…
katameros:1237,reference,,,draft,0,,,وَنَزَلَ مَعَهُمْ وَوَقَفَ في مَوْضِعٍ خَلاءٍ، مَعَ جَمْعٍ مِنْ تَلامِيذِهِ، وَجُمْهورٍ كَثِيرٍ مِنَ الشَّعْبِ، مِنْ جَ…
katameros:1238,reference,,,draft,0,,,فَإنَّهُ يَصِيرُ إبْطَالُ الْوَصِيَّةِ الأُولَى مِنْ أَجْلِ ضَعْفِهَا وَعَدَمِ نَفْعِهَا، إذِ النَّامُوسُ لَمْ يُكَمِّل…
katameros:1239,reference,,,draft,0,,,مِنَ الشَّيْخِ، إلى غَايُوسَ الْحَبِيبِ الَّذِي أنا أُحِبُّهُ بِالْحَقِّ. أيهَا الْحَبِيبُ، في كُلِّ شَيْءٍ أَرُومُ أَن…
katameros:124,reference,,,draft,0,,,"وَبَعْدَمَا سَكَتَا، أَجَابَ يَعْقُوبُ قَائِلاً: "" أيهَا الرِّجَالُ إخْوَتُنَا، اسْمَعُونِي. سِمْعَانُ قَدْ أَخْبَرَ كَ…"
katameros:1240,reference,,,draft,0,,,"مِنْ بَعْدِ أيامٍ قَالَ بُولُسُ لِبَرْنَابَا: "" لِنَرْجِعْ وَنَتَفَقَّدِ الإخْوَةَ في كُلِّ مَدِينَةٍ بَشَّرْنَا فِيهَا…"
katameros:1241,reference,,,draft,0,,,مُوسَى وَهَارُونُ في كَهَنَتِهِ، وَصَمُوئيلُ في الَّذِينَ يَدْعُونَ بِاسْمِهِ. كَانُوا يَدْعُونَ الرَّبَّ وَهُوَ كَانَ …
katameros:1242,reference,,,draft,0,,,""" الْحَقَّ الْحَقَّ أَقُولُ لَكُمْ: إنَّكُمْ سَتَبْكُونَ وَتَنُوحُونَ وَالْعَالَمُ يَفْرَحُ. أَنْتُمْ سَتَحْزَنُونَ، وَ…"
katameros:1243,reference,,,draft,0,,,اعْلَمُوا أنَّ الرَّبَّ قَدْ جَعَلَ قُدُّوسَهُ عَجَبَاً. الرَّبُّ يَسْتَجِيبُ لي إذَا مَا صَرَخْتُ إلَيْهِ. قَدِ ارْتَس…
katameros:1244,reference,,,draft,0,,,لَيْسَ تِلْمِيذٌ أَفْضَلَ مِنْ مُعَلِّمِهِ، وَلا عَبْدٌ أَفْضَلَ مِنْ سَيِّدِهِ. يَكْفِي التِّلْمِيذَ أنْ يَصِيرَ كَمُع…
katameros:1245,reference,,,draft,0,,,سَبِّحُوا أيهَا الْفِتْيَانُ الرَّبَّ، سَبِّحُوا اسْمَ الرَّبِّ، لِيَكُنْ اسْمُ الرَّبِّ مُبَارَكَاً، مِنَ الآنَ وَإلى …
katameros:1246,reference,,,draft,0,,,"وَدَعَا الْجَمْعَ وَتَلامِيذَهُ وَقَالَ لَهُمْ: "" مَنْ أرَادَ أنْ يَأتيَ وَرَائِي فَلْيُنْكِرْ نَفْسَهُ وَيَحْمِلْ صَلِ…"
katameros:1247,reference,,,draft,0,,,لأنَّ كُلَّ الَّذِينَ يَنْقَادُونَ بِرُوحِ اللَّهِ، فَأُولئِكَ هُمْ أَبنَاءُ اللَّهِ. إذْ لَمْ تَأْخُذُوا رُوحَ الْعُبُ…
katameros:1248,reference,,,draft,0,,,أيهَا الأحِبَّاءُ، أَطْلُبُ إلَيْكُمْ كَغُرَبَاءَ وَنُزَلاَءَ، أنْ تَبْتَعِدُوا عَنِ الشَّهَوَاتِ الْجَسَدِيَّةِ التي ت…
katameros:1249,reference,,,draft,0,,,وَكَانَ اللَّهُ يَصْنَعُ عَلَى يَدَيْ بُولُسَ قُوَّاتٍ كَثِيرَةً، حَتَّى إِنَّهُمْ كَانُوا يَأخُذُونَ مَنادِيلَ وَخِرَق…
katameros:125,reference,,,draft,0,,,اِسْتَمِعْ يَا اللَّهُ طِلْبَتِي، أصْغِ إلى صَلاَتِي. عَلَى الصَّخْرَةِ رَفَعْتَنِي وَأَرْشَدْتَنِي. صِرْتَ رَجَائِي وَ…
katameros:1250,reference,,,draft,0,,,جُزْنا في النَّارِ وَالْمَاءِ، وَأَخْرَجْتَنَا إلى الرَّاحَةِ. أَدْخُلُ إلى بَيْتِكَ بِالْمُحْرَقَاتِ، وَأُوفِيكَ النُّ…
katameros:1251,reference,,,draft,0,,,وَقَبْلَ هَذَا كُلِّهِ يُلْقُونَ أَيْدِيَهُمْ عَلَيْكُمْ وَيَطْرُدُونَكُمْ، وَيُسَلِّمُونَكُمْ إلى مَجَامِعَ وَسُجُونٍ،…
katameros:1252,reference,,,draft,0,,,وَليَفْرَحْ جَمِيعُ الْمُتَّكِلِينَ عَلَيْكَ، إلَى الأَبدِ يُسَرُّونَ. لأنكَ أنْتَ بَارَكْتَ الصِّدِّيقَ يَارَبُّ. مِثْ…
katameros:1253,reference,,,draft,0,,,لَيْسَ تِلْمِيذٌ أَفْضَلَ مِنْ مُعَلِّمِهِ، وَلا عَبْدٌ أَفْضَلَ مِنْ سَيِّدِهِ. يَكْفِي التِّلْمِيذَ أنْ يَصِيرَ كَمُع…
katameros:1254,reference,,,draft,0,,,كَثِيرَةٌ هيَ أَحْزَانُ الصِّدِّيقِينَ، وَمِنْ جَمِيعِهَا يُنَجِّيهِمِ الرَّبُّ. يَحْفَظُ الرَّبُّ جَمِيعَ عِظَامِهِمْ.…
katameros:1255,reference,,,draft,0,,,وَكَانَ قَوْمٌ يُونَانِيُّونَ مِنَ الَّذِينَ صَعِدُوا لِيَسْجُدُوا في الْعِيدِ. فَتَقَدَّمَ هؤُلاءِ إلى فِيلُبُّسَ الَّ…
katameros:1256,reference,,,draft,0,,,أَقُولُ أيْضاً: لِئَلاَّ يَظُنَّ أَحَدٌ إنِّي غَبِيٌّ. وَإلاَّ فاقْبَلُوني وَلَوْ كَغَبِيٍّ، لأَفْتَخِرَ أنَا أيْضاً قَ…
katameros:1257,reference,,,draft,0,,,وَهَذِهِ هِيَ الْكَلِمَةُ الَّتي بُشِّرْتُمْ بِهَا. فَاطْرَحُوا عَنْكُمْ إذاً كُلَّ شَرٍّ وَكُلَّ غِشٍّ وَكُلَّ رِيَاءٍ…
katameros:1258,reference,,,draft,0,,,وَفى تِلْكَ الأيامِ إذْ تَكَاثَرَ التَّلامِيذُ، حَدَثَ تَذَمُّرٌ مِنَ الْيُونَانِيِّينَ عَلَى الْعِبْرَانِيِّينَ بِأنَّ…
katameros:1259,reference,,,draft,0,,,أَدْرَكْتَهُ بِبَرَكَاتِ صَلاحِكَ. وَوَضَعْتَ عَلَى رَأْسِهِ إكْلِيلاً مِنْ حَجَرٍ كَرِيمٍ. مَجْدُهُ عَظِيمٌ بِخَلاَصِك…
katameros:126,reference,,,draft,0,,,"وَكَانَ جُمُوعٌ كَثِيرَةٌ سَائِرِينَ مَعَهُ، فَالْتَفَتَ وَقَالَ لَهُمْ: "" مَنْ يَأتِي إلَيَّ وَلا يُبْغِضُ أباهُ وَأُم…"
katameros:1260,reference,,,draft,0,,,وَبَعَدَ ذلِكَ عَيَّنَ الرَّبُّ سَبْعِينَ آخَرِينَ، وَأَرْسَلَهُمُ اثْنَيْنِ اثْنَيْنِ أمَامَ وَجْهِهِ إلى كُلِّ مَدِين…
katameros:1261,reference,,,draft,0,,,أَعْمَالٌ مَجِيدَةٌ قَدْ قِيلَتْ لأَجْلِكِ، يَا مَدِينةَ اللَّهِ. وَهُوَ الْعَلِيُّ الَّذِي أسَّسَهَا إلى الأَبدِ. لأنَ…
katameros:1262,reference,,,draft,0,,,وَفِيمَا هُمْ سَائِرُونَ دَخَلَ قَرْيَةً، فَقَبِلَتْهُ امْرَأَةٌ اسْمُهَا مَرْثَا في بَيْتِهَا. وَكَانَتْ لِهذِهِ أُخْت…
katameros:1263,reference,,,draft,0,,,كَمِثْلِ مَا سَمِعْنَا كَذلِكَ رَأَيْنَا، في مَدِينَةِ رَبِّ الْقُوَّاتِ في مَدِينَةِ إلَهِنَا. عَظِيمٌ هُوَ الرَّبُّ و…
katameros:1264,reference,,,draft,0,,,الإنْسَانُ الصَّالِحُ مِنْ كَنْزِهِ الصَّالِحِ يُخْرِجُ الصَّلاَحَ. والإنْسَانُ الشِّرِّيرُ مِنْ كَنْزِهِ الشِّرِّيرِ ي…
katameros:1265,reference,,,draft,0,,,فَأمَّا القُبَّةُ الأُولَى فَكَانَ فِيها وَصَايَا الْخِدْمَةِ وَقُدسٌ مُزيَّنٌ، لأنَّ القُبَّةَ الأُولَى صُنِعَتْ وَهيَ…
katameros:1266,reference,,,draft,0,,,مِنَ الشَّيخِ إلى السَّيِّدَةِ الْمُخْتَارَةِ، وَإلى أَوْلاَدِهَا الَّذِينَ أَنا أُحِبُّهُمْ بِالْحَقِّ، وَلَسْتُ أَنا …
katameros:1267,reference,,,draft,0,,,الْكَلاَمُ الأوَّلُ أَنْشَأْتُهُ يَا ثَاؤفِيلُسُ، عَنْ جَمِيعِ مَا ابْتَدَأَ يَسُوعُ يَفْعَلُهُ وَيُعَلِّمُ بِهِ، إلى ا…
katameros:1268,reference,,,draft,0,,,وَلَهُ تَسْجُدُ بَنَاتُ صُورَ بِالْهَدَايَا، وَيَتَلَقَّوْنَ وَجْهَهُ أَغْنِيَاءُ شَعْبِ الأَرْضِ. كُلُّ مَجْدِ ابْنَةِ…
katameros:1269,reference,,,draft,0,,,فَقَامَتْ مَرْيَمُ في تِلْكَ الأيامِ وَذَهَبَتْ بِسُرْعَةٍ إلى الْجَبَلِ إلى مَدِينَةِ يَهُوذَا، وَدَخَلَتْ بَيْتَ زَكَ…
katameros:127,reference,,,draft,0,,,وَليَفْرَحْ جَمِيعُ الْمُتَّكِلِينَ عَلَيْكَ، إلَى الأَبدِ يُسَرُّونَ. لأنكَ أنْتَ بَارَكْتَ الصِّدِّيقَ يَارَبُّ. مِثْ…
katameros:1270,reference,,,draft,0,,,افْرَحُوا أيهَا الصِّدِّيقُونَ بِالرَّبِّ وَتَهَلَّلُوا. لِلْمُسْتَقِيمِينَ يَنْبَغِي التَّسْبِيحُ. مِنْ أَجْلِ هذَا يَ…
katameros:1271,reference,,,draft,0,,,وَكَأنمَا إنْسَانٌ مُسَافِرٌ دَعَا عَبِيدَهُ وَسَلَّمَهُمْ أَمْوَالَهُ، فَأَعْطَى وَاحِداً خَمْسَ وَزَنَاتٍ، وَآخَرَ وَ…
katameros:1272,reference,,,draft,0,,,ابْتَهِجُوا أيهَا الصِّدِّيقُونَ بِالرَّبِّ. لِلْمُسْتَقِيمِينَ يَنْبَغِي التَّسْبِيحُ. طُوبَى لِلأُمَّةِ التِي الرَّبُ…
katameros:1273,reference,,,draft,0,,,وَإذْ كَانُوا يَسْمَعُونَ هذَا عَادَ فَقَالَ مَثَلاً، لأنهُ كَانَ قَرِيباً مِنْ أُورُشَلِيمَ، وَكَانُوا يَظُنُّونَ أنَّ…
katameros:1274,reference,,,draft,0,,,فإنَّ وَطَنِيَّتَنَا نَحنُ هيَ في السَّمَواتِ. ومِنْ هُناكَ نَنْتَظِرُ مُخَلِّصَنَا: رَبَّنَا يَسُوعَ الْمَسِيحَ، هذَا …
katameros:1275,reference,,,draft,0,,,لا يَئِنَّ بَعْضُكُمْ عَلَى بَعْضٍ يا إخْوَتي لِئَلاَّ تُدَانُوا. هُوَذا الدَّيَّانُ وَاقِفٌ عَلَى الأبْوَابِ. خُذُوا ل…
katameros:1276,reference,,,draft,0,,,أَمَّا الَّذِينَ تَشَتَّتُوا مِنَ الضِّيقِ الَّذِي حَلَّ عَلَى اسْتِفَانُوسَ فَأَتوْا إلى فِينِيقِيَةَ وَقُبْرُسَ وَأنْ…
katameros:1277,reference,,,draft,0,,,كَثِيرَةٌ هِيَ أَحْزَانُ الصِّدِّيقِينَ، وَمِنْ جَمِيعِهَا يُنَجِّيهِمِ الرَّبُّ. وَالصِّدِّيقُونَ يَفْرَحُونَ وَيَتَهَ…
katameros:1278,reference,,,draft,0,,,لاَ تَخَفْ، أَيهَا الْقَطِيعُ الصَّغِيرُ، فَإنَّ أَباكُمْ قَدْ سُرَّ أَنْ يُعْطِيَكُمُ الْمَلَكُوتَ. بِيعُوا أَمْتعَتَك…
katameros:1279,reference,,,draft,0,,,رَفَعْتُ مُخْتَاراً مِنْ شَعْبِي. وَجَدْتُ دَاوُدَ عَبْدِي، مَسَحْتُهُ بِدُهْنٍ مُقَدَّسٍ، لأنَّ يَدِي تُعَضِّدُهُ.   ه…
katameros:128,reference,,,draft,0,,,لَيْسَ تِلْمِيذٌ أَفْضَلَ مِنْ مُعَلِّمِهِ، وَلا عَبْدٌ أَفْضَلَ مِنْ سَيِّدِهِ. يَكْفِي التِّلْمِيذَ أنْ يَصِيرَ كَمُع…
katameros:1280,reference,,,draft,0,,,لا تَظُنُّوا أني جِئْتُ لأُلْقِيَ سَلاَماً عَلَى الأَرْضِ، مَا جِئْتُ لأُلْقِيَ سَلاماً بَلْ سَيْفاً. فَإنِّي أَتَيْتُ …
katameros:1281,reference,,,draft,0,,,كَهَنَتُكَ يَلْبَسُونَ الْبِرَّ، وقِدِّيسُوكَ يَبْتَهِجُونَ مِنْ أَجْلِ دَاوُدَ عَبْدِكَ. هَيَّأْتُ سِرَاجاً لِمَسِيحِي…
katameros:1282,reference,,,draft,0,,,وَنَزَلَ مَعَهُمْ وَوَقَفَ في مَوْضِعٍ خَلاءٍ، مَعَ جَمْعٍ مِنْ تَلامِيذِهِ، وَجُمْهورٍ كَثِيرٍ مِنَ الشَّعْبِ، مِنْ جَ…
katameros:1283,reference,,,draft,0,,,فَإنَّهُ يَصِيرُ إبْطَالُ الْوَصِيَّةِ الأُولَى مِنْ أَجْلِ ضَعْفِهَا وَعَدَمِ نَفْعِهَا، إذِ النَّامُوسُ لَمْ يُكَمِّل…
katameros:1284,reference,,,draft,0,,,مِنَ الشَّيْخِ، إلى غَايُوسَ الْحَبِيبِ الَّذِي أنا أُحِبُّهُ بِالْحَقِّ. أيهَا الْحَبِيبُ، في كُلِّ شَيْءٍ أَرُومُ أَن…
katameros:1285,reference,,,draft,0,,,"مِنْ بَعْدِ أيامٍ قَالَ بُولُسُ لِبَرْنَابَا: "" لِنَرْجِعْ وَنَتَفَقَّدِ الإخْوَةَ في كُلِّ مَدِينَةٍ بَشَّرْنَا فِيهَا…"
katameros:1286,reference,,,draft,0,,,مُوسَى وَهَارُونُ في كَهَنَتِهِ، وَصَمُوئيلُ في الَّذِينَ يَدْعُونَ بِاسْمِهِ. كَانُوا يَدْعُونَ الرَّبَّ وَهُوَ كَانَ …
katameros:1287,reference,,,draft,0,,,""" الْحَقَّ الْحَقَّ أَقُولُ لَكُمْ: إنَّكُمْ سَتَبْكُونَ وَتَنُوحُونَ وَالْعَالَمُ يَفْرَحُ. أَنْتُمْ سَتَحْزَنُونَ، وَ…"
katameros:1288,reference,,,draft,0,,,تُبَادِرُ الرُّؤَسَاءُ إلى كُلِّ الْمُرَتِّلِيْنَ، في وَسَطِ صَبَايَا ضَارِبَاتٍ بِالدُّفُوفِ. بَارِكُوا اللَّهَ في الْ…
katameros:1289,reference,,,draft,0,,,وَفِيمَا كَانَ يَسُوعُ في بَيْتِ عَنْيَا في بَيْتِ سِمْعَانَ الأَبْرَصِ، جَاءَتْ إلَيْهِ امْرَأةٌ مَعَهَا قَارُورَةُ طِ…
katameros:129,reference,,,draft,0,,,كَثِيرَةٌ هيَ أَحْزَانُ الصِّدِّيقِينَ، وَمِنْ جَمِيعِهَا يُنَجِّيهِمِ الرَّبُّ. يَحْفَظُ الرَّبُّ جَمِيعَ عِظَامِهِمْ.…
katameros:1290,reference,,,draft,0,,,مِنْ أَفْوَاهِ الأَطْفَالِ وَالرُّضعَانِ هَيَّأتَ سُبْحَاً؛ لأني أَرَى السَّمَوَاتِ أَعْمَالَ أصَابِعِكَ، الْقَمَرَ وَا…
katameros:1291,reference,,,draft,0,,,"قَالَتْ لَهُ الْمَرْأَةُ: "" يَا سَيِّدي أَعْطِنِي هذَا الْمَاءَ؛ لِكَيْ لا أَعْطَشَ وَلا آتِيَ إلى هُنَا لأَسْتَقِيَ "".…"
katameros:1292,reference,,,draft,0,,,سِيرُوا إذاً كَأَوْلاَدِ النُّورِ؛ لأنَّ ثَمَرَ النُّورِ هُوَ في كُلِّ صَلاَحٍ وَبِرٍّ وَحَقٍّ. مُخْتَبِرِينَ مَا هُوَ …
katameros:1293,reference,,,draft,0,,,لأنهُ هَكَذَا كَانَتْ قَدِيماً النِّسَاءُ الْقِدِّيسَاتُ الْمُتَوَكِّلاَتُ أيْضاً عَلَى اللَّهِ، يُزَيِّنَّ أَنْفُسَهُن…
katameros:1294,reference,,,draft,0,,,وَلكِنْ حَدَثَ لَمَّا اسْتَكْمَلْنَا الأيامَ خَرَجْنَا وَمَشَيْنَا، وَهُمْ يُشَيِّعُونَنَا، مَعَ نِسَاءٍ أيْضاً وَأَوْل…
katameros:1295,reference,,,draft,0,,,يُدْخِلْنَ للْمَلِكِ عَذَارَى في إثْرِهَا. جَمِيعُ صَاحِبَاتِهَا لَهُ يُقَدَّمْنَ. يُدْخِلْنَهُنَّ بِفَرَحٍ وَابْتِهَاج…
katameros:1296,reference,,,draft,0,,,حِينَئِذٍ يُشْبِهُ مَلَكُوتُ السَّمَوَاتِ عَشْرَ عَذَارَى، أَخَذْنَ مَصَابِيحَهُنَّ وَخَرَجْنَ لِلِقَاءِ الْعَرِيسِ. وَ…
katameros:1297,reference,,,draft,0,,,طُوبَى لِمَنْ اخْتَرْتَهُ وَقَبِلْتَهُ، يَسْكُنُ في دِيَارِكَ إلى الأَبدِ. اسْتَجِبْ لَنَا يَا اللَّهُ مُخَلِّصُنَا، يَ…
katameros:1298,reference,,,draft,0,,,اسْهَرُوا إذَاً لأَنكُمْ لا تَعْلَمُونَ في أَيةِ سَاعَةٍ يَأتِي رَبكُمْ. وَاعْلَمُوا هَذَا: أنهُ لَوْ كَانَ رَبُّ الْبَ…
katameros:1299,reference,,,draft,0,,,الرَّبُّ يُعَضِّدُ الصِّدِّيقِينَ، يَعْرِفُ الرَّبُّ طَرِيقَ الَّذِينَ لا عَيْبَ فِيهِمْ. وَيَكُونُ مِيرَاثَهُمْ إلى ال…
katameros:13,reference,,,draft,0,,,فَسَمِعَ هِيرُودِسُ رَئِيسُ الرُّبْعِ بكُلِّ مَا كَانَ مِنْهُ، فَكَانَ حَزِينُ الْقَلْبِ، لأنَّ قَوْماً كَانُوا يَقُولُ…
katameros:130,reference,,,draft,0,,,وَكَانَ قَوْمٌ يُونَانِيُّونَ مِنَ الَّذِينَ صَعِدُوا لِيَسْجُدُوا في الْعِيدِ. فَتَقَدَّمَ هؤُلاءِ إلى فِيلُبُّسَ الَّ…
katameros:1300,reference,,,draft,0,,,اُنْظُرُوا، اسْهَرُوا وَصَلُّوا؛ لأَنكُمْ لا تَعْرفُونَ مَتَى يَكُونُ الْوَقْتُ. كَأنمَا إنْسَانٌ مسَافِرٌ تَرَكَ بَيْت…
katameros:1301,reference,,,draft,0,,,"لأَنهُ إذَا قَالَ وَاحِدٌ: "" أَنا لِبُولُسَ "" وَآخَرُ: "" أَنا لأَبلُّوسَ "" أَفَلَسْتُمْ بَشَرِيِّينَ؟

فَمَنْ هُوَ أَبل…"
katameros:1302,reference,,,draft,0,,,كَذلِكَ أَنْتُمْ أيهَا الشُّبَّانُ، اخْضَعُوا لِلشُّيُوخِ، وَكُونُوا جَمِيعاً مُتَسَرْبِلِينَ بِالتَّوَاضُعِ بَعْضُكُمْ…
katameros:1303,reference,,,draft,0,,,وَكَانَ يُوجَدُ يَهُودِيٌّ اسْمُهُ أَبلُّوسُ، إسْكَنْدَرِيُّ الْجِنْسِ، رَجُلٌ فَصِيحٌ قَدُمَ إلى أَفَسُسَ مُقْتَدِرٌ ف…
katameros:1304,reference,,,draft,0,,,فَمُ الصِّدِّيقِ يَتْلُو الْحِكْمَةَ، وَلِسَانُهُ يَنْطِقُ بِالْحُكْمِ. نَامُوسُ اللَّهِ في قَلْبِهِ. وَلا تَتَعَرْقَلُ…
katameros:1305,reference,,,draft,0,,,"وَقَالَ أيْضاً لِتَلامِيذِهِ: "" كَانَ إنْسَانٌ غَنِيٌّ لَهُ وَكِيلٌ، فَوُشِيَ بِهِ إلَيْهِ بِأَنهُ يُبَذِّرُ أَمْوَالَه…"
katameros:1306,reference,,,draft,0,,,افْرَحُوا أيهَا الصِّدِّيقُونَ بِالرَّبِّ وَتَهَلَّلُوا. لِلْمُسْتَقِيمِينَ يَنْبَغِي التَّسْبِيحُ. مِنْ أَجْلِ هذَا يَ…
katameros:1307,reference,,,draft,0,,,لا تَظُنُّوا أني جِئْتُ لأُلْقِيَ سَلاَماً عَلَى الأَرْضِ، مَا جِئْتُ لأُلْقِيَ سَلاماً بَلْ سَيْفاً. فَإنِّي أَتَيْتُ …
katameros:1308,reference,,,draft,0,,,ابْتَهِجُوا أيهَا الصِّدِّيقُونَ بِالرَّبِّ. لِلْمُسْتَقِيمِينَ يَنْبَغِي التَّسْبِيحُ. طُوبَى لِلأُمَّةِ التِي الرَّبُ…
katameros:1309,reference,,,draft,0,,,وَنَزَلَ مَعَهُمْ وَوَقَفَ في مَوْضِعٍ خَلاءٍ، مَعَ جَمْعٍ مِنْ تَلامِيذِهِ، وَجُمْهورٍ كَثِيرٍ مِنَ الشَّعْبِ، مِنْ جَ…
katameros:131,reference,,,draft,0,,,أَقُولُ أيْضاً: لِئَلاَّ يَظُنَّ أَحَدٌ إنِّي غَبِيٌّ. وَإلاَّ فاقْبَلُوني وَلَوْ كَغَبِيٍّ، لأَفْتَخِرَ أنَا أيْضاً قَ…
katameros:1310,reference,,,draft,0,,,فَتَفَكَّرُوا في الَّذِي احْتَمَلَ هكَذَا مِنَ الْخُطَاةِ الْمُقَاوِمِينَ لِنِفُوسِهِمْ وَحْدَهُمْ لِئَلاَّ تَكِلُّوا و…
katameros:1311,reference,,,draft,0,,,يَا أَحِبْائِي، لا تَسْتَغْرِبُوا الْبَلْوَى الْمُحْرِقَةَ التي تَحْدُث بَيْنَكُمْ، لأَجْلِ تَجرِبَتِكُمْ، كَأنهُ أَمْر…
katameros:1312,reference,,,draft,0,,,وَأمَّا شَاوُلُ فَكَانَ يَضْطَهِدُ الكَنِيسَةَ، وَهُوَ يَدْخُلُ الْبُيُوتَ وَيَجُرُّ رِجَالاً وَنِسَاءً وَيُسَلِّمُهُمْ…
katameros:1313,reference,,,draft,0,,,كَثِيرَةٌ هيَ أَحْزَانُ الصِّدِّيقِينَ، وَمِنْ جَمِيعِهَا يُنَجِّيهِمِ الرَّبُّ. يَحْفَظُ الرَّبُّ جَمِيعَ عِظَامِهِمْ.…
katameros:1314,reference,,,draft,0,,,وَكَانَ يَسُوعُ يَطُوفُ في كُلِّ الْجَلِيلِ يُعَلِّمُ في مَجَامِعِهِمْ، وَيَكْرِزُ بِبِشَارَةِ الْمَلَكُوتِ، وَيَشْفِي …
katameros:1315,reference,,,draft,0,,,قَدْ ارْتَسَمَ عَلَيْنَا نُورُ وَجْهِكَ يَارَبُّ. أَعْطيتَ سُرُوراً لِقَلْبِي؛ لأنكَ أنْتَ وَحْدَكَ يَارَبُّ، أَسْكَنْت…
katameros:1316,reference,,,draft,0,,,"حِينَئِذٍ قَالَ يَسُوعُ لِتَلامِيذِهِ: "" مَنْ أَرَادَ أنْ يَتْبَعْنِي فَلْيُنْكِرْ نَفْسَهُ وَيَحْمِلْ صَلِيبَهُ وَيَتْ…"
katameros:1317,reference,,,draft,0,,,يَفْتَخِرُ بِكَ كُلُّ الَّذِينَ يُحِبُّونَ اسْمَكَ؛ لأَنكَ أَنْتَ يَارَبُّ بَارَكْتَ الصِّدِّيقَ. مِثْلَ سِلاَحِ الْمَس…
katameros:1318,reference,,,draft,0,,,لا تَظُنُّوا أني جِئْتُ لأُلْقِيَ سَلاَماً عَلَى الأَرْضِ، مَا جِئْتُ لأُلْقِيَ سَلاماً بَلْ سَيْفاً. فَإنِّي أَتَيْتُ …
katameros:1319,reference,,,draft,0,,,لأني أَظُنُّ أنَّ آلامَ هذَا الزَّمَانِ الْحَاضِرِ لا تُقَاسُ بِالْمَجْدِ الْعَتِيدِ أنْ يُسْتَعْلَنَ فِينَا. لأنَّ انْ…
katameros:132,reference,,,draft,0,,,وَهَذِهِ هِيَ الْكَلِمَةُ الَّتي بُشِّرْتُمْ بِهَا. فَاطْرَحُوا عَنْكُمْ إذاً كُلَّ شَرٍّ وَكُلَّ غِشٍّ وَكُلَّ رِيَاءٍ…
katameros:1320,reference,,,draft,0,,,وَالنِّهَايَةُ، كُونُوا جَمِيعَاً بِرَأيٍ وَاحِدٍ، وَكُونُوا مُشْتَرِكِينَ في الآلامِ. وَكُونُوا مُحِبِّينَ الإخْوَةَ، …
katameros:1321,reference,,,draft,0,,,وَحَدَثَ في ذَلِكَ الْوَقْتِ اضطرَابٌ لَيْسَ بِقَلِيلٍ بِسَبَبِ الطَّرِيقِ؛ لأنَّ وَاحداً اسْمُهُ دِيمِتْرِيُوس، صَائِغ…
katameros:1322,reference,,,draft,0,,,عَجِيبٌ هُوَ اللَّهُ في قِدِّيسِيهِ. إلَهُ إسْرَائِيلَ هُوَ يُعْطِي قُوَّةً وَعِزَّاً لِشَعْبِهِ. وَالصِّدِّيقُونَ يَفْ…
katameros:1323,reference,,,draft,0,,,وَلكِنْ أَقُولُ لَكُمْ يَا أَصْدِقَائِي: لا تَخَافُوا مِنَ الَّذِينَ يَقْتُلُونَ جَسَدَكُمْ، وَبَعْدَ ذلِكَ لَيْسَ لَهُ…
katameros:1324,reference,,,draft,0,,,عَجِيبٌ هُوَ اللَّهُ في قِدِّيسِيهِ. إلَهُ إسْرَائِيلَ هُوَ يُعْطِي قُوَّةً وَعِزَّاً لِشَعْبِهِ. وَالصِّدِّيقُونَ يَفْ…
katameros:1325,reference,,,draft,0,,,هَا أَنَا أُرْسِلُكُمْ كَخِرَافٍ في وَسَطِ ذِئَابٍ فَكُونُوا حُكَمَاءَ كَالْحَيَّاتِ وَبُسَطَاءَ كَالْحَمَامِ. وَاحْذَر…
katameros:1326,reference,,,draft,0,,,نُورٌ أَشْرَقَ لِلصِّدِّيقِينَ، وَفَرَحٌ لِلْمُسْتَقِيمِينَ بِقَلْبِهِمْ. افْرَحُوا أيهَا الصِّدِّيقُونَ بِالرَّبِّ، وَ…
katameros:1327,reference,,,draft,0,,,فَانْظُرُوا إلى نُفُوسِكُمْ. لأنهُمْ سَيُسَلِّمُونَكُمْ إلى مَجَالِسَ، وَسَيَضْربُونَكُمْ في الْمَحَافِلِ، وَتُوقَفُونَ…
katameros:1328,reference,,,draft,0,,,فَتَفَكَّرُوا في الَّذِي احْتَمَلَ هكَذَا مِنَ الْخُطَاةِ الْمُقَاوِمِينَ لِنِفُوسِهِمْ وَحْدَهُمْ لِئَلاَّ تَكِلُّوا و…
katameros:1329,reference,,,draft,0,,,يَا أَحِبْائِي، لا تَسْتَغْرِبُوا الْبَلْوَى الْمُحْرِقَةَ التي تَحْدُث بَيْنَكُمْ، لأَجْلِ تَجرِبَتِكُمْ، كَأنهُ أَمْر…
katameros:133,reference,,,draft,0,,,وَفى تِلْكَ الأيامِ إذْ تَكَاثَرَ التَّلامِيذُ، حَدَثَ تَذَمُّرٌ مِنَ الْيُونَانِيِّينَ عَلَى الْعِبْرَانِيِّينَ بِأنَّ…
katameros:1330,reference,,,draft,0,,,وَأمَّا خَيْمَةُ الشَّهَادَةِ فَكَانَتْ مَعَ آبَائِنَا في الْبَرِّيةِ، كَمَا أَمَرَ الَّذِي كَلَّمَ مُوسَى أنْ يَصْنَعَ…
katameros:1331,reference,,,draft,0,,,كَثِيرَةٌ هيَ أَحْزَانُ الصِّدِّيقِينَ، وَمِنْ جَمِيعِهَا يُنَجِّيهِمِ الرَّبُّ. يَحْفَظُ الرَّبُّ جَمِيعَ عِظَامِهِمْ.…
katameros:1332,reference,,,draft,0,,,وَفِيمَا هُوَ يَقُولُ هذَا، ابْتَدَأَ الْكَتَبَةُ وَالْفَرِّيسِيُّونَ يَنْظُرُونَ رَدِيَّاً، وَيُكَلِّمُونَهُ في أُمُور…
katameros:1333,reference,,,draft,0,,,تُبَادِرُ الرُّؤَسَاءُ إلى كُلِّ الْمُرَتِّلِيْنَ، في وَسَطِ صَبَايَا ضَارِبَاتٍ بِالدُّفُوفِ. بَارِكُوا اللَّهَ في الْ…
katameros:1334,reference,,,draft,0,,,وَفِيمَا كَانَ يَسُوعُ في بَيْتِ عَنْيَا في بَيْتِ سِمْعَانَ الأَبْرَصِ، جَاءَتْ إلَيْهِ امْرَأةٌ مَعَهَا قَارُورَةُ طِ…
katameros:1335,reference,,,draft,0,,,مِنْ أَفْوَاهِ الأَطْفَالِ وَالرُّضعَانِ هَيَّأتَ سُبْحَاً؛ لأني أَرَى السَّمَوَاتِ أَعْمَالَ أصَابِعِكَ، الْقَمَرَ وَا…
katameros:1336,reference,,,draft,0,,,"قَالَتْ لَهُ الْمَرْأَةُ: "" يَا سَيِّدي أَعْطِنِي هذَا الْمَاءَ؛ لِكَيْ لا أَعْطَشَ وَلا آتِيَ إلى هُنَا لأَسْتَقِيَ "".…"
katameros:1337,reference,,,draft,0,,,سِيرُوا إذاً كَأَوْلاَدِ النُّورِ؛ لأنَّ ثَمَرَ النُّورِ هُوَ في كُلِّ صَلاَحٍ وَبِرٍّ وَحَقٍّ. مُخْتَبِرِينَ مَا هُوَ …
katameros:1338,reference,,,draft,0,,,لأنهُ هَكَذَا كَانَتْ قَدِيماً النِّسَاءُ الْقِدِّيسَاتُ الْمُتَوَكِّلاَتُ أيْضاً عَلَى اللَّهِ، يُزَيِّنَّ أَنْفُسَهُن…
katameros:1339,reference,,,draft,0,,,وَلكِنْ حَدَثَ لَمَّا اسْتَكْمَلْنَا الأيامَ خَرَجْنَا وَمَشَيْنَا، وَهُمْ يُشَيِّعُونَنَا، مَعَ نِسَاءٍ أيْضاً وَأَوْل…
katameros:134,reference,,,draft,0,,,أَدْرَكْتَهُ بِبَرَكَاتِ صَلاحِكَ. وَوَضَعْتَ عَلَى رَأْسِهِ إكْلِيلاً مِنْ حَجَرٍ كَرِيمٍ. مَجْدُهُ عَظِيمٌ بِخَلاَصِك…
katameros:1340,reference,,,draft,0,,,يُدْخِلْنَ للْمَلِكِ عَذَارَى في إثْرِهَا. جَمِيعُ صَاحِبَاتِهَا لَهُ يُقَدَّمْنَ. يُدْخِلْنَهُنَّ بِفَرَحٍ وَابْتِهَاج…
katameros:1341,reference,,,draft,0,,,حِينَئِذٍ يُشْبِهُ مَلَكُوتُ السَّمَوَاتِ عَشْرَ عَذَارَى، أَخَذْنَ مَصَابِيحَهُنَّ وَخَرَجْنَ لِلِقَاءِ الْعَرِيسِ. وَ…
katameros:1342,reference,,,draft,0,,,تُبَادِرُ الرُّؤَسَاءُ إلى كُلِّ الْمُرَتِّلِيْنَ، في وَسَطِ صَبَايَا ضَارِبَاتٍ بِالدُّفُوفِ. بَارِكُوا اللَّهَ في الْ…
katameros:1343,reference,,,draft,0,,,وَفِيمَا كَانَ يَسُوعُ في بَيْتِ عَنْيَا في بَيْتِ سِمْعَانَ الأَبْرَصِ، جَاءَتْ إلَيْهِ امْرَأةٌ مَعَهَا قَارُورَةُ طِ…
katameros:1344,reference,,,draft,0,,,مِنْ أَفْوَاهِ الأَطْفَالِ وَالرُّضعَانِ هَيَّأتَ سُبْحَاً؛ لأني أَرَى السَّمَوَاتِ أَعْمَالَ أصَابِعِكَ، الْقَمَرَ وَا…
katameros:1345,reference,,,draft,0,,,"قَالَتْ لَهُ الْمَرْأَةُ: "" يَا سَيِّدي أَعْطِنِي هذَا الْمَاءَ؛ لِكَيْ لا أَعْطَشَ وَلا آتِيَ إلى هُنَا لأَسْتَقِيَ "".…"
katameros:1346,reference,,,draft,0,,,سِيرُوا إذاً كَأَوْلاَدِ النُّورِ؛ لأنَّ ثَمَرَ النُّورِ هُوَ في كُلِّ صَلاَحٍ وَبِرٍّ وَحَقٍّ. مُخْتَبِرِينَ مَا هُوَ …
katameros:1347,reference,,,draft,0,,,لأنهُ هَكَذَا كَانَتْ قَدِيماً النِّسَاءُ الْقِدِّيسَاتُ الْمُتَوَكِّلاَتُ أيْضاً عَلَى اللَّهِ، يُزَيِّنَّ أَنْفُسَهُن…
katameros:1348,reference,,,draft,0,,,وَلكِنْ حَدَثَ لَمَّا اسْتَكْمَلْنَا الأيامَ خَرَجْنَا وَمَشَيْنَا، وَهُمْ يُشَيِّعُونَنَا، مَعَ نِسَاءٍ أيْضاً وَأَوْل…
katameros:1349,reference,,,draft,0,,,يُدْخِلْنَ للْمَلِكِ عَذَارَى في إثْرِهَا. جَمِيعُ صَاحِبَاتِهَا لَهُ يُقَدَّمْنَ. يُدْخِلْنَهُنَّ بِفَرَحٍ وَابْتِهَاج…
katameros:135,reference,,,draft,0,,,وَبَعَدَ ذلِكَ عَيَّنَ الرَّبُّ سَبْعِينَ آخَرِينَ، وَأَرْسَلَهُمُ اثْنَيْنِ اثْنَيْنِ أمَامَ وَجْهِهِ إلى كُلِّ مَدِين…
katameros:1350,reference,,,draft,0,,,حِينَئِذٍ يُشْبِهُ مَلَكُوتُ السَّمَوَاتِ عَشْرَ عَذَارَى، أَخَذْنَ مَصَابِيحَهُنَّ وَخَرَجْنَ لِلِقَاءِ الْعَرِيسِ. وَ…
katameros:1351,reference,,,draft,0,,,افْرَحُوا أيهَا الصِّدِّيقُونَ بِالرَّبِّ وَابْتَهِجُوا. وَافْتَخِرُوا يا جَمِيعَ مُسْتَقِيمِي الْقُلُوبِ. مِنْ أَجْلِ …
katameros:1352,reference,,,draft,0,,,وَكَأنمَا إنْسَانٌ مُسَافِرٌ دَعَا عَبِيدَهُ وَسَلَّمَهُمْ أَمْوَالَهُ، فَأَعْطَى وَاحِداً خَمْسَ وَزَنَاتٍ، وَآخَرَ وَ…
katameros:1353,reference,,,draft,0,,,طُوبَى لِلرَّجُلِ الْخَائِفِ مِنَ الرَّبِّ. وَيَهْوَى وَصَايَاه جِدّاً. يَقْوَى نَسْلُهُ عَلَى الأَرْضِ، وَيُبَارَكُ جِ…
katameros:1354,reference,,,draft,0,,,وَنَزَلَ مَعَهُمْ وَوَقَفَ في مَوْضِعٍ خَلاءٍ، مَعَ جَمْعٍ مِنْ تَلامِيذِهِ، وَجُمْهورٍ كَثِيرٍ مِنَ الشَّعْبِ، مِنْ جَ…
katameros:1355,reference,,,draft,0,,,فَإنَّهُ لَيْسَ بِالنَّامُوسِ أُعْطِيَ الْوَعْدُ لإبْرَاهِيمَ أوْ لِنَسْلِهِ أنْ يَكُونَ وَارِثاً لِلْعَالَمِ، بَلْ بِب…
katameros:1356,reference,,,draft,0,,,مُبَارَكٌ اللَّهُ أَبو رَبِّنَا يَسُوعَ الْمَسِيحِ، الَّذِي بِكَثْرَةِ رَحْمَتِهِ وَلَدَنَا ثَانِيَةً لِرَجَاءٍ حَيٍّ، …
katameros:1357,reference,,,draft,0,,,فَلَمَّا ابْتَدَأْتُ أَتَكَلَّمُ، حَلَّ الرُّوحُ القُدُسُ عَلَيْهِمْ كَمَا حَلَّ عَلِينَا نَحْنُ أيْضاً في البُدَاءَةِ.…
katameros:1358,reference,,,draft,0,,,في كُلِّ الأَرْضِ خَرَجَ مَنْطِقُهُمْ. وَإلى أَقْطَارِ الْمَسْكُونَةِ بَلَغَتْ أَقْوَالُهُمْ. كَهَنَتُكَ يَلْبَسُونَ ال…
katameros:1359,reference,,,draft,0,,,"وَلَمَّا جَاءَ يَسُوعُ إلى نَوَاحِي قَيْصَرِيَّةِ فِيلُبُّسَ سَألَ تَلاَمِيذَهُ قَائِلاً: "" مَاذا يَقُولُ النَّاسُ في ا…"
katameros:136,reference,,,draft,0,,,مَذابِحُكَ يَارَبُّ إلَهُ القُوَّاتِ، مَلِكِي وَإلهِي. طُوبَى لِكُلِّ السُّكَّانِ في بَيْتِكَ، يُبَارِكُونَكَ إلى أبدِ …
katameros:1360,reference,,,draft,0,,,افْرَحُوا أيهَا الصِّدِّيقُونَ بِالرَّبِّ وَابْتَهِجُوا. وَافْتَخِرُوا يا جَمِيعَ مُسْتَقِيمِي الْقُلُوبِ. مِنْ أَجْلِ …
katameros:1361,reference,,,draft,0,,,"وَكَانَتْ بَيْنَهُمْ أيْضاً مُشَاجَرَةٌ أنهُ مَنْ مِنْهُمْ يَكُونُ الأَكْبَرَ. فَقَالَ لَهُمْ: "" مُلُوكُ الأُمَمِ يَسُو…"
katameros:1362,reference,,,draft,0,,,ابْتَهِجُوا أيهَا الصِّدِّيقُونَ بِالرَّبِّ. لِلْمُسْتَقِيمِينَ يَنْبَغِي التَّسْبِيحُ. طُوبَى لِلأُمَّةِ التِي الرَّبُ…
katameros:1363,reference,,,draft,0,,,وَكَأنمَا إنْسَانٌ مُسَافِرٌ دَعَا عَبِيدَهُ وَسَلَّمَهُمْ أَمْوَالَهُ، فَأَعْطَى وَاحِداً خَمْسَ وَزَنَاتٍ، وَآخَرَ وَ…
katameros:1364,reference,,,draft,0,,,اُذْكُرُوا مُدَبِّرِيكُم الَّذِينَ كَلَّمُوكُمْ بِكَلِمَةِ اللَّهِ. هؤلاءِ الَّذِينَ تَنْظُرُونَ إلى نِهَايَةِ سِيرَتِه…
katameros:1365,reference,,,draft,0,,,أَطْلُبُ إلى الشُّيُوخِ الَّذِينَ بَيْنَكُمْ، أنا الشَّيْخَ شَرِيكَكُمْ، وَالشَّاهِدَ لآلاَمِ الْمَسِيحِ، وَشَرِيكَ الْ…
katameros:1366,reference,,,draft,0,,,فَسَكَتَ الْجُمْهُورُ كُلُّهُ. وَكَانُوا يَسْمَعُونَ بَرْنَابَا وَبُولُسَ يُحَدِّثَانِ بِجَمِيعِ مَا صَنَعَ اللَّهُ مِن…
katameros:1367,reference,,,draft,0,,,كَهَنَتُكَ يَلْبَسُونَ الْبِرَّ، وقِدِّيسُوكَ يَبْتَهِجُونَ مِنْ أَجْلِ دَاوُدَ عَبْدِكَ. اُذْكُرْ يَارَبُّ دَاودَ وَكُ…
katameros:1368,reference,,,draft,0,,,"وَجَاءَ إلى كَفْرِنَاحُومَ. وَلَمَّا دَخَلَ إلى الْبَيْتِ سَأَلَهُمْ: "" في أَيِّ شَيْءٍ كُنْتُمْ تُفَكِّرُونَ في الطَّر…"
katameros:1369,reference,,,draft,0,,,طُوبَى لِمَنْ اخْتَرْتَهُ وَقَبِلْتَهُ، يَسْكُنُ في دِيَارِكَ إلى الأَبدِ. اسْتَجِبْ لَنَا يَا اللَّهُ مُخَلِّصُنَا، يَ…
katameros:137,reference,,,draft,0,,,وَلَمَّا أَكْمَلَ أَقْوَالَهُ كُلَّهَا في مَسَامِعِ الشَّعْبِ دَخَلَ كَفْرَنَاحُومَ. وَكَانَ عَبْدٌ لِقَائِدِ مِئَةٍ، م…
katameros:1370,reference,,,draft,0,,,اسْهَرُوا إذَاً لأَنكُمْ لا تَعْلَمُونَ في أَيةِ سَاعَةٍ يَأتِي رَبكُمْ. وَاعْلَمُوا هَذَا: أنهُ لَوْ كَانَ رَبُّ الْبَ…
katameros:1371,reference,,,draft,0,,,الرَّبُّ يُعَضِّدُ الصِّدِّيقِينَ، يَعْرِفُ الرَّبُّ طَرِيقَ الَّذِينَ لا عَيْبَ فِيهِمْ. وَيَكُونُ مِيرَاثَهُمْ إلى ال…
katameros:1372,reference,,,draft,0,,,اُنْظُرُوا، اسْهَرُوا وَصَلُّوا؛ لأَنكُمْ لا تَعْرفُونَ مَتَى يَكُونُ الْوَقْتُ. كَأنمَا إنْسَانٌ مسَافِرٌ تَرَكَ بَيْت…
katameros:1373,reference,,,draft,0,,,"لأَنهُ إذَا قَالَ وَاحِدٌ: "" أَنا لِبُولُسَ "" وَآخَرُ: "" أَنا لأَبلُّوسَ "" أَفَلَسْتُمْ بَشَرِيِّينَ؟

فَمَنْ هُوَ أَبل…"
katameros:1374,reference,,,draft,0,,,كَذلِكَ أَنْتُمْ أيهَا الشُّبَّانُ، اخْضَعُوا لِلشُّيُوخِ، وَكُونُوا جَمِيعاً مُتَسَرْبِلِينَ بِالتَّوَاضُعِ بَعْضُكُمْ…
katameros:1375,reference,,,draft,0,,,وَكَانَ يُوجَدُ يَهُودِيٌّ اسْمُهُ أَبلُّوسُ، إسْكَنْدَرِيُّ الْجِنْسِ، رَجُلٌ فَصِيحٌ قَدُمَ إلى أَفَسُسَ مُقْتَدِرٌ ف…
katameros:1376,reference,,,draft,0,,,فَمُ الصِّدِّيقِ يَتْلُو الْحِكْمَةَ، وَلِسَانُهُ يَنْطِقُ بِالْحُكْمِ. نَامُوسُ اللَّهِ في قَلْبِهِ. وَلا تَتَعَرْقَلُ…
katameros:1377,reference,,,draft,0,,,"وَقَالَ أيْضاً لِتَلامِيذِهِ: "" كَانَ إنْسَانٌ غَنِيٌّ لَهُ وَكِيلٌ، فَوُشِيَ بِهِ إلَيْهِ بِأَنهُ يُبَذِّرُ أَمْوَالَه…"
katameros:1378,reference,,,draft,0,,,اِعْتَرِفُوا لِلرَّبِّ وَادْعُوا بِاسْمِهِ. نَادُوا في الأُمَمِ بِأَعْمَالِهِ. سَبِّحُوه وَرَتِّلُوا لَهُ، حَدِّثُوا بِ…
katameros:1379,reference,,,draft,0,,,ودَعَا الاثْنَيْ عَشَرَ رَسُولاً، وَأَعْطَاهُمْ قُوَّةً وَسُلْطَاناً عَلَى جَمِيعِ الشَّيَاطِينِ وَشِفَاءِ الأمْرَاضِ، …
katameros:138,reference,,,draft,0,,,يَارَبُّ أَحْبَبْتُ جَمَالَ بَيْتِكَ، وَمَوْضِعَ مَسْكَنِ مَجْدِكَ. لِكَي أَسْمَعَ صَوْتَ تَسْبِحَتِكَ، وَأنْطِقَ بِجَم…
katameros:1380,reference,,,draft,0,,,مِنْ قِبَلِهِ رَأُوْا مَسَالِكَكَ يا اللَّهُ. مَسَالِكَ إلَهِي. بَارِكُوا اللَّهَ في الْكَنَائِسِ، وَالرَّبَّ مِنْ يَنَ…
katameros:1381,reference,,,draft,0,,,"فَقَالَ الرُّسُلُ لِلرَّبِّ: "" زِدْ إيمَانَنَا‍! "". فَقَالَ الرَّبُّ: "" لَوْ كَانَ لَكُمْ إيمَانٌ مِثْلُ حَبَّةِ خَرْدَ…"
katameros:1382,reference,,,draft,0,,,كُونُوا مُوَاظِبِينَ عَلَى الصَّلاةِ سَاهِرِينَ فِيهَا بِالشُّكْرِ، مُصَلِّينَ في ذلِكَ لأَجْلِنَا نَحْنُ أيْضاً، لِكَي…
katameros:1383,reference,,,draft,0,,,كُونُوا مُسْتَعِدِّينَ في كُلِّ حِينٍ لِمُجَاوَبَةِ كُلِّ مَنْ يَسْأَلُكُمْ كَلِمَةً عَنْ سَبَبِ الرَّجَاءِ الَّذِي فِي…
katameros:1384,reference,,,draft,0,,,الْكَلاَمُ الأوَّلُ أَنْشَأْتُهُ يَا ثَاؤفِيلُسُ، عَنْ جَمِيعِ مَا ابْتَدَأَ يَسُوعُ يَفْعَلُهُ وَيُعَلِّمُ بِهِ، إلى ا…
katameros:1385,reference,,,draft,0,,,سَبِّحوا الرَّبَّ، وَبَارِكُوا اسْمَهُ، بَشِّرُوا مِنْ يَوْمٍ إلى يَوْمٍ بِخَلاصِهِ. أَخْبِرُوا في الأُمَمِ بِمَجْدِهِ.…
katameros:1386,reference,,,draft,0,,,وَبَعَدَ ذلِكَ عَيَّنَ الرَّبُّ سَبْعِينَ آخَرِينَ، وَأَرْسَلَهُمُ اثْنَيْنِ اثْنَيْنِ أمَامَ وَجْهِهِ إلى كُلِّ مَدِين…
katameros:1387,reference,,,draft,0,,,طُوبَى لِلرَّجُلِ الْخَائِفِ مِنَ الرَّبِّ. وَيَهْوَى وَصَايَاه جِدّاً. يَقْوَى نَسْلُهُ عَلَى الأَرْضِ، وَيُبَارَكُ جِ…
katameros:1388,reference,,,draft,0,,,وَكَأنمَا إنْسَانٌ مُسَافِرٌ دَعَا عَبِيدَهُ وَسَلَّمَهُمْ أَمْوَالَهُ، فَأَعْطَى وَاحِداً خَمْسَ وَزَنَاتٍ، وَآخَرَ وَ…
katameros:1389,reference,,,draft,0,,,اُذْكُرْ يَارَبُّ دَاودَ وَكُلَّ دِعَتِهِ. كَمَا أَقْسَمَ لِلرَّبِّ وَنَذَرَ لإلَهِ يَعْقُوبَ. كَهَنَتُكَ يَلْبَسُونَ ا…
katameros:139,reference,,,draft,0,,,"وَلَمَّا دَخَلَ كَانَ يَمْشِي في أَرِيحَا. وَإذَا رَجُلٌ يُدْعَى اسْمُهُ زَكَّا، وَهَذَا كَانَ 
رَئِيسَاً لِلعَشَّارِين…"
katameros:1390,reference,,,draft,0,,,وَنَزَلَ مَعَهُمْ وَوَقَفَ في مَوْضِعٍ خَلاءٍ، مَعَ جَمْعٍ مِنْ تَلامِيذِهِ، وَجُمْهورٍ كَثِيرٍ مِنَ الشَّعْبِ، مِنْ جَ…
katameros:1391,reference,,,draft,0,,,بِالإيمَانِ قَرَّبَ إبْرَاهِيمُ إسْحَقَ حِينَ جُرِّبَ. وَقَرَّبَ ابْنَهُ الوَحِيدَ ذَاكَ الَّذِي قَبِلَ الْمَوَاعِيدَ ب…
katameros:1392,reference,,,draft,0,,,طُوبَى لِلرَّجُلِ الَّذِي يَصْبِرُ في التَّجْرِبَةِ، لأنهُ إذَا صَارَ مُخْتَارَاً يَنَالُ إكْلِيلَ الْحَيَاةِ، الَّذِي …
katameros:1393,reference,,,draft,0,,,وَكَانَ اللَّهُ يَصْنَعُ عَلَى يَدَيْ بُولُسَ قُوَّاتٍ كَثِيرَةً، حَتَّى إِنَّهُمْ كَانُوا يَأخُذُونَ مَنادِيلَ وَخِرَق…
katameros:1394,reference,,,draft,0,,,طُوبَى لِلرَّجُلِ، الَّذِي لَمْ يَسْلُكْ في مَشُورَةِ الْمُنَافِقِينَ، وَفي طَرِيقِ الْخُطَاةِ لَمْ يَقِفْ، وَفي مَجْلِ…
katameros:1395,reference,,,draft,0,,,وَكَانَ يَسُوعُ يَطُوفُ في كُلِّ الْجَلِيلِ يُعَلِّمُ في مَجَامِعِهِمْ، وَيَكْرِزُ بِبِشَارَةِ الْمَلَكُوتِ، وَيَشْفِي …
katameros:1396,reference,,,draft,0,,,عَجِيبٌ هُوَ اللَّهُ في قِدِّيسِيهِ. إلَهُ إسْرَائِيلَ هُوَ يُعْطِي قُوَّةً وَعِزَّاً لِشَعْبِهِ. وَالصِّدِّيقُونَ يَفْ…
katameros:1397,reference,,,draft,0,,,هَا أَنَا أُرْسِلُكُمْ كَخِرَافٍ في وَسَطِ ذِئَابٍ فَكُونُوا حُكَمَاءَ كَالْحَيَّاتِ وَبُسَطَاءَ كَالْحَمَامِ. وَاحْذَر…
katameros:1398,reference,,,draft,0,,,نُورٌ أَشْرَقَ لِلصِّدِّيقِينَ، وَفَرَحٌ لِلْمُسْتَقِيمِينَ بِقَلْبِهِمْ. افْرَحُوا أيهَا الصِّدِّيقُونَ بِالرَّبِّ، وَ…
katameros:1399,reference,,,draft,0,,,فَانْظُرُوا إلى نُفُوسِكُمْ. لأنهُمْ سَيُسَلِّمُونَكُمْ إلى مَجَالِسَ، وَسَيَضْربُونَكُمْ في الْمَحَافِلِ، وَتُوقَفُونَ…
katameros:14,reference,,,draft,0,,,مَاذا أقُولُ أيْضاً؟ لأنهُ يُعْوِزُنِي الوَقْتُ إنْ أَخْبَرْتُ عَنْ جِدْعُونَ، وَبَارَاقَ، وَشَمْشُونَ، وَيَفْتَاحَ، وَ…
katameros:140,reference,,,draft,0,,,فَأمَّا القُبَّةُ الأُولَى فَكَانَ فِيها وَصَايَا الْخِدْمَةِ وَقُدسٌ مُزيَّنٌ، لأنَّ القُبَّةَ الأُولَى صُنِعَتْ وَهيَ…
katameros:1400,reference,,,draft,0,,,فَتَفَكَّرُوا في الَّذِي احْتَمَلَ هكَذَا مِنَ الْخُطَاةِ الْمُقَاوِمِينَ لِنِفُوسِهِمْ وَحْدَهُمْ لِئَلاَّ تَكِلُّوا و…
katameros:1401,reference,,,draft,0,,,يَا أَحِبْائِي، لا تَسْتَغْرِبُوا الْبَلْوَى الْمُحْرِقَةَ التي تَحْدُث بَيْنَكُمْ، لأَجْلِ تَجرِبَتِكُمْ، كَأنهُ أَمْر…
katameros:1402,reference,,,draft,0,,,وَأمَّا خَيْمَةُ الشَّهَادَةِ فَكَانَتْ مَعَ آبَائِنَا في الْبَرِّيةِ، كَمَا أَمَرَ الَّذِي كَلَّمَ مُوسَى أنْ يَصْنَعَ…
katameros:1403,reference,,,draft,0,,,كَثِيرَةٌ هيَ أَحْزَانُ الصِّدِّيقِينَ، وَمِنْ جَمِيعِهَا يُنَجِّيهِمِ الرَّبُّ. يَحْفَظُ الرَّبُّ جَمِيعَ عِظَامِهِمْ.…
katameros:1404,reference,,,draft,0,,,وَفِيمَا هُوَ يَقُولُ هذَا، ابْتَدَأَ الْكَتَبَةُ وَالْفَرِّيسِيُّونَ يَنْظُرُونَ رَدِيَّاً، وَيُكَلِّمُونَهُ في أُمُور…
katameros:1405,reference,,,draft,0,,,"أَقْسَمَ الرَّبُّ وَلَنْ يَنْدَمَ: "" إنكَ أَنْتَ هُوَ الْكَاهِنُ إلى الأَبدِ عَلَى طَقْسِ مَلْشِيصَادَقَ "". الرَّبُّ عَ…"
katameros:1406,reference,,,draft,0,,,"وَلَمَّا جَاءَ يَسُوعُ إلى نَوَاحِي قَيْصَرِيَّةِ فِيلُبُّسَ سَألَ تَلاَمِيذَهُ قَائِلاً: "" مَاذا يَقُولُ النَّاسُ في ا…"
katameros:1407,reference,,,draft,0,,,أَمْسَكْتَ بِيَدِي الْيُمْنَى. وَبِمَشُورَتكَ هَدَيْتَنِي وَبِالْمَجْدِ قَبِلْتَنِي. وَأنا خَيْرٌ لِي الالْتِصَاقُ بِال…
katameros:1408,reference,,,draft,0,,,بِهذَا أَوْصَيْتُكُمْ حَتَّى تُحِبُّوا بَعْضُكُمْ بَعْضاً. إنْ كَانَ الْعَالَمُ يُبْغِضُكُمْ فَاعْلَمُوا أنهُ قَدْ أَبْ…
katameros:1409,reference,,,draft,0,,,فَإنَّنَا لَسْنَا نَكْرِزُ بِأَنْفُسِنَا، بَلْ بِالْمَسِيحِ يَسُوعَ رَبِّنَا، وَنَحْنُ أيْضاً عَبِيدٌ لَكُمْ مِنْ قِبَل…
katameros:141,reference,,,draft,0,,,وَهَذِهِ هِيَ الْكَلِمَةُ الَّتي بُشِّرْتُمْ بِهَا. فَاطْرَحُوا عَنْكُمْ إذاً كُلَّ شَرٍّ وَكُلَّ غِشٍّ وَكُلَّ رِيَاءٍ…
katameros:1410,reference,,,draft,0,,,أيهَا العَبِيدُ، كُونُوا خَاضِعِينَ لِسَادَتِكُمْ بِكُلِّ خَوْفٍ، لَيْسَ فَقَطْ للصَّالِحِينَ الْمُتَرَفِّقِينَ، بَلْ ل…
katameros:1411,reference,,,draft,0,,,"وَمِنْ مِيلِيتُسَ أَرْسَلَ إلى أَفَسُسَ وَاسْتَدْعَى أحْبَارَ الْكَنِيسَةِ. فَلَمَّا جَاءُوا إلَيْهِ قَالَ لَهُمْ: "" أَ…"
katameros:1412,reference,,,draft,0,,,فَلْيَرْفَعُوهُ في كَنِيسَةِ شَعْبِهِ، وَلْيُبَارِكُوهُ في مَجْلِسِ الشُّيوخِ. جَعَلَ أبوَّةً مِثْلَ الْخِرَافِ. يُبْصِ…
katameros:1413,reference,,,draft,0,,,""" الْحَقَّ الْحَقَّ أَقُولُ لَكُمْ: إنَّ الَّذِي لا يَدْخُلُ مِنَ الْبَابِ إلى حَظِيرَةِ الْخِرَافِ، بَلْ يَطْلَعُ مِنْ…"
katameros:1414,reference,,,draft,0,,,قَطَعْتَ قُيُودِي فَلَكَ أَذْبَحُ ذَبِيحَةَ التَّسْبِيحِ. أُوفِي لِلرَّبِّ نُذُورِي في دِيَارِ بَيْتِ الرَّبِّ، قُدَّام…
katameros:1415,reference,,,draft,0,,,"وَلَمَّا مَضَتْ عَنْهُمُ الْمَلائِكَةُ إلى السَّمَاءِ، تَكَلَّمَ الرُّعَاةُ مَعَ بَعْضِهمْ قَائِلِينَ: "" هَلُمَّ بِنَا …"
katameros:1416,reference,,,draft,0,,,أَدْخُلُ إلى بَيْتِكَ بِالْمُحْرَقَاتِ، وَأُوفِيكَ النُّذُورَ التي نَطَقَتْ بِهَا شَفَتَايَ. أُقَرِّبُ لَكَ مُحْرَقَاتٍ…
katameros:1417,reference,,,draft,0,,,أمَّا الصَّبِيُّ فَكَانَ يَنْمُو وَيَتَقَوَّى بِالرُّوحِ، مُمْتَلِئاً مِنَ الْحِكْمَةِ، وَكَانَتْ نِعْمَةُ اللَّهِ عَلَ…
katameros:1418,reference,,,draft,0,,,أَخِيراً يَا إخْوَتي افْرَحُوا في الرَّبِّ. وَهذِهِ الأُمُورُ التي أَكْتُبهَا إلَيْكُمْ لَيْسَتْ عَلَيَّ ثَقِيلَةً، وَأ…
katameros:1419,reference,,,draft,0,,,لِذلِكَ سَوْفَ أُذَكِّرُكُمْ في كُلِّ حِينٍ بِهذِهِ الأُمُورِ، وَلَوْ إنَّكُمْ عَالِمُونَ وَثَابِتُونَ في الْحَقِّ الْح…
katameros:142,reference,,,draft,0,,,وأمَّا الكَنِيسَةُ في كُلِّ اليَهُودِيَّةِ وَالجَلِيلِ وَالسَّامِرَةِ فَكَانَ لَهَا سَلاَمٌ، مَبْنِيَّةً وَسَائِرَةً بِ…
katameros:1420,reference,,,draft,0,,,"وَبَعْدَمَا سَكَتَا، أَجَابَ يَعْقُوبُ قَائِلاً: "" أيهَا الرِّجَالُ إخْوَتُنَا، اسْمَعُونِي. سِمْعَانُ قَدْ أَخْبَرَ كَ…"
katameros:1421,reference,,,draft,0,,,اِذْبَحْ للَّهِ ذَبِيحَةَ التَّسْبِيحِ، أَوْفِ الْعَليَّ نُذُورَكَ. ذَبِيحَةُ التَّسْبِيحِ تُمَجِّدُنِي. وَهُنَاكَ الطَ…
katameros:1422,reference,,,draft,0,,,وَلَمَّا تَمَّتْ ثَمَانِيَةُ أيامٍ، أَتوْا لِيَخْتنوهُ وَدَعُوا اسْمَهُ يَسُوعَ، كَمَا قَدْ تَسَمَّى مِنَ الْمَلاكِ قَب…
katameros:1423,reference,,,draft,0,,,أَقَامَ عَلَى الصَّخْرَةِ رِجْلَيَّ. وَسَهَّلَ خُطُوَاتِي. وَجَعَلَ في فَمِي تَسْبِيحَاً جَدِيدَاً، وَسُبْحَاً لإلهِنَا…
katameros:1424,reference,,,draft,0,,,لأنهُ يُوجَدُ كَثِيرُونَ سَيَقُولُونَ لِي في ذلِكَ الْيَوْمِ: يَارَبُّ، يَارَبُّ! أَلَيْسَ بِاسْمِكَ تَنَبَّأْنا، وَبِا…
katameros:1425,reference,,,draft,0,,,حَقِّي وَرَحْمَتِي مَعَهُ، وَبِاسْمِي يَرْتَفِع قَرْنُهُ. حِينَئِذٍ بِالْوَحِيِّ تَكَلَّمْتُ مَعَ بَنِيِكَ، وَقُلْتُ: إ…
katameros:1426,reference,,,draft,0,,,"فَقَالَ لَهُ وَاحِدٌ: "" يَارَبُّ، أَقَلِيلٌ هُمُ الَّذِينَ يَخْلُصُونَ؟ "". فَقَالَ لَهُمُ: "" اجْتَهِدُوا أنْ تَدْخُلُوا…"
katameros:1427,reference,,,draft,0,,,وَأنَا أيْضاً أيهَا الإخْوَةُ لَمْ أَسْتَطِعْ أنْ أُكَلِّمَكُمْ كَرُوحِيِّينَ، بَلْ كَجَسَدِيِّينَ كَأَطْفَالٍ في الْمَ…
katameros:1428,reference,,,draft,0,,,سِمْعَانُ بُطْرُسُ عَبْدُ يَسُوعَ الْمَسِيحِ وَرَسُولُهُ، إلى الَّذِينَ نَالُوا مَعَنَا إيمَاناً مُكَرَّمَاً مُسَاوِياً…
katameros:1429,reference,,,draft,0,,,"وَبَعْدَمَا سَكَتَا، أَجَابَ يَعْقُوبُ قَائِلاً: "" أيهَا الرِّجَالُ إخْوَتُنَا، اسْمَعُونِي. سِمْعَانُ قَدْ أَخْبَرَ كَ…"
katameros:143,reference,,,draft,0,,,"لَكَ يَنْبَغِي التَّسْبِيحُ يَا اللَّهُ في صِهْيَوْنَ، وَلَكَ تُوفَى النُّذُورُ في أُورُشَلِيمَ. 
اسْتَمِعْ يا اللَّهُ …"
katameros:1430,reference,,,draft,0,,,اِسْتَمِعْ يَا اللَّهُ طِلْبَتِي، أصْغِ إلى صَلاَتِي. عَلَى الصَّخْرَةِ رَفَعْتَنِي وَأَرْشَدْتَنِي. صِرْتَ رَجَائِي وَ…
katameros:1431,reference,,,draft,0,,,"وَكَانَ جُمُوعٌ كَثِيرَةٌ سَائِرِينَ مَعَهُ، فَالْتَفَتَ وَقَالَ لَهُمْ: "" مَنْ يَأتِي إلَيَّ وَلا يُبْغِضُ أباهُ وَأُم…"
katameros:1432,reference,,,draft,0,,,الرَّبُّ يُعْطِي كَلِمَةً للمُبشِّرِينَ، بِقُوَّةٍ عَظِيمَةٍ. عَجِيبٌ هُوَ اللَّهُ في قِدِّيسِيهِ. إلَهُ إسْرَائِيلَ هُ…
katameros:1433,reference,,,draft,0,,,فَانْطَلَقَ يَسُوعُ مَعَ تَلامِيذِهِ إلى عَبْرِ الْبَحْرِ، وَتَبِعَهُ جَمْعٌ كَثِيرٌ مِنَ الْجَلِيلِ وَمِنَ الْيَهُودِي…
katameros:1434,reference,,,draft,0,,,قدِّيسُوكَ يُبَارِكُونَكَ. وَمَجْدَ مُلْكِكَ يَصِفُونَ. وَبِقُوَّتِكَ يَنْطقُونَ. لِيُظْهِرُوا لِبَنِي البَشَرِ قُدْرَت…
katameros:1435,reference,,,draft,0,,,وَفي تِلْكَ الأيامِ خَرَجَ إلى الْجَبَلِ لِيُصَلِّيَ. وَكَانَ سَاهِراً في الصَّلاَةِ لِلَّهِ.  وَلَمَّا كَانَ النَّهَار…
katameros:1436,reference,,,draft,0,,,لأنَّ غَايَةَ النَّامُوسِ هيَ: الْمَسِيحُ لِلْبِرِّ لِكُلِّ مَنْ يُؤْمِنُ؛ لأنَّ مُوسَى كَتَبَ في الْبِرِّ الَّذِي مِنَ…
katameros:1437,reference,,,draft,0,,,لِذلِكَ سَوْفَ أُذَكِّرُكُمْ في كُلِّ حِينٍ بِهذِهِ الأُمُورِ، وَلَوْ إنَّكُمْ عَالِمُونَ وَثَابِتُونَ في الْحَقِّ الْح…
katameros:1438,reference,,,draft,0,,,وَصَعِدَ بُطْرُسُ وَيُوحَنَّا إلى الْهَيْكَلِ في وَقْتِ صَلاةِ السَّاعَةِ التَّاسِعَةِ. وَكَانَ رَجُلٌ أَعْرَجُ مِنْ بَ…
katameros:1439,reference,,,draft,0,,,السَّمَوَاتُ تُذِيعُ مَجْدَ اللَّهِ، الْفَلَكُ يُخْبِرُ بِعَمَلِ يَدَيْهِ. في كُلِّ الأَرْضِ خَرَجَ مَنْطِقُهُمْ. وَإلى…
katameros:144,reference,,,draft,0,,,"وَلَمَّا جَاءَ يَسُوعُ إلى نَوَاحِي قَيْصَرِيَّةِ فِيلُبُّسَ سَألَ تَلاَمِيذَهُ قَائِلاً: "" مَاذا يَقُولُ 
النَّاسُ في …"
katameros:1440,reference,,,draft,0,,,ثُمَّ دَعَا تَلاَمِيذَهُ الاثْنَيْ عَشَرَ وَأَعْطَاهُمْ سُلْطَاناً عَلَى أَرْوَاحٍ نَجِسَةٍ حَتَّى يُخْرِجُوهَا وَيَشْف…
katameros:1441,reference,,,draft,0,,,أَجْعَلُ ذُرِّيَتَهُ إلى دَهْرِ الدَّهرِ، وعَرْشَهُ مِثْلَ أيامِ السَّمَاءِ. نسْلُهُ إلى الدَّهْرِ يَدُومُ، وعَرْشُهُ م…
katameros:1442,reference,,,draft,0,,,"وَإذْ كَانَ يُصَلِّي وَحْدَهُ عَلَى انْفِرَادٍ كَانَ التَّلامِيذُ مَعَهُ. فَسَأَلَهُمْ قَائِلاً: "" مَنْ يَقُولُ النَّاس…"
katameros:1443,reference,,,draft,0,,,فَلْيَرْفَعُوهُ في كَنِيسَةِ شَعْبِهِ، وَلْيُبَارِكُوهُ في مَجْلِسِ الشُّيوخِ. جَعَلَ أبوَّةً مِثْلَ الْخِرَافِ. يُبْصِ…
katameros:1444,reference,,,draft,0,,,وَجَاءَ إلى بَيْتِ صَيْدَا، فَقَدَّمُوا إلَيْهِ أَعْمَى وَطَلَبُوا إلَيْهِ أنْ يَلْمِسَهُ، فَأخَذَ بِيَدِ الأَعْمَى وَأ…
katameros:1445,reference,,,draft,0,,,فَإذْ لَنَا رَئِيسُ كَهَنَةٍ عَظِيمٌ قَدِ اجْتَازَ السَّمَوَاتِ، يَسُوعُ ابْنُ اللَّهِ، فَلْنَتَمَسَّكْ بِالإقْرَارِ. ل…
katameros:1446,reference,,,draft,0,,,بُطْرُسُ، رَسُولُ يَسُوعَ الْمَسِيحِ، إلى الْمُخْتَارِينَ الْمُتَغَرِّبِينَ في شَتَاتِ بُنْتُسَ وَغَلاَطِيَّةَ وَكَبَّا…
katameros:1447,reference,,,draft,0,,,وَفي ذَلِكَ الوَقْتِ رَفَعَ هِيرُودِسُ يَدَهُ عَلَى قَومٍ مِنَ الكَنْيسَةِ لِيُسِيئَ إليهم، فَقَتَلَ يَعْقُوبَ أخَا يُو…
katameros:1448,reference,,,draft,0,,,"أَقْسَمَ الرَّبُّ وَلَنْ يَنْدَمَ: "" إِنَّكَ أَنْتَ هُوَ الْكَاهِنُ إلى الأَبدِ عَلَى طَقْسِ مَلْشِيصَادَقَ "". الرَّبُّ…"
katameros:1449,reference,,,draft,0,,,"وَلَمَّا جَاءَ يَسُوعُ إلى نَوَاحِي قَيْصَرِيَّةِ فِيلُبُّسَ سَألَ تَلاَمِيذَهُ قَائِلاً: "" مَاذا يَقُولُ النَّاسُ في ا…"
katameros:145,reference,,,draft,0,,,قَدْ ارْتَسَمَ عَلَيْنَا نُورُ وَجْهِكَ يَارَبُّ. أَعْطيتَ سُرُوراً لِقَلْبِي؛ لأنكَ أنْتَ وَحْدَكَ يَارَبُّ، أَسْكَنْت…
katameros:1450,reference,,,draft,0,,,طُوبَى لِمَنْ اخْتَرْتَهُ وَقَبِلْتَهُ، يَسْكُنُ في دِيَارِكَ إلى الأَبدِ. اسْتَجِبْ لَنَا يَا اللَّهُ مُخَلِّصُنَا، يَ…
katameros:1451,reference,,,draft,0,,,اسْهَرُوا إذَاً لأَنكُمْ لا تَعْلَمُونَ في أَيةِ سَاعَةٍ يَأتِي رَبكُمْ. وَاعْلَمُوا هَذَا: أنهُ لَوْ كَانَ رَبُّ الْبَ…
katameros:1452,reference,,,draft,0,,,الرَّبُّ يُعَضِّدُ الصِّدِّيقِينَ، يَعْرِفُ الرَّبُّ طَرِيقَ الَّذِينَ لا عَيْبَ فِيهِمْ. وَيَكُونُ مِيرَاثَهُمْ إلى ال…
katameros:1453,reference,,,draft,0,,,اُنْظُرُوا، اسْهَرُوا وَصَلُّوا؛ لأَنكُمْ لا تَعْرفُونَ مَتَى يَكُونُ الْوَقْتُ. كَأنمَا إنْسَانٌ مسَافِرٌ تَرَكَ بَيْت…
katameros:1454,reference,,,draft,0,,,"لأَنهُ إذَا قَالَ وَاحِدٌ: "" أَنا لِبُولُسَ "" وَآخَرُ: "" أَنا لأَبلُّوسَ "" أَفَلَسْتُمْ بَشَرِيِّينَ؟

فَمَنْ هُوَ أَبل…"
katameros:1455,reference,,,draft,0,,,كَذلِكَ أَنْتُمْ أيهَا الشُّبَّانُ، اخْضَعُوا لِلشُّيُوخِ، وَكُونُوا جَمِيعاً مُتَسَرْبِلِينَ بِالتَّوَاضُعِ بَعْضُكُمْ…
katameros:1456,reference,,,draft,0,,,وَكَانَ يُوجَدُ يَهُودِيٌّ اسْمُهُ أَبلُّوسُ، إسْكَنْدَرِيُّ الْجِنْسِ، رَجُلٌ فَصِيحٌ قَدُمَ إلى أَفَسُسَ مُقْتَدِرٌ ف…
katameros:1457,reference,,,draft,0,,,فَمُ الصِّدِّيقِ يَتْلُو الْحِكْمَةَ، وَلِسَانُهُ يَنْطِقُ بِالْحُكْمِ. نَامُوسُ اللَّهِ في قَلْبِهِ. وَلا تَتَعَرْقَلُ…
katameros:1458,reference,,,draft,0,,,"وَقَالَ أيْضاً لِتَلامِيذِهِ: "" كَانَ إنْسَانٌ غَنِيٌّ لَهُ وَكِيلٌ، فَوُشِيَ بِهِ إلَيْهِ بِأَنهُ يُبَذِّرُ أَمْوَالَه…"
katameros:1459,reference,,,draft,0,,,قَدْ ارْتَسَمَ عَلَيْنَا نُورُ وَجْهِكَ يَارَبُّ. أَعْطيتَ سُرُوراً لِقَلْبِي؛ لأنكَ أنْتَ وَحْدَكَ يَارَبُّ، أَسْكَنْت…
katameros:146,reference,,,draft,0,,,"قَالَ لَهُمْ يَسُوعُ: "" مَتَى رَفَعْتُمُ ابْنَ الإنْسَانِ، فَحِينَئذٍ تَعْلَمُونَ أَني أَنا هُوَ، 
وَلَسْتُ أَفْعَلُ شَ…"
katameros:1460,reference,,,draft,0,,,"حِينَئِذٍ قَالَ يَسُوعُ لِتَلامِيذِهِ: "" مَنْ أَرَادَ أنْ يَتْبَعْنِي فَلْيُنْكِرْ نَفْسَهُ وَيَحْمِلْ صَلِيبَهُ وَيَتْ…"
katameros:1461,reference,,,draft,0,,,يَفْتَخِرُ بِكَ كُلُّ الَّذِينَ يُحِبُّونَ اسْمَكَ؛ لأَنكَ أَنْتَ يَارَبُّ بَارَكْتَ الصِّدِّيقَ. مِثْلَ سِلاَحِ الْمَس…
katameros:1462,reference,,,draft,0,,,لا تَظُنُّوا أني جِئْتُ لأُلْقِيَ سَلاَماً عَلَى الأَرْضِ، مَا جِئْتُ لأُلْقِيَ سَلاماً بَلْ سَيْفاً. فَإنِّي أَتَيْتُ …
katameros:1463,reference,,,draft,0,,,لأني أَظُنُّ أنَّ آلامَ هذَا الزَّمَانِ الْحَاضِرِ لا تُقَاسُ بِالْمَجْدِ الْعَتِيدِ أنْ يُسْتَعْلَنَ فِينَا. لأنَّ انْ…
katameros:1464,reference,,,draft,0,,,وَالنِّهَايَةُ، كُونُوا جَمِيعَاً بِرَأيٍ وَاحِدٍ، وَكُونُوا مُشْتَرِكِينَ في الآلامِ. وَكُونُوا مُحِبِّينَ الإخْوَةَ، …
katameros:1465,reference,,,draft,0,,,وَحَدَثَ في ذَلِكَ الْوَقْتِ اضطرَابٌ لَيْسَ بِقَلِيلٍ بِسَبَبِ الطَّرِيقِ؛ لأنَّ وَاحداً اسْمُهُ دِيمِتْرِيُوس، صَائِغ…
katameros:1466,reference,,,draft,0,,,عَجِيبٌ هُوَ اللَّهُ في قِدِّيسِيهِ. إلَهُ إسْرَائِيلَ هُوَ يُعْطِي قُوَّةً وَعِزَّاً لِشَعْبِهِ. وَالصِّدِّيقُونَ يَفْ…
katameros:1467,reference,,,draft,0,,,وَلكِنْ أَقُولُ لَكُمْ يَا أَصْدِقَائِي: لا تَخَافُوا مِنَ الَّذِينَ يَقْتُلُونَ جَسَدَكُمْ، وَبَعْدَ ذلِكَ لَيْسَ لَهُ…
katameros:1468,reference,,,draft,0,,,كَهَنَتُكَ يَلْبَسُونَ الْبِرَّ، وقِدِّيسُوكَ يَبْتَهِجُونَ مِنْ أَجْلِ دَاوُدَ عَبْدِكَ. هَيَّأْتُ سِرَاجاً لِمَسِيحِي…
katameros:1469,reference,,,draft,0,,,وَكَانَ يَسُوعُ يَطُوفُ في كُلِّ الْجَلِيلِ يُعَلِّمُ في مَجَامِعِهِمْ، وَيَكْرِزُ بِبِشَارَةِ الْمَلَكُوتِ، وَيَشْفِي …
katameros:147,reference,,,draft,0,,,"أَعْطَيْتَ الَّذِينَ يَتَّقُونَكَ عَلاَمَةً؛ لِيَهْرَبوا مِنْ وَجْهِ القَوْسِ، لِكيمَا يَنْجُوَ 
أحِبَّاؤُكَ. خَلِّصْنِ…"
katameros:1470,reference,,,draft,0,,,"أَقْسَمَ الرَّبُّ وَلَنْ يَنْدَمَ: "" إِنَّكَ أَنْتَ هُوَ الْكَاهِنُ إلى الأَبدِ عَلَى طَقْسِ مَلْشِيصَادَقَ "". الرَّبُّ…"
katameros:1471,reference,,,draft,0,,,وَنَزَلَ مَعَهُمْ وَوَقَفَ في مَوْضِعٍ خَلاءٍ، مَعَ جَمْعٍ مِنْ تَلامِيذِهِ، وَجُمْهورٍ كَثِيرٍ مِنَ الشَّعْبِ، مِنْ جَ…
katameros:1472,reference,,,draft,0,,,وَأَمَّا أَنْتَ فَقَدْ اتَّبَعْتَ تَعْلِيمِي، وَمَثَالِي، وَرَسْمِي الأَوَّلَ، وَإيمَانِي، وَأَنَاتِي، وَمَحَبَّتِي، وَ…
katameros:1473,reference,,,draft,0,,,أَطْلُبُ إلى الشُّيُوخِ الَّذِينَ بَيْنَكُمْ، أنا الشَّيْخَ شَرِيكَكُمْ، وَالشَّاهِدَ لآلاَمِ الْمَسِيحِ، وَشَرِيكَ الْ…
katameros:1474,reference,,,draft,0,,,"وَمِنْ مِيلِيتُسَ أَرْسَلَ إلى أَفَسُسَ وَاسْتَدْعَى أحْبَارَ الْكَنِيسَةِ. فَلَمَّا جَاءُوا إلَيْهِ قَالَ لَهُمْ: "" أَ…"
katameros:1475,reference,,,draft,0,,,أَمْسَكْتَ بِيَدِي الْيُمْنَى. وَبِمَشُورَتِكَ هَدَيْتَنِي وَبِالْمَجْدِ قَبِلْتَنِي. وَأنا خَيْرٌ لِي الالْتِصَاقُ بِا…
katameros:1476,reference,,,draft,0,,,""" الْحَقَّ الْحَقَّ أَقُولُ لَكُمْ: إنَّ الَّذِي لا يَدْخُلُ مِنَ الْبَابِ إلى حَظِيرَةِ الْخِرَافِ، بَلْ يَطْلَعُ مِنْ…"
katameros:1477,reference,,,draft,0,,,ذِكْرُ الصِّدِّيقِ يَكُونُ إلى الأبدِ. وَلا يَخْشَى مِنَ السَّمَاعِ الْخَبِيثِ. وَبِرُّهُ دَائِمٌ إلى أَبدِ الأبدِ. يَر…
katameros:1478,reference,,,draft,0,,,اسْهَرُوا إذَاً لأَنكُمْ لا تَعْلَمُونَ في أَيةِ سَاعَةٍ يَأتِي رَبكُمْ. وَاعْلَمُوا هَذَا: أنهُ لَوْ كَانَ رَبُّ الْبَ…
katameros:1479,reference,,,draft,0,,,وَيَرْتَفِعُ قَرْنِي مِثْلَ وَحِيدِ القَرْنِ. وَشَيخُوخَتِي في دُهْنٍ دَسِمٍ. وَيَكُونُونَ بِمَا هُمْ مُسْتَريحونَ، يُخ…
katameros:148,reference,,,draft,0,,,"مَنْ يَخْدِمْنِي فَلْيَتْبَعْنِي، وَحَيْثُ أَكُونُ أنَا هُنَاكَ يَكُونُ خَادِمِي مَعِي. وَمَنْ 
يَخْدِمُنِي يُكْرِمُهُ …"
katameros:1480,reference,,,draft,0,,,وَإذْ كَانُوا يَسْمَعُونَ هذَا عَادَ فَقَالَ مَثَلاً، لأنهُ كَانَ قَرِيباً مِنْ أُورُشَلِيمَ، وَكَانُوا يَظُنُّونَ أنَّ…
katameros:1481,reference,,,draft,0,,,مَاذا أقُولُ أيْضاً؟ لأنهُ يُعْوِزُنِي الوَقْتُ إنْ أَخْبَرْتُ عَنْ جِدْعُونَ، وَبَارَاقَ، وَشَمْشُونَ، وَيَفْتَاحَ، وَ…
katameros:1482,reference,,,draft,0,,,لا يَئِنَّ بَعْضُكُمْ عَلَى بَعْضٍ يا إخْوَتي لِئَلاَّ تُدَانُوا. هُوَذا الدَّيَّانُ وَاقِفٌ عَلَى الأبْوَابِ. خُذُوا ل…
katameros:1483,reference,,,draft,0,,,وَكَانَ يُوجَدُ يَهُودِيٌّ اسْمُهُ أَبلُّوسُ، إسْكَنْدَرِيُّ الْجِنْسِ، رَجُلٌ فَصِيحٌ قَدُمَ إلى أَفَسُسَ مُقْتَدِرٌ ف…
katameros:1484,reference,,,draft,0,,,الصِّدِّيقُ كَالنَّخْلَةِ يُزْهِرُ، وَكَمِثْلِ أَرْزِ لُبْنَانَ يَنْمُو. مَغْرُوسِينَ في بَيْتِ الرَّبِّ، وفي دِيَارِ ب…
katameros:1485,reference,,,draft,0,,,لاَ تَخَفْ، أَيهَا الْقَطِيعُ الصَّغِيرُ، فَإنَّ أَباكُمْ قَدْ سُرَّ أَنْ يُعْطِيَكُمُ الْمَلَكُوتَ. بِيعُوا أَمْتعَتَك…
katameros:1486,reference,,,draft,0,,,"رَتِّلُوا لِلرَّبِّ السَّاكِنِ في صِهْيَوْنَ، وَأَخْبِرُوا في الأُمَمِ بِأعْمَالِهِ. لِكَيْ مَا أُخْبِرَ 
بِجَمِيعِ تَس…"
katameros:1487,reference,,,draft,0,,,وَفِيمَا كَانَ في بَيْتِ عَنْيَا في بَيْتِ سِمْعَانَ الأبْرَصِ مُتَّكِئاً، جَاءَتِ امْرَأةٌ مَعَهَا قَارُورَةُ طِيبِ نَ…
katameros:1488,reference,,,draft,0,,,الرَّبُّ نَظَرَ مِنَ السَّمَاءِ عَلَى الأرْضِ؛ لِيَسْمَعَ تَنَهُّدَ الْمَغْلُولينَ. لِيُخْبِرُوا في صِهْيَوْنَ بِاسْمِ …
katameros:1489,reference,,,draft,0,,,ثُمَّ جَلَسَ يَسُوعُ قُدَّامَ الْخِزَانَةِ، وَكَانَ يَنْظُرُ كَيْفَ يُلْقِي الْجَمْعُ نُحَاساً في الْخِزَانَةِ. وَكَانَ…
katameros:149,reference,,,draft,0,,,لأنهُ لَمْ يُرْسِلْنِي الْمَسِيحُ لأُعَمِّدَ بَلْ لأُبشِّرَ، لَيْسَ بِحِكْمَةِ الكَلاَمِ لِكَيْ لا يَكُونَ صَلِيبُ الْم…
katameros:1490,reference,,,draft,0,,,"بُولُسُ، عَبْدٌ لِيَسُوعَ الْمَسِيحِ، الْمَدْعُوُّ رَسُولاً، الْمُفْرَزُ لإنْجِيلِ اللَّهِ، الَّذِي 
سَبَقَ فَوَعَدَ بِ…"
katameros:1491,reference,,,draft,0,,,يَعْقُوبُ، عَبْدُ اللَّهِ وَرَبِّنَا يَسُوعَ الْمَسِيحِ، يُهْدِي السَّلامَ إلَى الاثْنَيْ عَشَرَ سِبْطاً الَّذِينَ في ا…
katameros:1492,reference,,,draft,0,,,إلهُ الْمَجْدِ ظَهَرَ لأَبِينَا إبْرَاهِيمَ وَهُوَ في مَا بَيْنَ النَّهْرَيْنِ، قَبْلَمَا يَسْكُنُ في حَارَانَ وَقَالَ …
katameros:1493,reference,,,draft,0,,,"وَأنْتَ يارَبُّ تَرْجِعُ وَتَتَرَأَّفُ عَلَى صِهْيَوْنَ؛ لأنهُ وَقْتُ التَّراؤفِ عَليهَا لأنَّ 
الزَّمَانَ قَدْ حَضَرَ؛…"
katameros:1494,reference,,,draft,0,,,"مِنْ أَجْلِ أنَّ كَثِيرِينَ أَخَذُوا في كِتَابَةِ أَقْوَالٍ مِنْ أَجْلِ الأَعْمَالِ الَّتي أُكْمِلَتْ 
فِينَا، كَمَا سَ…"
katameros:1495,reference,,,draft,0,,,قَدْ ارْتَسَمَ عَلَيْنَا نُورُ وَجْهِكَ يَارَبُّ. أَعْطيتَ سُرُوراً لِقَلْبِي؛ لأنكَ أنْتَ وَحْدَكَ يَارَبُّ، أَسْكَنْت…
katameros:1496,reference,,,draft,0,,,"حِينَئِذٍ قَالَ يَسُوعُ لِتَلامِيذِهِ: "" مَنْ أَرَادَ أنْ يَتْبَعْنِي فَلْيُنْكِرْ نَفْسَهُ وَيَحْمِلْ صَلِيبَهُ وَيَتْ…"
katameros:1497,reference,,,draft,0,,,يَفْتَخِرُ بِكَ كُلُّ الَّذِينَ يُحِبُّونَ اسْمَكَ؛ لأَنكَ أَنْتَ يَارَبُّ بَارَكْتَ الصِّدِّيقَ. مِثْلَ سِلاَحِ الْمَس…
katameros:1498,reference,,,draft,0,,,لا تَظُنُّوا أني جِئْتُ لأُلْقِيَ سَلاَماً عَلَى الأَرْضِ، مَا جِئْتُ لأُلْقِيَ سَلاماً بَلْ سَيْفاً. فَإنِّي أَتَيْتُ …
katameros:1499,reference,,,draft,0,,,لأني أَظُنُّ أنَّ آلامَ هذَا الزَّمَانِ الْحَاضِرِ لا تُقَاسُ بِالْمَجْدِ الْعَتِيدِ أنْ يُسْتَعْلَنَ فِينَا. لأنَّ انْ…
katameros:15,reference,,,draft,0,,,"لا يَئِنَّ بَعْضُكُمْ عَلَى بَعْضٍ يا إخْوَتي لِئَلاَّ تُدَانُوا. هُوَذا الدَّيَّانُ وَاقِفٌ 
عَلَى الأبْوَابِ. خُذُوا …"
katameros:150,reference,,,draft,0,,,"أيهَا الأحِبَّاءُ، أَطْلُبُ إلَيْكُمْ كَغُرَبَاءَ وَنُزَلاَءَ، أنْ تَبْتَعِدُوا عَنِ الشَّهَوَاتِ 
الْجَسَدِيَّةِ التي …"
katameros:1500,reference,,,draft,0,,,وَالنِّهَايَةُ، كُونُوا جَمِيعَاً بِرَأيٍ وَاحِدٍ، وَكُونُوا مُشْتَرِكِينَ في الآلامِ. وَكُونُوا مُحِبِّينَ الإخْوَةَ، …
katameros:1501,reference,,,draft,0,,,وَحَدَثَ في ذَلِكَ الْوَقْتِ اضطرَابٌ لَيْسَ بِقَلِيلٍ بِسَبَبِ الطَّرِيقِ؛ لأنَّ وَاحداً اسْمُهُ دِيمِتْرِيُوس، صَائِغ…
katameros:1502,reference,,,draft,0,,,عَجِيبٌ هُوَ اللَّهُ في قِدِّيسِيهِ. إلَهُ إسْرَائِيلَ هُوَ يُعْطِي قُوَّةً وَعِزَّاً لِشَعْبِهِ. وَالصِّدِّيقُونَ يَفْ…
katameros:1503,reference,,,draft,0,,,وَلكِنْ أَقُولُ لَكُمْ يَا أَصْدِقَائِي: لا تَخَافُوا مِنَ الَّذِينَ يَقْتُلُونَ جَسَدَكُمْ، وَبَعْدَ ذلِكَ لَيْسَ لَهُ…
katameros:1504,reference,,,draft,0,,,كَهَنَتُكَ يَلْبَسُونَ الْبِرَّ، وقِدِّيسُوكَ يَبْتَهِجُونَ مِنْ أَجْلِ دَاوُدَ عَبْدِكَ. هَيَّأْتُ سِرَاجاً لِمَسِيحِي…
katameros:1505,reference,,,draft,0,,,وَكَانَ يَسُوعُ يَطُوفُ في كُلِّ الْجَلِيلِ يُعَلِّمُ في مَجَامِعِهِمْ، وَيَكْرِزُ بِبِشَارَةِ الْمَلَكُوتِ، وَيَشْفِي …
katameros:1506,reference,,,draft,0,,,"أَقْسَمَ الرَّبُّ وَلَنْ يَنْدَمَ: "" إِنَّكَ أَنْتَ هُوَ الْكَاهِنُ إلى الأَبدِ عَلَى طَقْسِ مَلْشِيصَادَقَ "". الرَّبُّ…"
katameros:1507,reference,,,draft,0,,,وَنَزَلَ مَعَهُمْ وَوَقَفَ في مَوْضِعٍ خَلاءٍ، مَعَ جَمْعٍ مِنْ تَلامِيذِهِ، وَجُمْهورٍ كَثِيرٍ مِنَ الشَّعْبِ، مِنْ جَ…
katameros:1508,reference,,,draft,0,,,وَأَمَّا أَنْتَ فَقَدْ اتَّبَعْتَ تَعْلِيمِي، وَمَثَالِي، وَرَسْمِي الأَوَّلَ، وَإيمَانِي، وَأَنَاتِي، وَمَحَبَّتِي، وَ…
katameros:1509,reference,,,draft,0,,,أَطْلُبُ إلى الشُّيُوخِ الَّذِينَ بَيْنَكُمْ، أنا الشَّيْخَ شَرِيكَكُمْ، وَالشَّاهِدَ لآلاَمِ الْمَسِيحِ، وَشَرِيكَ الْ…
katameros:151,reference,,,draft,0,,,"فَفَتَحَ بُطْرُسُ فَاهُ وَقَالَ: "" إنِّي بِالْحَقِّ أرَى أنَّ اللَّهَ لا يَأخُذُ بِالْوُجُوهِ. بَلْ في كُلِّ أُمَّةٍ، ا…"
katameros:1510,reference,,,draft,0,,,"وَمِنْ مِيلِيتُسَ أَرْسَلَ إلى أَفَسُسَ وَاسْتَدْعَى أحْبَارَ الْكَنِيسَةِ. فَلَمَّا جَاءُوا إلَيْهِ قَالَ لَهُمْ: "" أَ…"
katameros:1511,reference,,,draft,0,,,أَمْسَكْتَ بِيَدِي الْيُمْنَى. وَبِمَشُورَتِكَ هَدَيْتَنِي وَبِالْمَجْدِ قَبِلْتَنِي. وَأنا خَيْرٌ لِي الالْتِصَاقُ بِا…
katameros:1512,reference,,,draft,0,,,""" الْحَقَّ الْحَقَّ أَقُولُ لَكُمْ: إنَّ الَّذِي لا يَدْخُلُ مِنَ الْبَابِ إلى حَظِيرَةِ الْخِرَافِ، بَلْ يَطْلَعُ مِنْ…"
katameros:1513,reference,,,draft,0,,,طُوبَى لِمَنْ اخْتَرْتَهُ وَقَبِلْتَهُ، يَسْكُنُ في دِيَارِكَ إلى الأَبدِ. اسْتَجِبْ لَنَا يَا اللَّهُ مُخَلِّصُنَا، يَ…
katameros:1514,reference,,,draft,0,,,اسْهَرُوا إذَاً لأَنكُمْ لا تَعْلَمُونَ في أَيةِ سَاعَةٍ يَأتِي رَبكُمْ. وَاعْلَمُوا هَذَا: أنهُ لَوْ كَانَ رَبُّ الْبَ…
katameros:1515,reference,,,draft,0,,,الرَّبُّ يُعَضِّدُ الصِّدِّيقِينَ، يَعْرِفُ الرَّبُّ طَرِيقَ الَّذِينَ لا عَيْبَ فِيهِمْ. وَيَكُونُ مِيرَاثَهُمْ إلى ال…
katameros:1516,reference,,,draft,0,,,اُنْظُرُوا، اسْهَرُوا وَصَلُّوا؛ لأَنكُمْ لا تَعْرفُونَ مَتَى يَكُونُ الْوَقْتُ. كَأنمَا إنْسَانٌ مسَافِرٌ تَرَكَ بَيْت…
katameros:1517,reference,,,draft,0,,,"لأَنهُ إذَا قَالَ وَاحِدٌ: "" أَنا لِبُولُسَ "" وَآخَرُ: "" أَنا لأَبلُّوسَ "" أَفَلَسْتُمْ بَشَرِيِّينَ؟

فَمَنْ هُوَ أَبل…"
katameros:1518,reference,,,draft,0,,,كَذلِكَ أَنْتُمْ أيهَا الشُّبَّانُ، اخْضَعُوا لِلشُّيُوخِ، وَكُونُوا جَمِيعاً مُتَسَرْبِلِينَ بِالتَّوَاضُعِ بَعْضُكُمْ…
katameros:1519,reference,,,draft,0,,,وَكَانَ يُوجَدُ يَهُودِيٌّ اسْمُهُ أَبلُّوسُ، إسْكَنْدَرِيُّ الْجِنْسِ، رَجُلٌ فَصِيحٌ قَدُمَ إلى أَفَسُسَ مُقْتَدِرٌ ف…
katameros:152,reference,,,draft,0,,,"لَكَ يَنْبَغِي التَّسْبِيحُ يَا اللَّهُ في صِهْيَوْنَ، وَلَكَ تُوفَى النُّذُورُ في أُورُشَلِيمَ. 
اسْتَمِعْ يا اللَّهُ …"
katameros:1520,reference,,,draft,0,,,فَمُ الصِّدِّيقِ يَتْلُو الْحِكْمَةَ، وَلِسَانُهُ يَنْطِقُ بِالْحُكْمِ. نَامُوسُ اللَّهِ في قَلْبِهِ. وَلا تَتَعَرْقَلُ…
katameros:1521,reference,,,draft,0,,,"وَقَالَ أيْضاً لِتَلامِيذِهِ: "" كَانَ إنْسَانٌ غَنِيٌّ لَهُ وَكِيلٌ، فَوُشِيَ بِهِ إلَيْهِ بِأَنهُ يُبَذِّرُ أَمْوَالَه…"
katameros:1522,reference,,,draft,0,,,أَجْعَلُ ذُرِّيَتَهُ إلى دَهْرِ الدَّهرِ، وعَرْشَهُ مِثْلَ أيامِ السَّمَاءِ. نسْلُهُ إلى الدَّهْرِ يَدُومُ، وعَرْشُهُ م…
katameros:1523,reference,,,draft,0,,,"وَإذْ كَانَ يُصَلِّي وَحْدَهُ عَلَى انْفِرَادٍ كَانَ التَّلامِيذُ مَعَهُ. فَسَأَلَهُمْ قَائِلاً: "" مَنْ يَقُولُ النَّاس…"
katameros:1524,reference,,,draft,0,,,فَلْيَرْفَعُوهُ في كَنِيسَةِ شَعْبِهِ، وَلْيُبَارِكُوهُ في مَجْلِسِ الشُّيوخِ. جَعَلَ أبوَّةً مِثْلَ الْخِرَافِ. يُبْصِ…
katameros:1525,reference,,,draft,0,,,وَجَاءَ إلى بَيْتِ صَيْدَا، فَقَدَّمُوا إلَيْهِ أَعْمَى وَطَلَبُوا إلَيْهِ أنْ يَلْمِسَهُ، فَأخَذَ بِيَدِ الأَعْمَى وَأ…
katameros:1526,reference,,,draft,0,,,فَإذْ لَنَا رَئِيسُ كَهَنَةٍ عَظِيمٌ قَدِ اجْتَازَ السَّمَوَاتِ، يَسُوعُ ابْنُ اللَّهِ، فَلْنَتَمَسَّكْ بِالإقْرَارِ. ل…
katameros:1527,reference,,,draft,0,,,بُطْرُسُ، رَسُولُ يَسُوعَ الْمَسِيحِ، إلى الْمُخْتَارِينَ الْمُتَغَرِّبِينَ في شَتَاتِ بُنْتُسَ وَغَلاَطِيَّةَ وَكَبَّا…
katameros:1528,reference,,,draft,0,,,وَفي ذَلِكَ الوَقْتِ رَفَعَ هِيرُودِسُ يَدَهُ عَلَى قَومٍ مِنَ الكَنْيسَةِ لِيُسِيئَ إليهم، فَقَتَلَ يَعْقُوبَ أخَا يُو…
katameros:1529,reference,,,draft,0,,,"أَقْسَمَ الرَّبُّ وَلَنْ يَنْدَمَ: "" إِنَّكَ أَنْتَ هُوَ الْكَاهِنُ إلى الأَبدِ عَلَى طَقْسِ مَلْشِيصَادَقَ "". الرَّبُّ…"
katameros:153,reference,,,draft,0,,,"وَكَانَ في ذَاكَ الزَّمَن عِيدُ التَّجْدِيدِ في أُورُشَلِيمَ، وَكَانَ شِتَاءٌ. وَكَانَ يَسُوعُ 
يَمْشي في الْهَيْكَلِ ف…"
katameros:1530,reference,,,draft,0,,,"وَلَمَّا جَاءَ يَسُوعُ إلى نَوَاحِي قَيْصَرِيَّةِ فِيلُبُّسَ سَألَ تَلاَمِيذَهُ قَائِلاً: "" مَاذا يَقُولُ النَّاسُ في ا…"
katameros:1531,reference,,,draft,0,,,الرَّبُّ يُعْطِي كَلِمَةً للمُبشِّرِينَ، بِقُوَّةٍ عَظِيمَةٍ. عَجِيبٌ هُوَ اللَّهُ في قِدِّيسِيهِ. إلَهُ إسْرَائِيلَ هُ…
katameros:1532,reference,,,draft,0,,,فَانْطَلَقَ يَسُوعُ مَعَ تَلامِيذِهِ إلى عَبْرِ الْبَحْرِ، وَتَبِعَهُ جَمْعٌ كَثِيرٌ مِنَ الْجَلِيلِ وَمِنَ الْيَهُودِي…
katameros:1533,reference,,,draft,0,,,قدِّيسُوكَ يُبَارِكُونَكَ. وَمَجْدَ مُلْكِكَ يَصِفُونَ. وَبِقُوَّتِكَ يَنْطقُونَ. لِيُظْهِرُوا لِبَنِي البَشَرِ قُدْرَت…
katameros:1534,reference,,,draft,0,,,وَفي تِلْكَ الأيامِ خَرَجَ إلى الْجَبَلِ لِيُصَلِّيَ. وَكَانَ سَاهِراً في الصَّلاَةِ لِلَّهِ.  وَلَمَّا كَانَ النَّهَار…
katameros:1535,reference,,,draft,0,,,لأنَّ غَايَةَ النَّامُوسِ هيَ: الْمَسِيحُ لِلْبِرِّ لِكُلِّ مَنْ يُؤْمِنُ؛ لأنَّ مُوسَى كَتَبَ في الْبِرِّ الَّذِي مِنَ…
katameros:1536,reference,,,draft,0,,,لِذلِكَ سَوْفَ أُذَكِّرُكُمْ في كُلِّ حِينٍ بِهذِهِ الأُمُورِ، وَلَوْ إنَّكُمْ عَالِمُونَ وَثَابِتُونَ في الْحَقِّ الْح…
katameros:1537,reference,,,draft,0,,,وَصَعِدَ بُطْرُسُ وَيُوحَنَّا إلى الْهَيْكَلِ في وَقْتِ صَلاةِ السَّاعَةِ التَّاسِعَةِ. وَكَانَ رَجُلٌ أَعْرَجُ مِنْ بَ…
katameros:1538,reference,,,draft,0,,,السَّمَوَاتُ تُذِيعُ مَجْدَ اللَّهِ، الْفَلَكُ يُخْبِرُ بِعَمَلِ يَدَيْهِ. في كُلِّ الأَرْضِ خَرَجَ مَنْطِقُهُمْ. وَإلى…
katameros:1539,reference,,,draft,0,,,ثُمَّ دَعَا تَلاَمِيذَهُ الاثْنَيْ عَشَرَ وَأَعْطَاهُمْ سُلْطَاناً عَلَى أَرْوَاحٍ نَجِسَةٍ حَتَّى يُخْرِجُوهَا وَيَشْف…
katameros:154,reference,,,draft,0,,,"ارْفَعُوا الرَّبَّ إلهَنَا وَاسْجُدُوا في جَبَلِهِ الْمُقَدَّسِ، فَإنَّ الرَّبَّ إلهَنَا قُدُّوسٌ. 
ارْفَعُوا الرَّبَّ …"
katameros:1540,reference,,,draft,0,,,رَفَعْتُ مُخْتَاراً مِنْ شَعْبِي. وَجَدْتُ دَاوُدَ عَبْدِي، مَسَحْتُهُ بِدُهْنٍ مُقَدَّسٍ، لأنَّ يَدِي تُعَضِّدُهُ.   ه…
katameros:1541,reference,,,draft,0,,,لا تَظُنُّوا أني جِئْتُ لأُلْقِيَ سَلاَماً عَلَى الأَرْضِ، مَا جِئْتُ لأُلْقِيَ سَلاماً بَلْ سَيْفاً. فَإنِّي أَتَيْتُ …
katameros:1542,reference,,,draft,0,,,كَهَنَتُكَ يَلْبَسُونَ الْبِرَّ، وقِدِّيسُوكَ يَبْتَهِجُونَ مِنْ أَجْلِ دَاوُدَ عَبْدِكَ. هَيَّأْتُ سِرَاجاً لِمَسِيحِي…
katameros:1543,reference,,,draft,0,,,وَنَزَلَ مَعَهُمْ وَوَقَفَ في مَوْضِعٍ خَلاءٍ، مَعَ جَمْعٍ مِنْ تَلامِيذِهِ، وَجُمْهورٍ كَثِيرٍ مِنَ الشَّعْبِ، مِنْ جَ…
katameros:1544,reference,,,draft,0,,,فَإنَّهُ يَصِيرُ إبْطَالُ الْوَصِيَّةِ الأُولَى مِنْ أَجْلِ ضَعْفِهَا وَعَدَمِ نَفْعِهَا، إذِ النَّامُوسُ لَمْ يُكَمِّل…
katameros:1545,reference,,,draft,0,,,مِنَ الشَّيْخِ، إلى غَايُوسَ الْحَبِيبِ الَّذِي أنا أُحِبُّهُ بِالْحَقِّ. أيهَا الْحَبِيبُ، في كُلِّ شَيْءٍ أَرُومُ أَن…
katameros:1546,reference,,,draft,0,,,"مِنْ بَعْدِ أيامٍ قَالَ بُولُسُ لِبَرْنَابَا: "" لِنَرْجِعْ وَنَتَفَقَّدِ الإخْوَةَ في كُلِّ مَدِينَةٍ بَشَّرْنَا فِيهَا…"
katameros:1547,reference,,,draft,0,,,مُوسَى وَهَارُونُ في كَهَنَتِهِ، وَصَمُوئيلُ في الَّذِينَ يَدْعُونَ بِاسْمِهِ. كَانُوا يَدْعُونَ الرَّبَّ وَهُوَ كَانَ …
katameros:1548,reference,,,draft,0,,,""" الْحَقَّ الْحَقَّ أَقُولُ لَكُمْ: إنَّكُمْ سَتَبْكُونَ وَتَنُوحُونَ وَالْعَالَمُ يَفْرَحُ. أَنْتُمْ سَتَحْزَنُونَ، وَ…"
katameros:1549,reference,,,draft,0,,,قَدْ ارْتَسَمَ عَلَيْنَا نُورُ وَجْهِكَ يَارَبُّ. أَعْطيتَ سُرُوراً لِقَلْبِي؛ لأنكَ أنْتَ وَحْدَكَ يَارَبُّ، أَسْكَنْت…
katameros:155,reference,,,draft,0,,,"قَالَتْ لَهُ الْمَرْأَةُ: "" يَا سَيِّدي، أرَى أنكَ نَبِيٌّ! آباؤُنَا سَجَدُوا عَلَى هذَا الْجَبَلِ، 
وَأنْتُمْ تَقُولُو…"
katameros:1550,reference,,,draft,0,,,"حِينَئِذٍ قَالَ يَسُوعُ لِتَلامِيذِهِ: "" مَنْ أَرَادَ أنْ يَتْبَعْنِي فَلْيُنْكِرْ نَفْسَهُ وَيَحْمِلْ صَلِيبَهُ وَيَتْ…"
katameros:1551,reference,,,draft,0,,,يَفْتَخِرُ بِكَ كُلُّ الَّذِينَ يُحِبُّونَ اسْمَكَ؛ لأَنكَ أَنْتَ يَارَبُّ بَارَكْتَ الصِّدِّيقَ. مِثْلَ سِلاَحِ الْمَس…
katameros:1552,reference,,,draft,0,,,لا تَظُنُّوا أني جِئْتُ لأُلْقِيَ سَلاَماً عَلَى الأَرْضِ، مَا جِئْتُ لأُلْقِيَ سَلاماً بَلْ سَيْفاً. فَإنِّي أَتَيْتُ …
katameros:1553,reference,,,draft,0,,,لأني أَظُنُّ أنَّ آلامَ هذَا الزَّمَانِ الْحَاضِرِ لا تُقَاسُ بِالْمَجْدِ الْعَتِيدِ أنْ يُسْتَعْلَنَ فِينَا. لأنَّ انْ…
katameros:1554,reference,,,draft,0,,,وَالنِّهَايَةُ، كُونُوا جَمِيعَاً بِرَأيٍ وَاحِدٍ، وَكُونُوا مُشْتَرِكِينَ في الآلامِ. وَكُونُوا مُحِبِّينَ الإخْوَةَ، …
katameros:1555,reference,,,draft,0,,,وَحَدَثَ في ذَلِكَ الْوَقْتِ اضطرَابٌ لَيْسَ بِقَلِيلٍ بِسَبَبِ الطَّرِيقِ؛ لأنَّ وَاحداً اسْمُهُ دِيمِتْرِيُوس، صَائِغ…
katameros:1556,reference,,,draft,0,,,عَجِيبٌ هُوَ اللَّهُ في قِدِّيسِيهِ. إلَهُ إسْرَائِيلَ هُوَ يُعْطِي قُوَّةً وَعِزَّاً لِشَعْبِهِ. وَالصِّدِّيقُونَ يَفْ…
katameros:1557,reference,,,draft,0,,,وَلكِنْ أَقُولُ لَكُمْ يَا أَصْدِقَائِي: لا تَخَافُوا مِنَ الَّذِينَ يَقْتُلُونَ جَسَدَكُمْ، وَبَعْدَ ذلِكَ لَيْسَ لَهُ…
katameros:1558,reference,,,draft,0,,,رَفَعْتُ مُخْتَاراً مِنْ شَعْبِي. وَجَدْتُ دَاوُدَ عَبْدِي، مَسَحْتُهُ بِدُهْنٍ مُقَدَّسٍ، لأنَّ يَدِي تُعَضِّدُهُ.   ه…
katameros:1559,reference,,,draft,0,,,لا تَظُنُّوا أني جِئْتُ لأُلْقِيَ سَلاَماً عَلَى الأَرْضِ، مَا جِئْتُ لأُلْقِيَ سَلاماً بَلْ سَيْفاً. فَإنِّي أَتَيْتُ …
katameros:156,reference,,,draft,0,,,"أنْتَ هُوَ إلَهِي فَأَشْكُرُكَ، إلهِي أنْتَ فَأَرْفَعُكَ. يَمِينُ الرَّبِّ صَنَعَتِ القُوَّةَ. 
يَمِينُ الرَّبِّ رَفَعَ…"
katameros:1560,reference,,,draft,0,,,كَهَنَتُكَ يَلْبَسُونَ الْبِرَّ، وقِدِّيسُوكَ يَبْتَهِجُونَ مِنْ أَجْلِ دَاوُدَ عَبْدِكَ. هَيَّأْتُ سِرَاجاً لِمَسِيحِي…
katameros:1561,reference,,,draft,0,,,وَنَزَلَ مَعَهُمْ وَوَقَفَ في مَوْضِعٍ خَلاءٍ، مَعَ جَمْعٍ مِنْ تَلامِيذِهِ، وَجُمْهورٍ كَثِيرٍ مِنَ الشَّعْبِ، مِنْ جَ…
katameros:1562,reference,,,draft,0,,,فَإنَّهُ يَصِيرُ إبْطَالُ الْوَصِيَّةِ الأُولَى مِنْ أَجْلِ ضَعْفِهَا وَعَدَمِ نَفْعِهَا، إذِ النَّامُوسُ لَمْ يُكَمِّل…
katameros:1563,reference,,,draft,0,,,مِنَ الشَّيْخِ، إلى غَايُوسَ الْحَبِيبِ الَّذِي أنا أُحِبُّهُ بِالْحَقِّ. أيهَا الْحَبِيبُ، في كُلِّ شَيْءٍ أَرُومُ أَن…
katameros:1564,reference,,,draft,0,,,"مِنْ بَعْدِ أيامٍ قَالَ بُولُسُ لِبَرْنَابَا: "" لِنَرْجِعْ وَنَتَفَقَّدِ الإخْوَةَ في كُلِّ مَدِينَةٍ بَشَّرْنَا فِيهَا…"
katameros:1565,reference,,,draft,0,,,مُوسَى وَهَارُونُ في كَهَنَتِهِ، وَصَمُوئيلُ في الَّذِينَ يَدْعُونَ بِاسْمِهِ. كَانُوا يَدْعُونَ الرَّبَّ وَهُوَ كَانَ …
katameros:1566,reference,,,draft,0,,,""" الْحَقَّ الْحَقَّ أَقُولُ لَكُمْ: إنَّكُمْ سَتَبْكُونَ وَتَنُوحُونَ وَالْعَالَمُ يَفْرَحُ. أَنْتُمْ سَتَحْزَنُونَ، وَ…"
katameros:1567,reference,,,draft,0,,,الَّذِي يُعَلِّمُ يَدَيَّ الْقِتَالَ، وَجَعَلَ سَاعِدَيَّ أقْوَاسَاً مِنْ نُحَاسٍ. وَمَنْطَقْتَنِي قُوَّةً في الْحَرْبِ…
katameros:1568,reference,,,draft,0,,,هَا أَنَا أُرْسِلُكُمْ كَخِرَافٍ في وَسَطِ ذِئَابٍ فَكُونُوا حُكَمَاءَ كَالْحَيَّاتِ وَبُسَطَاءَ كَالْحَمَامِ. وَاحْذَر…
katameros:1569,reference,,,draft,0,,,تَقَلَّدْ سَيْفَكَ عَلَى فَخْذِكَ أيهَا الْقَويُّ. بِحُسْنِكَ وَجَمَالِكَ اسْتَلَّهُ وَانْجَحْ وَامْلِكْ. كُرْسِيُّكَ ي…
katameros:157,reference,,,draft,0,,,"وَكَمَا رَفَعَ مُوسَى الْحَيَّةَ في البَرِّيةِ هكَذَا يَنْبَغِي أنْ يُرْفَعَ ابْنُ الإنْسَانِ، لَكِيْ 
يَنَالَ كُلُّ مَ…"
katameros:1570,reference,,,draft,0,,,وَلَمَّا صَارَ الْغَدُ مَضَى يَسُوعُ إلى مَدِينَةٍ تُدْعَى نَايِينَ، وَذَهَبَ مَعَهُ تَلاَمِيذُهُ وَجَمْعٌ كَثِيرٌ. فَل…
katameros:1571,reference,,,draft,0,,,فَاشْتَرِكْ أَنْتَ في احْتِمَالِ الآلامِ كَجُنْدِيٍّ صَالِحٍ لِلْمَسِيحِ يَسُوعَ. لأنهُ لَيْسَ أَحَدٌ وَهُوَ يَتَجَنَّد…
katameros:1572,reference,,,draft,0,,,وَالنِّهَايَةُ، كُونُوا جَمِيعَاً بِرَأيٍ وَاحِدٍ، وَكُونُوا مُشْتَرِكِينَ في الآلامِ. وَكُونُوا مُحِبِّينَ الإخْوَةَ، …
katameros:1573,reference,,,draft,0,,,فَتَشاورَ الْجُنْدُ كَيْ يَقْتُلُوا الأَسْرَى لِئَلاَّ يَسْبَحَ أَحَدٌ مِنْهُمْ فَيَهْرُبَ. وَلكِنَّ قَائِدَ الْمِئَةِ،…
katameros:1574,reference,,,draft,0,,,وَعَلَى الأَفْعَى وَمَلِكِ الْحَيَّاتِ تَطَأُ. وَتَسْحَقُ الأَسَدَ وَالتنِّينَ. لأنهُ يُوصِي مَلاَئِكَتَهُ مِنْ أَجْلِك…
katameros:1575,reference,,,draft,0,,,"وَفي تِلْكَ السَّاعَةِ تَهَلَّلَ يَسُوعُ بِالرُّوحِ الْقُدُسِ وَقَالَ: "" أَشْكُرُكَ أيهَا الآبُ، رَبُّ السَّمَاءِ وَالأ…"
katameros:1576,reference,,,draft,0,,,"لَمْ يَتْرُكْ إنْسَاناً يَظْلِمُهُمْ، وَبَكَّتَ ملوكاً مِنْ أجْلِهمْ، قَائِلاً: "" لا تَمَسُّوا مُسَحَائي، وَلا تُسِيئوا…"
katameros:1577,reference,,,draft,0,,,وَفِيمَا هُوَ يَتَكَلَّمُ سَألَهُ فَرِّيسِيٌّ أنْ يَأْكُلَ عِنْدَهُ، فَدَخَلَ وَاتَّكَأَ. وَأمَّا الفَرِّيسِيُّ لَمَّا …
katameros:1578,reference,,,draft,0,,,أَرْسَلَ مُوسَى عَبْدَهُ وَهارُونَ الَّذِي اخْتَارَهُ، جَعَلَ فِيهِمَا أَقْوَالَ آيَاتِهِ وَعَجَائِبِهِ، كَيْ يَحْفَظُو…
katameros:1579,reference,,,draft,0,,,وَبَعْدَ سِتَّةِ أيامٍ أخَذَ يَسُوعُ بُطْرُسَ وَيَعْقُوبَ وَيُوحَنَّا أخَاهُ وَأَصْعَدَهُمْ عَلَى جَبَلٍ عَالٍ مُنْفَرِ…
katameros:158,reference,,,draft,0,,,اُنْظُرُوا، بِأيِّ مقْدَارٍ كَتَبْتُ إلَيْكُمْ كتاباتٍ بِيَدِي! الَّذِينَ يُرِيدُونَ أنْ يَفْتَخِرُوا بِالْجَسَدِ، هؤُل…
katameros:1580,reference,,,draft,0,,,بِالإيمَانِ قَرَّبَ إبْرَاهِيمُ إسْحَقَ حِينَ جُرِّبَ. وَقَرَّبَ ابْنَهُ الوَحِيدَ ذَاكَ الَّذِي قَبِلَ الْمَوَاعِيدَ ب…
katameros:1581,reference,,,draft,0,,,وَثَابِتٌ عِنْدَنَا كَلامُ الأنبِيَاءِ، هذَا الَّذِي هُوَ نِعْمَ مَا تَصْنَعُونَهُ إذَا تَأمَّلْتُمْ إلَيْهِ، كَمِثْلِ …
katameros:1582,reference,,,draft,0,,,لأنَّ مُوسَى مُنْذُ الأجْيَالِ الْقَدِيمَةِ، لَهُ في كُلِّ مَدِينَةٍ مَنْ يَكْرِزُ بِهِ، إذْ يُقْرَأُ  في الْمَجَامِعِ …
katameros:1583,reference,,,draft,0,,,مُوسَى وَهَارُونُ في كَهَنَتِهِ، وَصَمُوئيلُ في الَّذِينَ يَدْعُونَ بِاسْمِهِ. كَانُوا يَدْعُونَ الرَّبَّ وَهُوَ كَانَ …
katameros:1584,reference,,,draft,0,,,الْوَيْلُ لَكُمْ أيهَا الكَتَبَةُ والْفَرِّيسِيُّونَ الْمُرَاؤُونَ! لأنكُمْ تُغْلِقُونَ مَلَكُوتَ السَّمَوَاتِ قُدَّامَ…
katameros:1585,reference,,,draft,0,,,كَهَنَتُكَ يَلْبَسُونَ الْبِرَّ، وقِدِّيسُوكَ يَبْتَهِجُونَ مِنْ أَجْلِ دَاوُدَ عَبْدِكَ. هَيَّأْتُ سِرَاجاً لِمَسِيحِي…
katameros:1586,reference,,,draft,0,,,وَكَانَ يَسُوعُ يَطُوفُ في كُلِّ الْجَلِيلِ يُعَلِّمُ في مَجَامِعِهِمْ، وَيَكْرِزُ بِبِشَارَةِ الْمَلَكُوتِ، وَيَشْفِي …
katameros:1587,reference,,,draft,0,,,"أَقْسَمَ الرَّبُّ وَلَنْ يَنْدَمَ: "" إِنَّكَ أَنْتَ هُوَ الْكَاهِنُ إلى الأَبدِ عَلَى طَقْسِ مَلْشِيصَادَقَ "". الرَّبُّ…"
katameros:1588,reference,,,draft,0,,,وَنَزَلَ مَعَهُمْ وَوَقَفَ في مَوْضِعٍ خَلاءٍ، مَعَ جَمْعٍ مِنْ تَلامِيذِهِ، وَجُمْهورٍ كَثِيرٍ مِنَ الشَّعْبِ، مِنْ جَ…
katameros:1589,reference,,,draft,0,,,وَأَمَّا أَنْتَ فَقَدْ اتَّبَعْتَ تَعْلِيمِي، وَمَثَالِي، وَرَسْمِي الأَوَّلَ، وَإيمَانِي، وَأَنَاتِي، وَمَحَبَّتِي، وَ…
katameros:159,reference,,,draft,0,,,"مُبَارَكٌ اللَّهُ أَبو رَبِّنَا يَسُوعَ الْمَسِيحِ، الَّذِي بِكَثْرَةِ رَحْمَتِهِ وَلَدَنَا ثَانِيَةً لِرَجَاءٍ 
حَيٍّ،…"
katameros:1590,reference,,,draft,0,,,أَطْلُبُ إلى الشُّيُوخِ الَّذِينَ بَيْنَكُمْ، أنا الشَّيْخَ شَرِيكَكُمْ، وَالشَّاهِدَ لآلاَمِ الْمَسِيحِ، وَشَرِيكَ الْ…
katameros:1591,reference,,,draft,0,,,"وَمِنْ مِيلِيتُسَ أَرْسَلَ إلى أَفَسُسَ وَاسْتَدْعَى أحْبَارَ الْكَنِيسَةِ. فَلَمَّا جَاءُوا إلَيْهِ قَالَ لَهُمْ: "" أَ…"
katameros:1592,reference,,,draft,0,,,أَمْسَكْتَ بِيَدِي الْيُمْنَى. وَبِمَشُورَتِكَ هَدَيْتَنِي وَبِالْمَجْدِ قَبِلْتَنِي. وَأنا خَيْرٌ لِي الالْتِصَاقُ بِا…
katameros:1593,reference,,,draft,0,,,""" الْحَقَّ الْحَقَّ أَقُولُ لَكُمْ: إنَّ الَّذِي لا يَدْخُلُ مِنَ الْبَابِ إلى حَظِيرَةِ الْخِرَافِ، بَلْ يَطْلَعُ مِنْ…"
katameros:1594,reference,,,draft,0,,,الَّذِي يُعَلِّمُ يَدَيَّ الْقِتَالَ، وَجَعَلَ سَاعِدَيَّ أقْوَاسَاً مِنْ نُحَاسٍ. وَمَنْطَقْتَنِي قُوَّةً في الْحَرْبِ…
katameros:1595,reference,,,draft,0,,,هَا أَنَا أُرْسِلُكُمْ كَخِرَافٍ في وَسَطِ ذِئَابٍ فَكُونُوا حُكَمَاءَ كَالْحَيَّاتِ وَبُسَطَاءَ كَالْحَمَامِ. وَاحْذَر…
katameros:1596,reference,,,draft,0,,,تَقَلَّدْ سَيْفَكَ عَلَى فَخْذِكَ أيهَا الْقَويُّ. بِحُسْنِكَ وَجَمَالِكَ اسْتَلَّهُ وَانْجَحْ وَامْلِكْ. كُرْسِيُّكَ ي…
katameros:1597,reference,,,draft,0,,,وَلَمَّا صَارَ الْغَدُ مَضَى يَسُوعُ إلى مَدِينَةٍ تُدْعَى نَايِينَ، وَذَهَبَ مَعَهُ تَلاَمِيذُهُ وَجَمْعٌ كَثِيرٌ. فَل…
katameros:1598,reference,,,draft,0,,,فَاشْتَرِكْ أَنْتَ في احْتِمَالِ الآلامِ كَجُنْدِيٍّ صَالِحٍ لِلْمَسِيحِ يَسُوعَ. لأنهُ لَيْسَ أَحَدٌ وَهُوَ يَتَجَنَّد…
katameros:1599,reference,,,draft,0,,,وَالنِّهَايَةُ، كُونُوا جَمِيعَاً بِرَأيٍ وَاحِدٍ، وَكُونُوا مُشْتَرِكِينَ في الآلامِ. وَكُونُوا مُحِبِّينَ الإخْوَةَ، …
katameros:16,reference,,,draft,0,,,وَفي ذَلِكَ الوَقْتِ رَفَعَ هِيرُودِسُ يَدَهُ عَلَى قَومٍ مِنَ الكَنْيسَةِ لِيُسِيئَ إليهم، فَقَتَلَ يَعْقُوبَ أخَا يُو…
katameros:160,reference,,,draft,0,,,"حِينَئِذٍ امْتَلأَ بُطْرُسُ مِنَ الرُّوحِ القُدُسِ وَقَالَ لَهُمْ: "" يَا رُؤَسَاءَ الشَّعْبِ وَالشُّيُوخَ، إنْ كُنَّا ن…"
katameros:1600,reference,,,draft,0,,,فَتَشاورَ الْجُنْدُ كَيْ يَقْتُلُوا الأَسْرَى لِئَلاَّ يَسْبَحَ أَحَدٌ مِنْهُمْ فَيَهْرُبَ. وَلكِنَّ قَائِدَ الْمِئَةِ،…
katameros:1601,reference,,,draft,0,,,وَعَلَى الأَفْعَى وَمَلِكِ الْحَيَّاتِ تَطَأُ. وَتَسْحَقُ الأَسَدَ وَالتنِّينَ. لأنهُ يُوصِي مَلاَئِكَتَهُ مِنْ أَجْلِك…
katameros:1602,reference,,,draft,0,,,"وَفي تِلْكَ السَّاعَةِ تَهَلَّلَ يَسُوعُ بِالرُّوحِ الْقُدُسِ وَقَالَ: "" أَشْكُرُكَ أيهَا الآبُ، رَبُّ السَّمَاءِ وَالأ…"
katameros:1603,reference,,,draft,0,,,السَّمَوَاتُ تُذِيعُ مَجْدَ اللَّهِ، الْفَلَكُ يُخْبِرُ بِعَمَلِ يَدَيْهِ. في كُلِّ الأَرْضِ خَرَجَ مَنْطِقُهُمْ. وَإلى…
katameros:1604,reference,,,draft,0,,,إنْ ثَبَتُّمْ فيَّ وَثَبَتَ كَلاَمِي فِيكُمْ، تَطْلُبُوا مَا تُرِيدُونَ فَيَكُونُ لَكُمْ. بِهذَا يَتَمَجَّدُ أبِي: أنْ …
katameros:1605,reference,,,draft,0,,,فَاضَ قَلْبِي كَلِمَةً صَالِحةً. أَقُولُ أَنا أَعْمَالِي لِلْمَلِكِ. انْسَكَبَتِ النِّعْمَةُ مِنْ شَفَتَيْكَ، لِذَلِكَ …
katameros:1606,reference,,,draft,0,,,في الْبَدْءِ كَانَ الْكَلِمَةُ، وَالْكَلِمَةُ كَانَ عِنْدَ اللَّهِ، وَكَانَ الْكَلِمَةُ اللَّهَ. هذَا كَانَ في الْبَدْء…
katameros:1607,reference,,,draft,0,,,لأنَّ غَايَةَ النَّامُوسِ هيَ: الْمَسِيحُ لِلْبِرِّ لِكُلِّ مَنْ يُؤْمِنُ؛ لأنَّ مُوسَى كَتَبَ في الْبِرِّ الَّذِي مِنَ…
katameros:1608,reference,,,draft,0,,,الَّذِي كَانَ مِنَ الْبَدْءِ، الَّذِي سَمِعْنَاهُ، الَّذِي رَأيْنَاهُ بِعُيُوننَا، الَّذِي شَاهَدْنَاهُ، وَلَمَسَتْهُ أ…
katameros:1609,reference,,,draft,0,,,وَصَعِدَ بُطْرُسُ وَيُوحَنَّا إلى الْهَيْكَلِ في وَقْتِ صَلاةِ السَّاعَةِ التَّاسِعَةِ. وَكَانَ رَجُلٌ أَعْرَجُ مِنْ بَ…
katameros:161,reference,,,draft,0,,,أَرْفَعُكَ يَا إلَهِي وَمَلِكِي. وأُبارِكُ اسْمَكَ إلى أبدِ الأبدِ. في كُلِّ يَوْمٍ أُبارِكُكَ، وَأُسَبِّحُ اسْمَكَ إلى…
katameros:1610,reference,,,draft,0,,,وَأنا لَقَدْ أَكْرَمَ عَليَّ جِدّاً، أَصْفِياؤُكَ يَا اللَّهُ. وَاعْتَزَّتْ جِدّاً رِئَاسَتُهُمْ. أَحْصِهِمْ فَيُكْثِرُ…
katameros:1611,reference,,,draft,0,,,"فَبَعْدَ مَا أَكَلُوا قَالَ يَسُوعُ لِسِمْعَانَ بُطْرُسَ: "" يا سِمْعَانُ بْنَ يُونا، أَتُحِبُّنِي أَكْثَرَ مِنْ هؤُلاءِ…"
katameros:1612,reference,,,draft,0,,,"جَمِيعُ عِظَامِي تَقُولُ: "" يارَبُّ مَنْ مِثْلُكَ "". وَليَقُلْ في كُلِّ حِينٍ: لِيَتَعَظَّمِ الرَّبُّ، الَّذِينَ يُرِيد…"
katameros:1613,reference,,,draft,0,,,فَأَخْبَرَ يُوحَنَّا تَلاَمِيذُهُ عَنْ جَمِيعِ هذِهِ. فَدَعَا يُوحَنَّا اثْنَيْنِ مِنْ تَلاَمِيذِهِ، وَأَرْسَلَهُمَا إل…
katameros:1614,reference,,,draft,0,,,تُسْمِعْنِي سُروراً وفَرَحاً، فَتَبْتَهِجُ الْعِظَامُ الْمُتَوَاضِعَةُ. حِينَئِذٍ يُقَرِّبُونَ العُجُولَ، عَلَى مَذْبَح…
katameros:1615,reference,,,draft,0,,,وَحَدَثَ جِدَالٌ بَيْنَ تَلاَمِيذِ يُوحَنَّا وَالْيَهُودِ مِنْ أَجْلِ التَّطْهِير. فَجَاءُوا إلى يُوحَنَّا وَقَالُوا لَ…
katameros:1616,reference,,,draft,0,,,وَأمَّا الإيمَانُ فَهُوَ الثِّقَةُ بِمَا يُرْجَى وَالإيقَانُ بِأُمُورٍ لا تُرَى. فَإنَّهُ في هذا شُهِدَ لِلْقُدَمَاءِ. …
katameros:1617,reference,,,draft,0,,,وَهَذِهِ هِيَ الْكَلِمَةُ الَّتي بُشِّرْتُمْ بِهَا. فَاطْرَحُوا عَنْكُمْ إذاً كُلَّ شَرٍّ وَكُلَّ غِشٍّ وَكُلَّ رِيَاءٍ…
katameros:1618,reference,,,draft,0,,,وَلَمَّا أَكْمَلَ يُوحَنَّا سَعْيَهُ جَعَلَ يَقُولُ: مَنْ تَظُنُّونَ أني أَنا؟ لَسْتُ أَنا إياهُ، لكِنْ هُوَذَا يَأْتِي…
katameros:1619,reference,,,draft,0,,,إنَّ عَيْنَيِ الرَّبِّ عَلَى الصِّدِّيقِينَ، وَأُذُنَيْهِ مُصْغِيَتَانِ إلى طَلَبِهِمْ. الرَّبُّ يَحْفَظُ جَمِيعَ عِظَا…
katameros:162,reference,,,draft,0,,,"فَقَالَ لَهُمْ يَسُوعُ: "" أَنا هُوَ خُبْزُ الْحَيَاةِ. مَنْ يَأتِي إلَيَّ فَلاَ يَجُوعُ، وَمَنْ يُؤْمِنُ 
بِي فَلاَ يَع…"
katameros:1620,reference,,,draft,0,,,أَمَّا يُوحَنَّا فَلَمَّا سَمِعَ في السِّجْنِ بِأَعْمَالِ الْمَسِيحِ أَرْسَلَ اثْنَيْنِ مِنْ تَلاَمِيذِهِ، وَقَالَ لَهُ…
katameros:1621,reference,,,draft,0,,,اعْلَمُوا أنَّ الرَّبَّ قَدْ جَعَلَ قُدُّوسَهُ عَجَبَاً. الرَّبُّ يَسْتَجِيبُ لي إذَا مَا صَرَخْتُ إلَيْهِ. قَدِ ارْتَس…
katameros:1622,reference,,,draft,0,,,لَيْسَ تِلْمِيذٌ أَفْضَلَ مِنْ مُعَلِّمِهِ، وَلا عَبْدٌ أَفْضَلَ مِنْ سَيِّدِهِ. يَكْفِي التِّلْمِيذَ أنْ يَصِيرَ كَمُع…
katameros:1623,reference,,,draft,0,,,سَبِّحُوا أيهَا الْفِتْيَانُ الرَّبَّ، سَبِّحُوا اسْمَ الرَّبِّ، لِيَكُنْ اسْمُ الرَّبِّ مُبَارَكَاً، مِنَ الآنَ وَإلى …
katameros:1624,reference,,,draft,0,,,"وَدَعَا الْجَمْعَ وَتَلامِيذَهُ وَقَالَ لَهُمْ: "" مَنْ أرَادَ أنْ يَأتيَ وَرَائِي فَلْيُنْكِرْ نَفْسَهُ وَيَحْمِلْ صَلِ…"
katameros:1625,reference,,,draft,0,,,لأنَّ كُلَّ الَّذِينَ يَنْقَادُونَ بِرُوحِ اللَّهِ، فَأُولئِكَ هُمْ أَبنَاءُ اللَّهِ. إذْ لَمْ تَأْخُذُوا رُوحَ الْعُبُ…
katameros:1626,reference,,,draft,0,,,أيهَا الأحِبَّاءُ، أَطْلُبُ إلَيْكُمْ كَغُرَبَاءَ وَنُزَلاَءَ، أنْ تَبْتَعِدُوا عَنِ الشَّهَوَاتِ الْجَسَدِيَّةِ التي ت…
katameros:1627,reference,,,draft,0,,,وَكَانَ اللَّهُ يَصْنَعُ عَلَى يَدَيْ بُولُسَ قُوَّاتٍ كَثِيرَةً، حَتَّى إِنَّهُمْ كَانُوا يَأخُذُونَ مَنادِيلَ وَخِرَق…
katameros:1628,reference,,,draft,0,,,جُزْنا في النَّارِ وَالْمَاءِ، وَأَخْرَجْتَنَا إلى الرَّاحَةِ. أَدْخُلُ إلى بَيْتِكَ بِالْمُحْرَقَاتِ، وَأُوفِيكَ النُّ…
katameros:1629,reference,,,draft,0,,,وَقَبْلَ هَذَا كُلِّهِ يُلْقُونَ أَيْدِيَهُمْ عَلَيْكُمْ وَيَطْرُدُونَكُمْ، وَيُسَلِّمُونَكُمْ إلى مَجَامِعَ وَسُجُونٍ،…
katameros:163,reference,,,draft,0,,,كُرْسِيُّكَ يَا اللَّهُ إلى دَهْرِ الدُّهُورِ، وَقَضِيبُ الاسْتِقَامَةِ هُوَ قَضِيبُ مُلْكِكَ. مِنْ أَجْلِ ذَلِكَ تَعْت…
katameros:1630,reference,,,draft,0,,,رَفَعْتُ مُخْتَاراً مِنْ شَعْبِي. وَجَدْتُ دَاوُدَ عَبْدِي، مَسَحْتُهُ بِدُهْنٍ مُقَدَّسٍ، لأنَّ يَدِي تُعَضِّدُهُ.   ه…
katameros:1631,reference,,,draft,0,,,لا تَظُنُّوا أني جِئْتُ لأُلْقِيَ سَلاَماً عَلَى الأَرْضِ، مَا جِئْتُ لأُلْقِيَ سَلاماً بَلْ سَيْفاً. فَإنِّي أَتَيْتُ …
katameros:1632,reference,,,draft,0,,,كَهَنَتُكَ يَلْبَسُونَ الْبِرَّ، وقِدِّيسُوكَ يَبْتَهِجُونَ مِنْ أَجْلِ دَاوُدَ عَبْدِكَ. هَيَّأْتُ سِرَاجاً لِمَسِيحِي…
katameros:1633,reference,,,draft,0,,,وَنَزَلَ مَعَهُمْ وَوَقَفَ في مَوْضِعٍ خَلاءٍ، مَعَ جَمْعٍ مِنْ تَلامِيذِهِ، وَجُمْهورٍ كَثِيرٍ مِنَ الشَّعْبِ، مِنْ جَ…
katameros:1634,reference,,,draft,0,,,فَإنَّهُ يَصِيرُ إبْطَالُ الْوَصِيَّةِ الأُولَى مِنْ أَجْلِ ضَعْفِهَا وَعَدَمِ نَفْعِهَا، إذِ النَّامُوسُ لَمْ يُكَمِّل…
katameros:1635,reference,,,draft,0,,,مِنَ الشَّيْخِ، إلى غَايُوسَ الْحَبِيبِ الَّذِي أنا أُحِبُّهُ بِالْحَقِّ. أيهَا الْحَبِيبُ، في كُلِّ شَيْءٍ أَرُومُ أَن…
katameros:1636,reference,,,draft,0,,,"مِنْ بَعْدِ أيامٍ قَالَ بُولُسُ لِبَرْنَابَا: "" لِنَرْجِعْ وَنَتَفَقَّدِ الإخْوَةَ في كُلِّ مَدِينَةٍ بَشَّرْنَا فِيهَا…"
katameros:1637,reference,,,draft,0,,,مُوسَى وَهَارُونُ في كَهَنَتِهِ، وَصَمُوئيلُ في الَّذِينَ يَدْعُونَ بِاسْمِهِ. كَانُوا يَدْعُونَ الرَّبَّ وَهُوَ كَانَ …
katameros:1638,reference,,,draft,0,,,""" الْحَقَّ الْحَقَّ أَقُولُ لَكُمْ: إنَّكُمْ سَتَبْكُونَ وَتَنُوحُونَ وَالْعَالَمُ يَفْرَحُ. أَنْتُمْ سَتَحْزَنُونَ، وَ…"
katameros:1639,reference,,,draft,0,,,أَجْعَلُ ذُرِّيَتَهُ إلى دَهْرِ الدَّهرِ، وعَرْشَهُ مِثْلَ أيامِ السَّمَاءِ. نسْلُهُ إلى الدَّهْرِ يَدُومُ، وعَرْشُهُ م…
katameros:164,reference,,,draft,0,,,مِنْ ذَلِكَ الوَقْتِ ابْتَدَأَ يَسُوعُ الْمَسِيحُ يُخْبِرُ تَلامِيذه أنهُ يَنْبَغِي أنْ يَذْهَبَ إلى أُورُشَلِيمَ وَيَت…
katameros:1640,reference,,,draft,0,,,"وَإذْ كَانَ يُصَلِّي وَحْدَهُ عَلَى انْفِرَادٍ كَانَ التَّلامِيذُ مَعَهُ. فَسَأَلَهُمْ قَائِلاً: "" مَنْ يَقُولُ النَّاس…"
katameros:1641,reference,,,draft,0,,,فَلْيَرْفَعُوهُ في كَنِيسَةِ شَعْبِهِ، وَلْيُبَارِكُوهُ في مَجْلِسِ الشُّيوخِ. جَعَلَ أبوَّةً مِثْلَ الْخِرَافِ. يُبْصِ…
katameros:1642,reference,,,draft,0,,,وَجَاءَ إلى بَيْتِ صَيْدَا، فَقَدَّمُوا إلَيْهِ أَعْمَى وَطَلَبُوا إلَيْهِ أنْ يَلْمِسَهُ، فَأخَذَ بِيَدِ الأَعْمَى وَأ…
katameros:1643,reference,,,draft,0,,,فَإذْ لَنَا رَئِيسُ كَهَنَةٍ عَظِيمٌ قَدِ اجْتَازَ السَّمَوَاتِ، يَسُوعُ ابْنُ اللَّهِ، فَلْنَتَمَسَّكْ بِالإقْرَارِ. ل…
katameros:1644,reference,,,draft,0,,,بُطْرُسُ، رَسُولُ يَسُوعَ الْمَسِيحِ، إلى الْمُخْتَارِينَ الْمُتَغَرِّبِينَ في شَتَاتِ بُنْتُسَ وَغَلاَطِيَّةَ وَكَبَّا…
katameros:1645,reference,,,draft,0,,,وَفي ذَلِكَ الوَقْتِ رَفَعَ هِيرُودِسُ يَدَهُ عَلَى قَومٍ مِنَ الكَنْيسَةِ لِيُسِيئَ إليهم، فَقَتَلَ يَعْقُوبَ أخَا يُو…
katameros:1646,reference,,,draft,0,,,"أَقْسَمَ الرَّبُّ وَلَنْ يَنْدَمَ: "" إِنَّكَ أَنْتَ هُوَ الْكَاهِنُ إلى الأَبدِ عَلَى طَقْسِ مَلْشِيصَادَقَ "". الرَّبُّ…"
katameros:1647,reference,,,draft,0,,,"وَلَمَّا جَاءَ يَسُوعُ إلى نَوَاحِي قَيْصَرِيَّةِ فِيلُبُّسَ سَألَ تَلاَمِيذَهُ قَائِلاً: "" مَاذا يَقُولُ النَّاسُ في ا…"
katameros:1648,reference,,,draft,0,,,افْرَحُوا أيهَا الصِّدِّيقُونَ بِالرَّبِّ وَابْتَهِجُوا. وَافْتَخِرُوا يا جَمِيعَ مُسْتَقِيمِي الْقُلُوبِ. مِنْ أَجْلِ …
katameros:1649,reference,,,draft,0,,,وَكَأنمَا إنْسَانٌ مُسَافِرٌ دَعَا عَبِيدَهُ وَسَلَّمَهُمْ أَمْوَالَهُ، فَأَعْطَى وَاحِداً خَمْسَ وَزَنَاتٍ، وَآخَرَ وَ…
katameros:165,reference,,,draft,0,,,"افْتَدَيْتَ قَضِيبَ مِيراثِكَ، جَبَلَ صِهْيَوْنَ هذَا الَّذِي سَكَنْتَ فِيهِ. أمَّا اللَّهُ فَهُوَ 
مَلِكُنَا قَبْلَ ال…"
katameros:1650,reference,,,draft,0,,,طُوبَى لِلرَّجُلِ الْخَائِفِ مِنَ الرَّبِّ. وَيَهْوَى وَصَايَاه جِدّاً. يَقْوَى نَسْلُهُ عَلَى الأَرْضِ، وَيُبَارَكُ جِ…
katameros:1651,reference,,,draft,0,,,وَنَزَلَ مَعَهُمْ وَوَقَفَ في مَوْضِعٍ خَلاءٍ، مَعَ جَمْعٍ مِنْ تَلامِيذِهِ، وَجُمْهورٍ كَثِيرٍ مِنَ الشَّعْبِ، مِنْ جَ…
katameros:1652,reference,,,draft,0,,,فَإنَّهُ لَيْسَ بِالنَّامُوسِ أُعْطِيَ الْوَعْدُ لإبْرَاهِيمَ أوْ لِنَسْلِهِ أنْ يَكُونَ وَارِثاً لِلْعَالَمِ، بَلْ بِب…
katameros:1653,reference,,,draft,0,,,مُبَارَكٌ اللَّهُ أَبو رَبِّنَا يَسُوعَ الْمَسِيحِ، الَّذِي بِكَثْرَةِ رَحْمَتِهِ وَلَدَنَا ثَانِيَةً لِرَجَاءٍ حَيٍّ، …
katameros:1654,reference,,,draft,0,,,فَلَمَّا ابْتَدَأْتُ أَتَكَلَّمُ، حَلَّ الرُّوحُ القُدُسُ عَلَيْهِمْ كَمَا حَلَّ عَلِينَا نَحْنُ أيْضاً في البُدَاءَةِ.…
katameros:1655,reference,,,draft,0,,,في كُلِّ الأَرْضِ خَرَجَ مَنْطِقُهُمْ. وَإلى أَقْطَارِ الْمَسْكُونَةِ بَلَغَتْ أَقْوَالُهُمْ. كَهَنَتُكَ يَلْبَسُونَ ال…
katameros:1656,reference,,,draft,0,,,"وَلَمَّا جَاءَ يَسُوعُ إلى نَوَاحِي قَيْصَرِيَّةِ فِيلُبُّسَ سَألَ تَلاَمِيذَهُ قَائِلاً: "" مَاذا يَقُولُ النَّاسُ في ا…"
katameros:1657,reference,,,draft,0,,,رَفَعْتُ مُخْتَاراً مِنْ شَعْبِي. وَجَدْتُ دَاوُدَ عَبْدِي، مَسَحْتُهُ بِدُهْنٍ مُقَدَّسٍ، لأنَّ يَدِي تُعَضِّدُهُ.   ه…
katameros:1658,reference,,,draft,0,,,لا تَظُنُّوا أني جِئْتُ لأُلْقِيَ سَلاَماً عَلَى الأَرْضِ، مَا جِئْتُ لأُلْقِيَ سَلاماً بَلْ سَيْفاً. فَإنِّي أَتَيْتُ …
katameros:1659,reference,,,draft,0,,,كَهَنَتُكَ يَلْبَسُونَ الْبِرَّ، وقِدِّيسُوكَ يَبْتَهِجُونَ مِنْ أَجْلِ دَاوُدَ عَبْدِكَ. هَيَّأْتُ سِرَاجاً لِمَسِيحِي…
katameros:166,reference,,,draft,0,,,"وَدَعَا الْجَمْعَ وَتَلامِيذَهُ وَقَالَ لَهُمْ: "" مَنْ أرَادَ أنْ يَأتيَ وَرَائِي فَلْيُنْكِرْ نَفْسَهُ 
وَيَحْمِلْ صَل…"
katameros:1660,reference,,,draft,0,,,وَنَزَلَ مَعَهُمْ وَوَقَفَ في مَوْضِعٍ خَلاءٍ، مَعَ جَمْعٍ مِنْ تَلامِيذِهِ، وَجُمْهورٍ كَثِيرٍ مِنَ الشَّعْبِ، مِنْ جَ…
katameros:1661,reference,,,draft,0,,,فَإنَّهُ يَصِيرُ إبْطَالُ الْوَصِيَّةِ الأُولَى مِنْ أَجْلِ ضَعْفِهَا وَعَدَمِ نَفْعِهَا، إذِ النَّامُوسُ لَمْ يُكَمِّل…
katameros:1662,reference,,,draft,0,,,مِنَ الشَّيْخِ، إلى غَايُوسَ الْحَبِيبِ الَّذِي أنا أُحِبُّهُ بِالْحَقِّ. أيهَا الْحَبِيبُ، في كُلِّ شَيْءٍ أَرُومُ أَن…
katameros:1663,reference,,,draft,0,,,"مِنْ بَعْدِ أيامٍ قَالَ بُولُسُ لِبَرْنَابَا: "" لِنَرْجِعْ وَنَتَفَقَّدِ الإخْوَةَ في كُلِّ مَدِينَةٍ بَشَّرْنَا فِيهَا…"
katameros:1664,reference,,,draft,0,,,مُوسَى وَهَارُونُ في كَهَنَتِهِ، وَصَمُوئيلُ في الَّذِينَ يَدْعُونَ بِاسْمِهِ. كَانُوا يَدْعُونَ الرَّبَّ وَهُوَ كَانَ …
katameros:1665,reference,,,draft,0,,,""" الْحَقَّ الْحَقَّ أَقُولُ لَكُمْ: إنَّكُمْ سَتَبْكُونَ وَتَنُوحُونَ وَالْعَالَمُ يَفْرَحُ. أَنْتُمْ سَتَحْزَنُونَ، وَ…"
katameros:1666,reference,,,draft,0,,,إلَهُنَا هُوَ مَلْجَأُنَا وَقُوَّتُنَا، وَمُعِينُنَا في شَدَائِدِنَا التي أصَابَتْنَا جِدّاً. الرَّبُّ إلهُ الْقُوَّاتِ…
katameros:1667,reference,,,draft,0,,,وَفِيمَا هُوَ يَجْتَازُ عِنْدَ شَاطِئِ بَحْرِ الْجَلِيلِ أَبْصَرَ سِمْعَانَ وَأنْدَرَاوُسَ أَخَاهُ يُلْقِيَانِ شَبَكَةً…
katameros:1668,reference,,,draft,0,,,سَبِّحِي يَا نَفْسِي الرَّبَّ. أُسَبِّحُ الرَّبَّ في حَيَاتِي. طُوبَى لِمَنْ إلهُ يَعْقُوبَ مُعِينُهُ. وَاتِّكَالُهُ عَ…
katameros:1669,reference,,,draft,0,,,وَإذْ كَانَ مَاشِياً عَلَى شَاطِئِ بَحْرِ الْجَلِيلِ أَبْصَرَ أَخَوَيْنِ: سِمْعَانَ الَّذي يُقَالُ لَهُ بُطْرُسُ، وَأَن…
katameros:167,reference,,,draft,0,,,"فَكَمَا قَبِلْتُمُ الْمَسِيحَ يَسُوعَ رَبَّنا اسْلُكُوا فِيهِ، مُتَأَصِّلِينَ وَمَبْنِيِّينَ فِيهِ، وَثَابِتِينَ 
في ال…"
katameros:1670,reference,,,draft,0,,,بُولُسُ، رَسُولٌ لا مِنَ النَّاسِ وَلا بِإنْسَانٍ، بَلْ بِيَسُوعَ الْمَسِيحِ وَاللَّهِ الآبِ الَّذِي أَقَامَهُ مِنْ بَي…
katameros:1671,reference,,,draft,0,,,يَعْقُوبُ، عَبْدُ اللَّهِ وَرَبِّنَا يَسُوعَ الْمَسِيحِ، يُهْدِي السَّلامَ إلَى الاثْنَيْ عَشَرَ سِبْطاً الَّذِينَ في ا…
katameros:1672,reference,,,draft,0,,,"وَبَعْدَمَا سَكَتَا، أَجَابَ يَعْقُوبُ قَائِلاً: "" أيهَا الرِّجَالُ إخْوَتُنَا، اسْمَعُونِي. سِمْعَانُ قَدْ أَخْبَرَ كَ…"
katameros:1673,reference,,,draft,0,,,إذْ أَقَامَ الشَّهَادَةَ في يَعْقُوبَ، وَوَضَعَ النَّامُوسَ في إسْرَائِيلَ. لأني أَنَا قَدْ عَلِمْتُ أنَّ الرَّبَّ عَظِ…
katameros:1674,reference,,,draft,0,,,"وَتَقَدَّمَ إلَيْهِ يَعْقُوبُ وَيُوحَنَّا ابْنَا زَبْدِي قَائِلَيْنِ لَهُ: "" يَا مُعَلِّمُ، نُرِيدُ أنْ تَفْعَلَ لَنَا …"
katameros:1675,reference,,,draft,0,,,اعْلَمُوا أنَّ الرَّبَّ قَدْ جَعَلَ قُدُّوسَهُ عَجَبَاً. الرَّبُّ يَسْتَجِيبُ لي إذَا مَا صَرَخْتُ إلَيْهِ. قَدِ ارْتَس…
katameros:1676,reference,,,draft,0,,,لَيْسَ تِلْمِيذٌ أَفْضَلَ مِنْ مُعَلِّمِهِ، وَلا عَبْدٌ أَفْضَلَ مِنْ سَيِّدِهِ. يَكْفِي التِّلْمِيذَ أنْ يَصِيرَ كَمُع…
katameros:1677,reference,,,draft,0,,,سَبِّحُوا أيهَا الْفِتْيَانُ الرَّبَّ، سَبِّحُوا اسْمَ الرَّبِّ، لِيَكُنْ اسْمُ الرَّبِّ مُبَارَكَاً، مِنَ الآنَ وَإلى …
katameros:1678,reference,,,draft,0,,,"وَدَعَا الْجَمْعَ وَتَلامِيذَهُ وَقَالَ لَهُمْ: "" مَنْ أرَادَ أنْ يَأتيَ وَرَائِي فَلْيُنْكِرْ نَفْسَهُ وَيَحْمِلْ صَلِ…"
katameros:1679,reference,,,draft,0,,,لأنَّ كُلَّ الَّذِينَ يَنْقَادُونَ بِرُوحِ اللَّهِ، فَأُولئِكَ هُمْ أَبنَاءُ اللَّهِ. إذْ لَمْ تَأْخُذُوا رُوحَ الْعُبُ…
katameros:168,reference,,,draft,0,,,كَتَبْتُ إلَيْكُمْ بِهذا، كَي تَعْلَمُوا أنَّ لَكُمْ حَيَاةً أبدِيَّةً، أيهَا الْمُؤْمِنُونَ بِاسْمِ ابْنِ اللَّهِ. وَه…
katameros:1680,reference,,,draft,0,,,أيهَا الأحِبَّاءُ، أَطْلُبُ إلَيْكُمْ كَغُرَبَاءَ وَنُزَلاَءَ، أنْ تَبْتَعِدُوا عَنِ الشَّهَوَاتِ الْجَسَدِيَّةِ التي ت…
katameros:1681,reference,,,draft,0,,,وَكَانَ اللَّهُ يَصْنَعُ عَلَى يَدَيْ بُولُسَ قُوَّاتٍ كَثِيرَةً، حَتَّى إِنَّهُمْ كَانُوا يَأخُذُونَ مَنادِيلَ وَخِرَق…
katameros:1682,reference,,,draft,0,,,جُزْنا في النَّارِ وَالْمَاءِ، وَأَخْرَجْتَنَا إلى الرَّاحَةِ. أَدْخُلُ إلى بَيْتِكَ بِالْمُحْرَقَاتِ، وَأُوفِيكَ النُّ…
katameros:1683,reference,,,draft,0,,,وَقَبْلَ هَذَا كُلِّهِ يُلْقُونَ أَيْدِيَهُمْ عَلَيْكُمْ وَيَطْرُدُونَكُمْ، وَيُسَلِّمُونَكُمْ إلى مَجَامِعَ وَسُجُونٍ،…
katameros:1684,reference,,,draft,0,,,الرَّبُّ يُعْطِي كَلِمَةً للمُبشِّرِينَ، بِقُوَّةٍ عَظِيمَةٍ. عَجِيبٌ هُوَ اللَّهُ في قِدِّيسِيهِ. إلَهُ إسْرَائِيلَ هُ…
katameros:1685,reference,,,draft,0,,,فَانْطَلَقَ يَسُوعُ مَعَ تَلامِيذِهِ إلى عَبْرِ الْبَحْرِ، وَتَبِعَهُ جَمْعٌ كَثِيرٌ مِنَ الْجَلِيلِ وَمِنَ الْيَهُودِي…
katameros:1686,reference,,,draft,0,,,قدِّيسُوكَ يُبَارِكُونَكَ. وَمَجْدَ مُلْكِكَ يَصِفُونَ. وَبِقُوَّتِكَ يَنْطقُونَ. لِيُظْهِرُوا لِبَنِي البَشَرِ قُدْرَت…
katameros:1687,reference,,,draft,0,,,وَفي تِلْكَ الأيامِ خَرَجَ إلى الْجَبَلِ لِيُصَلِّيَ. وَكَانَ سَاهِراً في الصَّلاَةِ لِلَّهِ.  وَلَمَّا كَانَ النَّهَار…
katameros:1688,reference,,,draft,0,,,لأنَّ غَايَةَ النَّامُوسِ هيَ: الْمَسِيحُ لِلْبِرِّ لِكُلِّ مَنْ يُؤْمِنُ؛ لأنَّ مُوسَى كَتَبَ في الْبِرِّ الَّذِي مِنَ…
katameros:1689,reference,,,draft,0,,,لِذلِكَ سَوْفَ أُذَكِّرُكُمْ في كُلِّ حِينٍ بِهذِهِ الأُمُورِ، وَلَوْ إنَّكُمْ عَالِمُونَ وَثَابِتُونَ في الْحَقِّ الْح…
katameros:169,reference,,,draft,0,,,فَلَمَّا رأى بُطْرُسُ أجَابَ الشَّعْبَ: أيهَا الرِّجَالُ الإسْرَائِيلِيُّونَ، لِمَاذا تَتَعَجَّبُونَ مِنْ هذَا؟ وَلمَا …
katameros:1690,reference,,,draft,0,,,وَصَعِدَ بُطْرُسُ وَيُوحَنَّا إلى الْهَيْكَلِ في وَقْتِ صَلاةِ السَّاعَةِ التَّاسِعَةِ. وَكَانَ رَجُلٌ أَعْرَجُ مِنْ بَ…
katameros:1691,reference,,,draft,0,,,السَّمَوَاتُ تُذِيعُ مَجْدَ اللَّهِ، الْفَلَكُ يُخْبِرُ بِعَمَلِ يَدَيْهِ. في كُلِّ الأَرْضِ خَرَجَ مَنْطِقُهُمْ. وَإلى…
katameros:1692,reference,,,draft,0,,,ثُمَّ دَعَا تَلاَمِيذَهُ الاثْنَيْ عَشَرَ وَأَعْطَاهُمْ سُلْطَاناً عَلَى أَرْوَاحٍ نَجِسَةٍ حَتَّى يُخْرِجُوهَا وَيَشْف…
katameros:1693,reference,,,draft,0,,,طُوبَى لِمَنْ اخْتَرْتَهُ وَقَبِلْتَهُ، يَسْكُنُ في دِيَارِكَ إلى الأَبدِ. اسْتَجِبْ لَنَا يَا اللَّهُ مُخَلِّصُنَا، يَ…
katameros:1694,reference,,,draft,0,,,اسْهَرُوا إذَاً لأَنكُمْ لا تَعْلَمُونَ في أَيةِ سَاعَةٍ يَأتِي رَبكُمْ. وَاعْلَمُوا هَذَا: أنهُ لَوْ كَانَ رَبُّ الْبَ…
katameros:1695,reference,,,draft,0,,,الرَّبُّ يُعَضِّدُ الصِّدِّيقِينَ، يَعْرِفُ الرَّبُّ طَرِيقَ الَّذِينَ لا عَيْبَ فِيهِمْ. وَيَكُونُ مِيرَاثَهُمْ إلى ال…
katameros:1696,reference,,,draft,0,,,اُنْظُرُوا، اسْهَرُوا وَصَلُّوا؛ لأَنكُمْ لا تَعْرفُونَ مَتَى يَكُونُ الْوَقْتُ. كَأنمَا إنْسَانٌ مسَافِرٌ تَرَكَ بَيْت…
katameros:1697,reference,,,draft,0,,,"لأَنهُ إذَا قَالَ وَاحِدٌ: "" أَنا لِبُولُسَ "" وَآخَرُ: "" أَنا لأَبلُّوسَ "" أَفَلَسْتُمْ بَشَرِيِّينَ؟

فَمَنْ هُوَ أَبل…"
katameros:1698,reference,,,draft,0,,,كَذلِكَ أَنْتُمْ أيهَا الشُّبَّانُ، اخْضَعُوا لِلشُّيُوخِ، وَكُونُوا جَمِيعاً مُتَسَرْبِلِينَ بِالتَّوَاضُعِ بَعْضُكُمْ…
katameros:1699,reference,,,draft,0,,,وَكَانَ يُوجَدُ يَهُودِيٌّ اسْمُهُ أَبلُّوسُ، إسْكَنْدَرِيُّ الْجِنْسِ، رَجُلٌ فَصِيحٌ قَدُمَ إلى أَفَسُسَ مُقْتَدِرٌ ف…
katameros:17,reference,,,draft,0,,,"الصِّدِّيقُ كَالنَّخْلَةِ يُزْهِرُ، وَكَمِثْلِ أَرْزِ لُبْنَانَ يَنْمُو. مَغْرُوسِينَ في بَيْتِ الرَّبِّ، 
وفي دِيَارِ …"
katameros:170,reference,,,draft,0,,,"عَلَى الصَّخرَةِ رَفَعْتَنِي وَأَرْشَدتَنِي، صِرْتَ رَجَائِي وبُرجَاً حَصِيناً. لأنكَ أنْتَ 
يا اللَّهُ اسْتَمَعْتَ صَل…"
katameros:1700,reference,,,draft,0,,,فَمُ الصِّدِّيقِ يَتْلُو الْحِكْمَةَ، وَلِسَانُهُ يَنْطِقُ بِالْحُكْمِ. نَامُوسُ اللَّهِ في قَلْبِهِ. وَلا تَتَعَرْقَلُ…
katameros:1701,reference,,,draft,0,,,"وَقَالَ أيْضاً لِتَلامِيذِهِ: "" كَانَ إنْسَانٌ غَنِيٌّ لَهُ وَكِيلٌ، فَوُشِيَ بِهِ إلَيْهِ بِأَنهُ يُبَذِّرُ أَمْوَالَه…"
katameros:1702,reference,,,draft,0,,,قَدْ ارْتَسَمَ عَلَيْنَا نُورُ وَجْهِكَ يَارَبُّ. أَعْطيتَ سُرُوراً لِقَلْبِي؛ لأنكَ أنْتَ وَحْدَكَ يَارَبُّ، أَسْكَنْت…
katameros:1703,reference,,,draft,0,,,"قَالَ لَهُمْ يَسُوعُ: "" مَتَى رَفَعْتُمُ ابْنَ الإنْسَانِ، فَحِينَئذٍ تَعْلَمُونَ أَني أَنا هُوَ، 
وَلَسْتُ أَفْعَلُ شَ…"
katameros:1704,reference,,,draft,0,,,"أَعْطَيْتَ الَّذِينَ يَتَّقُونَكَ عَلاَمَةً؛ لِيَهْرَبوا مِنْ وَجْهِ القَوْسِ، لِكيمَا يَنْجُوَ 
أحِبَّاؤُكَ. خَلِّصْنِ…"
katameros:1705,reference,,,draft,0,,,"مَنْ يَخْدِمْنِي فَلْيَتْبَعْنِي، وَحَيْثُ أَكُونُ أنَا هُنَاكَ يَكُونُ خَادِمِي مَعِي. وَمَنْ 
يَخْدِمُنِي يُكْرِمُهُ …"
katameros:1706,reference,,,draft,0,,,لأنهُ لَمْ يُرْسِلْنِي الْمَسِيحُ لأُعَمِّدَ بَلْ لأُبشِّرَ، لَيْسَ بِحِكْمَةِ الكَلاَمِ لِكَيْ لا يَكُونَ صَلِيبُ الْم…
katameros:1707,reference,,,draft,0,,,"أيهَا الأحِبَّاءُ، أَطْلُبُ إلَيْكُمْ كَغُرَبَاءَ وَنُزَلاَءَ، أنْ تَبْتَعِدُوا عَنِ الشَّهَوَاتِ 
الْجَسَدِيَّةِ التي …"
katameros:1708,reference,,,draft,0,,,"فَفَتَحَ بُطْرُسُ فَاهُ وَقَالَ: "" إنِّي بِالْحَقِّ أرَى أنَّ اللَّهَ لا يَأخُذُ بِالْوُجُوهِ. بَلْ في كُلِّ أُمَّةٍ، ا…"
katameros:1709,reference,,,draft,0,,,"لَكَ يَنْبَغِي التَّسْبِيحُ يَا اللَّهُ في صِهْيَوْنَ، وَلَكَ تُوفَى النُّذُورُ في أُورُشَلِيمَ. 
اسْتَمِعْ يا اللَّهُ …"
katameros:171,reference,,,draft,0,,,"وَكَانَ جُمُوعٌ كَثِيرَةٌ سَائِرِينَ مَعَهُ، فَالْتَفَتَ وَقَالَ لَهُمْ: "" مَنْ يَأتِي إلَيَّ وَلا يُبْغِضُ أباهُ وَأُم…"
katameros:1710,reference,,,draft,0,,,"وَكَانَ في ذَاكَ الزَّمَن عِيدُ التَّجْدِيدِ في أُورُشَلِيمَ، وَكَانَ شِتَاءٌ. وَكَانَ يَسُوعُ 
يَمْشي في الْهَيْكَلِ ف…"
katameros:1711,reference,,,draft,0,,,يَفْرَحُ الصِّدِّيقُ بِالرَّبِّ، وَيَتَّكِلُ عَلَيْهِ، وَيَفْتَخِرُ كُلُّ المُسْتَقِيمِينَ بِقَلْبِهِمْ. هللويا.
katameros:1712,reference,,,draft,0,,,"وَكَانَ يَقُولُ لَهُمْ: "" هَلْ يُوقَدُ سِرَاجٌ لِيُوْضَعَ تَحْتَ الْمِكْيَالِ أوْ تَحْتَ السَّرِيرِ؟ ألَيْسَ لِكَيْ يُو…"
katameros:1713,reference,,,draft,0,,,"وَأمَّا أنَا فَمِسْكِينٌ وَفَقِيرٌ، اللَّهُمَّ أَعِنِّي. أنْتَ مُعِينِي وَمُخَلِّصِي يَارَبُّ، 
فَلا تُبْطِئْ.   هللويا."
katameros:1714,reference,,,draft,0,,,"وَكَانَ الكَتَبَةُ الَّذِينَ أَتَوْا مِنْ أُورُشَلِيمَ يَقُولُونَ: "" إنَّ مَعَهُ بَعْلَزَبُولَ! وَإنَّهُ بِرَئِيسِ الشَ…"
katameros:1715,reference,,,draft,0,,,بُولُسُ وَتِيمُوثَاوُسُ عَبْدَا الْمَسِيحِ يَسُوعَ، إلى جَمِيعِ القِدِّيسِينَ الَّذِينَ في الْمَسِيحِ يَسُوعَ، السَّاكِ…
katameros:1716,reference,,,draft,0,,,يَا أَحِبَّائِي، لَسْتُ أَكْتُبُ إلَيْكُمْ وَصِيَّةً جَدِيدَةً، بَلْ وَصِيَّةً قَدِيمَةً الَّتي كَانَتْ عِنْدَكُمْ مِنَ…
katameros:1717,reference,,,draft,0,,,"وَكَانَ اللَّهُ يَصْنَعُ عَلَى يَدَيْ بُولُسَ قُوَّاتٍ كَثِيرَةً، حَتَّى إِنَّهُمْ كَانُوا يَأخُذُونَ 
مَنادِيلَ وَخِرَ…"
katameros:1718,reference,,,draft,0,,,لأنكَ لا تَتْرُكَ نَفْسِي في الجَحِيمِ. وَلا تَدَعَ قُدُّوسَكَ يَرَى فَسَاداً. قَدْ عَرَّفْتَنِي طُرُقَ الْحَيَاةِ. تَم…
katameros:1719,reference,,,draft,0,,,"الْحَقَّ أَقُولُ لَكُمْ: إنَّ كُلَّ شَيْءٍ يُغْفَرُ لِبَنِي البَشَرِ، الْخَطَايَا وَجَمِيعُ التَّجَادِيفِ 
الَّتي يُجَد…"
katameros:172,reference,,,draft,0,,,تُبَادِرُ الرُّؤَسَاءُ إلى كُلِّ الْمُرَتِّلِيْنَ، في وَسَطِ صَبَايَا ضَارِبَاتٍ بِالدُّفُوفِ. بَارِكُوا اللَّهَ في الْ…
katameros:1720,reference,,,draft,0,,,أَجْعَلُ ذُرِّيَتَهُ إلى دَهْرِ الدَّهرِ، وعَرْشَهُ مِثْلَ أيامِ السَّمَاءِ. نسْلُهُ إلى الدَّهْرِ يَدُومُ، وعَرْشُهُ م…
katameros:1721,reference,,,draft,0,,,"وَإذْ كَانَ يُصَلِّي وَحْدَهُ عَلَى انْفِرَادٍ كَانَ التَّلامِيذُ مَعَهُ. فَسَأَلَهُمْ قَائِلاً: "" مَنْ يَقُولُ النَّاس…"
katameros:1722,reference,,,draft,0,,,فَلْيَرْفَعُوهُ في كَنِيسَةِ شَعْبِهِ، وَلْيُبَارِكُوهُ في مَجْلِسِ الشُّيوخِ. جَعَلَ أبوَّةً مِثْلَ الْخِرَافِ. يُبْصِ…
katameros:1723,reference,,,draft,0,,,وَجَاءَ إلى بَيْتِ صَيْدَا، فَقَدَّمُوا إلَيْهِ أَعْمَى وَطَلَبُوا إلَيْهِ أنْ يَلْمِسَهُ، فَأخَذَ بِيَدِ الأَعْمَى وَأ…
katameros:1724,reference,,,draft,0,,,فَإذْ لَنَا رَئِيسُ كَهَنَةٍ عَظِيمٌ قَدِ اجْتَازَ السَّمَوَاتِ، يَسُوعُ ابْنُ اللَّهِ، فَلْنَتَمَسَّكْ بِالإقْرَارِ. ل…
katameros:1725,reference,,,draft,0,,,بُطْرُسُ، رَسُولُ يَسُوعَ الْمَسِيحِ، إلى الْمُخْتَارِينَ الْمُتَغَرِّبِينَ في شَتَاتِ بُنْتُسَ وَغَلاَطِيَّةَ وَكَبَّا…
katameros:1726,reference,,,draft,0,,,وَفي ذَلِكَ الوَقْتِ رَفَعَ هِيرُودِسُ يَدَهُ عَلَى قَومٍ مِنَ الكَنْيسَةِ لِيُسِيئَ إليهم، فَقَتَلَ يَعْقُوبَ أخَا يُو…
katameros:1727,reference,,,draft,0,,,"أَقْسَمَ الرَّبُّ وَلَنْ يَنْدَمَ: "" إِنَّكَ أَنْتَ هُوَ الْكَاهِنُ إلى الأَبدِ عَلَى طَقْسِ مَلْشِيصَادَقَ "". الرَّبُّ…"
katameros:1728,reference,,,draft,0,,,"وَلَمَّا جَاءَ يَسُوعُ إلى نَوَاحِي قَيْصَرِيَّةِ فِيلُبُّسَ سَألَ تَلاَمِيذَهُ قَائِلاً: "" مَاذا يَقُولُ النَّاسُ في ا…"
katameros:1729,reference,,,draft,0,,,كَثِيرَةٌ هيَ أَحْزَانُ الصِّدِّيقِينَ، وَمِنْ جَمِيعِهَا يُنَجِّيهِمِ الرَّبُّ. يَحْفَظُ الرَّبُّ جَمِيعَ عِظَامِهِمْ.…
katameros:173,reference,,,draft,0,,,وَفِيمَا كَانَ يَسُوعُ في بَيْتِ عَنْيَا في بَيْتِ سِمْعَانَ الأَبْرَصِ، جَاءَتْ إلَيْهِ امْرَأةٌ مَعَهَا قَارُورَةُ طِ…
katameros:1730,reference,,,draft,0,,,"حِينَئِذٍ قَالَ يَسُوعُ لِتَلامِيذِهِ: "" مَنْ أَرَادَ أنْ يَتْبَعْنِي فَلْيُنْكِرْ نَفْسَهُ وَيَحْمِلْ صَلِيبَهُ وَيَتْ…"
katameros:1731,reference,,,draft,0,,,خَلاَصُ الصِّدِّيقِينَ مِنْ قِبَلِ الرَّبِّ، وَهُوَ نَاصِرُهُمْ في زَمَانِ الضِّيقِ. يُعِينُهُمُ الرَّبُّ وَيُنَجِّيهِم…
katameros:1732,reference,,,draft,0,,,فَانْظُرُوا إلى نُفُوسِكُمْ. لأنهُمْ سَيُسَلِّمُونَكُمْ إلى مَجَالِسَ، وَسَيَضْربُونَكُمْ في الْمَحَافِلِ، وَتُوقَفُونَ…
katameros:1733,reference,,,draft,0,,,أنَا نَفْسِي بُولُسُ أَطْلُبُ إلَيْكُمْ بِوَدَاعَةِ الْمَسِيحِ وَحِلْمِهِ، كَمَا أني ذَلِيلٌ بَيْنَكُمْ وَأمَامَكُمْ، و…
katameros:1734,reference,,,draft,0,,,فَإذْ قَدْ تَألَّمَ الْمَسِيحُ بِالْجَسَدِ عَنَّا، تَسَلَّحُوا أَنْتُمْ أيْضاً بِهذَا الْمِثَالِ. فَإنَّ مَنْ تَألَّمَ …
katameros:1735,reference,,,draft,0,,,وَرَجَعَ بَرْنَابَا وَشَاوُلُ مِنْ أُورُشَلِيمَ بَعْدَ مَا كَمَّلاَ الْخِدْمَةَ، وَأَخَذَا مَعَهُمَا يُوحَنَّا أيْضاً ا…
katameros:1736,reference,,,draft,0,,,نُورٌ أَشْرَقَ لِلصِّدِّيقِينَ، وَفَرَحٌ لِلْمُسْتَقِيمِينَ بِقَلْبِهِمْ. افْرَحُوا أيهَا الصِّدِّيقُونَ بِالرَّبِّ، وَ…
katameros:1737,reference,,,draft,0,,,وَفِيمَا هُوَ يَقُولُ هذَا، ابْتَدَأَ الْكَتَبَةُ وَالْفَرِّيسِيُّونَ يَنْظُرُونَ رَدِيَّاً، وَيُكَلِّمُونَهُ في أُمُور…
katameros:1738,reference,,,draft,0,,,يَفْرَحُ الصِّدِّيقُ بِالرَّبِّ، وَيَتَّكِلُ عَلَيْهِ، وَيَفْتَخِرُ كُلُّ المُسْتَقِيمِينَ بِقَلْبِهِمْ. هللويا.
katameros:1739,reference,,,draft,0,,,"وَكَانَ يَقُولُ لَهُمْ: "" هَلْ يُوقَدُ سِرَاجٌ لِيُوْضَعَ تَحْتَ الْمِكْيَالِ أوْ تَحْتَ السَّرِيرِ؟ ألَيْسَ لِكَيْ يُو…"
katameros:174,reference,,,draft,0,,,مِنْ أَفْوَاهِ الأَطْفَالِ وَالرُّضعَانِ هَيَّأتَ سُبْحَاً؛ لأني أَرَى السَّمَوَاتِ أَعْمَالَ أصَابِعِكَ، الْقَمَرَ وَا…
katameros:1740,reference,,,draft,0,,,"وَأمَّا أنَا فَمِسْكِينٌ وَفَقِيرٌ، اللَّهُمَّ أَعِنِّي. أنْتَ مُعِينِي وَمُخَلِّصِي يَارَبُّ، 
فَلا تُبْطِئْ.   هللويا."
katameros:1741,reference,,,draft,0,,,"وَكَانَ الكَتَبَةُ الَّذِينَ أَتَوْا مِنْ أُورُشَلِيمَ يَقُولُونَ: "" إنَّ مَعَهُ بَعْلَزَبُولَ! وَإنَّهُ بِرَئِيسِ الشَ…"
katameros:1742,reference,,,draft,0,,,بُولُسُ وَتِيمُوثَاوُسُ عَبْدَا الْمَسِيحِ يَسُوعَ، إلى جَمِيعِ القِدِّيسِينَ الَّذِينَ في الْمَسِيحِ يَسُوعَ، السَّاكِ…
katameros:1743,reference,,,draft,0,,,يَا أَحِبَّائِي، لَسْتُ أَكْتُبُ إلَيْكُمْ وَصِيَّةً جَدِيدَةً، بَلْ وَصِيَّةً قَدِيمَةً الَّتي كَانَتْ عِنْدَكُمْ مِنَ…
katameros:1744,reference,,,draft,0,,,"وَكَانَ اللَّهُ يَصْنَعُ عَلَى يَدَيْ بُولُسَ قُوَّاتٍ كَثِيرَةً، حَتَّى إِنَّهُمْ كَانُوا يَأخُذُونَ 
مَنادِيلَ وَخِرَ…"
katameros:1745,reference,,,draft,0,,,لأنكَ لا تَتْرُكَ نَفْسِي في الجَحِيمِ. وَلا تَدَعَ قُدُّوسَكَ يَرَى فَسَاداً. قَدْ عَرَّفْتَنِي طُرُقَ الْحَيَاةِ. تَم…
katameros:1746,reference,,,draft,0,,,"الْحَقَّ أَقُولُ لَكُمْ: إنَّ كُلَّ شَيْءٍ يُغْفَرُ لِبَنِي البَشَرِ، الْخَطَايَا وَجَمِيعُ التَّجَادِيفِ 
الَّتي يُجَد…"
katameros:1747,reference,,,draft,0,,,تُبَادِرُ الرُّؤَسَاءُ إلى كُلِّ الْمُرَتِّلِيْنَ، في وَسَطِ صَبَايَا ضَارِبَاتٍ بِالدُّفُوفِ. بَارِكُوا اللَّهَ في الْ…
katameros:1748,reference,,,draft,0,,,وَفِيمَا كَانَ يَسُوعُ في بَيْتِ عَنْيَا في بَيْتِ سِمْعَانَ الأَبْرَصِ، جَاءَتْ إلَيْهِ امْرَأةٌ مَعَهَا قَارُورَةُ طِ…
katameros:1749,reference,,,draft,0,,,مِنْ أَفْوَاهِ الأَطْفَالِ وَالرُّضعَانِ هَيَّأتَ سُبْحَاً؛ لأني أَرَى السَّمَوَاتِ أَعْمَالَ أصَابِعِكَ، الْقَمَرَ وَا…
katameros:175,reference,,,draft,0,,,"قَالَتْ لَهُ الْمَرْأَةُ: "" يَا سَيِّدي أَعْطِنِي هذَا الْمَاءَ؛ لِكَيْ لا أَعْطَشَ وَلا آتِيَ إلى هُنَا لأَسْتَقِيَ "".…"
katameros:1750,reference,,,draft,0,,,"قَالَتْ لَهُ الْمَرْأَةُ: "" يَا سَيِّدي أَعْطِنِي هذَا الْمَاءَ؛ لِكَيْ لا أَعْطَشَ وَلا آتِيَ إلى هُنَا لأَسْتَقِيَ "".…"
katameros:1751,reference,,,draft,0,,,سِيرُوا إذاً كَأَوْلاَدِ النُّورِ؛ لأنَّ ثَمَرَ النُّورِ هُوَ في كُلِّ صَلاَحٍ وَبِرٍّ وَحَقٍّ. مُخْتَبِرِينَ مَا هُوَ …
katameros:1752,reference,,,draft,0,,,لأنهُ هَكَذَا كَانَتْ قَدِيماً النِّسَاءُ الْقِدِّيسَاتُ الْمُتَوَكِّلاَتُ أيْضاً عَلَى اللَّهِ، يُزَيِّنَّ أَنْفُسَهُن…
katameros:1753,reference,,,draft,0,,,وَلكِنْ حَدَثَ لَمَّا اسْتَكْمَلْنَا الأيامَ خَرَجْنَا وَمَشَيْنَا، وَهُمْ يُشَيِّعُونَنَا، مَعَ نِسَاءٍ أيْضاً وَأَوْل…
katameros:1754,reference,,,draft,0,,,يُدْخِلْنَ للْمَلِكِ عَذَارَى في إثْرِهَا. جَمِيعُ صَاحِبَاتِهَا لَهُ يُقَدَّمْنَ. يُدْخِلْنَهُنَّ بِفَرَحٍ وَابْتِهَاج…
katameros:1755,reference,,,draft,0,,,حِينَئِذٍ يُشْبِهُ مَلَكُوتُ السَّمَوَاتِ عَشْرَ عَذَارَى، أَخَذْنَ مَصَابِيحَهُنَّ وَخَرَجْنَ لِلِقَاءِ الْعَرِيسِ. وَ…
katameros:1756,reference,,,draft,0,,,أَجْعَلُ ذُرِّيَتَهُ إلى دَهْرِ الدَّهرِ، وعَرْشَهُ مِثْلَ أيامِ السَّمَاءِ. نسْلُهُ إلى الدَّهْرِ يَدُومُ، وعَرْشُهُ م…
katameros:1757,reference,,,draft,0,,,"وَإذْ كَانَ يُصَلِّي وَحْدَهُ عَلَى انْفِرَادٍ كَانَ التَّلامِيذُ مَعَهُ. فَسَأَلَهُمْ قَائِلاً: "" مَنْ يَقُولُ النَّاس…"
katameros:1758,reference,,,draft,0,,,فَلْيَرْفَعُوهُ في كَنِيسَةِ شَعْبِهِ، وَلْيُبَارِكُوهُ في مَجْلِسِ الشُّيوخِ. جَعَلَ أبوَّةً مِثْلَ الْخِرَافِ. يُبْصِ…
katameros:1759,reference,,,draft,0,,,وَجَاءَ إلى بَيْتِ صَيْدَا، فَقَدَّمُوا إلَيْهِ أَعْمَى وَطَلَبُوا إلَيْهِ أنْ يَلْمِسَهُ، فَأخَذَ بِيَدِ الأَعْمَى وَأ…
katameros:176,reference,,,draft,0,,,سِيرُوا إذاً كَأَوْلاَدِ النُّورِ؛ لأنَّ ثَمَرَ النُّورِ هُوَ في كُلِّ صَلاَحٍ وَبِرٍّ وَحَقٍّ. مُخْتَبِرِينَ مَا هُوَ …
katameros:1760,reference,,,draft,0,,,فَإذْ لَنَا رَئِيسُ كَهَنَةٍ عَظِيمٌ قَدِ اجْتَازَ السَّمَوَاتِ، يَسُوعُ ابْنُ اللَّهِ، فَلْنَتَمَسَّكْ بِالإقْرَارِ. ل…
katameros:1761,reference,,,draft,0,,,بُطْرُسُ، رَسُولُ يَسُوعَ الْمَسِيحِ، إلى الْمُخْتَارِينَ الْمُتَغَرِّبِينَ في شَتَاتِ بُنْتُسَ وَغَلاَطِيَّةَ وَكَبَّا…
katameros:1762,reference,,,draft,0,,,وَفي ذَلِكَ الوَقْتِ رَفَعَ هِيرُودِسُ يَدَهُ عَلَى قَومٍ مِنَ الكَنْيسَةِ لِيُسِيئَ إليهم، فَقَتَلَ يَعْقُوبَ أخَا يُو…
katameros:1763,reference,,,draft,0,,,"أَقْسَمَ الرَّبُّ وَلَنْ يَنْدَمَ: "" إِنَّكَ أَنْتَ هُوَ الْكَاهِنُ إلى الأَبدِ عَلَى طَقْسِ مَلْشِيصَادَقَ "". الرَّبُّ…"
katameros:1764,reference,,,draft,0,,,"وَلَمَّا جَاءَ يَسُوعُ إلى نَوَاحِي قَيْصَرِيَّةِ فِيلُبُّسَ سَألَ تَلاَمِيذَهُ قَائِلاً: "" مَاذا يَقُولُ النَّاسُ في ا…"
katameros:1765,reference,,,draft,0,,,رَفَعْتُ مُخْتَاراً مِنْ شَعْبِي. وَجَدْتُ دَاوُدَ عَبْدِي، مَسَحْتُهُ بِدُهْنٍ مُقَدَّسٍ، لأنَّ يَدِي تُعَضِّدُهُ.   ه…
katameros:1766,reference,,,draft,0,,,لا تَظُنُّوا أني جِئْتُ لأُلْقِيَ سَلاَماً عَلَى الأَرْضِ، مَا جِئْتُ لأُلْقِيَ سَلاماً بَلْ سَيْفاً. فَإنِّي أَتَيْتُ …
katameros:1767,reference,,,draft,0,,,كَهَنَتُكَ يَلْبَسُونَ الْبِرَّ، وقِدِّيسُوكَ يَبْتَهِجُونَ مِنْ أَجْلِ دَاوُدَ عَبْدِكَ. هَيَّأْتُ سِرَاجاً لِمَسِيحِي…
katameros:1768,reference,,,draft,0,,,وَنَزَلَ مَعَهُمْ وَوَقَفَ في مَوْضِعٍ خَلاءٍ، مَعَ جَمْعٍ مِنْ تَلامِيذِهِ، وَجُمْهورٍ كَثِيرٍ مِنَ الشَّعْبِ، مِنْ جَ…
katameros:1769,reference,,,draft,0,,,فَإنَّهُ يَصِيرُ إبْطَالُ الْوَصِيَّةِ الأُولَى مِنْ أَجْلِ ضَعْفِهَا وَعَدَمِ نَفْعِهَا، إذِ النَّامُوسُ لَمْ يُكَمِّل…
katameros:177,reference,,,draft,0,,,لأنهُ هَكَذَا كَانَتْ قَدِيماً النِّسَاءُ الْقِدِّيسَاتُ الْمُتَوَكِّلاَتُ أيْضاً عَلَى اللَّهِ، يُزَيِّنَّ أَنْفُسَهُن…
katameros:1770,reference,,,draft,0,,,مِنَ الشَّيْخِ، إلى غَايُوسَ الْحَبِيبِ الَّذِي أنا أُحِبُّهُ بِالْحَقِّ. أيهَا الْحَبِيبُ، في كُلِّ شَيْءٍ أَرُومُ أَن…
katameros:1771,reference,,,draft,0,,,"مِنْ بَعْدِ أيامٍ قَالَ بُولُسُ لِبَرْنَابَا: "" لِنَرْجِعْ وَنَتَفَقَّدِ الإخْوَةَ في كُلِّ مَدِينَةٍ بَشَّرْنَا فِيهَا…"
katameros:1772,reference,,,draft,0,,,مُوسَى وَهَارُونُ في كَهَنَتِهِ، وَصَمُوئيلُ في الَّذِينَ يَدْعُونَ بِاسْمِهِ. كَانُوا يَدْعُونَ الرَّبَّ وَهُوَ كَانَ …
katameros:1773,reference,,,draft,0,,,""" الْحَقَّ الْحَقَّ أَقُولُ لَكُمْ: إنَّكُمْ سَتَبْكُونَ وَتَنُوحُونَ وَالْعَالَمُ يَفْرَحُ. أَنْتُمْ سَتَحْزَنُونَ، وَ…"
katameros:1774,reference,,,draft,0,,,الَّذِي يُعَلِّمُ يَدَيَّ الْقِتَالَ، وَجَعَلَ سَاعِدَيَّ أقْوَاسَاً مِنْ نُحَاسٍ. وَمَنْطَقْتَنِي قُوَّةً في الْحَرْبِ…
katameros:1775,reference,,,draft,0,,,هَا أَنَا أُرْسِلُكُمْ كَخِرَافٍ في وَسَطِ ذِئَابٍ فَكُونُوا حُكَمَاءَ كَالْحَيَّاتِ وَبُسَطَاءَ كَالْحَمَامِ. وَاحْذَر…
katameros:1776,reference,,,draft,0,,,تَقَلَّدْ سَيْفَكَ عَلَى فَخْذِكَ أيهَا الْقَويُّ. بِحُسْنِكَ وَجَمَالِكَ اسْتَلَّهُ وَانْجَحْ وَامْلِكْ. كُرْسِيُّكَ ي…
katameros:1777,reference,,,draft,0,,,وَلَمَّا صَارَ الْغَدُ مَضَى يَسُوعُ إلى مَدِينَةٍ تُدْعَى نَايِينَ، وَذَهَبَ مَعَهُ تَلاَمِيذُهُ وَجَمْعٌ كَثِيرٌ. فَل…
katameros:1778,reference,,,draft,0,,,فَاشْتَرِكْ أَنْتَ في احْتِمَالِ الآلامِ كَجُنْدِيٍّ صَالِحٍ لِلْمَسِيحِ يَسُوعَ. لأنهُ لَيْسَ أَحَدٌ وَهُوَ يَتَجَنَّد…
katameros:1779,reference,,,draft,0,,,وَالنِّهَايَةُ، كُونُوا جَمِيعَاً بِرَأيٍ وَاحِدٍ، وَكُونُوا مُشْتَرِكِينَ في الآلامِ. وَكُونُوا مُحِبِّينَ الإخْوَةَ، …
katameros:178,reference,,,draft,0,,,وَلكِنْ حَدَثَ لَمَّا اسْتَكْمَلْنَا الأيامَ خَرَجْنَا وَمَشَيْنَا، وَهُمْ يُشَيِّعُونَنَا، مَعَ نِسَاءٍ أيْضاً وَأَوْل…
katameros:1780,reference,,,draft,0,,,فَتَشاورَ الْجُنْدُ كَيْ يَقْتُلُوا الأَسْرَى لِئَلاَّ يَسْبَحَ أَحَدٌ مِنْهُمْ فَيَهْرُبَ. وَلكِنَّ قَائِدَ الْمِئَةِ،…
katameros:1781,reference,,,draft,0,,,وَعَلَى الأَفْعَى وَمَلِكِ الْحَيَّاتِ تَطَأُ. وَتَسْحَقُ الأَسَدَ وَالتنِّينَ. لأنهُ يُوصِي مَلاَئِكَتَهُ مِنْ أَجْلِك…
katameros:1782,reference,,,draft,0,,,"وَفي تِلْكَ السَّاعَةِ تَهَلَّلَ يَسُوعُ بِالرُّوحِ الْقُدُسِ وَقَالَ: "" أَشْكُرُكَ أيهَا الآبُ، رَبُّ السَّمَاءِ وَالأ…"
katameros:1783,reference,,,draft,0,,,وَليَفْرَحْ جَمِيعُ الْمُتَّكِلِينَ عَلَيْكَ، إلَى الأَبدِ يُسَرُّونَ. لأنكَ أنْتَ بَارَكْتَ الصِّدِّيقَ يَارَبُّ. مِثْ…
katameros:1784,reference,,,draft,0,,,لَيْسَ تِلْمِيذٌ أَفْضَلَ مِنْ مُعَلِّمِهِ، وَلا عَبْدٌ أَفْضَلَ مِنْ سَيِّدِهِ. يَكْفِي التِّلْمِيذَ أنْ يَصِيرَ كَمُع…
katameros:1785,reference,,,draft,0,,,كَثِيرَةٌ هيَ أَحْزَانُ الصِّدِّيقِينَ، وَمِنْ جَمِيعِهَا يُنَجِّيهِمِ الرَّبُّ. يَحْفَظُ الرَّبُّ جَمِيعَ عِظَامِهِمْ.…
katameros:1786,reference,,,draft,0,,,وَكَانَ قَوْمٌ يُونَانِيُّونَ مِنَ الَّذِينَ صَعِدُوا لِيَسْجُدُوا في الْعِيدِ. فَتَقَدَّمَ هؤُلاءِ إلى فِيلُبُّسَ الَّ…
katameros:1787,reference,,,draft,0,,,أَقُولُ أيْضاً: لِئَلاَّ يَظُنَّ أَحَدٌ إنِّي غَبِيٌّ. وَإلاَّ فاقْبَلُوني وَلَوْ كَغَبِيٍّ، لأَفْتَخِرَ أنَا أيْضاً قَ…
katameros:1788,reference,,,draft,0,,,وَهَذِهِ هِيَ الْكَلِمَةُ الَّتي بُشِّرْتُمْ بِهَا. فَاطْرَحُوا عَنْكُمْ إذاً كُلَّ شَرٍّ وَكُلَّ غِشٍّ وَكُلَّ رِيَاءٍ…
katameros:1789,reference,,,draft,0,,,وَفى تِلْكَ الأيامِ إذْ تَكَاثَرَ التَّلامِيذُ، حَدَثَ تَذَمُّرٌ مِنَ الْيُونَانِيِّينَ عَلَى الْعِبْرَانِيِّينَ بِأنَّ…
katameros:179,reference,,,draft,0,,,يُدْخِلْنَ للْمَلِكِ عَذَارَى في إثْرِهَا. جَمِيعُ صَاحِبَاتِهَا لَهُ يُقَدَّمْنَ. يُدْخِلْنَهُنَّ بِفَرَحٍ وَابْتِهَاج…
katameros:1790,reference,,,draft,0,,,أَدْرَكْتَهُ بِبَرَكَاتِ صَلاحِكَ. وَوَضَعْتَ عَلَى رَأْسِهِ إكْلِيلاً مِنْ حَجَرٍ كَرِيمٍ. مَجْدُهُ عَظِيمٌ بِخَلاَصِك…
katameros:1791,reference,,,draft,0,,,وَبَعَدَ ذلِكَ عَيَّنَ الرَّبُّ سَبْعِينَ آخَرِينَ، وَأَرْسَلَهُمُ اثْنَيْنِ اثْنَيْنِ أمَامَ وَجْهِهِ إلى كُلِّ مَدِين…
katameros:1792,reference,,,draft,0,,,أَجْعَلُ ذُرِّيَتَهُ إلى دَهْرِ الدَّهرِ، وعَرْشَهُ مِثْلَ أيامِ السَّمَاءِ. نسْلُهُ إلى الدَّهْرِ يَدُومُ، وعَرْشُهُ م…
katameros:1793,reference,,,draft,0,,,"وَإذْ كَانَ يُصَلِّي وَحْدَهُ عَلَى انْفِرَادٍ كَانَ التَّلامِيذُ مَعَهُ. فَسَأَلَهُمْ قَائِلاً: "" مَنْ يَقُولُ النَّاس…"
katameros:1794,reference,,,draft,0,,,فَلْيَرْفَعُوهُ في كَنِيسَةِ شَعْبِهِ، وَلْيُبَارِكُوهُ في مَجْلِسِ الشُّيوخِ. جَعَلَ أبوَّةً مِثْلَ الْخِرَافِ. يُبْصِ…
katameros:1795,reference,,,draft,0,,,وَجَاءَ إلى بَيْتِ صَيْدَا، فَقَدَّمُوا إلَيْهِ أَعْمَى وَطَلَبُوا إلَيْهِ أنْ يَلْمِسَهُ، فَأخَذَ بِيَدِ الأَعْمَى وَأ…
katameros:1796,reference,,,draft,0,,,فَإذْ لَنَا رَئِيسُ كَهَنَةٍ عَظِيمٌ قَدِ اجْتَازَ السَّمَوَاتِ، يَسُوعُ ابْنُ اللَّهِ، فَلْنَتَمَسَّكْ بِالإقْرَارِ. ل…
katameros:1797,reference,,,draft,0,,,بُطْرُسُ، رَسُولُ يَسُوعَ الْمَسِيحِ، إلى الْمُخْتَارِينَ الْمُتَغَرِّبِينَ في شَتَاتِ بُنْتُسَ وَغَلاَطِيَّةَ وَكَبَّا…
katameros:1798,reference,,,draft,0,,,وَفي ذَلِكَ الوَقْتِ رَفَعَ هِيرُودِسُ يَدَهُ عَلَى قَومٍ مِنَ الكَنْيسَةِ لِيُسِيئَ إليهم، فَقَتَلَ يَعْقُوبَ أخَا يُو…
katameros:1799,reference,,,draft,0,,,"أَقْسَمَ الرَّبُّ وَلَنْ يَنْدَمَ: "" إِنَّكَ أَنْتَ هُوَ الْكَاهِنُ إلى الأَبدِ عَلَى طَقْسِ مَلْشِيصَادَقَ "". الرَّبُّ…"
katameros:18,reference,,,draft,0,,,"وَسَمِعَ هِيرُودِسُ، لأنَّ اسْمَهُ ظَهَرَ. فَكَانَ يَقُول: "" إنَّ يُوحَنَّا الْمَعْمَدَانَ قَامَ مِنَ الأمْوَاتِ وَلِذل…"
katameros:180,reference,,,draft,0,,,حِينَئِذٍ يُشْبِهُ مَلَكُوتُ السَّمَوَاتِ عَشْرَ عَذَارَى، أَخَذْنَ مَصَابِيحَهُنَّ وَخَرَجْنَ لِلِقَاءِ الْعَرِيسِ. وَ…
katameros:1800,reference,,,draft,0,,,"وَلَمَّا جَاءَ يَسُوعُ إلى نَوَاحِي قَيْصَرِيَّةِ فِيلُبُّسَ سَألَ تَلاَمِيذَهُ قَائِلاً: "" مَاذا يَقُولُ النَّاسُ في ا…"
katameros:1801,reference,,,draft,0,,,مُوسَى وَهَارُونُ في كَهَنَتِهِ، وَصَمُوئيلُ في الَّذِينَ يَدْعُونَ بِاسْمِهِ. كَانُوا يَدْعُونَ الرَّبَّ وَهُوَ كَانَ …
katameros:1802,reference,,,draft,0,,,وَصَارَ بَعْدَ هذِهِ الأَقْوَالِ بِنَحْوِ ثَمَانِيَةِ أيامٍ، أنهُ أَخَذَ بُطْرُسَ وَيَعْقُوبَ وَيُوحَنَّا وَصَعِدَ إلى …
katameros:1803,reference,,,draft,0,,,فَلْيَكُنْ مَجْدُ الرَّبِّ إلى الأبدِ. يَفْرَحُ الرَّبُّ بِجَمِيعِ أَعْمَالِهِ. الَّذِي يَنْظُرُ الأرَضَ فَيَجْعَلُهَا …
katameros:1804,reference,,,draft,0,,,وَبَعْدَ سِتَّةِ أيامٍ أخَذَ يَسُوعُ بُطْرُسَ وَيَعْقُوبَ وَيُوحَنَّا أخَاهُ وَأَصْعَدَهُمْ عَلَى جَبَلٍ عَالٍ مُنْفَرِ…
katameros:1805,reference,,,draft,0,,,بُولُسُ، رَسولُ يَسُوعَ الْمَسِيحِ بِمَشِيئَةِ اللَّهِ، وَتِيمُوثَاوُسُ الأَخُ، إلى الْقِدِّيسِينَ في كُولُوسِّي، وَالإ…
katameros:1806,reference,,,draft,0,,,لِذلِكَ سَوْفَ أُذَكِّرُكُمْ في كُلِّ حِينٍ بِهذِهِ الأُمُورِ، وَلَوْ إنَّكُمْ عَالِمُونَ وَثَابِتُونَ في الْحَقِّ الْح…
katameros:1807,reference,,,draft,0,,,وَأمَّا خَيْمَةُ الشَّهَادَةِ فَكَانَتْ مَعَ آبَائِنَا في الْبَرِّيةِ، كَمَا أَمَرَ الَّذِي كَلَّمَ مُوسَى أنْ يَصْنَعَ…
katameros:1808,reference,,,draft,0,,,أَسَاسَاتُهُ في الْجِبَالِ الْمُقَدَّسَةِ. يُحِبُّ الرَّبُّ أَبوَابَ صِهيَونَ. الأُمُّ صِهيَونُ تَقُولُ: إنَّ إنْساناً …
katameros:1809,reference,,,draft,0,,,وَبَعَدَ سِتَّةِ أَيامٍ أَخَذَ يَسُوعُ بُطْرُسَ وَيَعْقُوبَ وَيُوحَنَّا، وَصَعِدَ بِهِمْ إلى جَبَلٍ عَالٍ مُنْفَرِدِينَ…
katameros:181,reference,,,draft,0,,,يَفْرَحُ الصِّدِّيقُ بِالرَّبِّ، وَيَتَّكِلُ عَلَيْهِ، وَيَفْتَخِرُ كُلُّ المُسْتَقِيمِينَ بِقَلْبِهِمْ. هللويا.
katameros:1810,reference,,,draft,0,,,"أَقْسَمَ الرَّبُّ وَلَنْ يَنْدَمَ: "" إنكَ أَنْتَ هُوَ الْكَاهِنُ إلى الأَبدِ عَلَى طَقْسِ مَلْشِيصَادَقَ "". الرَّبُّ عَ…"
katameros:1811,reference,,,draft,0,,,"وَلَمَّا جَاءَ يَسُوعُ إلى نَوَاحِي قَيْصَرِيَّةِ فِيلُبُّسَ سَألَ تَلاَمِيذَهُ قَائِلاً: "" مَاذا يَقُولُ النَّاسُ في ا…"
katameros:1812,reference,,,draft,0,,,أَمْسَكْتَ بِيَدِي الْيُمْنَى. وَبِمَشُورَتكَ هَدَيْتَنِي وَبِالْمَجْدِ قَبِلْتَنِي. وَأنا خَيْرٌ لِي الالْتِصَاقُ بِال…
katameros:1813,reference,,,draft,0,,,بِهذَا أَوْصَيْتُكُمْ حَتَّى تُحِبُّوا بَعْضُكُمْ بَعْضاً. إنْ كَانَ الْعَالَمُ يُبْغِضُكُمْ فَاعْلَمُوا أنهُ قَدْ أَبْ…
katameros:1814,reference,,,draft,0,,,فَإنَّنَا لَسْنَا نَكْرِزُ بِأَنْفُسِنَا، بَلْ بِالْمَسِيحِ يَسُوعَ رَبِّنَا، وَنَحْنُ أيْضاً عَبِيدٌ لَكُمْ مِنْ قِبَل…
katameros:1815,reference,,,draft,0,,,أيهَا العَبِيدُ، كُونُوا خَاضِعِينَ لِسَادَتِكُمْ بِكُلِّ خَوْفٍ، لَيْسَ فَقَطْ للصَّالِحِينَ الْمُتَرَفِّقِينَ، بَلْ ل…
katameros:1816,reference,,,draft,0,,,"وَمِنْ مِيلِيتُسَ أَرْسَلَ إلى أَفَسُسَ وَاسْتَدْعَى أحْبَارَ الْكَنِيسَةِ. فَلَمَّا جَاءُوا إلَيْهِ قَالَ لَهُمْ: "" أَ…"
katameros:1817,reference,,,draft,0,,,فَلْيَرْفَعُوهُ في كَنِيسَةِ شَعْبِهِ، وَلْيُبَارِكُوهُ في مَجْلِسِ الشُّيوخِ. جَعَلَ أبوَّةً مِثْلَ الْخِرَافِ. يُبْصِ…
katameros:1818,reference,,,draft,0,,,""" الْحَقَّ الْحَقَّ أَقُولُ لَكُمْ: إنَّ الَّذِي لا يَدْخُلُ مِنَ الْبَابِ إلى حَظِيرَةِ الْخِرَافِ، بَلْ يَطْلَعُ مِنْ…"
katameros:1819,reference,,,draft,0,,,"لَمْ يَتْرُكْ إنْسَاناً يَظْلِمُهُمْ، وَبَكَّتَ ملوكاً مِنْ أجْلِهمْ، قَائِلاً: "" لا تَمَسُّوا مُسَحَائي، وَلا تُسِيئوا…"
katameros:182,reference,,,draft,0,,,"وَكَانَ يَقُولُ لَهُمْ: "" هَلْ يُوقَدُ سِرَاجٌ لِيُوْضَعَ تَحْتَ الْمِكْيَالِ أوْ تَحْتَ السَّرِيرِ؟ ألَيْسَ لِكَيْ يُو…"
katameros:1820,reference,,,draft,0,,,وَفِيمَا هُوَ يَتَكَلَّمُ سَألَهُ فَرِّيسِيٌّ أنْ يَأْكُلَ عِنْدَهُ، فَدَخَلَ وَاتَّكَأَ. وَأمَّا الفَرِّيسِيُّ لَمَّا …
katameros:1821,reference,,,draft,0,,,أَرْسَلَ مُوسَى عَبْدَهُ وَهارُونَ الَّذِي اخْتَارَهُ، جَعَلَ فِيهِمَا أَقْوَالَ آيَاتِهِ وَعَجَائِبِهِ، كَيْ يَحْفَظُو…
katameros:1822,reference,,,draft,0,,,وَبَعْدَ سِتَّةِ أيامٍ أخَذَ يَسُوعُ بُطْرُسَ وَيَعْقُوبَ وَيُوحَنَّا أخَاهُ وَأَصْعَدَهُمْ عَلَى جَبَلٍ عَالٍ مُنْفَرِ…
katameros:1823,reference,,,draft,0,,,بِالإيمَانِ قَرَّبَ إبْرَاهِيمُ إسْحَقَ حِينَ جُرِّبَ. وَقَرَّبَ ابْنَهُ الوَحِيدَ ذَاكَ الَّذِي قَبِلَ الْمَوَاعِيدَ ب…
katameros:1824,reference,,,draft,0,,,وَثَابِتٌ عِنْدَنَا كَلامُ الأنبِيَاءِ، هذَا الَّذِي هُوَ نِعْمَ مَا تَصْنَعُونَهُ إذَا تَأمَّلْتُمْ إلَيْهِ، كَمِثْلِ …
katameros:1825,reference,,,draft,0,,,لأنَّ مُوسَى مُنْذُ الأجْيَالِ الْقَدِيمَةِ، لَهُ في كُلِّ مَدِينَةٍ مَنْ يَكْرِزُ بِهِ، إذْ يُقْرَأُ  في الْمَجَامِعِ …
katameros:1826,reference,,,draft,0,,,مُوسَى وَهَارُونُ في كَهَنَتِهِ، وَصَمُوئيلُ في الَّذِينَ يَدْعُونَ بِاسْمِهِ. كَانُوا يَدْعُونَ الرَّبَّ وَهُوَ كَانَ …
katameros:1827,reference,,,draft,0,,,الْوَيْلُ لَكُمْ أيهَا الكَتَبَةُ والْفَرِّيسِيُّونَ الْمُرَاؤُونَ! لأنكُمْ تُغْلِقُونَ مَلَكُوتَ السَّمَوَاتِ قُدَّامَ…
katameros:1828,reference,,,draft,0,,,أَجْعَلُ ذُرِّيَتَهُ إلى دَهْرِ الدَّهرِ، وعَرْشَهُ مِثْلَ أيامِ السَّمَاءِ. نسْلُهُ إلى الدَّهْرِ يَدُومُ، وعَرْشُهُ م…
katameros:1829,reference,,,draft,0,,,"وَإذْ كَانَ يُصَلِّي وَحْدَهُ عَلَى انْفِرَادٍ كَانَ التَّلامِيذُ مَعَهُ. فَسَأَلَهُمْ قَائِلاً: "" مَنْ يَقُولُ النَّاس…"
katameros:183,reference,,,draft,0,,,"وَأمَّا أنَا فَمِسْكِينٌ وَفَقِيرٌ، اللَّهُمَّ أَعِنِّي. أنْتَ مُعِينِي وَمُخَلِّصِي يَارَبُّ، 
فَلا تُبْطِئْ.   هللويا."
katameros:1830,reference,,,draft,0,,,فَلْيَرْفَعُوهُ في كَنِيسَةِ شَعْبِهِ، وَلْيُبَارِكُوهُ في مَجْلِسِ الشُّيوخِ. جَعَلَ أبوَّةً مِثْلَ الْخِرَافِ. يُبْصِ…
katameros:1831,reference,,,draft,0,,,وَجَاءَ إلى بَيْتِ صَيْدَا، فَقَدَّمُوا إلَيْهِ أَعْمَى وَطَلَبُوا إلَيْهِ أنْ يَلْمِسَهُ، فَأخَذَ بِيَدِ الأَعْمَى وَأ…
katameros:1832,reference,,,draft,0,,,فَإذْ لَنَا رَئِيسُ كَهَنَةٍ عَظِيمٌ قَدِ اجْتَازَ السَّمَوَاتِ، يَسُوعُ ابْنُ اللَّهِ، فَلْنَتَمَسَّكْ بِالإقْرَارِ. ل…
katameros:1833,reference,,,draft,0,,,بُطْرُسُ، رَسُولُ يَسُوعَ الْمَسِيحِ، إلى الْمُخْتَارِينَ الْمُتَغَرِّبِينَ في شَتَاتِ بُنْتُسَ وَغَلاَطِيَّةَ وَكَبَّا…
katameros:1834,reference,,,draft,0,,,وَفي ذَلِكَ الوَقْتِ رَفَعَ هِيرُودِسُ يَدَهُ عَلَى قَومٍ مِنَ الكَنْيسَةِ لِيُسِيئَ إليهم، فَقَتَلَ يَعْقُوبَ أخَا يُو…
katameros:1835,reference,,,draft,0,,,"أَقْسَمَ الرَّبُّ وَلَنْ يَنْدَمَ: "" إِنَّكَ أَنْتَ هُوَ الْكَاهِنُ إلى الأَبدِ عَلَى طَقْسِ مَلْشِيصَادَقَ "". الرَّبُّ…"
katameros:1836,reference,,,draft,0,,,"وَلَمَّا جَاءَ يَسُوعُ إلى نَوَاحِي قَيْصَرِيَّةِ فِيلُبُّسَ سَألَ تَلاَمِيذَهُ قَائِلاً: "" مَاذا يَقُولُ النَّاسُ في ا…"
katameros:1837,reference,,,draft,0,,,عَجِيبٌ هُوَ اللَّهُ في قِدِّيسِيهِ. إلَهُ إسْرَائِيلَ هُوَ يُعْطِي قُوَّةً وَعِزَّاً لِشَعْبِهِ. وَالصِّدِّيقُونَ يَفْ…
katameros:1838,reference,,,draft,0,,,وَبَعَدَ ذلِكَ عَيَّنَ الرَّبُّ سَبْعِينَ آخَرِينَ، وَأَرْسَلَهُمُ اثْنَيْنِ اثْنَيْنِ أمَامَ وَجْهِهِ إلى كُلِّ مَدِين…
katameros:1839,reference,,,draft,0,,,قِدِّيسُوكَ يُبَارِكُونَكَ. وَمَجْدَ مُلْكِكَ يَصِفُونَ. وَبِقُوَّتِكَ يَنْطِقُونَ. لِيُظْهِرُوا لِبَنِي البَشَرِ قُدْر…
katameros:184,reference,,,draft,0,,,"وَكَانَ الكَتَبَةُ الَّذِينَ أَتَوْا مِنْ أُورُشَلِيمَ يَقُولُونَ: "" إنَّ مَعَهُ بَعْلَزَبُولَ! وَإنَّهُ بِرَئِيسِ الشَ…"
katameros:1840,reference,,,draft,0,,,"وَفي الْغَدِ أيْضاً أرَادَ أنْ يَأتِيَ إلى الْجَلِيلِ، فَوَجَدَ فِيلُبُّسَ فَقَالَ لَهُ يَسُوعُ: "" اتْبَعْنِي "" وَكَانَ…"
katameros:1841,reference,,,draft,0,,,لأنهُ قَدْ ظَهَرَتْ نِعْمَةُ اللَّهِ مُخَلِّصِنَا لِجَمِيعِ النَّاسِ، مُعَلِّمَةً إيَّانَا أنْ نُنْكِرَ النِّفَاقَ وَال…
katameros:1842,reference,,,draft,0,,,"مَنْ هُوَ الذِي يَغْلِبُ العَالَمَ، إلاَّ الذِي يُؤْمِنُ أنَّ يَسُوعَ هُوَ ابْنُ اللَّهِ؟

يَسُوعُ الْمَسِيحُ، هذا الَّ…"
katameros:1843,reference,,,draft,0,,,"ثُمَّ إنَّ مَلاكَ الرَّبِّ تَكَلَّمَ مَعَ فِيلُبُّسَ قَائِلاً: "" قُمْ وَاذْهَبْ وَقْتَ الظَّهِيرَةِ، عَلَى الطَّرِيقِ ا…"
katameros:1844,reference,,,draft,0,,,طُوبَاهُمْ الَّذِينَ تُرِكَتْ لَهُمْ آثَامُهُمْ، وَالَّذِينَ سُتِرَتْ خَطَايَاهُمْ. طُوبَى لِلرَجُلِ الَّذِي لَمْ يَحْس…
katameros:1845,reference,,,draft,0,,,وَكَانَ إنْسَانٌ مِنَ الْفَرِّيسِيِّينَ اسْمُهُ نِيقُودِيمُوسُ، رَئِيسٌ لِلْيَهُودِ. هذَا أَتَى إلى يَسُوعَ لَيْلاً وَق…
katameros:1846,reference,,,draft,0,,,تُبَادِرُ الرُّؤَسَاءُ إلى كُلِّ الْمُرَتِّلِيْنَ، في وَسَطِ صَبَايَا ضَارِبَاتٍ بِالدُّفُوفِ. بَارِكُوا اللَّهَ في الْ…
katameros:1847,reference,,,draft,0,,,وَفِيمَا كَانَ يَسُوعُ في بَيْتِ عَنْيَا في بَيْتِ سِمْعَانَ الأَبْرَصِ، جَاءَتْ إلَيْهِ امْرَأةٌ مَعَهَا قَارُورَةُ طِ…
katameros:1848,reference,,,draft,0,,,مِنْ أَفْوَاهِ الأَطْفَالِ وَالرُّضعَانِ هَيَّأتَ سُبْحَاً؛ لأني أَرَى السَّمَوَاتِ أَعْمَالَ أصَابِعِكَ، الْقَمَرَ وَا…
katameros:1849,reference,,,draft,0,,,"قَالَتْ لَهُ الْمَرْأَةُ: "" يَا سَيِّدي أَعْطِنِي هذَا الْمَاءَ؛ لِكَيْ لا أَعْطَشَ وَلا آتِيَ إلى هُنَا لأَسْتَقِيَ "".…"
katameros:185,reference,,,draft,0,,,بُولُسُ وَتِيمُوثَاوُسُ عَبْدَا الْمَسِيحِ يَسُوعَ، إلى جَمِيعِ القِدِّيسِينَ الَّذِينَ في الْمَسِيحِ يَسُوعَ، السَّاكِ…
katameros:1850,reference,,,draft,0,,,سِيرُوا إذاً كَأَوْلاَدِ النُّورِ؛ لأنَّ ثَمَرَ النُّورِ هُوَ في كُلِّ صَلاَحٍ وَبِرٍّ وَحَقٍّ. مُخْتَبِرِينَ مَا هُوَ …
katameros:1851,reference,,,draft,0,,,لأنهُ هَكَذَا كَانَتْ قَدِيماً النِّسَاءُ الْقِدِّيسَاتُ الْمُتَوَكِّلاَتُ أيْضاً عَلَى اللَّهِ، يُزَيِّنَّ أَنْفُسَهُن…
katameros:1852,reference,,,draft,0,,,وَلكِنْ حَدَثَ لَمَّا اسْتَكْمَلْنَا الأيامَ خَرَجْنَا وَمَشَيْنَا، وَهُمْ يُشَيِّعُونَنَا، مَعَ نِسَاءٍ أيْضاً وَأَوْل…
katameros:1853,reference,,,draft,0,,,يُدْخِلْنَ للْمَلِكِ عَذَارَى في إثْرِهَا. جَمِيعُ صَاحِبَاتِهَا لَهُ يُقَدَّمْنَ. يُدْخِلْنَهُنَّ بِفَرَحٍ وَابْتِهَاج…
katameros:1854,reference,,,draft,0,,,حِينَئِذٍ يُشْبِهُ مَلَكُوتُ السَّمَوَاتِ عَشْرَ عَذَارَى، أَخَذْنَ مَصَابِيحَهُنَّ وَخَرَجْنَ لِلِقَاءِ الْعَرِيسِ. وَ…
katameros:1855,reference,,,draft,0,,,طُوبَى لِلرَّجُلِ الْخَائِفِ مِنَ الرَّبِّ. وَيَهْوَى وَصَايَاه جِدّاً. يَقْوَى نَسْلُهُ عَلَى الأَرْضِ، وَيُبَارَكُ جِ…
katameros:1856,reference,,,draft,0,,,وَكَأنمَا إنْسَانٌ مُسَافِرٌ دَعَا عَبِيدَهُ وَسَلَّمَهُمْ أَمْوَالَهُ، فَأَعْطَى وَاحِداً خَمْسَ وَزَنَاتٍ، وَآخَرَ وَ…
katameros:1857,reference,,,draft,0,,,اُذْكُرْ يَارَبُّ دَاودَ وَكُلَّ دِعَتِهِ. كَمَا أَقْسَمَ لِلرَّبِّ وَنَذَرَ لإلَهِ يَعْقُوبَ. كَهَنَتُكَ يَلْبَسُونَ ا…
katameros:1858,reference,,,draft,0,,,وَنَزَلَ مَعَهُمْ وَوَقَفَ في مَوْضِعٍ خَلاءٍ، مَعَ جَمْعٍ مِنْ تَلامِيذِهِ، وَجُمْهورٍ كَثِيرٍ مِنَ الشَّعْبِ، مِنْ جَ…
katameros:1859,reference,,,draft,0,,,بِالإيمَانِ قَرَّبَ إبْرَاهِيمُ إسْحَقَ حِينَ جُرِّبَ. وَقَرَّبَ ابْنَهُ الوَحِيدَ ذَاكَ الَّذِي قَبِلَ الْمَوَاعِيدَ ب…
katameros:186,reference,,,draft,0,,,يَا أَحِبَّائِي، لَسْتُ أَكْتُبُ إلَيْكُمْ وَصِيَّةً جَدِيدَةً، بَلْ وَصِيَّةً قَدِيمَةً الَّتي كَانَتْ عِنْدَكُمْ مِنَ…
katameros:1860,reference,,,draft,0,,,طُوبَى لِلرَّجُلِ الَّذِي يَصْبِرُ في التَّجْرِبَةِ، لأنهُ إذَا صَارَ مُخْتَارَاً يَنَالُ إكْلِيلَ الْحَيَاةِ، الَّذِي …
katameros:1861,reference,,,draft,0,,,وَكَانَ اللَّهُ يَصْنَعُ عَلَى يَدَيْ بُولُسَ قُوَّاتٍ كَثِيرَةً، حَتَّى إِنَّهُمْ كَانُوا يَأخُذُونَ مَنادِيلَ وَخِرَق…
katameros:1862,reference,,,draft,0,,,طُوبَى لِلرَّجُلِ، الَّذِي لَمْ يَسْلُكْ في مَشُورَةِ الْمُنَافِقِينَ، وَفي طَرِيقِ الْخُطَاةِ لَمْ يَقِفْ، وَفي مَجْلِ…
katameros:1863,reference,,,draft,0,,,وَكَانَ يَسُوعُ يَطُوفُ في كُلِّ الْجَلِيلِ يُعَلِّمُ في مَجَامِعِهِمْ، وَيَكْرِزُ بِبِشَارَةِ الْمَلَكُوتِ، وَيَشْفِي …
katameros:1864,reference,,,draft,0,,,مَذابِحُكَ يَارَبُّ إلَهُ القُوَّاتِ، مَلِكِي وَإلهِي. طُوبَى لِكُلِّ السُّكَّانِ في بَيْتِكَ، يُبَارِكُونَكَ إلى أبدِ …
katameros:1865,reference,,,draft,0,,,وَلَمَّا أَكْمَلَ أَقْوَالَهُ كُلَّهَا في مَسَامِعِ الشَّعْبِ دَخَلَ كَفْرَنَاحُومَ. وَكَانَ عَبْدٌ لِقَائِدِ مِئَةٍ، م…
katameros:1866,reference,,,draft,0,,,يَارَبُّ أَحْبَبْتُ جَمَالَ بَيْتِكَ، وَمَوْضِعَ مَسْكَنِ مَجْدِكَ. لِكَي أَسْمَعَ صَوْتَ تَسْبِحَتِكَ، وَأنْطِقَ بِجَم…
katameros:1867,reference,,,draft,0,,,"وَلَمَّا دَخَلَ كَانَ يَمْشِي في أَرِيحَا. وَإذَا رَجُلٌ يُدْعَى اسْمُهُ زَكَّا، وَهَذَا كَانَ 
رَئِيسَاً لِلعَشَّارِين…"
katameros:1868,reference,,,draft,0,,,فَأمَّا القُبَّةُ الأُولَى فَكَانَ فِيها وَصَايَا الْخِدْمَةِ وَقُدسٌ مُزيَّنٌ، لأنَّ القُبَّةَ الأُولَى صُنِعَتْ وَهيَ…
katameros:1869,reference,,,draft,0,,,وَهَذِهِ هِيَ الْكَلِمَةُ الَّتي بُشِّرْتُمْ بِهَا. فَاطْرَحُوا عَنْكُمْ إذاً كُلَّ شَرٍّ وَكُلَّ غِشٍّ وَكُلَّ رِيَاءٍ…
katameros:187,reference,,,draft,0,,,"وَكَانَ اللَّهُ يَصْنَعُ عَلَى يَدَيْ بُولُسَ قُوَّاتٍ كَثِيرَةً، حَتَّى إِنَّهُمْ كَانُوا يَأخُذُونَ 
مَنادِيلَ وَخِرَ…"
katameros:1870,reference,,,draft,0,,,وأمَّا الكَنِيسَةُ في كُلِّ اليَهُودِيَّةِ وَالجَلِيلِ وَالسَّامِرَةِ فَكَانَ لَهَا سَلاَمٌ، مَبْنِيَّةً وَسَائِرَةً بِ…
katameros:1871,reference,,,draft,0,,,"لَكَ يَنْبَغِي التَّسْبِيحُ يَا اللَّهُ في صِهْيَوْنَ، وَلَكَ تُوفَى النُّذُورُ في أُورُشَلِيمَ. 
اسْتَمِعْ يا اللَّهُ …"
katameros:1872,reference,,,draft,0,,,"وَلَمَّا جَاءَ يَسُوعُ إلى نَوَاحِي قَيْصَرِيَّةِ فِيلُبُّسَ سَألَ تَلاَمِيذَهُ قَائِلاً: "" مَاذا يَقُولُ 
النَّاسُ في …"
katameros:1873,reference,,,draft,0,,,يَارَبُّ طَأْطِئِ السَّمَوَاتِ وَانْزِلْ. الْمِس الْجِبَالَ فَتُدَخِّنَ. أَرْسِلْ يَدَكَ مِنَ الْعَلاءِ. أَنْقِذْنِي وَ…
katameros:1874,reference,,,draft,0,,,وَسَأَلَهُ وَاحِدٌ مِنَ الْفَرِّيسِيِّينَ أنْ يَأْكُلَ مَعَهُ، فَلَمَّا دَخَلَ بَيْتَ الفَرِّيسِيِّ اتَّكَأَ. وَإذَا ام…
katameros:1875,reference,,,draft,0,,,يَنْزِلُ مِثْلَ الْمَطَرِ عَلَى الْجَزَّةِ، وَمِثْلَ قَطَرَاتٍ تَقْطُرُ عَلَى الأَرْضِ. يُشْرِقُ في أَيامِهِ الْعَدْلُ،…
katameros:1876,reference,,,draft,0,,,إنْ كُنْتُ أَنَا بِإِصْبَعِ اللَّهِ أُخْرجُ الشَّيَاطِينَ، فَقَدْ أَقْبَلَ عَلَيْكُمْ مَلَكُوتُ اللَّهِ. إذَا تَسَلَّحَ…
katameros:1877,reference,,,draft,0,,,إذَاً مَا هُوَ فَضْلُ الْيَهُودِيِّ، أَوْ مَا هِيَ مَنْفَعَةُ الْخِتَانِ؟ عَظِيمٌ عَلَى كُلِّ وَجْهٍ! أَمَّا أَوَّلاً ف…
katameros:1878,reference,,,draft,0,,,الَّذِي كَانَ مِنَ الْبَدْءِ، الَّذِي سَمِعْنَاهُ، الَّذِي رَأيْنَاهُ بِعُيُوننَا، الَّذِي شَاهَدْنَاهُ، وَلَمَسَتْهُ أ…
katameros:1879,reference,,,draft,0,,,وَلَمَّا كَمُلَتْ لَهُ مُدَّةُ أَرْبَعِينَ سَنَةً، خَطَرَ عَلَى بَالِهِ أنْ يَفْتَقِدَ إخْوَتَهُ بَنِي إسْرَائِيلَ. وَإ…
katameros:188,reference,,,draft,0,,,لأنكَ لا تَتْرُكَ نَفْسِي في الجَحِيمِ. وَلا تَدَعَ قُدُّوسَكَ يَرَى فَسَاداً. قَدْ عَرَّفْتَنِي طُرُقَ الْحَيَاةِ. تَم…
katameros:1880,reference,,,draft,0,,,اِسْمَعِي يَا ابْنَتِي وَانْظُرِي وَأَمِيلِي سَمْعَكِ، وَانْسَيْ شَعْبَكِ وَبَيْتَ أَبِيكِ، فَإنَّ الْمَلِكَ قَدْ اشْتَ…
katameros:1881,reference,,,draft,0,,,وَفي الشَّهْرِ السَّادِسِ أُرْسِلَ جِبْرَائِيلُ الْمَلاَكُ مِنْ قِبَلِ اللَّهِ إلى مَدِينَةٍ مِنَ الْجَلِيلِ اسْمُهَا ن…
katameros:1882,reference,,,draft,0,,,يُعَسْكِرُ مَلاَكُ الرَّبِّ، حَوْلَ كُلِّ خَائِفِيهِ وَيُنَجِّيهِمْ. ذُوقُوا وَانْظُرُوا مَا أَطْيَبَ الرَّبَّ! طُوبَى …
katameros:1883,reference,,,draft,0,,,"حِينَئِذٍ قَالَ يَسُوعُ لِتَلامِيذِهِ: "" مَنْ أَرَادَ أنْ يَتْبَعْنِي فَلْيُنْكِرْ نَفْسَهُ وَيَحْمِلْ صَلِيبَهُ وَيَتْ…"
katameros:1884,reference,,,draft,0,,,اسْجُدُوا لَهُ يَا جَمِيعَ مَلائِكَتِهِ. سَمِعَتْ صِهْيَوْنُ فَفَرِحَتْ، وَتَهلَّلَتْ بَنَاتُ الْيَهُودِيَّةِ، مِنْ أَج…
katameros:1885,reference,,,draft,0,,,اُنْظُرُوا إذاً، لا تَحْتَقِرُوا أَحَدَ هَؤُلاءِ الصِّغَارِ، لأني أَقُولُ لَكُمْ: إنَّ مَلاَئِكَتَهُمْ في السَّمَوَاتِ …
katameros:1886,reference,,,draft,0,,,فَإنَّهُ لِمَلائِكَةٍ لَمْ يُخْضِعِ الْعَالَمَ الْعَتِيدَ الَّذِي نَتَكَلَّمُ عَنْهُ. لكِنْ شَهِدَ لَنَا وَاحِدٌ في مَو…
katameros:1887,reference,,,draft,0,,,مُبَارَكٌ اللَّهُ أَبو رَبِّنَا يَسُوعَ الْمَسِيحِ، الَّذِي بِكَثْرَةِ رَحْمَتِهِ وَلَدَنَا ثَانِيَةً لِرَجَاءٍ حَيٍّ، …
katameros:1888,reference,,,draft,0,,,"فَنَزَلَ بُطْرُسُ إلى الرِّجَالِ، وَقَالَ: "" هَا أنَا الَّذِي تَطْلُبُونَهُ. مَا هُوَ الأَمْرُ الَّذِي حَضَرْتُمْ لأَجْ…"
katameros:1889,reference,,,draft,0,,,أَعْتَرِفُ لَكَ يَارَبُّ مِنْ كُلِّ قَلْبِي. لأنكَ اسْتَمَعْتَ كُلَّ كَلِمَاتِ فَمِي. أمَامَ الْمَلائِكَةِ أُرَتِّلُ لَ…
katameros:189,reference,,,draft,0,,,"الْحَقَّ أَقُولُ لَكُمْ: إنَّ كُلَّ شَيْءٍ يُغْفَرُ لِبَنِي البَشَرِ، الْخَطَايَا وَجَمِيعُ التَّجَادِيفِ 
الَّتي يُجَد…"
katameros:1890,reference,,,draft,0,,,وَفي الشَّهْرِ السَّادِسِ أُرْسِلَ جِبْرَائِيلُ الْمَلاَكُ مِنْ قِبَلِ اللَّهِ إلى مَدِينَةٍ مِنَ الْجَلِيلِ اسْمُهَا ن…
katameros:1891,reference,,,draft,0,,,طُوبَى لِمَنْ اخْتَرْتَهُ وَقَبِلْتَهُ، يَسْكُنُ في دِيَارِكَ إلى الأَبدِ. اسْتَجِبْ لَنَا يَا اللَّهُ مُخَلِّصُنَا، يَ…
katameros:1892,reference,,,draft,0,,,اسْهَرُوا إذَاً لأَنكُمْ لا تَعْلَمُونَ في أَيةِ سَاعَةٍ يَأتِي رَبكُمْ. وَاعْلَمُوا هَذَا: أنهُ لَوْ كَانَ رَبُّ الْبَ…
katameros:1893,reference,,,draft,0,,,الرَّبُّ يُعَضِّدُ الصِّدِّيقِينَ، يَعْرِفُ الرَّبُّ طَرِيقَ الَّذِينَ لا عَيْبَ فِيهِمْ. وَيَكُونُ مِيرَاثَهُمْ إلى ال…
katameros:1894,reference,,,draft,0,,,اُنْظُرُوا، اسْهَرُوا وَصَلُّوا؛ لأَنكُمْ لا تَعْرفُونَ مَتَى يَكُونُ الْوَقْتُ. كَأنمَا إنْسَانٌ مسَافِرٌ تَرَكَ بَيْت…
katameros:1895,reference,,,draft,0,,,"لأَنهُ إذَا قَالَ وَاحِدٌ: "" أَنا لِبُولُسَ "" وَآخَرُ: "" أَنا لأَبلُّوسَ "" أَفَلَسْتُمْ بَشَرِيِّينَ؟

فَمَنْ هُوَ أَبل…"
katameros:1896,reference,,,draft,0,,,كَذلِكَ أَنْتُمْ أيهَا الشُّبَّانُ، اخْضَعُوا لِلشُّيُوخِ، وَكُونُوا جَمِيعاً مُتَسَرْبِلِينَ بِالتَّوَاضُعِ بَعْضُكُمْ…
katameros:1897,reference,,,draft,0,,,وَكَانَ يُوجَدُ يَهُودِيٌّ اسْمُهُ أَبلُّوسُ، إسْكَنْدَرِيُّ الْجِنْسِ، رَجُلٌ فَصِيحٌ قَدُمَ إلى أَفَسُسَ مُقْتَدِرٌ ف…
katameros:1898,reference,,,draft,0,,,فَمُ الصِّدِّيقِ يَتْلُو الْحِكْمَةَ، وَلِسَانُهُ يَنْطِقُ بِالْحُكْمِ. نَامُوسُ اللَّهِ في قَلْبِهِ. وَلا تَتَعَرْقَلُ…
katameros:1899,reference,,,draft,0,,,"وَقَالَ أيْضاً لِتَلامِيذِهِ: "" كَانَ إنْسَانٌ غَنِيٌّ لَهُ وَكِيلٌ، فَوُشِيَ بِهِ إلَيْهِ بِأَنهُ يُبَذِّرُ أَمْوَالَه…"
katameros:19,reference,,,draft,0,,,"أَقْسَمَ الرَّبُّ وَلَنْ يَنْدَمَ: "" إنكَ أَنْتَ هُوَ الْكَاهِنُ إلى الأَبدِ عَلَى طَقْسِ مَلْشِيصَادَقَ "". الرَّبُّ عَ…"
katameros:190,reference,,,draft,0,,,قَدْ ارْتَسَمَ عَلَيْنَا نُورُ وَجْهِكَ يَارَبُّ. أَعْطيتَ سُرُوراً لِقَلْبِي؛ لأنكَ أنْتَ وَحْدَكَ يَارَبُّ، أَسْكَنْت…
katameros:1900,reference,,,draft,0,,,الَّذِي يُعَلِّمُ يَدَيَّ الْقِتَالَ، وَجَعَلَ سَاعِدَيَّ أقْوَاسَاً مِنْ نُحَاسٍ. وَمَنْطَقْتَنِي قُوَّةً في الْحَرْبِ…
katameros:1901,reference,,,draft,0,,,هَا أَنَا أُرْسِلُكُمْ كَخِرَافٍ في وَسَطِ ذِئَابٍ فَكُونُوا حُكَمَاءَ كَالْحَيَّاتِ وَبُسَطَاءَ كَالْحَمَامِ. وَاحْذَر…
katameros:1902,reference,,,draft,0,,,تَقَلَّدْ سَيْفَكَ عَلَى فَخْذِكَ أيهَا الْقَويُّ. بِحُسْنِكَ وَجَمَالِكَ اسْتَلَّهُ وَانْجَحْ وَامْلِكْ. كُرْسِيُّكَ ي…
katameros:1903,reference,,,draft,0,,,وَلَمَّا صَارَ الْغَدُ مَضَى يَسُوعُ إلى مَدِينَةٍ تُدْعَى نَايِينَ، وَذَهَبَ مَعَهُ تَلاَمِيذُهُ وَجَمْعٌ كَثِيرٌ. فَل…
katameros:1904,reference,,,draft,0,,,فَاشْتَرِكْ أَنْتَ في احْتِمَالِ الآلامِ كَجُنْدِيٍّ صَالِحٍ لِلْمَسِيحِ يَسُوعَ. لأنهُ لَيْسَ أَحَدٌ وَهُوَ يَتَجَنَّد…
katameros:1905,reference,,,draft,0,,,وَالنِّهَايَةُ، كُونُوا جَمِيعَاً بِرَأيٍ وَاحِدٍ، وَكُونُوا مُشْتَرِكِينَ في الآلامِ. وَكُونُوا مُحِبِّينَ الإخْوَةَ، …
katameros:1906,reference,,,draft,0,,,فَتَشاورَ الْجُنْدُ كَيْ يَقْتُلُوا الأَسْرَى لِئَلاَّ يَسْبَحَ أَحَدٌ مِنْهُمْ فَيَهْرُبَ. وَلكِنَّ قَائِدَ الْمِئَةِ،…
katameros:1907,reference,,,draft,0,,,وَعَلَى الأَفْعَى وَمَلِكِ الْحَيَّاتِ تَطَأُ. وَتَسْحَقُ الأَسَدَ وَالتنِّينَ. لأنهُ يُوصِي مَلاَئِكَتَهُ مِنْ أَجْلِك…
katameros:1908,reference,,,draft,0,,,"وَفي تِلْكَ السَّاعَةِ تَهَلَّلَ يَسُوعُ بِالرُّوحِ الْقُدُسِ وَقَالَ: "" أَشْكُرُكَ أيهَا الآبُ، رَبُّ السَّمَاءِ وَالأ…"
katameros:1909,reference,,,draft,0,,,"أَقْسَمَ الرَّبُّ وَلَنْ يَنْدَمَ: "" إنكَ أَنْتَ هُوَ الْكَاهِنُ إلى الأَبدِ عَلَى طَقْسِ مَلْشِيصَادَقَ "". الرَّبُّ عَ…"
katameros:191,reference,,,draft,0,,,"حِينَئِذٍ قَالَ يَسُوعُ لِتَلامِيذِهِ: "" مَنْ أَرَادَ أنْ يَتْبَعْنِي فَلْيُنْكِرْ نَفْسَهُ وَيَحْمِلْ صَلِيبَهُ وَيَتْ…"
katameros:1910,reference,,,draft,0,,,"وَلَمَّا جَاءَ يَسُوعُ إلى نَوَاحِي قَيْصَرِيَّةِ فِيلُبُّسَ سَألَ تَلاَمِيذَهُ قَائِلاً: "" مَاذا يَقُولُ النَّاسُ في ا…"
katameros:1911,reference,,,draft,0,,,أَمْسَكْتَ بِيَدِي الْيُمْنَى. وَبِمَشُورَتكَ هَدَيْتَنِي وَبِالْمَجْدِ قَبِلْتَنِي. وَأنا خَيْرٌ لِي الالْتِصَاقُ بِال…
katameros:1912,reference,,,draft,0,,,بِهذَا أَوْصَيْتُكُمْ حَتَّى تُحِبُّوا بَعْضُكُمْ بَعْضاً. إنْ كَانَ الْعَالَمُ يُبْغِضُكُمْ فَاعْلَمُوا أنهُ قَدْ أَبْ…
katameros:1913,reference,,,draft,0,,,فَإنَّنَا لَسْنَا نَكْرِزُ بِأَنْفُسِنَا، بَلْ بِالْمَسِيحِ يَسُوعَ رَبِّنَا، وَنَحْنُ أيْضاً عَبِيدٌ لَكُمْ مِنْ قِبَل…
katameros:1914,reference,,,draft,0,,,أيهَا العَبِيدُ، كُونُوا خَاضِعِينَ لِسَادَتِكُمْ بِكُلِّ خَوْفٍ، لَيْسَ فَقَطْ للصَّالِحِينَ الْمُتَرَفِّقِينَ، بَلْ ل…
katameros:1915,reference,,,draft,0,,,"وَمِنْ مِيلِيتُسَ أَرْسَلَ إلى أَفَسُسَ وَاسْتَدْعَى أحْبَارَ الْكَنِيسَةِ. فَلَمَّا جَاءُوا إلَيْهِ قَالَ لَهُمْ: "" أَ…"
katameros:1916,reference,,,draft,0,,,فَلْيَرْفَعُوهُ في كَنِيسَةِ شَعْبِهِ، وَلْيُبَارِكُوهُ في مَجْلِسِ الشُّيوخِ. جَعَلَ أبوَّةً مِثْلَ الْخِرَافِ. يُبْصِ…
katameros:1917,reference,,,draft,0,,,""" الْحَقَّ الْحَقَّ أَقُولُ لَكُمْ: إنَّ الَّذِي لا يَدْخُلُ مِنَ الْبَابِ إلى حَظِيرَةِ الْخِرَافِ، بَلْ يَطْلَعُ مِنْ…"
katameros:1918,reference,,,draft,0,,,اعْلَمُوا أنَّ الرَّبَّ قَدْ جَعَلَ قُدُّوسَهُ عَجَبَاً. الرَّبُّ يَسْتَجِيبُ لي إذَا مَا صَرَخْتُ إلَيْهِ. قَدِ ارْتَس…
katameros:1919,reference,,,draft,0,,,لَيْسَ تِلْمِيذٌ أَفْضَلَ مِنْ مُعَلِّمِهِ، وَلا عَبْدٌ أَفْضَلَ مِنْ سَيِّدِهِ. يَكْفِي التِّلْمِيذَ أنْ يَصِيرَ كَمُع…
katameros:192,reference,,,draft,0,,,يَفْتَخِرُ بِكَ كُلُّ الَّذِينَ يُحِبُّونَ اسْمَكَ؛ لأَنكَ أَنْتَ يَارَبُّ بَارَكْتَ الصِّدِّيقَ. مِثْلَ سِلاَحِ الْمَس…
katameros:1920,reference,,,draft,0,,,سَبِّحُوا أيهَا الْفِتْيَانُ الرَّبَّ، سَبِّحُوا اسْمَ الرَّبِّ، لِيَكُنْ اسْمُ الرَّبِّ مُبَارَكَاً، مِنَ الآنَ وَإلى …
katameros:1921,reference,,,draft,0,,,"وَدَعَا الْجَمْعَ وَتَلامِيذَهُ وَقَالَ لَهُمْ: "" مَنْ أرَادَ أنْ يَأتيَ وَرَائِي فَلْيُنْكِرْ نَفْسَهُ وَيَحْمِلْ صَلِ…"
katameros:1922,reference,,,draft,0,,,لأنَّ كُلَّ الَّذِينَ يَنْقَادُونَ بِرُوحِ اللَّهِ، فَأُولئِكَ هُمْ أَبنَاءُ اللَّهِ. إذْ لَمْ تَأْخُذُوا رُوحَ الْعُبُ…
katameros:1923,reference,,,draft,0,,,أيهَا الأحِبَّاءُ، أَطْلُبُ إلَيْكُمْ كَغُرَبَاءَ وَنُزَلاَءَ، أنْ تَبْتَعِدُوا عَنِ الشَّهَوَاتِ الْجَسَدِيَّةِ التي ت…
katameros:1924,reference,,,draft,0,,,وَكَانَ اللَّهُ يَصْنَعُ عَلَى يَدَيْ بُولُسَ قُوَّاتٍ كَثِيرَةً، حَتَّى إِنَّهُمْ كَانُوا يَأخُذُونَ مَنادِيلَ وَخِرَق…
katameros:1925,reference,,,draft,0,,,جُزْنا في النَّارِ وَالْمَاءِ، وَأَخْرَجْتَنَا إلى الرَّاحَةِ. أَدْخُلُ إلى بَيْتِكَ بِالْمُحْرَقَاتِ، وَأُوفِيكَ النُّ…
katameros:1926,reference,,,draft,0,,,وَقَبْلَ هَذَا كُلِّهِ يُلْقُونَ أَيْدِيَهُمْ عَلَيْكُمْ وَيَطْرُدُونَكُمْ، وَيُسَلِّمُونَكُمْ إلى مَجَامِعَ وَسُجُونٍ،…
katameros:1927,reference,,,draft,0,,,"لَمْ يَتْرُكْ إنْسَاناً يَظْلِمُهُمْ، وَبَكَّتَ ملوكاً مِنْ أجْلِهمْ، قَائِلاً: "" لا تَمَسُّوا مُسَحَائي، وَلا تُسِيئوا…"
katameros:1928,reference,,,draft,0,,,وَفِيمَا هُوَ يَتَكَلَّمُ سَألَهُ فَرِّيسِيٌّ أنْ يَأْكُلَ عِنْدَهُ، فَدَخَلَ وَاتَّكَأَ. وَأمَّا الفَرِّيسِيُّ لَمَّا …
katameros:1929,reference,,,draft,0,,,أَرْسَلَ مُوسَى عَبْدَهُ وَهارُونَ الَّذِي اخْتَارَهُ، جَعَلَ فِيهِمَا أَقْوَالَ آيَاتِهِ وَعَجَائِبِهِ، كَيْ يَحْفَظُو…
katameros:193,reference,,,draft,0,,,لا تَظُنُّوا أني جِئْتُ لأُلْقِيَ سَلاَماً عَلَى الأَرْضِ، مَا جِئْتُ لأُلْقِيَ سَلاماً بَلْ سَيْفاً. فَإنِّي أَتَيْتُ …
katameros:1930,reference,,,draft,0,,,وَبَعْدَ سِتَّةِ أيامٍ أخَذَ يَسُوعُ بُطْرُسَ وَيَعْقُوبَ وَيُوحَنَّا أخَاهُ وَأَصْعَدَهُمْ عَلَى جَبَلٍ عَالٍ مُنْفَرِ…
katameros:1931,reference,,,draft,0,,,بِالإيمَانِ قَرَّبَ إبْرَاهِيمُ إسْحَقَ حِينَ جُرِّبَ. وَقَرَّبَ ابْنَهُ الوَحِيدَ ذَاكَ الَّذِي قَبِلَ الْمَوَاعِيدَ ب…
katameros:1932,reference,,,draft,0,,,وَثَابِتٌ عِنْدَنَا كَلامُ الأنبِيَاءِ، هذَا الَّذِي هُوَ نِعْمَ مَا تَصْنَعُونَهُ إذَا تَأمَّلْتُمْ إلَيْهِ، كَمِثْلِ …
katameros:1933,reference,,,draft,0,,,لأنَّ مُوسَى مُنْذُ الأجْيَالِ الْقَدِيمَةِ، لَهُ في كُلِّ مَدِينَةٍ مَنْ يَكْرِزُ بِهِ، إذْ يُقْرَأُ  في الْمَجَامِعِ …
katameros:1934,reference,,,draft,0,,,مُوسَى وَهَارُونُ في كَهَنَتِهِ، وَصَمُوئيلُ في الَّذِينَ يَدْعُونَ بِاسْمِهِ. كَانُوا يَدْعُونَ الرَّبَّ وَهُوَ كَانَ …
katameros:1935,reference,,,draft,0,,,الْوَيْلُ لَكُمْ أيهَا الكَتَبَةُ والْفَرِّيسِيُّونَ الْمُرَاؤُونَ! لأنكُمْ تُغْلِقُونَ مَلَكُوتَ السَّمَوَاتِ قُدَّامَ…
katameros:1936,reference,,,draft,0,,,تُبَادِرُ الرُّؤَسَاءُ إلى كُلِّ الْمُرَتِّلِيْنَ، في وَسَطِ صَبَايَا ضَارِبَاتٍ بِالدُّفُوفِ. بَارِكُوا اللَّهَ في الْ…
katameros:1937,reference,,,draft,0,,,وَفِيمَا كَانَ يَسُوعُ في بَيْتِ عَنْيَا في بَيْتِ سِمْعَانَ الأَبْرَصِ، جَاءَتْ إلَيْهِ امْرَأةٌ مَعَهَا قَارُورَةُ طِ…
katameros:1938,reference,,,draft,0,,,مِنْ أَفْوَاهِ الأَطْفَالِ وَالرُّضعَانِ هَيَّأتَ سُبْحَاً؛ لأني أَرَى السَّمَوَاتِ أَعْمَالَ أصَابِعِكَ، الْقَمَرَ وَا…
katameros:1939,reference,,,draft,0,,,"قَالَتْ لَهُ الْمَرْأَةُ: "" يَا سَيِّدي أَعْطِنِي هذَا الْمَاءَ؛ لِكَيْ لا أَعْطَشَ وَلا آتِيَ إلى هُنَا لأَسْتَقِيَ "".…"
katameros:194,reference,,,draft,0,,,لأني أَظُنُّ أنَّ آلامَ هذَا الزَّمَانِ الْحَاضِرِ لا تُقَاسُ بِالْمَجْدِ الْعَتِيدِ أنْ يُسْتَعْلَنَ فِينَا. لأنَّ انْ…
katameros:1940,reference,,,draft,0,,,سِيرُوا إذاً كَأَوْلاَدِ النُّورِ؛ لأنَّ ثَمَرَ النُّورِ هُوَ في كُلِّ صَلاَحٍ وَبِرٍّ وَحَقٍّ. مُخْتَبِرِينَ مَا هُوَ …
katameros:1941,reference,,,draft,0,,,لأنهُ هَكَذَا كَانَتْ قَدِيماً النِّسَاءُ الْقِدِّيسَاتُ الْمُتَوَكِّلاَتُ أيْضاً عَلَى اللَّهِ، يُزَيِّنَّ أَنْفُسَهُن…
katameros:1942,reference,,,draft,0,,,وَلكِنْ حَدَثَ لَمَّا اسْتَكْمَلْنَا الأيامَ خَرَجْنَا وَمَشَيْنَا، وَهُمْ يُشَيِّعُونَنَا، مَعَ نِسَاءٍ أيْضاً وَأَوْل…
katameros:1943,reference,,,draft,0,,,يُدْخِلْنَ للْمَلِكِ عَذَارَى في إثْرِهَا. جَمِيعُ صَاحِبَاتِهَا لَهُ يُقَدَّمْنَ. يُدْخِلْنَهُنَّ بِفَرَحٍ وَابْتِهَاج…
katameros:1944,reference,,,draft,0,,,حِينَئِذٍ يُشْبِهُ مَلَكُوتُ السَّمَوَاتِ عَشْرَ عَذَارَى، أَخَذْنَ مَصَابِيحَهُنَّ وَخَرَجْنَ لِلِقَاءِ الْعَرِيسِ. وَ…
katameros:1945,reference,,,draft,0,,,"لَمْ يَتْرُكْ إنْسَاناً يَظْلِمُهُمْ، وَبَكَّتَ ملوكاً مِنْ أجْلِهمْ، قَائِلاً: "" لا تَمَسُّوا مُسَحَائي، وَلا تُسِيئوا…"
katameros:1946,reference,,,draft,0,,,وَفِيمَا هُوَ يَتَكَلَّمُ سَألَهُ فَرِّيسِيٌّ أنْ يَأْكُلَ عِنْدَهُ، فَدَخَلَ وَاتَّكَأَ. وَأمَّا الفَرِّيسِيُّ لَمَّا …
katameros:1947,reference,,,draft,0,,,أَرْسَلَ مُوسَى عَبْدَهُ وَهارُونَ الَّذِي اخْتَارَهُ، جَعَلَ فِيهِمَا أَقْوَالَ آيَاتِهِ وَعَجَائِبِهِ، كَيْ يَحْفَظُو…
katameros:1948,reference,,,draft,0,,,وَبَعْدَ سِتَّةِ أيامٍ أخَذَ يَسُوعُ بُطْرُسَ وَيَعْقُوبَ وَيُوحَنَّا أخَاهُ وَأَصْعَدَهُمْ عَلَى جَبَلٍ عَالٍ مُنْفَرِ…
katameros:1949,reference,,,draft,0,,,بِالإيمَانِ قَرَّبَ إبْرَاهِيمُ إسْحَقَ حِينَ جُرِّبَ. وَقَرَّبَ ابْنَهُ الوَحِيدَ ذَاكَ الَّذِي قَبِلَ الْمَوَاعِيدَ ب…
katameros:195,reference,,,draft,0,,,وَالنِّهَايَةُ، كُونُوا جَمِيعَاً بِرَأيٍ وَاحِدٍ، وَكُونُوا مُشْتَرِكِينَ في الآلامِ. وَكُونُوا مُحِبِّينَ الإخْوَةَ، …
katameros:1950,reference,,,draft,0,,,وَثَابِتٌ عِنْدَنَا كَلامُ الأنبِيَاءِ، هذَا الَّذِي هُوَ نِعْمَ مَا تَصْنَعُونَهُ إذَا تَأمَّلْتُمْ إلَيْهِ، كَمِثْلِ …
katameros:1951,reference,,,draft,0,,,لأنَّ مُوسَى مُنْذُ الأجْيَالِ الْقَدِيمَةِ، لَهُ في كُلِّ مَدِينَةٍ مَنْ يَكْرِزُ بِهِ، إذْ يُقْرَأُ  في الْمَجَامِعِ …
katameros:1952,reference,,,draft,0,,,مُوسَى وَهَارُونُ في كَهَنَتِهِ، وَصَمُوئيلُ في الَّذِينَ يَدْعُونَ بِاسْمِهِ. كَانُوا يَدْعُونَ الرَّبَّ وَهُوَ كَانَ …
katameros:1953,reference,,,draft,0,,,الْوَيْلُ لَكُمْ أيهَا الكَتَبَةُ والْفَرِّيسِيُّونَ الْمُرَاؤُونَ! لأنكُمْ تُغْلِقُونَ مَلَكُوتَ السَّمَوَاتِ قُدَّامَ…
katameros:1954,reference,,,draft,0,,,تُبَادِرُ الرُّؤَسَاءُ إلى كُلِّ الْمُرَتِّلِيْنَ، في وَسَطِ صَبَايَا ضَارِبَاتٍ بِالدُّفُوفِ. بَارِكُوا اللَّهَ في الْ…
katameros:1955,reference,,,draft,0,,,وَفِيمَا كَانَ يَسُوعُ في بَيْتِ عَنْيَا في بَيْتِ سِمْعَانَ الأَبْرَصِ، جَاءَتْ إلَيْهِ امْرَأةٌ مَعَهَا قَارُورَةُ طِ…
katameros:1956,reference,,,draft,0,,,مِنْ أَفْوَاهِ الأَطْفَالِ وَالرُّضعَانِ هَيَّأتَ سُبْحَاً؛ لأني أَرَى السَّمَوَاتِ أَعْمَالَ أصَابِعِكَ، الْقَمَرَ وَا…
katameros:1957,reference,,,draft,0,,,"قَالَتْ لَهُ الْمَرْأَةُ: "" يَا سَيِّدي أَعْطِنِي هذَا الْمَاءَ؛ لِكَيْ لا أَعْطَشَ وَلا آتِيَ إلى هُنَا لأَسْتَقِيَ "".…"
katameros:1958,reference,,,draft,0,,,سِيرُوا إذاً كَأَوْلاَدِ النُّورِ؛ لأنَّ ثَمَرَ النُّورِ هُوَ في كُلِّ صَلاَحٍ وَبِرٍّ وَحَقٍّ. مُخْتَبِرِينَ مَا هُوَ …
katameros:1959,reference,,,draft,0,,,لأنهُ هَكَذَا كَانَتْ قَدِيماً النِّسَاءُ الْقِدِّيسَاتُ الْمُتَوَكِّلاَتُ أيْضاً عَلَى اللَّهِ، يُزَيِّنَّ أَنْفُسَهُن…
katameros:196,reference,,,draft,0,,,وَحَدَثَ في ذَلِكَ الْوَقْتِ اضطرَابٌ لَيْسَ بِقَلِيلٍ بِسَبَبِ الطَّرِيقِ؛ لأنَّ وَاحداً اسْمُهُ دِيمِتْرِيُوس، صَائِغ…
katameros:1960,reference,,,draft,0,,,وَلكِنْ حَدَثَ لَمَّا اسْتَكْمَلْنَا الأيامَ خَرَجْنَا وَمَشَيْنَا، وَهُمْ يُشَيِّعُونَنَا، مَعَ نِسَاءٍ أيْضاً وَأَوْل…
katameros:1961,reference,,,draft,0,,,يُدْخِلْنَ للْمَلِكِ عَذَارَى في إثْرِهَا. جَمِيعُ صَاحِبَاتِهَا لَهُ يُقَدَّمْنَ. يُدْخِلْنَهُنَّ بِفَرَحٍ وَابْتِهَاج…
katameros:1962,reference,,,draft,0,,,حِينَئِذٍ يُشْبِهُ مَلَكُوتُ السَّمَوَاتِ عَشْرَ عَذَارَى، أَخَذْنَ مَصَابِيحَهُنَّ وَخَرَجْنَ لِلِقَاءِ الْعَرِيسِ. وَ…
katameros:1963,reference,,,draft,0,,,افْرَحُوا أيهَا الصِّدِّيقُونَ بِالرَّبِّ وَتَهَلَّلُوا. لِلْمُسْتَقِيمِينَ يَنْبَغِي التَّسْبِيحُ. مِنْ أَجْلِ هذَا يَ…
katameros:1964,reference,,,draft,0,,,وَكَأنمَا إنْسَانٌ مُسَافِرٌ دَعَا عَبِيدَهُ وَسَلَّمَهُمْ أَمْوَالَهُ، فَأَعْطَى وَاحِداً خَمْسَ وَزَنَاتٍ، وَآخَرَ وَ…
katameros:1965,reference,,,draft,0,,,ابْتَهِجُوا أيهَا الصِّدِّيقُونَ بِالرَّبِّ. لِلْمُسْتَقِيمِينَ يَنْبَغِي التَّسْبِيحُ. طُوبَى لِلأُمَّةِ التِي الرَّبُ…
katameros:1966,reference,,,draft,0,,,وَإذْ كَانُوا يَسْمَعُونَ هذَا عَادَ فَقَالَ مَثَلاً، لأنهُ كَانَ قَرِيباً مِنْ أُورُشَلِيمَ، وَكَانُوا يَظُنُّونَ أنَّ…
katameros:1967,reference,,,draft,0,,,فإنَّ وَطَنِيَّتَنَا نَحنُ هيَ في السَّمَواتِ. ومِنْ هُناكَ نَنْتَظِرُ مُخَلِّصَنَا: رَبَّنَا يَسُوعَ الْمَسِيحَ، هذَا …
katameros:1968,reference,,,draft,0,,,لا يَئِنَّ بَعْضُكُمْ عَلَى بَعْضٍ يا إخْوَتي لِئَلاَّ تُدَانُوا. هُوَذا الدَّيَّانُ وَاقِفٌ عَلَى الأبْوَابِ. خُذُوا ل…
katameros:1969,reference,,,draft,0,,,أَمَّا الَّذِينَ تَشَتَّتُوا مِنَ الضِّيقِ الَّذِي حَلَّ عَلَى اسْتِفَانُوسَ فَأَتوْا إلى فِينِيقِيَةَ وَقُبْرُسَ وَأنْ…
katameros:197,reference,,,draft,0,,,عَجِيبٌ هُوَ اللَّهُ في قِدِّيسِيهِ. إلَهُ إسْرَائِيلَ هُوَ يُعْطِي قُوَّةً وَعِزَّاً لِشَعْبِهِ. وَالصِّدِّيقُونَ يَفْ…
katameros:1970,reference,,,draft,0,,,كَثِيرَةٌ هِيَ أَحْزَانُ الصِّدِّيقِينَ، وَمِنْ جَمِيعِهَا يُنَجِّيهِمِ الرَّبُّ. وَالصِّدِّيقُونَ يَفْرَحُونَ وَيَتَهَ…
katameros:1971,reference,,,draft,0,,,لاَ تَخَفْ، أَيهَا الْقَطِيعُ الصَّغِيرُ، فَإنَّ أَباكُمْ قَدْ سُرَّ أَنْ يُعْطِيَكُمُ الْمَلَكُوتَ. بِيعُوا أَمْتعَتَك…
katameros:1972,reference,,,draft,0,,,طُوبَى لِمَنْ اخْتَرْتَهُ وَقَبِلْتَهُ، يَسْكُنُ في دِيَارِكَ إلى الأَبدِ. اسْتَجِبْ لَنَا يَا اللَّهُ مُخَلِّصُنَا، يَ…
katameros:1973,reference,,,draft,0,,,اسْهَرُوا إذَاً لأَنكُمْ لا تَعْلَمُونَ في أَيةِ سَاعَةٍ يَأتِي رَبكُمْ. وَاعْلَمُوا هَذَا: أنهُ لَوْ كَانَ رَبُّ الْبَ…
katameros:1974,reference,,,draft,0,,,الرَّبُّ يُعَضِّدُ الصِّدِّيقِينَ، يَعْرِفُ الرَّبُّ طَرِيقَ الَّذِينَ لا عَيْبَ فِيهِمْ. وَيَكُونُ مِيرَاثَهُمْ إلى ال…
katameros:1975,reference,,,draft,0,,,اُنْظُرُوا، اسْهَرُوا وَصَلُّوا؛ لأَنكُمْ لا تَعْرفُونَ مَتَى يَكُونُ الْوَقْتُ. كَأنمَا إنْسَانٌ مسَافِرٌ تَرَكَ بَيْت…
katameros:1976,reference,,,draft,0,,,"لأَنهُ إذَا قَالَ وَاحِدٌ: "" أَنا لِبُولُسَ "" وَآخَرُ: "" أَنا لأَبلُّوسَ "" أَفَلَسْتُمْ بَشَرِيِّينَ؟

فَمَنْ هُوَ أَبل…"
katameros:1977,reference,,,draft,0,,,كَذلِكَ أَنْتُمْ أيهَا الشُّبَّانُ، اخْضَعُوا لِلشُّيُوخِ، وَكُونُوا جَمِيعاً مُتَسَرْبِلِينَ بِالتَّوَاضُعِ بَعْضُكُمْ…
katameros:1978,reference,,,draft,0,,,وَكَانَ يُوجَدُ يَهُودِيٌّ اسْمُهُ أَبلُّوسُ، إسْكَنْدَرِيُّ الْجِنْسِ، رَجُلٌ فَصِيحٌ قَدُمَ إلى أَفَسُسَ مُقْتَدِرٌ ف…
katameros:1979,reference,,,draft,0,,,فَمُ الصِّدِّيقِ يَتْلُو الْحِكْمَةَ، وَلِسَانُهُ يَنْطِقُ بِالْحُكْمِ. نَامُوسُ اللَّهِ في قَلْبِهِ. وَلا تَتَعَرْقَلُ…
katameros:198,reference,,,draft,0,,,وَلكِنْ أَقُولُ لَكُمْ يَا أَصْدِقَائِي: لا تَخَافُوا مِنَ الَّذِينَ يَقْتُلُونَ جَسَدَكُمْ، وَبَعْدَ ذلِكَ لَيْسَ لَهُ…
katameros:1980,reference,,,draft,0,,,"وَقَالَ أيْضاً لِتَلامِيذِهِ: "" كَانَ إنْسَانٌ غَنِيٌّ لَهُ وَكِيلٌ، فَوُشِيَ بِهِ إلَيْهِ بِأَنهُ يُبَذِّرُ أَمْوَالَه…"
katameros:1981,reference,,,draft,0,,,تُبَادِرُ الرُّؤَسَاءُ إلى كُلِّ الْمُرَتِّلِيْنَ، في وَسَطِ صَبَايَا ضَارِبَاتٍ بِالدُّفُوفِ. بَارِكُوا اللَّهَ في الْ…
katameros:1982,reference,,,draft,0,,,وَفِيمَا كَانَ يَسُوعُ في بَيْتِ عَنْيَا في بَيْتِ سِمْعَانَ الأَبْرَصِ، جَاءَتْ إلَيْهِ امْرَأةٌ مَعَهَا قَارُورَةُ طِ…
katameros:1983,reference,,,draft,0,,,مِنْ أَفْوَاهِ الأَطْفَالِ وَالرُّضعَانِ هَيَّأتَ سُبْحَاً؛ لأني أَرَى السَّمَوَاتِ أَعْمَالَ أصَابِعِكَ، الْقَمَرَ وَا…
katameros:1984,reference,,,draft,0,,,"قَالَتْ لَهُ الْمَرْأَةُ: "" يَا سَيِّدي أَعْطِنِي هذَا الْمَاءَ؛ لِكَيْ لا أَعْطَشَ وَلا آتِيَ إلى هُنَا لأَسْتَقِيَ "".…"
katameros:1985,reference,,,draft,0,,,سِيرُوا إذاً كَأَوْلاَدِ النُّورِ؛ لأنَّ ثَمَرَ النُّورِ هُوَ في كُلِّ صَلاَحٍ وَبِرٍّ وَحَقٍّ. مُخْتَبِرِينَ مَا هُوَ …
katameros:1986,reference,,,draft,0,,,لأنهُ هَكَذَا كَانَتْ قَدِيماً النِّسَاءُ الْقِدِّيسَاتُ الْمُتَوَكِّلاَتُ أيْضاً عَلَى اللَّهِ، يُزَيِّنَّ أَنْفُسَهُن…
katameros:1987,reference,,,draft,0,,,وَلكِنْ حَدَثَ لَمَّا اسْتَكْمَلْنَا الأيامَ خَرَجْنَا وَمَشَيْنَا، وَهُمْ يُشَيِّعُونَنَا، مَعَ نِسَاءٍ أيْضاً وَأَوْل…
katameros:1988,reference,,,draft,0,,,يُدْخِلْنَ للْمَلِكِ عَذَارَى في إثْرِهَا. جَمِيعُ صَاحِبَاتِهَا لَهُ يُقَدَّمْنَ. يُدْخِلْنَهُنَّ بِفَرَحٍ وَابْتِهَاج…
katameros:1989,reference,,,draft,0,,,حِينَئِذٍ يُشْبِهُ مَلَكُوتُ السَّمَوَاتِ عَشْرَ عَذَارَى، أَخَذْنَ مَصَابِيحَهُنَّ وَخَرَجْنَ لِلِقَاءِ الْعَرِيسِ. وَ…
katameros:199,reference,,,draft,0,,,يَفْرَحُ الصِّدِّيقُ بِالرَّبِّ، وَيَتَّكِلُ عَلَيْهِ، وَيَفْتَخِرُ كُلُّ المُسْتَقِيمِينَ بِقَلْبِهِمْ. هللويا.
katameros:1990,reference,,,draft,0,,,"أَقْسَمَ الرَّبُّ وَلَنْ يَنْدَمَ: "" إنكَ أَنْتَ هُوَ الْكَاهِنُ إلى الأَبدِ عَلَى طَقْسِ مَلْشِيصَادَقَ "". الرَّبُّ عَ…"
katameros:1991,reference,,,draft,0,,,"وَلَمَّا جَاءَ يَسُوعُ إلى نَوَاحِي قَيْصَرِيَّةِ فِيلُبُّسَ سَألَ تَلاَمِيذَهُ قَائِلاً: "" مَاذا يَقُولُ النَّاسُ في ا…"
katameros:1992,reference,,,draft,0,,,أَمْسَكْتَ بِيَدِي الْيُمْنَى. وَبِمَشُورَتكَ هَدَيْتَنِي وَبِالْمَجْدِ قَبِلْتَنِي. وَأنا خَيْرٌ لِي الالْتِصَاقُ بِال…
katameros:1993,reference,,,draft,0,,,بِهذَا أَوْصَيْتُكُمْ حَتَّى تُحِبُّوا بَعْضُكُمْ بَعْضاً. إنْ كَانَ الْعَالَمُ يُبْغِضُكُمْ فَاعْلَمُوا أنهُ قَدْ أَبْ…
katameros:1994,reference,,,draft,0,,,فَإنَّنَا لَسْنَا نَكْرِزُ بِأَنْفُسِنَا، بَلْ بِالْمَسِيحِ يَسُوعَ رَبِّنَا، وَنَحْنُ أيْضاً عَبِيدٌ لَكُمْ مِنْ قِبَل…
katameros:1995,reference,,,draft,0,,,أيهَا العَبِيدُ، كُونُوا خَاضِعِينَ لِسَادَتِكُمْ بِكُلِّ خَوْفٍ، لَيْسَ فَقَطْ للصَّالِحِينَ الْمُتَرَفِّقِينَ، بَلْ ل…
katameros:1996,reference,,,draft,0,,,"وَمِنْ مِيلِيتُسَ أَرْسَلَ إلى أَفَسُسَ وَاسْتَدْعَى أحْبَارَ الْكَنِيسَةِ. فَلَمَّا جَاءُوا إلَيْهِ قَالَ لَهُمْ: "" أَ…"
katameros:1997,reference,,,draft,0,,,فَلْيَرْفَعُوهُ في كَنِيسَةِ شَعْبِهِ، وَلْيُبَارِكُوهُ في مَجْلِسِ الشُّيوخِ. جَعَلَ أبوَّةً مِثْلَ الْخِرَافِ. يُبْصِ…
katameros:1998,reference,,,draft,0,,,""" الْحَقَّ الْحَقَّ أَقُولُ لَكُمْ: إنَّ الَّذِي لا يَدْخُلُ مِنَ الْبَابِ إلى حَظِيرَةِ الْخِرَافِ، بَلْ يَطْلَعُ مِنْ…"
katameros:1999,reference,,,draft,0,,,اعْلَمُوا أنَّ الرَّبَّ قَدْ جَعَلَ قُدُّوسَهُ عَجَبَاً. الرَّبُّ يَسْتَجِيبُ لي إذَا مَا صَرَخْتُ إلَيْهِ. قَدِ ارْتَس…
katameros:2,reference,,,draft,0,,,يُشْبِهُ مَلكُوتُ السَّمَواتِ كَنْزاً مُخْفىً في حَقْلٍ، وَجَدَهُ إنْسَانٌ فَخبَّأهُ. وَمِنَ الفَرَحِ مَضَى وَبَاعَ كُل…
katameros:20,reference,,,draft,0,,,"وَلَمَّا جَاءَ يَسُوعُ إلى نَوَاحِي قَيْصَرِيَّةِ فِيلُبُّسَ سَألَ تَلاَمِيذَهُ قَائِلاً: "" مَاذا يَقُولُ النَّاسُ في ا…"
katameros:200,reference,,,draft,0,,,"وَكَانَ يَقُولُ لَهُمْ: "" هَلْ يُوقَدُ سِرَاجٌ لِيُوْضَعَ تَحْتَ الْمِكْيَالِ أوْ تَحْتَ السَّرِيرِ؟ ألَيْسَ لِكَيْ يُو…"
katameros:2000,reference,,,draft,0,,,لَيْسَ تِلْمِيذٌ أَفْضَلَ مِنْ مُعَلِّمِهِ، وَلا عَبْدٌ أَفْضَلَ مِنْ سَيِّدِهِ. يَكْفِي التِّلْمِيذَ أنْ يَصِيرَ كَمُع…
katameros:2001,reference,,,draft,0,,,سَبِّحُوا أيهَا الْفِتْيَانُ الرَّبَّ، سَبِّحُوا اسْمَ الرَّبِّ، لِيَكُنْ اسْمُ الرَّبِّ مُبَارَكَاً، مِنَ الآنَ وَإلى …
katameros:2002,reference,,,draft,0,,,"وَدَعَا الْجَمْعَ وَتَلامِيذَهُ وَقَالَ لَهُمْ: "" مَنْ أرَادَ أنْ يَأتيَ وَرَائِي فَلْيُنْكِرْ نَفْسَهُ وَيَحْمِلْ صَلِ…"
katameros:2003,reference,,,draft,0,,,لأنَّ كُلَّ الَّذِينَ يَنْقَادُونَ بِرُوحِ اللَّهِ، فَأُولئِكَ هُمْ أَبنَاءُ اللَّهِ. إذْ لَمْ تَأْخُذُوا رُوحَ الْعُبُ…
katameros:2004,reference,,,draft,0,,,أيهَا الأحِبَّاءُ، أَطْلُبُ إلَيْكُمْ كَغُرَبَاءَ وَنُزَلاَءَ، أنْ تَبْتَعِدُوا عَنِ الشَّهَوَاتِ الْجَسَدِيَّةِ التي ت…
katameros:2005,reference,,,draft,0,,,وَكَانَ اللَّهُ يَصْنَعُ عَلَى يَدَيْ بُولُسَ قُوَّاتٍ كَثِيرَةً، حَتَّى إِنَّهُمْ كَانُوا يَأخُذُونَ مَنادِيلَ وَخِرَق…
katameros:2006,reference,,,draft,0,,,جُزْنا في النَّارِ وَالْمَاءِ، وَأَخْرَجْتَنَا إلى الرَّاحَةِ. أَدْخُلُ إلى بَيْتِكَ بِالْمُحْرَقَاتِ، وَأُوفِيكَ النُّ…
katameros:2007,reference,,,draft,0,,,وَقَبْلَ هَذَا كُلِّهِ يُلْقُونَ أَيْدِيَهُمْ عَلَيْكُمْ وَيَطْرُدُونَكُمْ، وَيُسَلِّمُونَكُمْ إلى مَجَامِعَ وَسُجُونٍ،…
katameros:2008,reference,,,draft,0,,,أَجْعَلُ ذُرِّيَتَهُ إلى دَهْرِ الدَّهرِ، وعَرْشَهُ مِثْلَ أيامِ السَّمَاءِ. نسْلُهُ إلى الدَّهْرِ يَدُومُ، وعَرْشُهُ م…
katameros:2009,reference,,,draft,0,,,"وَإذْ كَانَ يُصَلِّي وَحْدَهُ عَلَى انْفِرَادٍ كَانَ التَّلامِيذُ مَعَهُ. فَسَأَلَهُمْ قَائِلاً: "" مَنْ يَقُولُ النَّاس…"
katameros:201,reference,,,draft,0,,,"وَأمَّا أنَا فَمِسْكِينٌ وَفَقِيرٌ، اللَّهُمَّ أَعِنِّي. أنْتَ مُعِينِي وَمُخَلِّصِي يَارَبُّ، 
فَلا تُبْطِئْ.   هللويا."
katameros:2010,reference,,,draft,0,,,فَلْيَرْفَعُوهُ في كَنِيسَةِ شَعْبِهِ، وَلْيُبَارِكُوهُ في مَجْلِسِ الشُّيوخِ. جَعَلَ أبوَّةً مِثْلَ الْخِرَافِ. يُبْصِ…
katameros:2011,reference,,,draft,0,,,وَجَاءَ إلى بَيْتِ صَيْدَا، فَقَدَّمُوا إلَيْهِ أَعْمَى وَطَلَبُوا إلَيْهِ أنْ يَلْمِسَهُ، فَأخَذَ بِيَدِ الأَعْمَى وَأ…
katameros:2012,reference,,,draft,0,,,فَإذْ لَنَا رَئِيسُ كَهَنَةٍ عَظِيمٌ قَدِ اجْتَازَ السَّمَوَاتِ، يَسُوعُ ابْنُ اللَّهِ، فَلْنَتَمَسَّكْ بِالإقْرَارِ. ل…
katameros:2013,reference,,,draft,0,,,بُطْرُسُ، رَسُولُ يَسُوعَ الْمَسِيحِ، إلى الْمُخْتَارِينَ الْمُتَغَرِّبِينَ في شَتَاتِ بُنْتُسَ وَغَلاَطِيَّةَ وَكَبَّا…
katameros:2014,reference,,,draft,0,,,وَفي ذَلِكَ الوَقْتِ رَفَعَ هِيرُودِسُ يَدَهُ عَلَى قَومٍ مِنَ الكَنْيسَةِ لِيُسِيئَ إليهم، فَقَتَلَ يَعْقُوبَ أخَا يُو…
katameros:2015,reference,,,draft,0,,,"أَقْسَمَ الرَّبُّ وَلَنْ يَنْدَمَ: "" إِنَّكَ أَنْتَ هُوَ الْكَاهِنُ إلى الأَبدِ عَلَى طَقْسِ مَلْشِيصَادَقَ "". الرَّبُّ…"
katameros:2016,reference,,,draft,0,,,"وَلَمَّا جَاءَ يَسُوعُ إلى نَوَاحِي قَيْصَرِيَّةِ فِيلُبُّسَ سَألَ تَلاَمِيذَهُ قَائِلاً: "" مَاذا يَقُولُ النَّاسُ في ا…"
katameros:2017,reference,,,draft,0,,,وَليَفْرَحْ جَمِيعُ الْمُتَّكِلِينَ عَلَيْكَ، إلَى الأَبدِ يُسَرُّونَ. لأنكَ أنْتَ بَارَكْتَ الصِّدِّيقَ يَارَبُّ. مِثْ…
katameros:2018,reference,,,draft,0,,,لَيْسَ تِلْمِيذٌ أَفْضَلَ مِنْ مُعَلِّمِهِ، وَلا عَبْدٌ أَفْضَلَ مِنْ سَيِّدِهِ. يَكْفِي التِّلْمِيذَ أنْ يَصِيرَ كَمُع…
katameros:2019,reference,,,draft,0,,,كَثِيرَةٌ هيَ أَحْزَانُ الصِّدِّيقِينَ، وَمِنْ جَمِيعِهَا يُنَجِّيهِمِ الرَّبُّ. يَحْفَظُ الرَّبُّ جَمِيعَ عِظَامِهِمْ.…
katameros:202,reference,,,draft,0,,,"وَكَانَ الكَتَبَةُ الَّذِينَ أَتَوْا مِنْ أُورُشَلِيمَ يَقُولُونَ: "" إنَّ مَعَهُ بَعْلَزَبُولَ! وَإنَّهُ بِرَئِيسِ الشَ…"
katameros:2020,reference,,,draft,0,,,وَكَانَ قَوْمٌ يُونَانِيُّونَ مِنَ الَّذِينَ صَعِدُوا لِيَسْجُدُوا في الْعِيدِ. فَتَقَدَّمَ هؤُلاءِ إلى فِيلُبُّسَ الَّ…
katameros:2021,reference,,,draft,0,,,أَقُولُ أيْضاً: لِئَلاَّ يَظُنَّ أَحَدٌ إنِّي غَبِيٌّ. وَإلاَّ فاقْبَلُوني وَلَوْ كَغَبِيٍّ، لأَفْتَخِرَ أنَا أيْضاً قَ…
katameros:2022,reference,,,draft,0,,,وَهَذِهِ هِيَ الْكَلِمَةُ الَّتي بُشِّرْتُمْ بِهَا. فَاطْرَحُوا عَنْكُمْ إذاً كُلَّ شَرٍّ وَكُلَّ غِشٍّ وَكُلَّ رِيَاءٍ…
katameros:2023,reference,,,draft,0,,,وَفى تِلْكَ الأيامِ إذْ تَكَاثَرَ التَّلامِيذُ، حَدَثَ تَذَمُّرٌ مِنَ الْيُونَانِيِّينَ عَلَى الْعِبْرَانِيِّينَ بِأنَّ…
katameros:2024,reference,,,draft,0,,,أَدْرَكْتَهُ بِبَرَكَاتِ صَلاحِكَ. وَوَضَعْتَ عَلَى رَأْسِهِ إكْلِيلاً مِنْ حَجَرٍ كَرِيمٍ. مَجْدُهُ عَظِيمٌ بِخَلاَصِك…
katameros:2025,reference,,,draft,0,,,وَبَعَدَ ذلِكَ عَيَّنَ الرَّبُّ سَبْعِينَ آخَرِينَ، وَأَرْسَلَهُمُ اثْنَيْنِ اثْنَيْنِ أمَامَ وَجْهِهِ إلى كُلِّ مَدِين…
katameros:2026,reference,,,draft,0,,,السَّمَوَاتُ تُذِيعُ مَجْدَ اللَّهِ، الْفَلَكُ يُخْبِرُ بِعَمَلِ يَدَيْهِ. في كُلِّ الأَرْضِ خَرَجَ مَنْطِقُهُمْ. وَإلى…
katameros:2027,reference,,,draft,0,,,إنْ ثَبَتُّمْ فيَّ وَثَبَتَ كَلاَمِي فِيكُمْ، تَطْلُبُوا مَا تُرِيدُونَ فَيَكُونُ لَكُمْ. بِهذَا يَتَمَجَّدُ أبِي: أنْ …
katameros:2028,reference,,,draft,0,,,فَاضَ قَلْبِي كَلِمَةً صَالِحةً. أَقُولُ أَنا أَعْمَالِي لِلْمَلِكِ. انْسَكَبَتِ النِّعْمَةُ مِنْ شَفَتَيْكَ، لِذَلِكَ …
katameros:2029,reference,,,draft,0,,,في الْبَدْءِ كَانَ الْكَلِمَةُ، وَالْكَلِمَةُ كَانَ عِنْدَ اللَّهِ، وَكَانَ الْكَلِمَةُ اللَّهَ. هذَا كَانَ في الْبَدْء…
katameros:203,reference,,,draft,0,,,بُولُسُ وَتِيمُوثَاوُسُ عَبْدَا الْمَسِيحِ يَسُوعَ، إلى جَمِيعِ القِدِّيسِينَ الَّذِينَ في الْمَسِيحِ يَسُوعَ، السَّاكِ…
katameros:2030,reference,,,draft,0,,,لأنَّ غَايَةَ النَّامُوسِ هيَ: الْمَسِيحُ لِلْبِرِّ لِكُلِّ مَنْ يُؤْمِنُ؛ لأنَّ مُوسَى كَتَبَ في الْبِرِّ الَّذِي مِنَ…
katameros:2031,reference,,,draft,0,,,الَّذِي كَانَ مِنَ الْبَدْءِ، الَّذِي سَمِعْنَاهُ، الَّذِي رَأيْنَاهُ بِعُيُوننَا، الَّذِي شَاهَدْنَاهُ، وَلَمَسَتْهُ أ…
katameros:2032,reference,,,draft,0,,,وَصَعِدَ بُطْرُسُ وَيُوحَنَّا إلى الْهَيْكَلِ في وَقْتِ صَلاةِ السَّاعَةِ التَّاسِعَةِ. وَكَانَ رَجُلٌ أَعْرَجُ مِنْ بَ…
katameros:2033,reference,,,draft,0,,,وَأنا لَقَدْ أَكْرَمَ عَليَّ جِدّاً، أَصْفِياؤُكَ يَا اللَّهُ. وَاعْتَزَّتْ جِدّاً رِئَاسَتُهُمْ. أَحْصِهِمْ فَيُكْثِرُ…
katameros:2034,reference,,,draft,0,,,"فَبَعْدَ مَا أَكَلُوا قَالَ يَسُوعُ لِسِمْعَانَ بُطْرُسَ: "" يا سِمْعَانُ بْنَ يُونا، أَتُحِبُّنِي أَكْثَرَ مِنْ هؤُلاءِ…"
katameros:2035,reference,,,draft,0,,,الرَّبُّ يُعْطِي كَلِمَةً للمُبشِّرِينَ، بِقُوَّةٍ عَظِيمَةٍ. عَجِيبٌ هُوَ اللَّهُ في قِدِّيسِيهِ. إلَهُ إسْرَائِيلَ هُ…
katameros:2036,reference,,,draft,0,,,فَانْطَلَقَ يَسُوعُ مَعَ تَلامِيذِهِ إلى عَبْرِ الْبَحْرِ، وَتَبِعَهُ جَمْعٌ كَثِيرٌ مِنَ الْجَلِيلِ وَمِنَ الْيَهُودِي…
katameros:2037,reference,,,draft,0,,,قدِّيسُوكَ يُبَارِكُونَكَ. وَمَجْدَ مُلْكِكَ يَصِفُونَ. وَبِقُوَّتِكَ يَنْطقُونَ. لِيُظْهِرُوا لِبَنِي البَشَرِ قُدْرَت…
katameros:2038,reference,,,draft,0,,,وَفي تِلْكَ الأيامِ خَرَجَ إلى الْجَبَلِ لِيُصَلِّيَ. وَكَانَ سَاهِراً في الصَّلاَةِ لِلَّهِ.  وَلَمَّا كَانَ النَّهَار…
katameros:2039,reference,,,draft,0,,,لأنَّ غَايَةَ النَّامُوسِ هيَ: الْمَسِيحُ لِلْبِرِّ لِكُلِّ مَنْ يُؤْمِنُ؛ لأنَّ مُوسَى كَتَبَ في الْبِرِّ الَّذِي مِنَ…
katameros:204,reference,,,draft,0,,,يَا أَحِبَّائِي، لَسْتُ أَكْتُبُ إلَيْكُمْ وَصِيَّةً جَدِيدَةً، بَلْ وَصِيَّةً قَدِيمَةً الَّتي كَانَتْ عِنْدَكُمْ مِنَ…
katameros:2040,reference,,,draft,0,,,لِذلِكَ سَوْفَ أُذَكِّرُكُمْ في كُلِّ حِينٍ بِهذِهِ الأُمُورِ، وَلَوْ إنَّكُمْ عَالِمُونَ وَثَابِتُونَ في الْحَقِّ الْح…
katameros:2041,reference,,,draft,0,,,وَصَعِدَ بُطْرُسُ وَيُوحَنَّا إلى الْهَيْكَلِ في وَقْتِ صَلاةِ السَّاعَةِ التَّاسِعَةِ. وَكَانَ رَجُلٌ أَعْرَجُ مِنْ بَ…
katameros:2042,reference,,,draft,0,,,السَّمَوَاتُ تُذِيعُ مَجْدَ اللَّهِ، الْفَلَكُ يُخْبِرُ بِعَمَلِ يَدَيْهِ. في كُلِّ الأَرْضِ خَرَجَ مَنْطِقُهُمْ. وَإلى…
katameros:2043,reference,,,draft,0,,,ثُمَّ دَعَا تَلاَمِيذَهُ الاثْنَيْ عَشَرَ وَأَعْطَاهُمْ سُلْطَاناً عَلَى أَرْوَاحٍ نَجِسَةٍ حَتَّى يُخْرِجُوهَا وَيَشْف…
katameros:2044,reference,,,draft,0,,,قَدْ ارْتَسَمَ عَلَيْنَا نُورُ وَجْهِكَ يَارَبُّ. أَعْطيتَ سُرُوراً لِقَلْبِي؛ لأنكَ أنْتَ وَحْدَكَ يَارَبُّ، أَسْكَنْت…
katameros:2045,reference,,,draft,0,,,"حِينَئِذٍ قَالَ يَسُوعُ لِتَلامِيذِهِ: "" مَنْ أَرَادَ أنْ يَتْبَعْنِي فَلْيُنْكِرْ نَفْسَهُ وَيَحْمِلْ صَلِيبَهُ وَيَتْ…"
katameros:2046,reference,,,draft,0,,,يَفْتَخِرُ بِكَ كُلُّ الَّذِينَ يُحِبُّونَ اسْمَكَ؛ لأَنكَ أَنْتَ يَارَبُّ بَارَكْتَ الصِّدِّيقَ. مِثْلَ سِلاَحِ الْمَس…
katameros:2047,reference,,,draft,0,,,لا تَظُنُّوا أني جِئْتُ لأُلْقِيَ سَلاَماً عَلَى الأَرْضِ، مَا جِئْتُ لأُلْقِيَ سَلاماً بَلْ سَيْفاً. فَإنِّي أَتَيْتُ …
katameros:2048,reference,,,draft,0,,,لأني أَظُنُّ أنَّ آلامَ هذَا الزَّمَانِ الْحَاضِرِ لا تُقَاسُ بِالْمَجْدِ الْعَتِيدِ أنْ يُسْتَعْلَنَ فِينَا. لأنَّ انْ…
katameros:2049,reference,,,draft,0,,,وَالنِّهَايَةُ، كُونُوا جَمِيعَاً بِرَأيٍ وَاحِدٍ، وَكُونُوا مُشْتَرِكِينَ في الآلامِ. وَكُونُوا مُحِبِّينَ الإخْوَةَ، …
katameros:205,reference,,,draft,0,,,"وَكَانَ اللَّهُ يَصْنَعُ عَلَى يَدَيْ بُولُسَ قُوَّاتٍ كَثِيرَةً، حَتَّى إِنَّهُمْ كَانُوا يَأخُذُونَ 
مَنادِيلَ وَخِرَ…"
katameros:2050,reference,,,draft,0,,,وَحَدَثَ في ذَلِكَ الْوَقْتِ اضطرَابٌ لَيْسَ بِقَلِيلٍ بِسَبَبِ الطَّرِيقِ؛ لأنَّ وَاحداً اسْمُهُ دِيمِتْرِيُوس، صَائِغ…
katameros:2051,reference,,,draft,0,,,عَجِيبٌ هُوَ اللَّهُ في قِدِّيسِيهِ. إلَهُ إسْرَائِيلَ هُوَ يُعْطِي قُوَّةً وَعِزَّاً لِشَعْبِهِ. وَالصِّدِّيقُونَ يَفْ…
katameros:2052,reference,,,draft,0,,,وَلكِنْ أَقُولُ لَكُمْ يَا أَصْدِقَائِي: لا تَخَافُوا مِنَ الَّذِينَ يَقْتُلُونَ جَسَدَكُمْ، وَبَعْدَ ذلِكَ لَيْسَ لَهُ…
katameros:2053,reference,,,draft,0,,,رَفَعْتُ مُخْتَاراً مِنْ شَعْبِي. وَجَدْتُ دَاوُدَ عَبْدِي، مَسَحْتُهُ بِدُهْنٍ مُقَدَّسٍ، لأنَّ يَدِي تُعَضِّدُهُ.   ه…
katameros:2054,reference,,,draft,0,,,لا تَظُنُّوا أني جِئْتُ لأُلْقِيَ سَلاَماً عَلَى الأَرْضِ، مَا جِئْتُ لأُلْقِيَ سَلاماً بَلْ سَيْفاً. فَإنِّي أَتَيْتُ …
katameros:2055,reference,,,draft,0,,,كَهَنَتُكَ يَلْبَسُونَ الْبِرَّ، وقِدِّيسُوكَ يَبْتَهِجُونَ مِنْ أَجْلِ دَاوُدَ عَبْدِكَ. هَيَّأْتُ سِرَاجاً لِمَسِيحِي…
katameros:2056,reference,,,draft,0,,,وَنَزَلَ مَعَهُمْ وَوَقَفَ في مَوْضِعٍ خَلاءٍ، مَعَ جَمْعٍ مِنْ تَلامِيذِهِ، وَجُمْهورٍ كَثِيرٍ مِنَ الشَّعْبِ، مِنْ جَ…
katameros:2057,reference,,,draft,0,,,فَإنَّهُ يَصِيرُ إبْطَالُ الْوَصِيَّةِ الأُولَى مِنْ أَجْلِ ضَعْفِهَا وَعَدَمِ نَفْعِهَا، إذِ النَّامُوسُ لَمْ يُكَمِّل…
katameros:2058,reference,,,draft,0,,,مِنَ الشَّيْخِ، إلى غَايُوسَ الْحَبِيبِ الَّذِي أنا أُحِبُّهُ بِالْحَقِّ. أيهَا الْحَبِيبُ، في كُلِّ شَيْءٍ أَرُومُ أَن…
katameros:2059,reference,,,draft,0,,,"مِنْ بَعْدِ أيامٍ قَالَ بُولُسُ لِبَرْنَابَا: "" لِنَرْجِعْ وَنَتَفَقَّدِ الإخْوَةَ في كُلِّ مَدِينَةٍ بَشَّرْنَا فِيهَا…"
katameros:206,reference,,,draft,0,,,لأنكَ لا تَتْرُكَ نَفْسِي في الجَحِيمِ. وَلا تَدَعَ قُدُّوسَكَ يَرَى فَسَاداً. قَدْ عَرَّفْتَنِي طُرُقَ الْحَيَاةِ. تَم…
katameros:2060,reference,,,draft,0,,,مُوسَى وَهَارُونُ في كَهَنَتِهِ، وَصَمُوئيلُ في الَّذِينَ يَدْعُونَ بِاسْمِهِ. كَانُوا يَدْعُونَ الرَّبَّ وَهُوَ كَانَ …
katameros:2061,reference,,,draft,0,,,""" الْحَقَّ الْحَقَّ أَقُولُ لَكُمْ: إنَّكُمْ سَتَبْكُونَ وَتَنُوحُونَ وَالْعَالَمُ يَفْرَحُ. أَنْتُمْ سَتَحْزَنُونَ، وَ…"
katameros:2062,reference,,,draft,0,,,الَّذِي يُعَلِّمُ يَدَيَّ الْقِتَالَ، وَجَعَلَ سَاعِدَيَّ أقْوَاسَاً مِنْ نُحَاسٍ. وَمَنْطَقْتَنِي قُوَّةً في الْحَرْبِ…
katameros:2063,reference,,,draft,0,,,هَا أَنَا أُرْسِلُكُمْ كَخِرَافٍ في وَسَطِ ذِئَابٍ فَكُونُوا حُكَمَاءَ كَالْحَيَّاتِ وَبُسَطَاءَ كَالْحَمَامِ. وَاحْذَر…
katameros:2064,reference,,,draft,0,,,تَقَلَّدْ سَيْفَكَ عَلَى فَخْذِكَ أيهَا الْقَويُّ. بِحُسْنِكَ وَجَمَالِكَ اسْتَلَّهُ وَانْجَحْ وَامْلِكْ. كُرْسِيُّكَ ي…
katameros:2065,reference,,,draft,0,,,وَلَمَّا صَارَ الْغَدُ مَضَى يَسُوعُ إلى مَدِينَةٍ تُدْعَى نَايِينَ، وَذَهَبَ مَعَهُ تَلاَمِيذُهُ وَجَمْعٌ كَثِيرٌ. فَل…
katameros:2066,reference,,,draft,0,,,فَاشْتَرِكْ أَنْتَ في احْتِمَالِ الآلامِ كَجُنْدِيٍّ صَالِحٍ لِلْمَسِيحِ يَسُوعَ. لأنهُ لَيْسَ أَحَدٌ وَهُوَ يَتَجَنَّد…
katameros:2067,reference,,,draft,0,,,وَالنِّهَايَةُ، كُونُوا جَمِيعَاً بِرَأيٍ وَاحِدٍ، وَكُونُوا مُشْتَرِكِينَ في الآلامِ. وَكُونُوا مُحِبِّينَ الإخْوَةَ، …
katameros:2068,reference,,,draft,0,,,فَتَشاورَ الْجُنْدُ كَيْ يَقْتُلُوا الأَسْرَى لِئَلاَّ يَسْبَحَ أَحَدٌ مِنْهُمْ فَيَهْرُبَ. وَلكِنَّ قَائِدَ الْمِئَةِ،…
katameros:2069,reference,,,draft,0,,,وَعَلَى الأَفْعَى وَمَلِكِ الْحَيَّاتِ تَطَأُ. وَتَسْحَقُ الأَسَدَ وَالتنِّينَ. لأنهُ يُوصِي مَلاَئِكَتَهُ مِنْ أَجْلِك…
katameros:207,reference,,,draft,0,,,"الْحَقَّ أَقُولُ لَكُمْ: إنَّ كُلَّ شَيْءٍ يُغْفَرُ لِبَنِي البَشَرِ، الْخَطَايَا وَجَمِيعُ التَّجَادِيفِ 
الَّتي يُجَد…"
katameros:2070,reference,,,draft,0,,,"وَفي تِلْكَ السَّاعَةِ تَهَلَّلَ يَسُوعُ بِالرُّوحِ الْقُدُسِ وَقَالَ: "" أَشْكُرُكَ أيهَا الآبُ، رَبُّ السَّمَاءِ وَالأ…"
katameros:2071,reference,,,draft,0,,,يَفْرَحُ الصِّدِّيقُ بِالرَّبِّ، وَيَتَّكِلُ عَلَيْهِ، وَيَفْتَخِرُ كُلُّ المُسْتَقِيمِينَ بِقَلْبِهِمْ. هللويا.
katameros:2072,reference,,,draft,0,,,"وَكَانَ يَقُولُ لَهُمْ: "" هَلْ يُوقَدُ سِرَاجٌ لِيُوْضَعَ تَحْتَ الْمِكْيَالِ أوْ تَحْتَ السَّرِيرِ؟ ألَيْسَ لِكَيْ يُو…"
katameros:2073,reference,,,draft,0,,,"وَأمَّا أنَا فَمِسْكِينٌ وَفَقِيرٌ، اللَّهُمَّ أَعِنِّي. أنْتَ مُعِينِي وَمُخَلِّصِي يَارَبُّ، 
فَلا تُبْطِئْ.   هللويا."
katameros:2074,reference,,,draft,0,,,"وَكَانَ الكَتَبَةُ الَّذِينَ أَتَوْا مِنْ أُورُشَلِيمَ يَقُولُونَ: "" إنَّ مَعَهُ بَعْلَزَبُولَ! وَإنَّهُ بِرَئِيسِ الشَ…"
katameros:2075,reference,,,draft,0,,,بُولُسُ وَتِيمُوثَاوُسُ عَبْدَا الْمَسِيحِ يَسُوعَ، إلى جَمِيعِ القِدِّيسِينَ الَّذِينَ في الْمَسِيحِ يَسُوعَ، السَّاكِ…
katameros:2076,reference,,,draft,0,,,يَا أَحِبَّائِي، لَسْتُ أَكْتُبُ إلَيْكُمْ وَصِيَّةً جَدِيدَةً، بَلْ وَصِيَّةً قَدِيمَةً الَّتي كَانَتْ عِنْدَكُمْ مِنَ…
katameros:2077,reference,,,draft,0,,,"وَكَانَ اللَّهُ يَصْنَعُ عَلَى يَدَيْ بُولُسَ قُوَّاتٍ كَثِيرَةً، حَتَّى إِنَّهُمْ كَانُوا يَأخُذُونَ 
مَنادِيلَ وَخِرَ…"
katameros:2078,reference,,,draft,0,,,لأنكَ لا تَتْرُكَ نَفْسِي في الجَحِيمِ. وَلا تَدَعَ قُدُّوسَكَ يَرَى فَسَاداً. قَدْ عَرَّفْتَنِي طُرُقَ الْحَيَاةِ. تَم…
katameros:2079,reference,,,draft,0,,,"الْحَقَّ أَقُولُ لَكُمْ: إنَّ كُلَّ شَيْءٍ يُغْفَرُ لِبَنِي البَشَرِ، الْخَطَايَا وَجَمِيعُ التَّجَادِيفِ 
الَّتي يُجَد…"
katameros:208,reference,,,draft,0,,,وَليَفْرَحْ جَمِيعُ الْمُتَّكِلِينَ عَلَيْكَ، إلَى الأَبدِ يُسَرُّونَ. لأنكَ أنْتَ بَارَكْتَ الصِّدِّيقَ يَارَبُّ. مِثْ…
katameros:2080,reference,,,draft,0,,,أَجْعَلُ ذُرِّيَتَهُ إلى دَهْرِ الدَّهرِ، وعَرْشَهُ مِثْلَ أيامِ السَّمَاءِ. نسْلُهُ إلى الدَّهْرِ يَدُومُ، وعَرْشُهُ م…
katameros:2081,reference,,,draft,0,,,"وَإذْ كَانَ يُصَلِّي وَحْدَهُ عَلَى انْفِرَادٍ كَانَ التَّلامِيذُ مَعَهُ. فَسَأَلَهُمْ قَائِلاً: "" مَنْ يَقُولُ النَّاس…"
katameros:2082,reference,,,draft,0,,,فَلْيَرْفَعُوهُ في كَنِيسَةِ شَعْبِهِ، وَلْيُبَارِكُوهُ في مَجْلِسِ الشُّيوخِ. جَعَلَ أبوَّةً مِثْلَ الْخِرَافِ. يُبْصِ…
katameros:2083,reference,,,draft,0,,,وَجَاءَ إلى بَيْتِ صَيْدَا، فَقَدَّمُوا إلَيْهِ أَعْمَى وَطَلَبُوا إلَيْهِ أنْ يَلْمِسَهُ، فَأخَذَ بِيَدِ الأَعْمَى وَأ…
katameros:2084,reference,,,draft,0,,,فَإذْ لَنَا رَئِيسُ كَهَنَةٍ عَظِيمٌ قَدِ اجْتَازَ السَّمَوَاتِ، يَسُوعُ ابْنُ اللَّهِ، فَلْنَتَمَسَّكْ بِالإقْرَارِ. ل…
katameros:2085,reference,,,draft,0,,,بُطْرُسُ، رَسُولُ يَسُوعَ الْمَسِيحِ، إلى الْمُخْتَارِينَ الْمُتَغَرِّبِينَ في شَتَاتِ بُنْتُسَ وَغَلاَطِيَّةَ وَكَبَّا…
katameros:2086,reference,,,draft,0,,,وَفي ذَلِكَ الوَقْتِ رَفَعَ هِيرُودِسُ يَدَهُ عَلَى قَومٍ مِنَ الكَنْيسَةِ لِيُسِيئَ إليهم، فَقَتَلَ يَعْقُوبَ أخَا يُو…
katameros:2087,reference,,,draft,0,,,"أَقْسَمَ الرَّبُّ وَلَنْ يَنْدَمَ: "" إِنَّكَ أَنْتَ هُوَ الْكَاهِنُ إلى الأَبدِ عَلَى طَقْسِ مَلْشِيصَادَقَ "". الرَّبُّ…"
katameros:2088,reference,,,draft,0,,,"وَلَمَّا جَاءَ يَسُوعُ إلى نَوَاحِي قَيْصَرِيَّةِ فِيلُبُّسَ سَألَ تَلاَمِيذَهُ قَائِلاً: "" مَاذا يَقُولُ النَّاسُ في ا…"
katameros:2089,reference,,,draft,0,,,الصِّدِّيقُونَ صَرَخُوا وَالرَّبُّ اسْتَجَابَ لَهُمْ، وَمِنْ جَمِيعِ شَدَائِدِهِمْ نَجَّاهُمْ. قَرِيبٌ هُوَ الرَّبُّ مِ…
katameros:209,reference,,,draft,0,,,لَيْسَ تِلْمِيذٌ أَفْضَلَ مِنْ مُعَلِّمِهِ، وَلا عَبْدٌ أَفْضَلَ مِنْ سَيِّدِهِ. يَكْفِي التِّلْمِيذَ أنْ يَصِيرَ كَمُع…
katameros:2090,reference,,,draft,0,,,هَا أَنَا أُرْسِلُكُمْ كَخِرَافٍ في وَسَطِ ذِئَابٍ فَكُونُوا حُكَمَاءَ كَالْحَيَّاتِ وَبُسَطَاءَ كَالْحَمَامِ. وَاحْذَر…
katameros:2091,reference,,,draft,0,,,كَثِيرَةٌ هيَ أَحْزَانُ الصِّدِّيقِينَ، وَمِنْ جَمِيعِهَا يُنَجِّيهِمِ الرَّبُّ. يَحْفَظُ الرَّبُّ جَمِيعَ عِظَامِهِمْ.…
katameros:2092,reference,,,draft,0,,,"وَدَعَا الْجَمْعَ وَتَلامِيذَهُ وَقَالَ لَهُمْ: "" مَنْ أرَادَ أنْ يَأتِيَ وَرَائِي فَلْيُنْكِرْ نَفْسَهُ وَيَحْمِلْ صَل…"
katameros:2093,reference,,,draft,0,,,وَنَحْنُ نَعْلَمُ أنَّ الَّذِينَ يُحِبُّونَ اللَّهَ، وهُمُ الَّذِينَ دَعَاهُمْ حَسَبَ قَصْدِهِ السَّابِقِ، يَجْعَلُ كُل…
katameros:2094,reference,,,draft,0,,,فَإذْ قَدْ تَألَّمَ الْمَسِيحُ بِالْجَسَدِ عَنَّا، تَسَلَّحُوا أَنْتُمْ أيْضاً بِهذَا الْمِثَالِ. فَإنَّ مَنْ تَألَّمَ …
katameros:2095,reference,,,draft,0,,,وَحَدَثَ بَيْنَمَا كُنَّا ذَاهِبِينَ لِلصَّلاةِ، أنَّ جَارِيَةً بِهَا رُوحُ عِرَافَةٍ قَدْ خَرَجَتْ لاسْتَقْبَالِنَا. و…
katameros:2096,reference,,,draft,0,,,نُورٌ أَشْرَقَ لِلصِّدِّيقِينَ، وَفَرَحٌ لِلْمُسْتَقِيمِينَ بِقَلْبِهِمْ. افْرَحُوا أيهَا الصِّدِّيقُونَ بِالرَّبِّ، وَ…
katameros:2097,reference,,,draft,0,,,وَقَبْلَ هَذَا كُلِّهِ يُلْقُونَ أَيْدِيَهُمْ عَلَيْكُمْ وَيَطْرُدُونَكُمْ، وَيُسَلِّمُونَكُمْ إلى مَجَامِعَ وَسُجُونٍ،…
katameros:2098,reference,,,draft,0,,,الَّذِي يُعَلِّمُ يَدَيَّ الْقِتَالَ، وَجَعَلَ سَاعِدَيَّ أقْوَاسَاً مِنْ نُحَاسٍ. وَمَنْطَقْتَنِي قُوَّةً في الْحَرْبِ…
katameros:2099,reference,,,draft,0,,,هَا أَنَا أُرْسِلُكُمْ كَخِرَافٍ في وَسَطِ ذِئَابٍ فَكُونُوا حُكَمَاءَ كَالْحَيَّاتِ وَبُسَطَاءَ كَالْحَمَامِ. وَاحْذَر…
katameros:21,reference,,,draft,0,,,أَمْسَكْتَ بِيَدِي الْيُمْنَى. وَبِمَشُورَتكَ هَدَيْتَنِي وَبِالْمَجْدِ قَبِلْتَنِي. وَأنا خَيْرٌ لِي الالْتِصَاقُ بِال…
katameros:210,reference,,,draft,0,,,كَثِيرَةٌ هيَ أَحْزَانُ الصِّدِّيقِينَ، وَمِنْ جَمِيعِهَا يُنَجِّيهِمِ الرَّبُّ. يَحْفَظُ الرَّبُّ جَمِيعَ عِظَامِهِمْ.…
katameros:2100,reference,,,draft,0,,,تَقَلَّدْ سَيْفَكَ عَلَى فَخْذِكَ أيهَا الْقَويُّ. بِحُسْنِكَ وَجَمَالِكَ اسْتَلَّهُ وَانْجَحْ وَامْلِكْ. كُرْسِيُّكَ ي…
katameros:2101,reference,,,draft,0,,,وَلَمَّا صَارَ الْغَدُ مَضَى يَسُوعُ إلى مَدِينَةٍ تُدْعَى نَايِينَ، وَذَهَبَ مَعَهُ تَلاَمِيذُهُ وَجَمْعٌ كَثِيرٌ. فَل…
katameros:2102,reference,,,draft,0,,,فَاشْتَرِكْ أَنْتَ في احْتِمَالِ الآلامِ كَجُنْدِيٍّ صَالِحٍ لِلْمَسِيحِ يَسُوعَ. لأنهُ لَيْسَ أَحَدٌ وَهُوَ يَتَجَنَّد…
katameros:2103,reference,,,draft,0,,,وَالنِّهَايَةُ، كُونُوا جَمِيعَاً بِرَأيٍ وَاحِدٍ، وَكُونُوا مُشْتَرِكِينَ في الآلامِ. وَكُونُوا مُحِبِّينَ الإخْوَةَ، …
katameros:2104,reference,,,draft,0,,,فَتَشاورَ الْجُنْدُ كَيْ يَقْتُلُوا الأَسْرَى لِئَلاَّ يَسْبَحَ أَحَدٌ مِنْهُمْ فَيَهْرُبَ. وَلكِنَّ قَائِدَ الْمِئَةِ،…
katameros:2105,reference,,,draft,0,,,وَعَلَى الأَفْعَى وَمَلِكِ الْحَيَّاتِ تَطَأُ. وَتَسْحَقُ الأَسَدَ وَالتنِّينَ. لأنهُ يُوصِي مَلاَئِكَتَهُ مِنْ أَجْلِك…
katameros:2106,reference,,,draft,0,,,"وَفي تِلْكَ السَّاعَةِ تَهَلَّلَ يَسُوعُ بِالرُّوحِ الْقُدُسِ وَقَالَ: "" أَشْكُرُكَ أيهَا الآبُ، رَبُّ السَّمَاءِ وَالأ…"
katameros:2107,reference,,,draft,0,,,تُبَادِرُ الرُّؤَسَاءُ إلى كُلِّ الْمُرَتِّلِيْنَ، في وَسَطِ صَبَايَا ضَارِبَاتٍ بِالدُّفُوفِ. بَارِكُوا اللَّهَ في الْ…
katameros:2108,reference,,,draft,0,,,وَفِيمَا كَانَ يَسُوعُ في بَيْتِ عَنْيَا في بَيْتِ سِمْعَانَ الأَبْرَصِ، جَاءَتْ إلَيْهِ امْرَأةٌ مَعَهَا قَارُورَةُ طِ…
katameros:2109,reference,,,draft,0,,,مِنْ أَفْوَاهِ الأَطْفَالِ وَالرُّضعَانِ هَيَّأتَ سُبْحَاً؛ لأني أَرَى السَّمَوَاتِ أَعْمَالَ أصَابِعِكَ، الْقَمَرَ وَا…
katameros:211,reference,,,draft,0,,,وَكَانَ قَوْمٌ يُونَانِيُّونَ مِنَ الَّذِينَ صَعِدُوا لِيَسْجُدُوا في الْعِيدِ. فَتَقَدَّمَ هؤُلاءِ إلى فِيلُبُّسَ الَّ…
katameros:2110,reference,,,draft,0,,,"قَالَتْ لَهُ الْمَرْأَةُ: "" يَا سَيِّدي أَعْطِنِي هذَا الْمَاءَ؛ لِكَيْ لا أَعْطَشَ وَلا آتِيَ إلى هُنَا لأَسْتَقِيَ "".…"
katameros:2111,reference,,,draft,0,,,سِيرُوا إذاً كَأَوْلاَدِ النُّورِ؛ لأنَّ ثَمَرَ النُّورِ هُوَ في كُلِّ صَلاَحٍ وَبِرٍّ وَحَقٍّ. مُخْتَبِرِينَ مَا هُوَ …
katameros:2112,reference,,,draft,0,,,لأنهُ هَكَذَا كَانَتْ قَدِيماً النِّسَاءُ الْقِدِّيسَاتُ الْمُتَوَكِّلاَتُ أيْضاً عَلَى اللَّهِ، يُزَيِّنَّ أَنْفُسَهُن…
katameros:2113,reference,,,draft,0,,,وَلكِنْ حَدَثَ لَمَّا اسْتَكْمَلْنَا الأيامَ خَرَجْنَا وَمَشَيْنَا، وَهُمْ يُشَيِّعُونَنَا، مَعَ نِسَاءٍ أيْضاً وَأَوْل…
katameros:2114,reference,,,draft,0,,,يُدْخِلْنَ للْمَلِكِ عَذَارَى في إثْرِهَا. جَمِيعُ صَاحِبَاتِهَا لَهُ يُقَدَّمْنَ. يُدْخِلْنَهُنَّ بِفَرَحٍ وَابْتِهَاج…
katameros:2115,reference,,,draft,0,,,حِينَئِذٍ يُشْبِهُ مَلَكُوتُ السَّمَوَاتِ عَشْرَ عَذَارَى، أَخَذْنَ مَصَابِيحَهُنَّ وَخَرَجْنَ لِلِقَاءِ الْعَرِيسِ. وَ…
katameros:2116,reference,,,draft,0,,,الَّذِي يُعَلِّمُ يَدَيَّ الْقِتَالَ، وَجَعَلَ سَاعِدَيَّ أقْوَاسَاً مِنْ نُحَاسٍ. وَمَنْطَقْتَنِي قُوَّةً في الْحَرْبِ…
katameros:2117,reference,,,draft,0,,,هَا أَنَا أُرْسِلُكُمْ كَخِرَافٍ في وَسَطِ ذِئَابٍ فَكُونُوا حُكَمَاءَ كَالْحَيَّاتِ وَبُسَطَاءَ كَالْحَمَامِ. وَاحْذَر…
katameros:2118,reference,,,draft,0,,,تَقَلَّدْ سَيْفَكَ عَلَى فَخْذِكَ أيهَا الْقَويُّ. بِحُسْنِكَ وَجَمَالِكَ اسْتَلَّهُ وَانْجَحْ وَامْلِكْ. كُرْسِيُّكَ ي…
katameros:2119,reference,,,draft,0,,,وَلَمَّا صَارَ الْغَدُ مَضَى يَسُوعُ إلى مَدِينَةٍ تُدْعَى نَايِينَ، وَذَهَبَ مَعَهُ تَلاَمِيذُهُ وَجَمْعٌ كَثِيرٌ. فَل…
katameros:212,reference,,,draft,0,,,أَقُولُ أيْضاً: لِئَلاَّ يَظُنَّ أَحَدٌ إنِّي غَبِيٌّ. وَإلاَّ فاقْبَلُوني وَلَوْ كَغَبِيٍّ، لأَفْتَخِرَ أنَا أيْضاً قَ…
katameros:2120,reference,,,draft,0,,,فَاشْتَرِكْ أَنْتَ في احْتِمَالِ الآلامِ كَجُنْدِيٍّ صَالِحٍ لِلْمَسِيحِ يَسُوعَ. لأنهُ لَيْسَ أَحَدٌ وَهُوَ يَتَجَنَّد…
katameros:2121,reference,,,draft,0,,,وَالنِّهَايَةُ، كُونُوا جَمِيعَاً بِرَأيٍ وَاحِدٍ، وَكُونُوا مُشْتَرِكِينَ في الآلامِ. وَكُونُوا مُحِبِّينَ الإخْوَةَ، …
katameros:2122,reference,,,draft,0,,,فَتَشاورَ الْجُنْدُ كَيْ يَقْتُلُوا الأَسْرَى لِئَلاَّ يَسْبَحَ أَحَدٌ مِنْهُمْ فَيَهْرُبَ. وَلكِنَّ قَائِدَ الْمِئَةِ،…
katameros:2123,reference,,,draft,0,,,وَعَلَى الأَفْعَى وَمَلِكِ الْحَيَّاتِ تَطَأُ. وَتَسْحَقُ الأَسَدَ وَالتنِّينَ. لأنهُ يُوصِي مَلاَئِكَتَهُ مِنْ أَجْلِك…
katameros:2124,reference,,,draft,0,,,"وَفي تِلْكَ السَّاعَةِ تَهَلَّلَ يَسُوعُ بِالرُّوحِ الْقُدُسِ وَقَالَ: "" أَشْكُرُكَ أيهَا الآبُ، رَبُّ السَّمَاءِ وَالأ…"
katameros:2125,reference,,,draft,0,,,قَدْ ارْتَسَمَ عَلَيْنَا نُورُ وَجْهِكَ يَارَبُّ. أَعْطيتَ سُرُوراً لِقَلْبِي؛ لأنكَ أنْتَ وَحْدَكَ يَارَبُّ، أَسْكَنْت…
katameros:2126,reference,,,draft,0,,,"حِينَئِذٍ قَالَ يَسُوعُ لِتَلامِيذِهِ: "" مَنْ أَرَادَ أنْ يَتْبَعْنِي فَلْيُنْكِرْ نَفْسَهُ وَيَحْمِلْ صَلِيبَهُ وَيَتْ…"
katameros:2127,reference,,,draft,0,,,يَفْتَخِرُ بِكَ كُلُّ الَّذِينَ يُحِبُّونَ اسْمَكَ؛ لأَنكَ أَنْتَ يَارَبُّ بَارَكْتَ الصِّدِّيقَ. مِثْلَ سِلاَحِ الْمَس…
katameros:2128,reference,,,draft,0,,,لا تَظُنُّوا أني جِئْتُ لأُلْقِيَ سَلاَماً عَلَى الأَرْضِ، مَا جِئْتُ لأُلْقِيَ سَلاماً بَلْ سَيْفاً. فَإنِّي أَتَيْتُ …
katameros:2129,reference,,,draft,0,,,لأني أَظُنُّ أنَّ آلامَ هذَا الزَّمَانِ الْحَاضِرِ لا تُقَاسُ بِالْمَجْدِ الْعَتِيدِ أنْ يُسْتَعْلَنَ فِينَا. لأنَّ انْ…
katameros:213,reference,,,draft,0,,,وَهَذِهِ هِيَ الْكَلِمَةُ الَّتي بُشِّرْتُمْ بِهَا. فَاطْرَحُوا عَنْكُمْ إذاً كُلَّ شَرٍّ وَكُلَّ غِشٍّ وَكُلَّ رِيَاءٍ…
katameros:2130,reference,,,draft,0,,,وَالنِّهَايَةُ، كُونُوا جَمِيعَاً بِرَأيٍ وَاحِدٍ، وَكُونُوا مُشْتَرِكِينَ في الآلامِ. وَكُونُوا مُحِبِّينَ الإخْوَةَ، …
katameros:2131,reference,,,draft,0,,,وَحَدَثَ في ذَلِكَ الْوَقْتِ اضطرَابٌ لَيْسَ بِقَلِيلٍ بِسَبَبِ الطَّرِيقِ؛ لأنَّ وَاحداً اسْمُهُ دِيمِتْرِيُوس، صَائِغ…
katameros:2132,reference,,,draft,0,,,عَجِيبٌ هُوَ اللَّهُ في قِدِّيسِيهِ. إلَهُ إسْرَائِيلَ هُوَ يُعْطِي قُوَّةً وَعِزَّاً لِشَعْبِهِ. وَالصِّدِّيقُونَ يَفْ…
katameros:2133,reference,,,draft,0,,,وَلكِنْ أَقُولُ لَكُمْ يَا أَصْدِقَائِي: لا تَخَافُوا مِنَ الَّذِينَ يَقْتُلُونَ جَسَدَكُمْ، وَبَعْدَ ذلِكَ لَيْسَ لَهُ…
katameros:2134,reference,,,draft,0,,,الَّذِي يُعَلِّمُ يَدَيَّ الْقِتَالَ، وَجَعَلَ سَاعِدَيَّ أقْوَاسَاً مِنْ نُحَاسٍ. وَمَنْطَقْتَنِي قُوَّةً في الْحَرْبِ…
katameros:2135,reference,,,draft,0,,,"وَلَمَّا دَخَلَ كَفْرَنَاحُومَ، جَاءَ إلَيْهِ قَائِدُ مِئَةٍ يَطْلُبُ إلَيْهِ قَائِلاً: "" يَا سَيِّدي، غُلاَمِي مَطْرُو…"
katameros:2136,reference,,,draft,0,,,عَجِيبٌ هُوَ اللَّهُ في قِدِّيسِيهِ. إلَهُ إسْرَائِيلَ هُوَ يُعْطِي قُوَّةً وَعِزَّاً لِشَعْبِهِ. وَالصِّدِّيقُونَ يَفْ…
katameros:2137,reference,,,draft,0,,,وَلكِنْ أَقُولُ لَكُمْ يَا أَصْدِقَائِي: لا تَخَافُوا مِنَ الَّذِينَ يَقْتُلُونَ جَسَدَكُمْ، وَبَعْدَ ذلِكَ لَيْسَ لَهُ…
katameros:2138,reference,,,draft,0,,,أنَا نَفْسِي بُولُسُ أَطْلُبُ إلَيْكُمْ بِوَدَاعَةِ الْمَسِيحِ وَحِلْمِهِ، كَمَا أني ذَلِيلٌ بَيْنَكُمْ وَأمَامَكُمْ، و…
katameros:2139,reference,,,draft,0,,,فَإذْ قَدْ تَألَّمَ الْمَسِيحُ بِالْجَسَدِ عَنَّا، تَسَلَّحُوا أَنْتُمْ أيْضاً بِهذَا الْمِثَالِ. فَإنَّ مَنْ تَألَّمَ …
katameros:214,reference,,,draft,0,,,وَفى تِلْكَ الأيامِ إذْ تَكَاثَرَ التَّلامِيذُ، حَدَثَ تَذَمُّرٌ مِنَ الْيُونَانِيِّينَ عَلَى الْعِبْرَانِيِّينَ بِأنَّ…
katameros:2140,reference,,,draft,0,,,وَرَجَعَ بَرْنَابَا وَشَاوُلُ مِنْ أُورُشَلِيمَ بَعْدَ مَا كَمَّلاَ الْخِدْمَةَ، وَأَخَذَا مَعَهُمَا يُوحَنَّا أيْضاً ا…
katameros:2141,reference,,,draft,0,,,تَقَلَّدْ سَيْفَكَ عَلَى فَخْذِكَ، أيهَا الْقَويُّ. بِحُسْنِكَ وَجَمَالِكَ، اسْتَلَّهُ وَانْجَحْ وَامْلِكْ.   هللويا.
katameros:2142,reference,,,draft,0,,,"ثُمَّ انْتَقَلَ مِنْ هُنَاكَ وَدَخَلَ مَجْمَعَهُمْ، وَإذَا إنْسَانٌ يَدُهُ يَابِسَةٌ، فَسَأَلُوهُ قَائِلِينَ: "" هَلْ يَ…"
katameros:2143,reference,,,draft,0,,,وَليَفْرَحْ جَمِيعُ الْمُتَّكِلِينَ عَلَيْكَ، إلَى الأَبدِ يُسَرُّونَ. لأنكَ أنْتَ بَارَكْتَ الصِّدِّيقَ يَارَبُّ. مِثْ…
katameros:2144,reference,,,draft,0,,,لَيْسَ تِلْمِيذٌ أَفْضَلَ مِنْ مُعَلِّمِهِ، وَلا عَبْدٌ أَفْضَلَ مِنْ سَيِّدِهِ. يَكْفِي التِّلْمِيذَ أنْ يَصِيرَ كَمُع…
katameros:2145,reference,,,draft,0,,,كَثِيرَةٌ هيَ أَحْزَانُ الصِّدِّيقِينَ، وَمِنْ جَمِيعِهَا يُنَجِّيهِمِ الرَّبُّ. يَحْفَظُ الرَّبُّ جَمِيعَ عِظَامِهِمْ.…
katameros:2146,reference,,,draft,0,,,وَكَانَ قَوْمٌ يُونَانِيُّونَ مِنَ الَّذِينَ صَعِدُوا لِيَسْجُدُوا في الْعِيدِ. فَتَقَدَّمَ هؤُلاءِ إلى فِيلُبُّسَ الَّ…
katameros:2147,reference,,,draft,0,,,أَقُولُ أيْضاً: لِئَلاَّ يَظُنَّ أَحَدٌ إنِّي غَبِيٌّ. وَإلاَّ فاقْبَلُوني وَلَوْ كَغَبِيٍّ، لأَفْتَخِرَ أنَا أيْضاً قَ…
katameros:2148,reference,,,draft,0,,,وَهَذِهِ هِيَ الْكَلِمَةُ الَّتي بُشِّرْتُمْ بِهَا. فَاطْرَحُوا عَنْكُمْ إذاً كُلَّ شَرٍّ وَكُلَّ غِشٍّ وَكُلَّ رِيَاءٍ…
katameros:2149,reference,,,draft,0,,,وَفى تِلْكَ الأيامِ إذْ تَكَاثَرَ التَّلامِيذُ، حَدَثَ تَذَمُّرٌ مِنَ الْيُونَانِيِّينَ عَلَى الْعِبْرَانِيِّينَ بِأنَّ…
katameros:215,reference,,,draft,0,,,أَدْرَكْتَهُ بِبَرَكَاتِ صَلاحِكَ. وَوَضَعْتَ عَلَى رَأْسِهِ إكْلِيلاً مِنْ حَجَرٍ كَرِيمٍ. مَجْدُهُ عَظِيمٌ بِخَلاَصِك…
katameros:2150,reference,,,draft,0,,,أَدْرَكْتَهُ بِبَرَكَاتِ صَلاحِكَ. وَوَضَعْتَ عَلَى رَأْسِهِ إكْلِيلاً مِنْ حَجَرٍ كَرِيمٍ. مَجْدُهُ عَظِيمٌ بِخَلاَصِك…
katameros:2151,reference,,,draft,0,,,وَبَعَدَ ذلِكَ عَيَّنَ الرَّبُّ سَبْعِينَ آخَرِينَ، وَأَرْسَلَهُمُ اثْنَيْنِ اثْنَيْنِ أمَامَ وَجْهِهِ إلى كُلِّ مَدِين…
katameros:2152,reference,,,draft,0,,,بَشَّرْتُ بِعَدلِكَ في جَمَاعَةٍ عَظِيمَةٍ، هُوَذَا لا أَمْنَعُ شَفَتَيَّ. أَقَامَ عَلَى الصَّخْرَةِ رِجْلَيَّ. وَسَهَّ…
katameros:2153,reference,,,draft,0,,,وَكَانَ يَطُوفُ الْقُرَى الْمُحِيطَةَ يُعَلِّمُ. وَدَعَا الاثْنَيْ عَشَرَ وَابْتَدَأَ يُرْسِلُهُمُ اثْنَيْنِ اثْنَيْنِ،…
katameros:2154,reference,,,draft,0,,,اِعْتَرِفُوا لِلرَّبِّ وَادْعُوا بِاسْمِهِ. نَادُوا في الأُمَمِ بِأَعْمَالِهِ. سَبِّحُوه وَرَتِّلُوا لَهُ. حَدِّثُوا بِ…
katameros:2155,reference,,,draft,0,,,"وَفِيمَا هُوَ خَارجٌ إلى الطَّرِيقِ، أَسْرَعَ وَاحِدٌ وَجَثَا عَلَى رُكْبَتَيْهِ وَسَأَلَهُ: "" أيهَا الْمُعَلِّمُ الصَّ…"
katameros:2156,reference,,,draft,0,,,وَأَمَّا أَنْتَ فَقَدْ اتَّبَعْتَ تَعْلِيمِي، وَمَثَالِي، وَرَسْمِي الأَوَّلَ، وَإيمَانِي، وَأَنَاتِي، وَمَحَبَّتِي، وَ…
katameros:2157,reference,,,draft,0,,,أَطْلُبُ إلى الشُّيُوخِ الَّذِينَ بَيْنَكُمْ، أنا الشَّيْخَ شَرِيكَكُمْ، وَالشَّاهِدَ لآلاَمِ الْمَسِيحِ، وَشَرِيكَ الْ…
katameros:2158,reference,,,draft,0,,,"مِنْ بَعْدِ أيامٍ قَالَ بُولُسُ لِبَرْنَابَا: "" لِنَرْجِعْ وَنَتَفَقَّدِ الإخْوَةَ في كُلِّ مَدِينَةٍ بَشَّرْنَا فِيهَا…"
katameros:2159,reference,,,draft,0,,,سَبِّحُوا الرَّبَّ تَسْبِيحاً جَدِيداً، سَبِّحِي الرَّبَّ يا كُلَّ الأرْض. سَبِّحُوا الرَّبَّ وَبَارِكُوا اسْمَهُ، بَشِ…
katameros:216,reference,,,draft,0,,,وَبَعَدَ ذلِكَ عَيَّنَ الرَّبُّ سَبْعِينَ آخَرِينَ، وَأَرْسَلَهُمُ اثْنَيْنِ اثْنَيْنِ أمَامَ وَجْهِهِ إلى كُلِّ مَدِين…
katameros:2160,reference,,,draft,0,,,"بَدْءُ إنْجِيلِ يَسُوعَ الْمَسِيحِ ابْنِ اللَّهِ، كَمَا هُوَ مَكْتُوبٌ في إشَعْيَاءَ النَّبِيِّ: "" هَأَنَذَا أُرْسِلُ م…"
katameros:2161,reference,,,draft,0,,,أَعْمَالٌ مَجِيدَةٌ قَدْ قِيلَتْ لأَجْلِكِ، يَا مَدِينةَ اللَّهِ. وَهُوَ الْعَلِيُّ الَّذِي أسَّسَهَا إلى الأَبدِ. لأنَ…
katameros:2162,reference,,,draft,0,,,وَفِيمَا هُمْ سَائِرُونَ دَخَلَ قَرْيَةً، فَقَبِلَتْهُ امْرَأَةٌ اسْمُهَا مَرْثَا في بَيْتِهَا. وَكَانَتْ لِهذِهِ أُخْت…
katameros:2163,reference,,,draft,0,,,كَمِثْلِ مَا سَمِعْنَا كَذلِكَ رَأَيْنَا، في مَدِينَةِ رَبِّ الْقُوَّاتِ في مَدِينَةِ إلَهِنَا. عَظِيمٌ هُوَ الرَّبُّ و…
katameros:2164,reference,,,draft,0,,,الإنْسَانُ الصَّالِحُ مِنْ كَنْزِهِ الصَّالِحِ يُخْرِجُ الصَّلاَحَ. والإنْسَانُ الشِّرِّيرُ مِنْ كَنْزِهِ الشِّرِّيرِ ي…
katameros:2165,reference,,,draft,0,,,فَأمَّا القُبَّةُ الأُولَى فَكَانَ فِيها وَصَايَا الْخِدْمَةِ وَقُدسٌ مُزيَّنٌ، لأنَّ القُبَّةَ الأُولَى صُنِعَتْ وَهيَ…
katameros:2166,reference,,,draft,0,,,مِنَ الشَّيخِ إلى السَّيِّدَةِ الْمُخْتَارَةِ، وَإلى أَوْلاَدِهَا الَّذِينَ أَنا أُحِبُّهُمْ بِالْحَقِّ، وَلَسْتُ أَنا …
katameros:2167,reference,,,draft,0,,,الْكَلاَمُ الأوَّلُ أَنْشَأْتُهُ يَا ثَاؤفِيلُسُ، عَنْ جَمِيعِ مَا ابْتَدَأَ يَسُوعُ يَفْعَلُهُ وَيُعَلِّمُ بِهِ، إلى ا…
katameros:2168,reference,,,draft,0,,,وَلَهُ تَسْجُدُ بَنَاتُ صُورَ بِالْهَدَايَا، وَيَتَلَقَّوْنَ وَجْهَهُ أَغْنِيَاءُ شَعْبِ الأَرْضِ. كُلُّ مَجْدِ ابْنَةِ…
katameros:2169,reference,,,draft,0,,,فَقَامَتْ مَرْيَمُ في تِلْكَ الأيامِ وَذَهَبَتْ بِسُرْعَةٍ إلى الْجَبَلِ إلى مَدِينَةِ يَهُوذَا، وَدَخَلَتْ بَيْتَ زَكَ…
katameros:217,reference,,,draft,0,,,"لَمْ يَتْرُكْ إنْسَاناً يَظْلِمُهُمْ، وَبَكَّتَ ملوكاً مِنْ أجْلِهمْ، قَائِلاً: "" لا تَمَسُّوا مُسَحَائي، وَلا تُسِيئوا…"
katameros:2170,reference,,,draft,0,,,أَقَامَ عَلَى الصَّخْرَةِ رِجْلَيَّ. وَسَهَّلَ خُطُوَاتِي. وَجَعَلَ في فَمِي تَسْبِيحَاً جَدِيدَاً، وَسُبْحَاً لإلهِنَا…
katameros:2171,reference,,,draft,0,,,لأنهُ يُوجَدُ كَثِيرُونَ سَيَقُولُونَ لِي في ذلِكَ الْيَوْمِ: يَارَبُّ، يَارَبُّ! أَلَيْسَ بِاسْمِكَ تَنَبَّأْنا، وَبِا…
katameros:2172,reference,,,draft,0,,,حَقِّي وَرَحْمَتِي مَعَهُ، وَبِاسْمِي يَرْتَفِع قَرْنُهُ. حِينَئِذٍ بِالْوَحِيِّ تَكَلَّمْتُ مَعَ بَنِيِكَ، وَقُلْتُ: إ…
katameros:2173,reference,,,draft,0,,,"فَقَالَ لَهُ وَاحِدٌ: "" يَارَبُّ، أَقَلِيلٌ هُمُ الَّذِينَ يَخْلُصُونَ؟ "". فَقَالَ لَهُمُ: "" اجْتَهِدُوا أنْ تَدْخُلُوا…"
katameros:2174,reference,,,draft,0,,,وَأنَا أيْضاً أيهَا الإخْوَةُ لَمْ أَسْتَطِعْ أنْ أُكَلِّمَكُمْ كَرُوحِيِّينَ، بَلْ كَجَسَدِيِّينَ كَأَطْفَالٍ في الْمَ…
katameros:2175,reference,,,draft,0,,,سِمْعَانُ بُطْرُسُ عَبْدُ يَسُوعَ الْمَسِيحِ وَرَسُولُهُ، إلى الَّذِينَ نَالُوا مَعَنَا إيمَاناً مُكَرَّمَاً مُسَاوِياً…
katameros:2176,reference,,,draft,0,,,"وَبَعْدَمَا سَكَتَا، أَجَابَ يَعْقُوبُ قَائِلاً: "" أيهَا الرِّجَالُ إخْوَتُنَا، اسْمَعُونِي. سِمْعَانُ قَدْ أَخْبَرَ كَ…"
katameros:2177,reference,,,draft,0,,,اِسْتَمِعْ يَا اللَّهُ طِلْبَتِي، أصْغِ إلى صَلاَتِي. عَلَى الصَّخْرَةِ رَفَعْتَنِي وَأَرْشَدْتَنِي. صِرْتَ رَجَائِي وَ…
katameros:2178,reference,,,draft,0,,,"وَكَانَ جُمُوعٌ كَثِيرَةٌ سَائِرِينَ مَعَهُ، فَالْتَفَتَ وَقَالَ لَهُمْ: "" مَنْ يَأتِي إلَيَّ وَلا يُبْغِضُ أباهُ وَأُم…"
katameros:2179,reference,,,draft,0,,,وَليَفْرَحْ جَمِيعُ الْمُتَّكِلِينَ عَلَيْكَ، إلَى الأَبدِ يُسَرُّونَ. لأنكَ أنْتَ بَارَكْتَ الصِّدِّيقَ يَارَبُّ. مِثْ…
katameros:218,reference,,,draft,0,,,وَفِيمَا هُوَ يَتَكَلَّمُ سَألَهُ فَرِّيسِيٌّ أنْ يَأْكُلَ عِنْدَهُ، فَدَخَلَ وَاتَّكَأَ. وَأمَّا الفَرِّيسِيُّ لَمَّا …
katameros:2180,reference,,,draft,0,,,لَيْسَ تِلْمِيذٌ أَفْضَلَ مِنْ مُعَلِّمِهِ، وَلا عَبْدٌ أَفْضَلَ مِنْ سَيِّدِهِ. يَكْفِي التِّلْمِيذَ أنْ يَصِيرَ كَمُع…
katameros:2181,reference,,,draft,0,,,كَثِيرَةٌ هيَ أَحْزَانُ الصِّدِّيقِينَ، وَمِنْ جَمِيعِهَا يُنَجِّيهِمِ الرَّبُّ. يَحْفَظُ الرَّبُّ جَمِيعَ عِظَامِهِمْ.…
katameros:2182,reference,,,draft,0,,,وَكَانَ قَوْمٌ يُونَانِيُّونَ مِنَ الَّذِينَ صَعِدُوا لِيَسْجُدُوا في الْعِيدِ. فَتَقَدَّمَ هؤُلاءِ إلى فِيلُبُّسَ الَّ…
katameros:2183,reference,,,draft,0,,,أَقُولُ أيْضاً: لِئَلاَّ يَظُنَّ أَحَدٌ إنِّي غَبِيٌّ. وَإلاَّ فاقْبَلُوني وَلَوْ كَغَبِيٍّ، لأَفْتَخِرَ أنَا أيْضاً قَ…
katameros:2184,reference,,,draft,0,,,وَهَذِهِ هِيَ الْكَلِمَةُ الَّتي بُشِّرْتُمْ بِهَا. فَاطْرَحُوا عَنْكُمْ إذاً كُلَّ شَرٍّ وَكُلَّ غِشٍّ وَكُلَّ رِيَاءٍ…
katameros:2185,reference,,,draft,0,,,وَفى تِلْكَ الأيامِ إذْ تَكَاثَرَ التَّلامِيذُ، حَدَثَ تَذَمُّرٌ مِنَ الْيُونَانِيِّينَ عَلَى الْعِبْرَانِيِّينَ بِأنَّ…
katameros:2186,reference,,,draft,0,,,أَدْرَكْتَهُ بِبَرَكَاتِ صَلاحِكَ. وَوَضَعْتَ عَلَى رَأْسِهِ إكْلِيلاً مِنْ حَجَرٍ كَرِيمٍ. مَجْدُهُ عَظِيمٌ بِخَلاَصِك…
katameros:2187,reference,,,draft,0,,,وَبَعَدَ ذلِكَ عَيَّنَ الرَّبُّ سَبْعِينَ آخَرِينَ، وَأَرْسَلَهُمُ اثْنَيْنِ اثْنَيْنِ أمَامَ وَجْهِهِ إلى كُلِّ مَدِين…
katameros:2188,reference,,,draft,0,,,أَجْعَلُ ذُرِّيَتَهُ إلى دَهْرِ الدَّهرِ، وعَرْشَهُ مِثْلَ أيامِ السَّمَاءِ. نسْلُهُ إلى الدَّهْرِ يَدُومُ، وعَرْشُهُ م…
katameros:2189,reference,,,draft,0,,,"وَإذْ كَانَ يُصَلِّي وَحْدَهُ عَلَى انْفِرَادٍ كَانَ التَّلامِيذُ مَعَهُ. فَسَأَلَهُمْ قَائِلاً: "" مَنْ يَقُولُ النَّاس…"
katameros:219,reference,,,draft,0,,,أَرْسَلَ مُوسَى عَبْدَهُ وَهارُونَ الَّذِي اخْتَارَهُ، جَعَلَ فِيهِمَا أَقْوَالَ آيَاتِهِ وَعَجَائِبِهِ، كَيْ يَحْفَظُو…
katameros:2190,reference,,,draft,0,,,فَلْيَرْفَعُوهُ في كَنِيسَةِ شَعْبِهِ، وَلْيُبَارِكُوهُ في مَجْلِسِ الشُّيوخِ. جَعَلَ أبوَّةً مِثْلَ الْخِرَافِ. يُبْصِ…
katameros:2191,reference,,,draft,0,,,وَجَاءَ إلى بَيْتِ صَيْدَا، فَقَدَّمُوا إلَيْهِ أَعْمَى وَطَلَبُوا إلَيْهِ أنْ يَلْمِسَهُ، فَأخَذَ بِيَدِ الأَعْمَى وَأ…
katameros:2192,reference,,,draft,0,,,فَإذْ لَنَا رَئِيسُ كَهَنَةٍ عَظِيمٌ قَدِ اجْتَازَ السَّمَوَاتِ، يَسُوعُ ابْنُ اللَّهِ، فَلْنَتَمَسَّكْ بِالإقْرَارِ. ل…
katameros:2193,reference,,,draft,0,,,بُطْرُسُ، رَسُولُ يَسُوعَ الْمَسِيحِ، إلى الْمُخْتَارِينَ الْمُتَغَرِّبِينَ في شَتَاتِ بُنْتُسَ وَغَلاَطِيَّةَ وَكَبَّا…
katameros:2194,reference,,,draft,0,,,وَفي ذَلِكَ الوَقْتِ رَفَعَ هِيرُودِسُ يَدَهُ عَلَى قَومٍ مِنَ الكَنْيسَةِ لِيُسِيئَ إليهم، فَقَتَلَ يَعْقُوبَ أخَا يُو…
katameros:2195,reference,,,draft,0,,,"أَقْسَمَ الرَّبُّ وَلَنْ يَنْدَمَ: "" إِنَّكَ أَنْتَ هُوَ الْكَاهِنُ إلى الأَبدِ عَلَى طَقْسِ مَلْشِيصَادَقَ "". الرَّبُّ…"
katameros:2196,reference,,,draft,0,,,"وَلَمَّا جَاءَ يَسُوعُ إلى نَوَاحِي قَيْصَرِيَّةِ فِيلُبُّسَ سَألَ تَلاَمِيذَهُ قَائِلاً: "" مَاذا يَقُولُ النَّاسُ في ا…"
katameros:2197,reference,,,draft,0,,,"لَمْ يَتْرُكْ إنْسَاناً يَظْلِمُهُمْ، وَبَكَّتَ ملوكاً مِنْ أجْلِهمْ، قَائِلاً: "" لا تَمَسُّوا مُسَحَائي، وَلا تُسِيئوا…"
katameros:2198,reference,,,draft,0,,,وَفِيمَا هُوَ يَتَكَلَّمُ سَألَهُ فَرِّيسِيٌّ أنْ يَأْكُلَ عِنْدَهُ، فَدَخَلَ وَاتَّكَأَ. وَأمَّا الفَرِّيسِيُّ لَمَّا …
katameros:2199,reference,,,draft,0,,,أَرْسَلَ مُوسَى عَبْدَهُ وَهارُونَ الَّذِي اخْتَارَهُ، جَعَلَ فِيهِمَا أَقْوَالَ آيَاتِهِ وَعَجَائِبِهِ، كَيْ يَحْفَظُو…
katameros:22,reference,,,draft,0,,,بِهذَا أَوْصَيْتُكُمْ حَتَّى تُحِبُّوا بَعْضُكُمْ بَعْضاً. إنْ كَانَ الْعَالَمُ يُبْغِضُكُمْ فَاعْلَمُوا أنهُ قَدْ أَبْ…
katameros:220,reference,,,draft,0,,,وَبَعْدَ سِتَّةِ أيامٍ أخَذَ يَسُوعُ بُطْرُسَ وَيَعْقُوبَ وَيُوحَنَّا أخَاهُ وَأَصْعَدَهُمْ عَلَى جَبَلٍ عَالٍ مُنْفَرِ…
katameros:2200,reference,,,draft,0,,,وَبَعْدَ سِتَّةِ أيامٍ أخَذَ يَسُوعُ بُطْرُسَ وَيَعْقُوبَ وَيُوحَنَّا أخَاهُ وَأَصْعَدَهُمْ عَلَى جَبَلٍ عَالٍ مُنْفَرِ…
katameros:2201,reference,,,draft,0,,,بِالإيمَانِ قَرَّبَ إبْرَاهِيمُ إسْحَقَ حِينَ جُرِّبَ. وَقَرَّبَ ابْنَهُ الوَحِيدَ ذَاكَ الَّذِي قَبِلَ الْمَوَاعِيدَ ب…
katameros:2202,reference,,,draft,0,,,وَثَابِتٌ عِنْدَنَا كَلامُ الأنبِيَاءِ، هذَا الَّذِي هُوَ نِعْمَ مَا تَصْنَعُونَهُ إذَا تَأمَّلْتُمْ إلَيْهِ، كَمِثْلِ …
katameros:2203,reference,,,draft,0,,,لأنَّ مُوسَى مُنْذُ الأجْيَالِ الْقَدِيمَةِ، لَهُ في كُلِّ مَدِينَةٍ مَنْ يَكْرِزُ بِهِ، إذْ يُقْرَأُ  في الْمَجَامِعِ …
katameros:2204,reference,,,draft,0,,,مُوسَى وَهَارُونُ في كَهَنَتِهِ، وَصَمُوئيلُ في الَّذِينَ يَدْعُونَ بِاسْمِهِ. كَانُوا يَدْعُونَ الرَّبَّ وَهُوَ كَانَ …
katameros:2205,reference,,,draft,0,,,الْوَيْلُ لَكُمْ أيهَا الكَتَبَةُ والْفَرِّيسِيُّونَ الْمُرَاؤُونَ! لأنكُمْ تُغْلِقُونَ مَلَكُوتَ السَّمَوَاتِ قُدَّامَ…
katameros:2206,reference,,,draft,0,,,الصِّدِّيقُونَ صَرَخُوا وَالرَّبُّ اسْتَجَابَ لَهُمْ، وَمِنْ جَمِيعِ شَدَائِدِهِمْ نَجَّاهُمْ. قَرِيبٌ هُوَ الرَّبُّ مِ…
katameros:2207,reference,,,draft,0,,,هَا أَنَا أُرْسِلُكُمْ كَخِرَافٍ في وَسَطِ ذِئَابٍ فَكُونُوا حُكَمَاءَ كَالْحَيَّاتِ وَبُسَطَاءَ كَالْحَمَامِ. وَاحْذَر…
katameros:2208,reference,,,draft,0,,,كَثِيرَةٌ هيَ أَحْزَانُ الصِّدِّيقِينَ، وَمِنْ جَمِيعِهَا يُنَجِّيهِمِ الرَّبُّ. يَحْفَظُ الرَّبُّ جَمِيعَ عِظَامِهِمْ.…
katameros:2209,reference,,,draft,0,,,"وَدَعَا الْجَمْعَ وَتَلامِيذَهُ وَقَالَ لَهُمْ: "" مَنْ أرَادَ أنْ يَأتِيَ وَرَائِي فَلْيُنْكِرْ نَفْسَهُ وَيَحْمِلْ صَل…"
katameros:221,reference,,,draft,0,,,بِالإيمَانِ قَرَّبَ إبْرَاهِيمُ إسْحَقَ حِينَ جُرِّبَ. وَقَرَّبَ ابْنَهُ الوَحِيدَ ذَاكَ الَّذِي قَبِلَ الْمَوَاعِيدَ ب…
katameros:2210,reference,,,draft,0,,,وَنَحْنُ نَعْلَمُ أنَّ الَّذِينَ يُحِبُّونَ اللَّهَ، وهُمُ الَّذِينَ دَعَاهُمْ حَسَبَ قَصْدِهِ السَّابِقِ، يَجْعَلُ كُل…
katameros:2211,reference,,,draft,0,,,فَإذْ قَدْ تَألَّمَ الْمَسِيحُ بِالْجَسَدِ عَنَّا، تَسَلَّحُوا أَنْتُمْ أيْضاً بِهذَا الْمِثَالِ. فَإنَّ مَنْ تَألَّمَ …
katameros:2212,reference,,,draft,0,,,وَحَدَثَ بَيْنَمَا كُنَّا ذَاهِبِينَ لِلصَّلاةِ، أنَّ جَارِيَةً بِهَا رُوحُ عِرَافَةٍ قَدْ خَرَجَتْ لاسْتَقْبَالِنَا. و…
katameros:2213,reference,,,draft,0,,,نُورٌ أَشْرَقَ لِلصِّدِّيقِينَ، وَفَرَحٌ لِلْمُسْتَقِيمِينَ بِقَلْبِهِمْ. افْرَحُوا أيهَا الصِّدِّيقُونَ بِالرَّبِّ، وَ…
katameros:2214,reference,,,draft,0,,,وَقَبْلَ هَذَا كُلِّهِ يُلْقُونَ أَيْدِيَهُمْ عَلَيْكُمْ وَيَطْرُدُونَكُمْ، وَيُسَلِّمُونَكُمْ إلى مَجَامِعَ وَسُجُونٍ،…
katameros:2215,reference,,,draft,0,,,"أَقْسَمَ الرَّبُّ وَلَنْ يَنْدَمَ: "" إنكَ أَنْتَ هُوَ الْكَاهِنُ إلى الأَبدِ عَلَى طَقْسِ مَلْشِيصَادَقَ "". الرَّبُّ عَ…"
katameros:2216,reference,,,draft,0,,,"وَلَمَّا جَاءَ يَسُوعُ إلى نَوَاحِي قَيْصَرِيَّةِ فِيلُبُّسَ سَألَ تَلاَمِيذَهُ قَائِلاً: "" مَاذا يَقُولُ النَّاسُ في ا…"
katameros:2217,reference,,,draft,0,,,أَمْسَكْتَ بِيَدِي الْيُمْنَى. وَبِمَشُورَتكَ هَدَيْتَنِي وَبِالْمَجْدِ قَبِلْتَنِي. وَأنا خَيْرٌ لِي الالْتِصَاقُ بِال…
katameros:2218,reference,,,draft,0,,,بِهذَا أَوْصَيْتُكُمْ حَتَّى تُحِبُّوا بَعْضُكُمْ بَعْضاً. إنْ كَانَ الْعَالَمُ يُبْغِضُكُمْ فَاعْلَمُوا أنهُ قَدْ أَبْ…
katameros:2219,reference,,,draft,0,,,فَإنَّنَا لَسْنَا نَكْرِزُ بِأَنْفُسِنَا، بَلْ بِالْمَسِيحِ يَسُوعَ رَبِّنَا، وَنَحْنُ أيْضاً عَبِيدٌ لَكُمْ مِنْ قِبَل…
katameros:222,reference,,,draft,0,,,وَثَابِتٌ عِنْدَنَا كَلامُ الأنبِيَاءِ، هذَا الَّذِي هُوَ نِعْمَ مَا تَصْنَعُونَهُ إذَا تَأمَّلْتُمْ إلَيْهِ، كَمِثْلِ …
katameros:2220,reference,,,draft,0,,,أيهَا العَبِيدُ، كُونُوا خَاضِعِينَ لِسَادَتِكُمْ بِكُلِّ خَوْفٍ، لَيْسَ فَقَطْ للصَّالِحِينَ الْمُتَرَفِّقِينَ، بَلْ ل…
katameros:2221,reference,,,draft,0,,,"وَمِنْ مِيلِيتُسَ أَرْسَلَ إلى أَفَسُسَ وَاسْتَدْعَى أحْبَارَ الْكَنِيسَةِ. فَلَمَّا جَاءُوا إلَيْهِ قَالَ لَهُمْ: "" أَ…"
katameros:2222,reference,,,draft,0,,,فَلْيَرْفَعُوهُ في كَنِيسَةِ شَعْبِهِ، وَلْيُبَارِكُوهُ في مَجْلِسِ الشُّيوخِ. جَعَلَ أبوَّةً مِثْلَ الْخِرَافِ. يُبْصِ…
katameros:2223,reference,,,draft,0,,,""" الْحَقَّ الْحَقَّ أَقُولُ لَكُمْ: إنَّ الَّذِي لا يَدْخُلُ مِنَ الْبَابِ إلى حَظِيرَةِ الْخِرَافِ، بَلْ يَطْلَعُ مِنْ…"
katameros:2224,reference,,,draft,0,,,الصِّدِّيقُونَ صَرَخُوا وَالرَّبُّ اسْتَجَابَ لَهُمْ، وَمِنْ جَمِيعِ شَدَائِدِهِمْ نَجَّاهُمْ. قَرِيبٌ هُوَ الرَّبُّ مِ…
katameros:2225,reference,,,draft,0,,,هَا أَنَا أُرْسِلُكُمْ كَخِرَافٍ في وَسَطِ ذِئَابٍ فَكُونُوا حُكَمَاءَ كَالْحَيَّاتِ وَبُسَطَاءَ كَالْحَمَامِ. وَاحْذَر…
katameros:2226,reference,,,draft,0,,,كَثِيرَةٌ هيَ أَحْزَانُ الصِّدِّيقِينَ، وَمِنْ جَمِيعِهَا يُنَجِّيهِمِ الرَّبُّ. يَحْفَظُ الرَّبُّ جَمِيعَ عِظَامِهِمْ.…
katameros:2227,reference,,,draft,0,,,"وَدَعَا الْجَمْعَ وَتَلامِيذَهُ وَقَالَ لَهُمْ: "" مَنْ أرَادَ أنْ يَأتِيَ وَرَائِي فَلْيُنْكِرْ نَفْسَهُ وَيَحْمِلْ صَل…"
katameros:2228,reference,,,draft,0,,,وَنَحْنُ نَعْلَمُ أنَّ الَّذِينَ يُحِبُّونَ اللَّهَ، وهُمُ الَّذِينَ دَعَاهُمْ حَسَبَ قَصْدِهِ السَّابِقِ، يَجْعَلُ كُل…
katameros:2229,reference,,,draft,0,,,فَإذْ قَدْ تَألَّمَ الْمَسِيحُ بِالْجَسَدِ عَنَّا، تَسَلَّحُوا أَنْتُمْ أيْضاً بِهذَا الْمِثَالِ. فَإنَّ مَنْ تَألَّمَ …
katameros:223,reference,,,draft,0,,,لأنَّ مُوسَى مُنْذُ الأجْيَالِ الْقَدِيمَةِ، لَهُ في كُلِّ مَدِينَةٍ مَنْ يَكْرِزُ بِهِ، إذْ يُقْرَأُ  في الْمَجَامِعِ …
katameros:2230,reference,,,draft,0,,,وَحَدَثَ بَيْنَمَا كُنَّا ذَاهِبِينَ لِلصَّلاةِ، أنَّ جَارِيَةً بِهَا رُوحُ عِرَافَةٍ قَدْ خَرَجَتْ لاسْتَقْبَالِنَا. و…
katameros:2231,reference,,,draft,0,,,نُورٌ أَشْرَقَ لِلصِّدِّيقِينَ، وَفَرَحٌ لِلْمُسْتَقِيمِينَ بِقَلْبِهِمْ. افْرَحُوا أيهَا الصِّدِّيقُونَ بِالرَّبِّ، وَ…
katameros:2232,reference,,,draft,0,,,وَقَبْلَ هَذَا كُلِّهِ يُلْقُونَ أَيْدِيَهُمْ عَلَيْكُمْ وَيَطْرُدُونَكُمْ، وَيُسَلِّمُونَكُمْ إلى مَجَامِعَ وَسُجُونٍ،…
katameros:2233,reference,,,draft,0,,,مَذابِحُكَ يَارَبُّ إلَهُ القُوَّاتِ، مَلِكِي وَإلهِي. طُوبَى لِكُلِّ السُّكَّانِ في بَيْتِكَ، يُبَارِكُونَكَ إلى أبدِ …
katameros:2234,reference,,,draft,0,,,وَلَمَّا أَكْمَلَ أَقْوَالَهُ كُلَّهَا في مَسَامِعِ الشَّعْبِ دَخَلَ كَفْرَنَاحُومَ. وَكَانَ عَبْدٌ لِقَائِدِ مِئَةٍ، م…
katameros:2235,reference,,,draft,0,,,يَارَبُّ أَحْبَبْتُ جَمَالَ بَيْتِكَ، وَمَوْضِعَ مَسْكَنِ مَجْدِكَ. لِكَي أَسْمَعَ صَوْتَ تَسْبِحَتِكَ، وَأنْطِقَ بِجَم…
katameros:2236,reference,,,draft,0,,,"وَلَمَّا دَخَلَ كَانَ يَمْشِي في أَرِيحَا. وَإذَا رَجُلٌ يُدْعَى اسْمُهُ زَكَّا، وَهَذَا كَانَ 
رَئِيسَاً لِلعَشَّارِين…"
katameros:2237,reference,,,draft,0,,,فَأمَّا القُبَّةُ الأُولَى فَكَانَ فِيها وَصَايَا الْخِدْمَةِ وَقُدسٌ مُزيَّنٌ، لأنَّ القُبَّةَ الأُولَى صُنِعَتْ وَهيَ…
katameros:2238,reference,,,draft,0,,,وَهَذِهِ هِيَ الْكَلِمَةُ الَّتي بُشِّرْتُمْ بِهَا. فَاطْرَحُوا عَنْكُمْ إذاً كُلَّ شَرٍّ وَكُلَّ غِشٍّ وَكُلَّ رِيَاءٍ…
katameros:2239,reference,,,draft,0,,,وأمَّا الكَنِيسَةُ في كُلِّ اليَهُودِيَّةِ وَالجَلِيلِ وَالسَّامِرَةِ فَكَانَ لَهَا سَلاَمٌ، مَبْنِيَّةً وَسَائِرَةً بِ…
katameros:224,reference,,,draft,0,,,مُوسَى وَهَارُونُ في كَهَنَتِهِ، وَصَمُوئيلُ في الَّذِينَ يَدْعُونَ بِاسْمِهِ. كَانُوا يَدْعُونَ الرَّبَّ وَهُوَ كَانَ …
katameros:2240,reference,,,draft,0,,,"لَكَ يَنْبَغِي التَّسْبِيحُ يَا اللَّهُ في صِهْيَوْنَ، وَلَكَ تُوفَى النُّذُورُ في أُورُشَلِيمَ. 
اسْتَمِعْ يا اللَّهُ …"
katameros:2241,reference,,,draft,0,,,"وَلَمَّا جَاءَ يَسُوعُ إلى نَوَاحِي قَيْصَرِيَّةِ فِيلُبُّسَ سَألَ تَلاَمِيذَهُ قَائِلاً: "" مَاذا يَقُولُ 
النَّاسُ في …"
katameros:2242,reference,,,draft,0,,,اعْلَمُوا أنَّ الرَّبَّ قَدْ جَعَلَ قُدُّوسَهُ عَجَبَاً. الرَّبُّ يَسْتَجِيبُ لي إذَا مَا صَرَخْتُ إلَيْهِ. قَدْ ارْتَس…
katameros:2243,reference,,,draft,0,,,"في ذلِكَ الْوَقْتِ أَجَابَ يَسُوعُ وَقَالَ: "" أَشْكُرُكَ أيهَا الآبُ رَبُّ السَّمَاءِ وَالأَرْضِ، لأنكَ أَخْفَيْتَ هذِه…"
katameros:2244,reference,,,draft,0,,,سَبِّحُوا أيهَا الْفِتْيَانُ الرَّبَّ، سَبِّحُوا اسْمَ الرَّبِّ، لِيَكُنْ اسْمُ الرَّبِّ مُبَارَكَاً، مِنَ الآنَ وَإلى …
katameros:2245,reference,,,draft,0,,,وَقَدَّمُوا إلَيْهِ أَوْلاَداً لِكَيْ يَلْمِسَهُمْ. فَانْتَهَرَهُمْ التَّلامِيذُ. فَلَمَّا رَأَى يَسُوعُ حَزِنَ وَقَالَ…
katameros:2246,reference,,,draft,0,,,مَاذا أقُولُ أيْضاً؟ لأنهُ يُعْوِزُنِي الوَقْتُ إنْ أَخْبَرْتُ عَنْ جِدْعُونَ، وَبَارَاقَ، وَشَمْشُونَ، وَيَفْتَاحَ، وَ…
katameros:2247,reference,,,draft,0,,,يَا أَحِبْائِي، لا تَسْتَغْرِبُوا الْبَلْوَى الْمُحْرِقَةَ التي تَحْدُث بَيْنَكُمْ، لأَجْلِ تَجرِبَتِكُمْ، كَأنهُ أَمْر…
katameros:2248,reference,,,draft,0,,,وَحَدَثَ في ذَلِكَ الْوَقْتِ اضطرَابٌ لَيْسَ بِقَلِيلٍ بِسَبَبِ الطَّرِيقِ؛ لأنَّ وَاحداً اسْمُهُ دِيمِتْرِيُوس، صَائِغ…
katameros:2249,reference,,,draft,0,,,جُزْنَا في النَّارِ وَالْمَاءِ. وَأَخْرَجْتَنَا إلى الرَّاحَةِ. أَدْخُلُ إلى بَيْتِكَ بِالْمُحْرَقَاتِ. وَأُوفِيكَ النُ…
katameros:225,reference,,,draft,0,,,الْوَيْلُ لَكُمْ أيهَا الكَتَبَةُ والْفَرِّيسِيُّونَ الْمُرَاؤُونَ! لأنكُمْ تُغْلِقُونَ مَلَكُوتَ السَّمَوَاتِ قُدَّامَ…
katameros:2250,reference,,,draft,0,,,اُنْظُرُوا إذاً، لا تَحْتَقِرُوا أَحَدَ هَؤُلاءِ الصِّغَارِ، لأني أَقُولُ لَكُمْ: إنَّ مَلاَئِكَتَهُمْ في السَّمَوَاتِ …
katameros:2251,reference,,,draft,0,,,رَفَعْتُ مُخْتَاراً مِنْ شَعْبِي. وَجَدْتُ دَاوُدَ عَبْدِي، مَسَحْتُهُ بِدُهْنٍ مُقَدَّسٍ، لأنَّ يَدِي تُعَضِّدُهُ.   ه…
katameros:2252,reference,,,draft,0,,,لا تَظُنُّوا أني جِئْتُ لأُلْقِيَ سَلاَماً عَلَى الأَرْضِ، مَا جِئْتُ لأُلْقِيَ سَلاماً بَلْ سَيْفاً. فَإنِّي أَتَيْتُ …
katameros:2253,reference,,,draft,0,,,كَهَنَتُكَ يَلْبَسُونَ الْبِرَّ، وقِدِّيسُوكَ يَبْتَهِجُونَ مِنْ أَجْلِ دَاوُدَ عَبْدِكَ. هَيَّأْتُ سِرَاجاً لِمَسِيحِي…
katameros:2254,reference,,,draft,0,,,وَنَزَلَ مَعَهُمْ وَوَقَفَ في مَوْضِعٍ خَلاءٍ، مَعَ جَمْعٍ مِنْ تَلامِيذِهِ، وَجُمْهورٍ كَثِيرٍ مِنَ الشَّعْبِ، مِنْ جَ…
katameros:2255,reference,,,draft,0,,,فَإنَّهُ يَصِيرُ إبْطَالُ الْوَصِيَّةِ الأُولَى مِنْ أَجْلِ ضَعْفِهَا وَعَدَمِ نَفْعِهَا، إذِ النَّامُوسُ لَمْ يُكَمِّل…
katameros:2256,reference,,,draft,0,,,مِنَ الشَّيْخِ، إلى غَايُوسَ الْحَبِيبِ الَّذِي أنا أُحِبُّهُ بِالْحَقِّ. أيهَا الْحَبِيبُ، في كُلِّ شَيْءٍ أَرُومُ أَن…
katameros:2257,reference,,,draft,0,,,"مِنْ بَعْدِ أيامٍ قَالَ بُولُسُ لِبَرْنَابَا: "" لِنَرْجِعْ وَنَتَفَقَّدِ الإخْوَةَ في كُلِّ مَدِينَةٍ بَشَّرْنَا فِيهَا…"
katameros:2258,reference,,,draft,0,,,مُوسَى وَهَارُونُ في كَهَنَتِهِ، وَصَمُوئيلُ في الَّذِينَ يَدْعُونَ بِاسْمِهِ. كَانُوا يَدْعُونَ الرَّبَّ وَهُوَ كَانَ …
katameros:2259,reference,,,draft,0,,,""" الْحَقَّ الْحَقَّ أَقُولُ لَكُمْ: إنَّكُمْ سَتَبْكُونَ وَتَنُوحُونَ وَالْعَالَمُ يَفْرَحُ. أَنْتُمْ سَتَحْزَنُونَ، وَ…"
katameros:226,reference,,,draft,0,,,"رَتِّلُوا لِلرَّبِّ السَّاكِنِ في صِهْيَوْنَ، وَأَخْبِرُوا في الأُمَمِ بِأعْمَالِهِ. لِكَيْ مَا أُخْبِرَ 
بِجَمِيعِ تَس…"
katameros:2260,reference,,,draft,0,,,كَهَنَتُكَ يَلْبَسُونَ الْبِرَّ، وقِدِّيسُوكَ يَبْتَهِجُونَ مِنْ أَجْلِ دَاوُدَ عَبْدِكَ. هَيَّأْتُ سِرَاجاً لِمَسِيحِي…
katameros:2261,reference,,,draft,0,,,وَكَانَ يَسُوعُ يَطُوفُ في كُلِّ الْجَلِيلِ يُعَلِّمُ في مَجَامِعِهِمْ، وَيَكْرِزُ بِبِشَارَةِ الْمَلَكُوتِ، وَيَشْفِي …
katameros:2262,reference,,,draft,0,,,"أَقْسَمَ الرَّبُّ وَلَنْ يَنْدَمَ: "" إِنَّكَ أَنْتَ هُوَ الْكَاهِنُ إلى الأَبدِ عَلَى طَقْسِ مَلْشِيصَادَقَ "". الرَّبُّ…"
katameros:2263,reference,,,draft,0,,,وَنَزَلَ مَعَهُمْ وَوَقَفَ في مَوْضِعٍ خَلاءٍ، مَعَ جَمْعٍ مِنْ تَلامِيذِهِ، وَجُمْهورٍ كَثِيرٍ مِنَ الشَّعْبِ، مِنْ جَ…
katameros:2264,reference,,,draft,0,,,وَأَمَّا أَنْتَ فَقَدْ اتَّبَعْتَ تَعْلِيمِي، وَمَثَالِي، وَرَسْمِي الأَوَّلَ، وَإيمَانِي، وَأَنَاتِي، وَمَحَبَّتِي، وَ…
katameros:2265,reference,,,draft,0,,,أَطْلُبُ إلى الشُّيُوخِ الَّذِينَ بَيْنَكُمْ، أنا الشَّيْخَ شَرِيكَكُمْ، وَالشَّاهِدَ لآلاَمِ الْمَسِيحِ، وَشَرِيكَ الْ…
katameros:2266,reference,,,draft,0,,,"وَمِنْ مِيلِيتُسَ أَرْسَلَ إلى أَفَسُسَ وَاسْتَدْعَى أحْبَارَ الْكَنِيسَةِ. فَلَمَّا جَاءُوا إلَيْهِ قَالَ لَهُمْ: "" أَ…"
katameros:2267,reference,,,draft,0,,,أَمْسَكْتَ بِيَدِي الْيُمْنَى. وَبِمَشُورَتِكَ هَدَيْتَنِي وَبِالْمَجْدِ قَبِلْتَنِي. وَأنا خَيْرٌ لِي الالْتِصَاقُ بِا…
katameros:2268,reference,,,draft,0,,,""" الْحَقَّ الْحَقَّ أَقُولُ لَكُمْ: إنَّ الَّذِي لا يَدْخُلُ مِنَ الْبَابِ إلى حَظِيرَةِ الْخِرَافِ، بَلْ يَطْلَعُ مِنْ…"
katameros:2269,reference,,,draft,0,,,افْرَحُوا أيهَا الصِّدِّيقُونَ بِالرَّبِّ وَتَهَلَّلُوا. لِلْمُسْتَقِيمِينَ يَنْبَغِي التَّسْبِيحُ. مِنْ أَجْلِ هذَا يَ…
katameros:227,reference,,,draft,0,,,وَفِيمَا كَانَ في بَيْتِ عَنْيَا في بَيْتِ سِمْعَانَ الأبْرَصِ مُتَّكِئاً، جَاءَتِ امْرَأةٌ مَعَهَا قَارُورَةُ طِيبِ نَ…
katameros:2270,reference,,,draft,0,,,وَكَأنمَا إنْسَانٌ مُسَافِرٌ دَعَا عَبِيدَهُ وَسَلَّمَهُمْ أَمْوَالَهُ، فَأَعْطَى وَاحِداً خَمْسَ وَزَنَاتٍ، وَآخَرَ وَ…
katameros:2271,reference,,,draft,0,,,ابْتَهِجُوا أيهَا الصِّدِّيقُونَ بِالرَّبِّ. لِلْمُسْتَقِيمِينَ يَنْبَغِي التَّسْبِيحُ. طُوبَى لِلأُمَّةِ التِي الرَّبُ…
katameros:2272,reference,,,draft,0,,,وَإذْ كَانُوا يَسْمَعُونَ هذَا عَادَ فَقَالَ مَثَلاً، لأنهُ كَانَ قَرِيباً مِنْ أُورُشَلِيمَ، وَكَانُوا يَظُنُّونَ أنَّ…
katameros:2273,reference,,,draft,0,,,فإنَّ وَطَنِيَّتَنَا نَحنُ هيَ في السَّمَواتِ. ومِنْ هُناكَ نَنْتَظِرُ مُخَلِّصَنَا: رَبَّنَا يَسُوعَ الْمَسِيحَ، هذَا …
katameros:2274,reference,,,draft,0,,,لا يَئِنَّ بَعْضُكُمْ عَلَى بَعْضٍ يا إخْوَتي لِئَلاَّ تُدَانُوا. هُوَذا الدَّيَّانُ وَاقِفٌ عَلَى الأبْوَابِ. خُذُوا ل…
katameros:2275,reference,,,draft,0,,,أَمَّا الَّذِينَ تَشَتَّتُوا مِنَ الضِّيقِ الَّذِي حَلَّ عَلَى اسْتِفَانُوسَ فَأَتوْا إلى فِينِيقِيَةَ وَقُبْرُسَ وَأنْ…
katameros:2276,reference,,,draft,0,,,كَثِيرَةٌ هِيَ أَحْزَانُ الصِّدِّيقِينَ، وَمِنْ جَمِيعِهَا يُنَجِّيهِمِ الرَّبُّ. وَالصِّدِّيقُونَ يَفْرَحُونَ وَيَتَهَ…
katameros:2277,reference,,,draft,0,,,لاَ تَخَفْ، أَيهَا الْقَطِيعُ الصَّغِيرُ، فَإنَّ أَباكُمْ قَدْ سُرَّ أَنْ يُعْطِيَكُمُ الْمَلَكُوتَ. بِيعُوا أَمْتعَتَك…
katameros:2278,reference,,,draft,0,,,أَقَامَ عَلَى الصَّخْرَةِ رِجْلَيَّ. وَسَهَّلَ خُطُوَاتِي. وَجَعَلَ في فَمِي تَسْبِيحَاً جَدِيدَاً، وَسُبْحَاً لإلهِنَا…
katameros:2279,reference,,,draft,0,,,لأنهُ يُوجَدُ كَثِيرُونَ سَيَقُولُونَ لِي في ذلِكَ الْيَوْمِ: يَارَبُّ، يَارَبُّ! أَلَيْسَ بِاسْمِكَ تَنَبَّأْنا، وَبِا…
katameros:228,reference,,,draft,0,,,الرَّبُّ نَظَرَ مِنَ السَّمَاءِ عَلَى الأرْضِ؛ لِيَسْمَعَ تَنَهُّدَ الْمَغْلُولينَ. لِيُخْبِرُوا في صِهْيَوْنَ بِاسْمِ …
katameros:2280,reference,,,draft,0,,,حَقِّي وَرَحْمَتِي مَعَهُ، وَبِاسْمِي يَرْتَفِع قَرْنُهُ. حِينَئِذٍ بِالْوَحِيِّ تَكَلَّمْتُ مَعَ بَنِيِكَ، وَقُلْتُ: إ…
katameros:2281,reference,,,draft,0,,,"فَقَالَ لَهُ وَاحِدٌ: "" يَارَبُّ، أَقَلِيلٌ هُمُ الَّذِينَ يَخْلُصُونَ؟ "". فَقَالَ لَهُمُ: "" اجْتَهِدُوا أنْ تَدْخُلُوا…"
katameros:2282,reference,,,draft,0,,,وَأنَا أيْضاً أيهَا الإخْوَةُ لَمْ أَسْتَطِعْ أنْ أُكَلِّمَكُمْ كَرُوحِيِّينَ، بَلْ كَجَسَدِيِّينَ كَأَطْفَالٍ في الْمَ…
katameros:2283,reference,,,draft,0,,,سِمْعَانُ بُطْرُسُ عَبْدُ يَسُوعَ الْمَسِيحِ وَرَسُولُهُ، إلى الَّذِينَ نَالُوا مَعَنَا إيمَاناً مُكَرَّمَاً مُسَاوِياً…
katameros:2284,reference,,,draft,0,,,"وَبَعْدَمَا سَكَتَا، أَجَابَ يَعْقُوبُ قَائِلاً: "" أيهَا الرِّجَالُ إخْوَتُنَا، اسْمَعُونِي. سِمْعَانُ قَدْ أَخْبَرَ كَ…"
katameros:2285,reference,,,draft,0,,,اِسْتَمِعْ يَا اللَّهُ طِلْبَتِي، أصْغِ إلى صَلاَتِي. عَلَى الصَّخْرَةِ رَفَعْتَنِي وَأَرْشَدْتَنِي. صِرْتَ رَجَائِي وَ…
katameros:2286,reference,,,draft,0,,,"وَكَانَ جُمُوعٌ كَثِيرَةٌ سَائِرِينَ مَعَهُ، فَالْتَفَتَ وَقَالَ لَهُمْ: "" مَنْ يَأتِي إلَيَّ وَلا يُبْغِضُ أباهُ وَأُم…"
katameros:2287,reference,,,draft,0,,,فَأُذِيعُ اسْمَكَ بَيْنَ إخْوَتِي. وفي وَسَطِ الْجَمَاعَةِ أُسَبِّحُكَ. يَا أيهَا الْخَائِفُونَ الرَّبَّ سَبِّحُوهُ، وَ…
katameros:2288,reference,,,draft,0,,,وَفِيمَا يَسُوعُ مُجْتَازٌ مِنْ هُنَاكَ، رَأَى إنْسَاناً جَالِسَاً عِنْدَ مَكَانِ الْجِبَايَةِ، اسْمُهُ مَتَّى. فَقَالَ…
katameros:2289,reference,,,draft,0,,,بَشَّرْتُ بِعَدلِكَ في جَمَاعَةٍ عَظِيمَةٍ، هُوَذَا لا أَمْنَعُ شَفَتيَّ. أنْتَ يَارَبُّ قَدْ عَلِمْتَ بِرِّيِ، لَمْ أَ…
katameros:229,reference,,,draft,0,,,ثُمَّ جَلَسَ يَسُوعُ قُدَّامَ الْخِزَانَةِ، وَكَانَ يَنْظُرُ كَيْفَ يُلْقِي الْجَمْعُ نُحَاساً في الْخِزَانَةِ. وَكَانَ…
katameros:2290,reference,,,draft,0,,,ثُمَّ خَرَجَ أيْضاً إلى شَاطئ الْبَحْرِ. وَكَانَ كُلُّ الْجَمْعِ يَأْتونَ إلَيْهِ فَكَانَ يُعَلِّمُهُمْ. وَفِيمَا هُوَ …
katameros:2291,reference,,,draft,0,,,وَهُوَ أَعْطَى الْبَعْضَ أنْ يَكُونُوا رُسُلاً، وَالْبَعْضَ أنْبِيَاءَ، وَالْبَعْضَ مُبَشِّرِينَ، وَالْبَعْضَ رُعَاةً و…
katameros:2292,reference,,,draft,0,,,مُبَارَكٌ اللَّهُ أَبو رَبِّنَا يَسُوعَ الْمَسِيحِ، الَّذِي بِكَثْرَةِ رَحْمَتِهِ وَلَدَنَا ثَانِيَةً لِرَجَاءٍ حَيٍّ، …
katameros:2293,reference,,,draft,0,,,وَجَرَتْ عَلَى أَيْدِي الرُّسُلِ آياتٌ وَعَجَائِبُ كَثِيرَةٌ في الشَّعْبِ. وَكَانَ الْجَمِيعُ مُجْتَمِعِينَ بِنَفْسٍ وَ…
katameros:2294,reference,,,draft,0,,,الرَّبُّ يُعْطِي كَلِمَةً للمُبشِّرِينَ، بِقُوَّةٍ عَظِيمَةٍ. مَلِكُ القُوَّاتِ هُوَ الْمَحْبُوبُ، وفي بَهَاءِ بَيْتِ ا…
katameros:2295,reference,,,draft,0,,,"وَبَعْدَ هَذَا خَرَجَ يَسُوعُ فَنَظَرَ عَشَّاراً اسْمُهُ لاوِي جَالِسَاً عِنْدَ مَكَانِ الْجِبَايَةِ، فَقَالَ لَهُ: "" ا…"
katameros:2296,reference,,,draft,0,,,السَّمَوَاتُ تُذِيعُ مَجْدَ اللَّهِ، الْفَلَكُ يُخْبِرُ بِعَمَلِ يَدَيْهِ. في كُلِّ الأَرْضِ خَرَجَ مَنْطِقُهُمْ. وَإلى…
katameros:2297,reference,,,draft,0,,,إنْ ثَبَتُّمْ فيَّ وَثَبَتَ كَلاَمِي فِيكُمْ، تَطْلُبُوا مَا تُرِيدُونَ فَيَكُونُ لَكُمْ. بِهذَا يَتَمَجَّدُ أبِي: أنْ …
katameros:2298,reference,,,draft,0,,,فَاضَ قَلْبِي كَلِمَةً صَالِحةً. أَقُولُ أَنا أَعْمَالِي لِلْمَلِكِ. انْسَكَبَتِ النِّعْمَةُ مِنْ شَفَتَيْكَ، لِذَلِكَ …
katameros:2299,reference,,,draft,0,,,في الْبَدْءِ كَانَ الْكَلِمَةُ، وَالْكَلِمَةُ كَانَ عِنْدَ اللَّهِ، وَكَانَ الْكَلِمَةُ اللَّهَ. هذَا كَانَ في الْبَدْء…
katameros:23,reference,,,draft,0,,,فَإنَّنَا لَسْنَا نَكْرِزُ بِأَنْفُسِنَا، بَلْ بِالْمَسِيحِ يَسُوعَ رَبِّنَا، وَنَحْنُ أيْضاً عَبِيدٌ لَكُمْ مِنْ قِبَل…
katameros:230,reference,,,draft,0,,,"بُولُسُ، عَبْدٌ لِيَسُوعَ الْمَسِيحِ، الْمَدْعُوُّ رَسُولاً، الْمُفْرَزُ لإنْجِيلِ اللَّهِ، الَّذِي 
سَبَقَ فَوَعَدَ بِ…"
katameros:2300,reference,,,draft,0,,,لأنَّ غَايَةَ النَّامُوسِ هيَ: الْمَسِيحُ لِلْبِرِّ لِكُلِّ مَنْ يُؤْمِنُ؛ لأنَّ مُوسَى كَتَبَ في الْبِرِّ الَّذِي مِنَ…
katameros:2301,reference,,,draft,0,,,الَّذِي كَانَ مِنَ الْبَدْءِ، الَّذِي سَمِعْنَاهُ، الَّذِي رَأيْنَاهُ بِعُيُوننَا، الَّذِي شَاهَدْنَاهُ، وَلَمَسَتْهُ أ…
katameros:2302,reference,,,draft,0,,,وَصَعِدَ بُطْرُسُ وَيُوحَنَّا إلى الْهَيْكَلِ في وَقْتِ صَلاةِ السَّاعَةِ التَّاسِعَةِ. وَكَانَ رَجُلٌ أَعْرَجُ مِنْ بَ…
katameros:2303,reference,,,draft,0,,,وَأنا لَقَدْ أَكْرَمَ عَليَّ جِدّاً، أَصْفِياؤُكَ يَا اللَّهُ. وَاعْتَزَّتْ جِدّاً رِئَاسَتُهُمْ. أَحْصِهِمْ فَيُكْثِرُ…
katameros:2304,reference,,,draft,0,,,"فَبَعْدَ مَا أَكَلُوا قَالَ يَسُوعُ لِسِمْعَانَ بُطْرُسَ: "" يا سِمْعَانُ بْنَ يُونا، أَتُحِبُّنِي أَكْثَرَ مِنْ هؤُلاءِ…"
katameros:2305,reference,,,draft,0,,,رَفَعْتُ مُخْتَاراً مِنْ شَعْبِي. وَجَدْتُ دَاوُدَ عَبْدِي، مَسَحْتُهُ بِدُهْنٍ مُقَدَّسٍ، لأنَّ يَدِي تُعَضِّدُهُ.   ه…
katameros:2306,reference,,,draft,0,,,لا تَظُنُّوا أني جِئْتُ لأُلْقِيَ سَلاَماً عَلَى الأَرْضِ، مَا جِئْتُ لأُلْقِيَ سَلاماً بَلْ سَيْفاً. فَإنِّي أَتَيْتُ …
katameros:2307,reference,,,draft,0,,,كَهَنَتُكَ يَلْبَسُونَ الْبِرَّ، وقِدِّيسُوكَ يَبْتَهِجُونَ مِنْ أَجْلِ دَاوُدَ عَبْدِكَ. هَيَّأْتُ سِرَاجاً لِمَسِيحِي…
katameros:2308,reference,,,draft,0,,,وَنَزَلَ مَعَهُمْ وَوَقَفَ في مَوْضِعٍ خَلاءٍ، مَعَ جَمْعٍ مِنْ تَلامِيذِهِ، وَجُمْهورٍ كَثِيرٍ مِنَ الشَّعْبِ، مِنْ جَ…
katameros:2309,reference,,,draft,0,,,فَإنَّهُ يَصِيرُ إبْطَالُ الْوَصِيَّةِ الأُولَى مِنْ أَجْلِ ضَعْفِهَا وَعَدَمِ نَفْعِهَا، إذِ النَّامُوسُ لَمْ يُكَمِّل…
katameros:231,reference,,,draft,0,,,يَعْقُوبُ، عَبْدُ اللَّهِ وَرَبِّنَا يَسُوعَ الْمَسِيحِ، يُهْدِي السَّلامَ إلَى الاثْنَيْ عَشَرَ سِبْطاً الَّذِينَ في ا…
katameros:2310,reference,,,draft,0,,,مِنَ الشَّيْخِ، إلى غَايُوسَ الْحَبِيبِ الَّذِي أنا أُحِبُّهُ بِالْحَقِّ. أيهَا الْحَبِيبُ، في كُلِّ شَيْءٍ أَرُومُ أَن…
katameros:2311,reference,,,draft,0,,,"مِنْ بَعْدِ أيامٍ قَالَ بُولُسُ لِبَرْنَابَا: "" لِنَرْجِعْ وَنَتَفَقَّدِ الإخْوَةَ في كُلِّ مَدِينَةٍ بَشَّرْنَا فِيهَا…"
katameros:2312,reference,,,draft,0,,,مُوسَى وَهَارُونُ في كَهَنَتِهِ، وَصَمُوئيلُ في الَّذِينَ يَدْعُونَ بِاسْمِهِ. كَانُوا يَدْعُونَ الرَّبَّ وَهُوَ كَانَ …
katameros:2313,reference,,,draft,0,,,""" الْحَقَّ الْحَقَّ أَقُولُ لَكُمْ: إنَّكُمْ سَتَبْكُونَ وَتَنُوحُونَ وَالْعَالَمُ يَفْرَحُ. أَنْتُمْ سَتَحْزَنُونَ، وَ…"
katameros:2314,reference,,,draft,0,,,طُوبَى لِلرَّجُلِ الْخَائِفِ مِنَ الرَّبِّ. وَيَهْوَى وَصَايَاه جِدّاً. يَقْوَى نَسْلُهُ عَلَى الأَرْضِ، وَيُبَارَكُ جِ…
katameros:2315,reference,,,draft,0,,,وَكَأنمَا إنْسَانٌ مُسَافِرٌ دَعَا عَبِيدَهُ وَسَلَّمَهُمْ أَمْوَالَهُ، فَأَعْطَى وَاحِداً خَمْسَ وَزَنَاتٍ، وَآخَرَ وَ…
katameros:2316,reference,,,draft,0,,,اُذْكُرْ يَارَبُّ دَاودَ وَكُلَّ دِعَتِهِ. كَمَا أَقْسَمَ لِلرَّبِّ وَنَذَرَ لإلَهِ يَعْقُوبَ. كَهَنَتُكَ يَلْبَسُونَ ا…
katameros:2317,reference,,,draft,0,,,وَنَزَلَ مَعَهُمْ وَوَقَفَ في مَوْضِعٍ خَلاءٍ، مَعَ جَمْعٍ مِنْ تَلامِيذِهِ، وَجُمْهورٍ كَثِيرٍ مِنَ الشَّعْبِ، مِنْ جَ…
katameros:2318,reference,,,draft,0,,,بِالإيمَانِ قَرَّبَ إبْرَاهِيمُ إسْحَقَ حِينَ جُرِّبَ. وَقَرَّبَ ابْنَهُ الوَحِيدَ ذَاكَ الَّذِي قَبِلَ الْمَوَاعِيدَ ب…
katameros:2319,reference,,,draft,0,,,طُوبَى لِلرَّجُلِ الَّذِي يَصْبِرُ في التَّجْرِبَةِ، لأنهُ إذَا صَارَ مُخْتَارَاً يَنَالُ إكْلِيلَ الْحَيَاةِ، الَّذِي …
katameros:232,reference,,,draft,0,,,إلهُ الْمَجْدِ ظَهَرَ لأَبِينَا إبْرَاهِيمَ وَهُوَ في مَا بَيْنَ النَّهْرَيْنِ، قَبْلَمَا يَسْكُنُ في حَارَانَ وَقَالَ …
katameros:2320,reference,,,draft,0,,,وَكَانَ اللَّهُ يَصْنَعُ عَلَى يَدَيْ بُولُسَ قُوَّاتٍ كَثِيرَةً، حَتَّى إِنَّهُمْ كَانُوا يَأخُذُونَ مَنادِيلَ وَخِرَق…
katameros:2321,reference,,,draft,0,,,طُوبَى لِلرَّجُلِ، الَّذِي لَمْ يَسْلُكْ في مَشُورَةِ الْمُنَافِقِينَ، وَفي طَرِيقِ الْخُطَاةِ لَمْ يَقِفْ، وَفي مَجْلِ…
katameros:2322,reference,,,draft,0,,,وَكَانَ يَسُوعُ يَطُوفُ في كُلِّ الْجَلِيلِ يُعَلِّمُ في مَجَامِعِهِمْ، وَيَكْرِزُ بِبِشَارَةِ الْمَلَكُوتِ، وَيَشْفِي …
katameros:2323,reference,,,draft,0,,,افْرَحُوا أيهَا الصِّدِّيقُونَ بِالرَّبِّ وَتَهَلَّلُوا. لِلْمُسْتَقِيمِينَ يَنْبَغِي التَّسْبِيحُ. مِنْ أَجْلِ هذَا يَ…
katameros:2324,reference,,,draft,0,,,وَكَأنمَا إنْسَانٌ مُسَافِرٌ دَعَا عَبِيدَهُ وَسَلَّمَهُمْ أَمْوَالَهُ، فَأَعْطَى وَاحِداً خَمْسَ وَزَنَاتٍ، وَآخَرَ وَ…
katameros:2325,reference,,,draft,0,,,ابْتَهِجُوا أيهَا الصِّدِّيقُونَ بِالرَّبِّ. لِلْمُسْتَقِيمِينَ يَنْبَغِي التَّسْبِيحُ. طُوبَى لِلأُمَّةِ التِي الرَّبُ…
katameros:2326,reference,,,draft,0,,,وَإذْ كَانُوا يَسْمَعُونَ هذَا عَادَ فَقَالَ مَثَلاً، لأنهُ كَانَ قَرِيباً مِنْ أُورُشَلِيمَ، وَكَانُوا يَظُنُّونَ أنَّ…
katameros:2327,reference,,,draft,0,,,فإنَّ وَطَنِيَّتَنَا نَحنُ هيَ في السَّمَواتِ. ومِنْ هُناكَ نَنْتَظِرُ مُخَلِّصَنَا: رَبَّنَا يَسُوعَ الْمَسِيحَ، هذَا …
katameros:2328,reference,,,draft,0,,,لا يَئِنَّ بَعْضُكُمْ عَلَى بَعْضٍ يا إخْوَتي لِئَلاَّ تُدَانُوا. هُوَذا الدَّيَّانُ وَاقِفٌ عَلَى الأبْوَابِ. خُذُوا ل…
katameros:2329,reference,,,draft,0,,,أَمَّا الَّذِينَ تَشَتَّتُوا مِنَ الضِّيقِ الَّذِي حَلَّ عَلَى اسْتِفَانُوسَ فَأَتوْا إلى فِينِيقِيَةَ وَقُبْرُسَ وَأنْ…
katameros:233,reference,,,draft,0,,,"وَأنْتَ يارَبُّ تَرْجِعُ وَتَتَرَأَّفُ عَلَى صِهْيَوْنَ؛ لأنهُ وَقْتُ التَّراؤفِ عَليهَا لأنَّ 
الزَّمَانَ قَدْ حَضَرَ؛…"
katameros:2330,reference,,,draft,0,,,كَثِيرَةٌ هِيَ أَحْزَانُ الصِّدِّيقِينَ، وَمِنْ جَمِيعِهَا يُنَجِّيهِمِ الرَّبُّ. وَالصِّدِّيقُونَ يَفْرَحُونَ وَيَتَهَ…
katameros:2331,reference,,,draft,0,,,لاَ تَخَفْ، أَيهَا الْقَطِيعُ الصَّغِيرُ، فَإنَّ أَباكُمْ قَدْ سُرَّ أَنْ يُعْطِيَكُمُ الْمَلَكُوتَ. بِيعُوا أَمْتعَتَك…
katameros:2332,reference,,,draft,0,,,طُوبَى لِمَنْ اخْتَرْتَهُ وَقَبِلْتَهُ، يَسْكُنُ في دِيَارِكَ إلى الأَبدِ. اسْتَجِبْ لَنَا يَا اللَّهُ مُخَلِّصُنَا، يَ…
katameros:2333,reference,,,draft,0,,,اسْهَرُوا إذَاً لأَنكُمْ لا تَعْلَمُونَ في أَيةِ سَاعَةٍ يَأتِي رَبكُمْ. وَاعْلَمُوا هَذَا: أنهُ لَوْ كَانَ رَبُّ الْبَ…
katameros:2334,reference,,,draft,0,,,الرَّبُّ يُعَضِّدُ الصِّدِّيقِينَ، يَعْرِفُ الرَّبُّ طَرِيقَ الَّذِينَ لا عَيْبَ فِيهِمْ. وَيَكُونُ مِيرَاثَهُمْ إلى ال…
katameros:2335,reference,,,draft,0,,,اُنْظُرُوا، اسْهَرُوا وَصَلُّوا؛ لأَنكُمْ لا تَعْرفُونَ مَتَى يَكُونُ الْوَقْتُ. كَأنمَا إنْسَانٌ مسَافِرٌ تَرَكَ بَيْت…
katameros:2336,reference,,,draft,0,,,"لأَنهُ إذَا قَالَ وَاحِدٌ: "" أَنا لِبُولُسَ "" وَآخَرُ: "" أَنا لأَبلُّوسَ "" أَفَلَسْتُمْ بَشَرِيِّينَ؟

فَمَنْ هُوَ أَبل…"
katameros:2337,reference,,,draft,0,,,كَذلِكَ أَنْتُمْ أيهَا الشُّبَّانُ، اخْضَعُوا لِلشُّيُوخِ، وَكُونُوا جَمِيعاً مُتَسَرْبِلِينَ بِالتَّوَاضُعِ بَعْضُكُمْ…
katameros:2338,reference,,,draft,0,,,وَكَانَ يُوجَدُ يَهُودِيٌّ اسْمُهُ أَبلُّوسُ، إسْكَنْدَرِيُّ الْجِنْسِ، رَجُلٌ فَصِيحٌ قَدُمَ إلى أَفَسُسَ مُقْتَدِرٌ ف…
katameros:2339,reference,,,draft,0,,,فَمُ الصِّدِّيقِ يَتْلُو الْحِكْمَةَ، وَلِسَانُهُ يَنْطِقُ بِالْحُكْمِ. نَامُوسُ اللَّهِ في قَلْبِهِ. وَلا تَتَعَرْقَلُ…
katameros:234,reference,,,draft,0,,,"مِنْ أَجْلِ أنَّ كَثِيرِينَ أَخَذُوا في كِتَابَةِ أَقْوَالٍ مِنْ أَجْلِ الأَعْمَالِ الَّتي أُكْمِلَتْ 
فِينَا، كَمَا سَ…"
katameros:2340,reference,,,draft,0,,,"وَقَالَ أيْضاً لِتَلامِيذِهِ: "" كَانَ إنْسَانٌ غَنِيٌّ لَهُ وَكِيلٌ، فَوُشِيَ بِهِ إلَيْهِ بِأَنهُ يُبَذِّرُ أَمْوَالَه…"
katameros:2341,reference,,,draft,0,,,أَقَامَ عَلَى الصَّخْرَةِ رِجْلَيَّ. وَسَهَّلَ خُطُوَاتِي. وَجَعَلَ في فَمِي تَسْبِيحَاً جَدِيدَاً، وَسُبْحَاً لإلهِنَا…
katameros:2342,reference,,,draft,0,,,لأنهُ يُوجَدُ كَثِيرُونَ سَيَقُولُونَ لِي في ذلِكَ الْيَوْمِ: يَارَبُّ، يَارَبُّ! أَلَيْسَ بِاسْمِكَ تَنَبَّأْنا، وَبِا…
katameros:2343,reference,,,draft,0,,,حَقِّي وَرَحْمَتِي مَعَهُ، وَبِاسْمِي يَرْتَفِع قَرْنُهُ. حِينَئِذٍ بِالْوَحِيِّ تَكَلَّمْتُ مَعَ بَنِيِكَ، وَقُلْتُ: إ…
katameros:2344,reference,,,draft,0,,,"فَقَالَ لَهُ وَاحِدٌ: "" يَارَبُّ، أَقَلِيلٌ هُمُ الَّذِينَ يَخْلُصُونَ؟ "". فَقَالَ لَهُمُ: "" اجْتَهِدُوا أنْ تَدْخُلُوا…"
katameros:2345,reference,,,draft,0,,,وَأنَا أيْضاً أيهَا الإخْوَةُ لَمْ أَسْتَطِعْ أنْ أُكَلِّمَكُمْ كَرُوحِيِّينَ، بَلْ كَجَسَدِيِّينَ كَأَطْفَالٍ في الْمَ…
katameros:2346,reference,,,draft,0,,,سِمْعَانُ بُطْرُسُ عَبْدُ يَسُوعَ الْمَسِيحِ وَرَسُولُهُ، إلى الَّذِينَ نَالُوا مَعَنَا إيمَاناً مُكَرَّمَاً مُسَاوِياً…
katameros:2347,reference,,,draft,0,,,"وَبَعْدَمَا سَكَتَا، أَجَابَ يَعْقُوبُ قَائِلاً: "" أيهَا الرِّجَالُ إخْوَتُنَا، اسْمَعُونِي. سِمْعَانُ قَدْ أَخْبَرَ كَ…"
katameros:2348,reference,,,draft,0,,,اِسْتَمِعْ يَا اللَّهُ طِلْبَتِي، أصْغِ إلى صَلاَتِي. عَلَى الصَّخْرَةِ رَفَعْتَنِي وَأَرْشَدْتَنِي. صِرْتَ رَجَائِي وَ…
katameros:2349,reference,,,draft,0,,,"وَكَانَ جُمُوعٌ كَثِيرَةٌ سَائِرِينَ مَعَهُ، فَالْتَفَتَ وَقَالَ لَهُمْ: "" مَنْ يَأتِي إلَيَّ وَلا يُبْغِضُ أباهُ وَأُم…"
katameros:235,reference,,,draft,0,,,اعْلَمُوا أنَّ الرَّبَّ قَدْ جَعَلَ قُدُّوسَهُ عَجَبَاً. الرَّبُّ يَسْتَجِيبُ لي إذَا مَا صَرَخْتُ إلَيْهِ. قَدِ ارْتَس…
katameros:2350,reference,,,draft,0,,,وَليَفْرَحْ جَمِيعُ الْمُتَّكِلِينَ عَلَيْكَ، إلَى الأَبدِ يُسَرُّونَ. لأنكَ أنْتَ بَارَكْتَ الصِّدِّيقَ يَارَبُّ. مِثْ…
katameros:2351,reference,,,draft,0,,,لَيْسَ تِلْمِيذٌ أَفْضَلَ مِنْ مُعَلِّمِهِ، وَلا عَبْدٌ أَفْضَلَ مِنْ سَيِّدِهِ. يَكْفِي التِّلْمِيذَ أنْ يَصِيرَ كَمُع…
katameros:2352,reference,,,draft,0,,,كَثِيرَةٌ هيَ أَحْزَانُ الصِّدِّيقِينَ، وَمِنْ جَمِيعِهَا يُنَجِّيهِمِ الرَّبُّ. يَحْفَظُ الرَّبُّ جَمِيعَ عِظَامِهِمْ.…
katameros:2353,reference,,,draft,0,,,وَكَانَ قَوْمٌ يُونَانِيُّونَ مِنَ الَّذِينَ صَعِدُوا لِيَسْجُدُوا في الْعِيدِ. فَتَقَدَّمَ هؤُلاءِ إلى فِيلُبُّسَ الَّ…
katameros:2354,reference,,,draft,0,,,أَقُولُ أيْضاً: لِئَلاَّ يَظُنَّ أَحَدٌ إنِّي غَبِيٌّ. وَإلاَّ فاقْبَلُوني وَلَوْ كَغَبِيٍّ، لأَفْتَخِرَ أنَا أيْضاً قَ…
katameros:2355,reference,,,draft,0,,,وَهَذِهِ هِيَ الْكَلِمَةُ الَّتي بُشِّرْتُمْ بِهَا. فَاطْرَحُوا عَنْكُمْ إذاً كُلَّ شَرٍّ وَكُلَّ غِشٍّ وَكُلَّ رِيَاءٍ…
katameros:2356,reference,,,draft,0,,,وَفى تِلْكَ الأيامِ إذْ تَكَاثَرَ التَّلامِيذُ، حَدَثَ تَذَمُّرٌ مِنَ الْيُونَانِيِّينَ عَلَى الْعِبْرَانِيِّينَ بِأنَّ…
katameros:2357,reference,,,draft,0,,,أَدْرَكْتَهُ بِبَرَكَاتِ صَلاحِكَ. وَوَضَعْتَ عَلَى رَأْسِهِ إكْلِيلاً مِنْ حَجَرٍ كَرِيمٍ. مَجْدُهُ عَظِيمٌ بِخَلاَصِك…
katameros:2358,reference,,,draft,0,,,وَبَعَدَ ذلِكَ عَيَّنَ الرَّبُّ سَبْعِينَ آخَرِينَ، وَأَرْسَلَهُمُ اثْنَيْنِ اثْنَيْنِ أمَامَ وَجْهِهِ إلى كُلِّ مَدِين…
katameros:2359,reference,,,draft,0,,,بَشَّرْتُ بِعَدلِكَ في جَمَاعَةٍ عَظِيمَةٍ، هُوَذَا لا أَمْنَعُ شَفَتَيَّ. أَقَامَ عَلَى الصَّخْرَةِ رِجْلَيَّ. وَسَهَّ…
katameros:236,reference,,,draft,0,,,لَيْسَ تِلْمِيذٌ أَفْضَلَ مِنْ مُعَلِّمِهِ، وَلا عَبْدٌ أَفْضَلَ مِنْ سَيِّدِهِ. يَكْفِي التِّلْمِيذَ أنْ يَصِيرَ كَمُع…
katameros:2360,reference,,,draft,0,,,وَكَانَ يَطُوفُ الْقُرَى الْمُحِيطَةَ يُعَلِّمُ. وَدَعَا الاثْنَيْ عَشَرَ وَابْتَدَأَ يُرْسِلُهُمُ اثْنَيْنِ اثْنَيْنِ،…
katameros:2361,reference,,,draft,0,,,اِعْتَرِفُوا لِلرَّبِّ وَادْعُوا بِاسْمِهِ. نَادُوا في الأُمَمِ بِأَعْمَالِهِ. سَبِّحُوه وَرَتِّلُوا لَهُ. حَدِّثُوا بِ…
katameros:2362,reference,,,draft,0,,,"وَفِيمَا هُوَ خَارجٌ إلى الطَّرِيقِ، أَسْرَعَ وَاحِدٌ وَجَثَا عَلَى رُكْبَتَيْهِ وَسَأَلَهُ: "" أيهَا الْمُعَلِّمُ الصَّ…"
katameros:2363,reference,,,draft,0,,,وَأَمَّا أَنْتَ فَقَدْ اتَّبَعْتَ تَعْلِيمِي، وَمَثَالِي، وَرَسْمِي الأَوَّلَ، وَإيمَانِي، وَأَنَاتِي، وَمَحَبَّتِي، وَ…
katameros:2364,reference,,,draft,0,,,أَطْلُبُ إلى الشُّيُوخِ الَّذِينَ بَيْنَكُمْ، أنا الشَّيْخَ شَرِيكَكُمْ، وَالشَّاهِدَ لآلاَمِ الْمَسِيحِ، وَشَرِيكَ الْ…
katameros:2365,reference,,,draft,0,,,"مِنْ بَعْدِ أيامٍ قَالَ بُولُسُ لِبَرْنَابَا: "" لِنَرْجِعْ وَنَتَفَقَّدِ الإخْوَةَ في كُلِّ مَدِينَةٍ بَشَّرْنَا فِيهَا…"
katameros:2366,reference,,,draft,0,,,سَبِّحُوا الرَّبَّ تَسْبِيحاً جَدِيداً، سَبِّحِي الرَّبَّ يا كُلَّ الأرْض. سَبِّحُوا الرَّبَّ وَبَارِكُوا اسْمَهُ، بَشِ…
katameros:2367,reference,,,draft,0,,,"بَدْءُ إنْجِيلِ يَسُوعَ الْمَسِيحِ ابْنِ اللَّهِ، كَمَا هُوَ مَكْتُوبٌ في إشَعْيَاءَ النَّبِيِّ: "" هَأَنَذَا أُرْسِلُ م…"
katameros:2368,reference,,,draft,0,,,فَدَخَلَ إسْرَائِيلُ إلى مِصْرَ وَيَعْقُوبُ تَغَرَّبَ في أَرْضِ حَامٍ. أَرْسَلَ مُوسَى عَبْدَهُ وَهارُونَ الَّذِي اخْتَ…
katameros:2369,reference,,,draft,0,,,وَلَمَّا سَمِعَ يَسُوعُ أنَّ يُوحَنَّا أُسْلِمَ، مَضَى إلى الْجَلِيلِ. وَتَرَكَ النَّاصِرَةَ فَأَتَى وَسَكَنَ في كَفْرَ…
katameros:237,reference,,,draft,0,,,سَبِّحُوا أيهَا الْفِتْيَانُ الرَّبَّ، سَبِّحُوا اسْمَ الرَّبِّ، لِيَكُنْ اسْمُ الرَّبِّ مُبَارَكَاً، مِنَ الآنَ وَإلى …
katameros:2370,reference,,,draft,0,,,الَّذِي صَنَعَ الْعَظَائِمَ في مِصْرَ، وَالْعَجَائِبَ في أَرْضِ حَامٍ. اُذْكُرْنَا يَارَبُّ بِمَسَرَّةِ شَعْبِكَ. وَتَع…
katameros:2371,reference,,,draft,0,,,فَعَلِمَ يَسُوعُ وَانْتَقَلَ مِنْ هُنَاكَ. وَتَبِعَتْهُ جُمُوعٌ كَثِيرَةٌ فَشَفَاهُمْ جَمِيعَاً. وَأَمَرَهُمْ أنْ لا يُ…
katameros:2372,reference,,,draft,0,,,وَأَنْتُمْ أيْضاً إذْ كُنْتُمْ أَمْوَاتاً بِزَلاَّتِكُمْ وَخَطَايَاكُمْ، التي سَلَكْتُمْ فِيهَا قَبْلاً حَسَبَ دَهْرِ ه…
katameros:2373,reference,,,draft,0,,,يَا أَحِبَّائِي، فَلْنُحِبَّ بَعْضُنَا بَعْضاً، لأنَّ الْمَحَبَّةَ هِيَ مِنَ اللَّهِ، وَكُلُّ مَنْ يُحِبُّ فَقَدْ وُلِد…
katameros:2374,reference,,,draft,0,,,وَفي ذلِكَ الْوَقْتِ وُلِدَ مُوسَى وَكَانَ جَمِيلاً مَرْضِياً عِنْدَ اللَّهِ، هذَا رُبِّيَ ثَلاثَةَ أَشْهُرٍ في بَيْتِ …
katameros:2375,reference,,,draft,0,,,وَضَرَبَ كُلَّ بِكْرٍ في أَرْضِهِمْ، وَأَوَائِلَ كُلِّ أَتْعَابِهِمْ. وَفَرِحَتْ مِصْرُ بِخُرُوجِهِمْ، لأنَّ خَوْفَهُمْ…
katameros:2376,reference,,,draft,0,,,"وَلَمَّا مَضَوْا، إذَا مَلاَكُ الرَّبِّ قَدْ ظَهَرَ لِيُوسُفَ في حُلْمٍ قَائِلاً: "" قُمْ وَخُذ الصَّبِيَّ وَأُمَّهُ وَا…"
katameros:2377,reference,,,draft,0,,,الَّذِي يُعَلِّمُ يَدَيَّ الْقِتَالَ، وَجَعَلَ سَاعِدَيَّ أقْوَاسَاً مِنْ نُحَاسٍ. وَمَنْطَقْتَنِي قُوَّةً في الْحَرْبِ…
katameros:2378,reference,,,draft,0,,,"وَلَمَّا دَخَلَ كَفْرَنَاحُومَ، جَاءَ إلَيْهِ قَائِدُ مِئَةٍ يَطْلُبُ إلَيْهِ قَائِلاً: "" يَا سَيِّدي، غُلاَمِي مَطْرُو…"
katameros:2379,reference,,,draft,0,,,عَجِيبٌ هُوَ اللَّهُ في قِدِّيسِيهِ. إلَهُ إسْرَائِيلَ هُوَ يُعْطِي قُوَّةً وَعِزَّاً لِشَعْبِهِ. وَالصِّدِّيقُونَ يَفْ…
katameros:238,reference,,,draft,0,,,"وَدَعَا الْجَمْعَ وَتَلامِيذَهُ وَقَالَ لَهُمْ: "" مَنْ أرَادَ أنْ يَأتيَ وَرَائِي فَلْيُنْكِرْ نَفْسَهُ وَيَحْمِلْ صَلِ…"
katameros:2380,reference,,,draft,0,,,وَلكِنْ أَقُولُ لَكُمْ يَا أَصْدِقَائِي: لا تَخَافُوا مِنَ الَّذِينَ يَقْتُلُونَ جَسَدَكُمْ، وَبَعْدَ ذلِكَ لَيْسَ لَهُ…
katameros:2381,reference,,,draft,0,,,أنَا نَفْسِي بُولُسُ أَطْلُبُ إلَيْكُمْ بِوَدَاعَةِ الْمَسِيحِ وَحِلْمِهِ، كَمَا أني ذَلِيلٌ بَيْنَكُمْ وَأمَامَكُمْ، و…
katameros:2382,reference,,,draft,0,,,فَإذْ قَدْ تَألَّمَ الْمَسِيحُ بِالْجَسَدِ عَنَّا، تَسَلَّحُوا أَنْتُمْ أيْضاً بِهذَا الْمِثَالِ. فَإنَّ مَنْ تَألَّمَ …
katameros:2383,reference,,,draft,0,,,وَرَجَعَ بَرْنَابَا وَشَاوُلُ مِنْ أُورُشَلِيمَ بَعْدَ مَا كَمَّلاَ الْخِدْمَةَ، وَأَخَذَا مَعَهُمَا يُوحَنَّا أيْضاً ا…
katameros:2384,reference,,,draft,0,,,تَقَلَّدْ سَيْفَكَ عَلَى فَخْذِكَ، أيهَا الْقَويُّ. بِحُسْنِكَ وَجَمَالِكَ، اسْتَلَّهُ وَانْجَحْ وَامْلِكْ.   هللويا.
katameros:2385,reference,,,draft,0,,,"ثُمَّ انْتَقَلَ مِنْ هُنَاكَ وَدَخَلَ مَجْمَعَهُمْ، وَإذَا إنْسَانٌ يَدُهُ يَابِسَةٌ، فَسَأَلُوهُ قَائِلِينَ: "" هَلْ يَ…"
katameros:2386,reference,,,draft,0,,,الرَّبُّ يُعْطِي كَلِمَةً لِلمُبَشِّرِينَ، بِقُوَّةٍ عَظِيمَةٍ. عَجِيبٌ هُوَ اللَّهُ في قِدِّيسِيهِ. إلَهُ إسْرَائِيلَ …
katameros:2387,reference,,,draft,0,,,فَانْطَلَقَ يَسُوعُ مَعَ تَلامِيذِهِ إلى عَبْرِ الْبَحْرِ، وَتَبِعَهُ جَمْعٌ كَثِيرٌ مِنَ الْجَلِيلِ وَمِنَ الْيَهُودِي…
katameros:2388,reference,,,draft,0,,,قدِّيسُوكَ يُبَارِكُونَكَ. وَمَجْدَ مُلْكِكَ يَصِفُونَ. وَبِقُوَّتِكَ يَنْطِقُونَ. لِيُظْهِرُوا لِبَنِي البَشَرِ قُدْرَ…
katameros:2389,reference,,,draft,0,,,"وَفي تِلْكَ الأيامِ خَرَجَ إلى الْجَبَلِ لِيُصَلِّيَ. وَكَانَ سَاهِراً في الصَّلاَةِ لِلَّهِ.

وَلَمَّا كَانَ النَّهَار…"
katameros:239,reference,,,draft,0,,,لأنَّ كُلَّ الَّذِينَ يَنْقَادُونَ بِرُوحِ اللَّهِ، فَأُولئِكَ هُمْ أَبنَاءُ اللَّهِ. إذْ لَمْ تَأْخُذُوا رُوحَ الْعُبُ…
katameros:2390,reference,,,draft,0,,,لأنَّ غَايَةَ النَّامُوسِ هيَ: الْمَسِيحُ لِلْبِرِّ لِكُلِّ مَنْ يُؤْمِنُ؛ لأنَّ مُوسَى كَتَبَ في الْبِرِّ الَّذِي مِنَ…
katameros:2391,reference,,,draft,0,,,لِذلِكَ سَوْفَ أُذَكِّرُكُمْ في كُلِّ حِينٍ بِهذِهِ الأُمُورِ، وَلَوْ إنَّكُمْ عَالِمُونَ وَثَابِتُونَ في الْحَقِّ الْح…
katameros:2392,reference,,,draft,0,,,وَصَعِدَ بُطْرُسُ وَيُوحَنَّا إلى الْهَيْكَلِ في وَقْتِ صَلاةِ السَّاعَةِ التَّاسِعَةِ. وَكَانَ رَجُلٌ أَعْرَجُ مِنْ بَ…
katameros:2393,reference,,,draft,0,,,السَّمَوَاتُ تُذِيعُ مَجْدَ اللَّهِ، الْفَلَكُ يُخْبِرُ بِعَمَلِ يَدَيْهِ. في كُلِّ الأَرْضِ خَرَجَ مَنْطِقُهُمْ. وَإلى…
katameros:2394,reference,,,draft,0,,,أَمَّا تُومَا، الَّذِي يُدْعَى الْتَّوْأَمَ، وَاحِدٌ مِنَ الاثْنَيْ عَشَرَ، فَلَمْ يَكُنْ مَعَهُمْ حِينَ جَاءَ إلَيهمْ …
katameros:2395,reference,,,draft,0,,,رَفَعْتُ مُخْتَاراً مِنْ شَعْبِي. وَجَدْتُ دَاوُدَ عَبْدِي، مَسَحْتُهُ بِدُهْنٍ مُقَدَّسٍ، لأنَّ يَدِي تُعَضِّدُهُ.   ه…
katameros:2396,reference,,,draft,0,,,لا تَظُنُّوا أني جِئْتُ لأُلْقِيَ سَلاَماً عَلَى الأَرْضِ، مَا جِئْتُ لأُلْقِيَ سَلاماً بَلْ سَيْفاً. فَإنِّي أَتَيْتُ …
katameros:2397,reference,,,draft,0,,,كَهَنَتُكَ يَلْبَسُونَ الْبِرَّ، وقِدِّيسُوكَ يَبْتَهِجُونَ مِنْ أَجْلِ دَاوُدَ عَبْدِكَ. هَيَّأْتُ سِرَاجاً لِمَسِيحِي…
katameros:2398,reference,,,draft,0,,,وَنَزَلَ مَعَهُمْ وَوَقَفَ في مَوْضِعٍ خَلاءٍ، مَعَ جَمْعٍ مِنْ تَلامِيذِهِ، وَجُمْهورٍ كَثِيرٍ مِنَ الشَّعْبِ، مِنْ جَ…
katameros:2399,reference,,,draft,0,,,فَإنَّهُ يَصِيرُ إبْطَالُ الْوَصِيَّةِ الأُولَى مِنْ أَجْلِ ضَعْفِهَا وَعَدَمِ نَفْعِهَا، إذِ النَّامُوسُ لَمْ يُكَمِّل…
katameros:24,reference,,,draft,0,,,أيهَا العَبِيدُ، كُونُوا خَاضِعِينَ لِسَادَتِكُمْ بِكُلِّ خَوْفٍ، لَيْسَ فَقَطْ للصَّالِحِينَ الْمُتَرَفِّقِينَ، بَلْ ل…
katameros:240,reference,,,draft,0,,,أيهَا الأحِبَّاءُ، أَطْلُبُ إلَيْكُمْ كَغُرَبَاءَ وَنُزَلاَءَ، أنْ تَبْتَعِدُوا عَنِ الشَّهَوَاتِ الْجَسَدِيَّةِ التي ت…
katameros:2400,reference,,,draft,0,,,مِنَ الشَّيْخِ، إلى غَايُوسَ الْحَبِيبِ الَّذِي أنا أُحِبُّهُ بِالْحَقِّ. أيهَا الْحَبِيبُ، في كُلِّ شَيْءٍ أَرُومُ أَن…
katameros:2401,reference,,,draft,0,,,"مِنْ بَعْدِ أيامٍ قَالَ بُولُسُ لِبَرْنَابَا: "" لِنَرْجِعْ وَنَتَفَقَّدِ الإخْوَةَ في كُلِّ مَدِينَةٍ بَشَّرْنَا فِيهَا…"
katameros:2402,reference,,,draft,0,,,مُوسَى وَهَارُونُ في كَهَنَتِهِ، وَصَمُوئيلُ في الَّذِينَ يَدْعُونَ بِاسْمِهِ. كَانُوا يَدْعُونَ الرَّبَّ وَهُوَ كَانَ …
katameros:2403,reference,,,draft,0,,,""" الْحَقَّ الْحَقَّ أَقُولُ لَكُمْ: إنَّكُمْ سَتَبْكُونَ وَتَنُوحُونَ وَالْعَالَمُ يَفْرَحُ. أَنْتُمْ سَتَحْزَنُونَ، وَ…"
katameros:2404,reference,,,draft,0,,,كَهَنَتُكَ يَلْبَسُونَ الْبِرَّ، وقِدِّيسُوكَ يَبْتَهِجُونَ مِنْ أَجْلِ دَاوُدَ عَبْدِكَ. هَيَّأْتُ سِرَاجاً لِمَسِيحِي…
katameros:2405,reference,,,draft,0,,,وَكَانَ يَسُوعُ يَطُوفُ في كُلِّ الْجَلِيلِ يُعَلِّمُ في مَجَامِعِهِمْ، وَيَكْرِزُ بِبِشَارَةِ الْمَلَكُوتِ، وَيَشْفِي …
katameros:2406,reference,,,draft,0,,,"أَقْسَمَ الرَّبُّ وَلَنْ يَنْدَمَ: "" إِنَّكَ أَنْتَ هُوَ الْكَاهِنُ إلى الأَبدِ عَلَى طَقْسِ مَلْشِيصَادَقَ "". الرَّبُّ…"
katameros:2407,reference,,,draft,0,,,وَنَزَلَ مَعَهُمْ وَوَقَفَ في مَوْضِعٍ خَلاءٍ، مَعَ جَمْعٍ مِنْ تَلامِيذِهِ، وَجُمْهورٍ كَثِيرٍ مِنَ الشَّعْبِ، مِنْ جَ…
katameros:2408,reference,,,draft,0,,,وَأَمَّا أَنْتَ فَقَدْ اتَّبَعْتَ تَعْلِيمِي، وَمَثَالِي، وَرَسْمِي الأَوَّلَ، وَإيمَانِي، وَأَنَاتِي، وَمَحَبَّتِي، وَ…
katameros:2409,reference,,,draft,0,,,أَطْلُبُ إلى الشُّيُوخِ الَّذِينَ بَيْنَكُمْ، أنا الشَّيْخَ شَرِيكَكُمْ، وَالشَّاهِدَ لآلاَمِ الْمَسِيحِ، وَشَرِيكَ الْ…
katameros:241,reference,,,draft,0,,,وَكَانَ اللَّهُ يَصْنَعُ عَلَى يَدَيْ بُولُسَ قُوَّاتٍ كَثِيرَةً، حَتَّى إِنَّهُمْ كَانُوا يَأخُذُونَ مَنادِيلَ وَخِرَق…
katameros:2410,reference,,,draft,0,,,"وَمِنْ مِيلِيتُسَ أَرْسَلَ إلى أَفَسُسَ وَاسْتَدْعَى أحْبَارَ الْكَنِيسَةِ. فَلَمَّا جَاءُوا إلَيْهِ قَالَ لَهُمْ: "" أَ…"
katameros:2411,reference,,,draft,0,,,أَمْسَكْتَ بِيَدِي الْيُمْنَى. وَبِمَشُورَتِكَ هَدَيْتَنِي وَبِالْمَجْدِ قَبِلْتَنِي. وَأنا خَيْرٌ لِي الالْتِصَاقُ بِا…
katameros:2412,reference,,,draft,0,,,""" الْحَقَّ الْحَقَّ أَقُولُ لَكُمْ: إنَّ الَّذِي لا يَدْخُلُ مِنَ الْبَابِ إلى حَظِيرَةِ الْخِرَافِ، بَلْ يَطْلَعُ مِنْ…"
katameros:2413,reference,,,draft,0,,,أَقَامَ عَلَى الصَّخْرَةِ رِجْلَيَّ. وَسَهَّلَ خُطُوَاتِي. وَجَعَلَ في فَمِي تَسْبِيحَاً جَدِيدَاً، وَسُبْحَاً لإلهِنَا…
katameros:2414,reference,,,draft,0,,,لأنهُ يُوجَدُ كَثِيرُونَ سَيَقُولُونَ لِي في ذلِكَ الْيَوْمِ: يَارَبُّ، يَارَبُّ! أَلَيْسَ بِاسْمِكَ تَنَبَّأْنا، وَبِا…
katameros:2415,reference,,,draft,0,,,حَقِّي وَرَحْمَتِي مَعَهُ، وَبِاسْمِي يَرْتَفِع قَرْنُهُ. حِينَئِذٍ بِالْوَحِيِّ تَكَلَّمْتُ مَعَ بَنِيِكَ، وَقُلْتُ: إ…
katameros:2416,reference,,,draft,0,,,"فَقَالَ لَهُ وَاحِدٌ: "" يَارَبُّ، أَقَلِيلٌ هُمُ الَّذِينَ يَخْلُصُونَ؟ "". فَقَالَ لَهُمُ: "" اجْتَهِدُوا أنْ تَدْخُلُوا…"
katameros:2417,reference,,,draft,0,,,وَأنَا أيْضاً أيهَا الإخْوَةُ لَمْ أَسْتَطِعْ أنْ أُكَلِّمَكُمْ كَرُوحِيِّينَ، بَلْ كَجَسَدِيِّينَ كَأَطْفَالٍ في الْمَ…
katameros:2418,reference,,,draft,0,,,سِمْعَانُ بُطْرُسُ عَبْدُ يَسُوعَ الْمَسِيحِ وَرَسُولُهُ، إلى الَّذِينَ نَالُوا مَعَنَا إيمَاناً مُكَرَّمَاً مُسَاوِياً…
katameros:2419,reference,,,draft,0,,,"وَبَعْدَمَا سَكَتَا، أَجَابَ يَعْقُوبُ قَائِلاً: "" أيهَا الرِّجَالُ إخْوَتُنَا، اسْمَعُونِي. سِمْعَانُ قَدْ أَخْبَرَ كَ…"
katameros:242,reference,,,draft,0,,,جُزْنا في النَّارِ وَالْمَاءِ، وَأَخْرَجْتَنَا إلى الرَّاحَةِ. أَدْخُلُ إلى بَيْتِكَ بِالْمُحْرَقَاتِ، وَأُوفِيكَ النُّ…
katameros:2420,reference,,,draft,0,,,اِسْتَمِعْ يَا اللَّهُ طِلْبَتِي، أصْغِ إلى صَلاَتِي. عَلَى الصَّخْرَةِ رَفَعْتَنِي وَأَرْشَدْتَنِي. صِرْتَ رَجَائِي وَ…
katameros:2421,reference,,,draft,0,,,"وَكَانَ جُمُوعٌ كَثِيرَةٌ سَائِرِينَ مَعَهُ، فَالْتَفَتَ وَقَالَ لَهُمْ: "" مَنْ يَأتِي إلَيَّ وَلا يُبْغِضُ أباهُ وَأُم…"
katameros:2422,reference,,,draft,0,,,"أَقْسَمَ الرَّبُّ وَلَنْ يَنْدَمَ: "" إنكَ أَنْتَ هُوَ الْكَاهِنُ إلى الأَبدِ عَلَى طَقْسِ مَلْشِيصَادَقَ "". الرَّبُّ عَ…"
katameros:2423,reference,,,draft,0,,,"وَلَمَّا جَاءَ يَسُوعُ إلى نَوَاحِي قَيْصَرِيَّةِ فِيلُبُّسَ سَألَ تَلاَمِيذَهُ قَائِلاً: "" مَاذا يَقُولُ النَّاسُ في ا…"
katameros:2424,reference,,,draft,0,,,أَمْسَكْتَ بِيَدِي الْيُمْنَى. وَبِمَشُورَتكَ هَدَيْتَنِي وَبِالْمَجْدِ قَبِلْتَنِي. وَأنا خَيْرٌ لِي الالْتِصَاقُ بِال…
katameros:2425,reference,,,draft,0,,,بِهذَا أَوْصَيْتُكُمْ حَتَّى تُحِبُّوا بَعْضُكُمْ بَعْضاً. إنْ كَانَ الْعَالَمُ يُبْغِضُكُمْ فَاعْلَمُوا أنهُ قَدْ أَبْ…
katameros:2426,reference,,,draft,0,,,فَإنَّنَا لَسْنَا نَكْرِزُ بِأَنْفُسِنَا، بَلْ بِالْمَسِيحِ يَسُوعَ رَبِّنَا، وَنَحْنُ أيْضاً عَبِيدٌ لَكُمْ مِنْ قِبَل…
katameros:2427,reference,,,draft,0,,,أيهَا العَبِيدُ، كُونُوا خَاضِعِينَ لِسَادَتِكُمْ بِكُلِّ خَوْفٍ، لَيْسَ فَقَطْ للصَّالِحِينَ الْمُتَرَفِّقِينَ، بَلْ ل…
katameros:2428,reference,,,draft,0,,,"وَمِنْ مِيلِيتُسَ أَرْسَلَ إلى أَفَسُسَ وَاسْتَدْعَى أحْبَارَ الْكَنِيسَةِ. فَلَمَّا جَاءُوا إلَيْهِ قَالَ لَهُمْ: "" أَ…"
katameros:2429,reference,,,draft,0,,,فَلْيَرْفَعُوهُ في كَنِيسَةِ شَعْبِهِ، وَلْيُبَارِكُوهُ في مَجْلِسِ الشُّيوخِ. جَعَلَ أبوَّةً مِثْلَ الْخِرَافِ. يُبْصِ…
katameros:243,reference,,,draft,0,,,وَقَبْلَ هَذَا كُلِّهِ يُلْقُونَ أَيْدِيَهُمْ عَلَيْكُمْ وَيَطْرُدُونَكُمْ، وَيُسَلِّمُونَكُمْ إلى مَجَامِعَ وَسُجُونٍ،…
katameros:2430,reference,,,draft,0,,,""" الْحَقَّ الْحَقَّ أَقُولُ لَكُمْ: إنَّ الَّذِي لا يَدْخُلُ مِنَ الْبَابِ إلى حَظِيرَةِ الْخِرَافِ، بَلْ يَطْلَعُ مِنْ…"
katameros:2431,reference,,,draft,0,,,وَليَفْرَحْ جَمِيعُ الْمُتَّكِلِينَ عَلَيْكَ، إلَى الأَبدِ يُسَرُّونَ. لأنكَ أنْتَ بَارَكْتَ الصِّدِّيقَ يَارَبُّ. مِثْ…
katameros:2432,reference,,,draft,0,,,لَيْسَ تِلْمِيذٌ أَفْضَلَ مِنْ مُعَلِّمِهِ، وَلا عَبْدٌ أَفْضَلَ مِنْ سَيِّدِهِ. يَكْفِي التِّلْمِيذَ أنْ يَصِيرَ كَمُع…
katameros:2433,reference,,,draft,0,,,كَثِيرَةٌ هيَ أَحْزَانُ الصِّدِّيقِينَ، وَمِنْ جَمِيعِهَا يُنَجِّيهِمِ الرَّبُّ. يَحْفَظُ الرَّبُّ جَمِيعَ عِظَامِهِمْ.…
katameros:2434,reference,,,draft,0,,,وَكَانَ قَوْمٌ يُونَانِيُّونَ مِنَ الَّذِينَ صَعِدُوا لِيَسْجُدُوا في الْعِيدِ. فَتَقَدَّمَ هؤُلاءِ إلى فِيلُبُّسَ الَّ…
katameros:2435,reference,,,draft,0,,,أَقُولُ أيْضاً: لِئَلاَّ يَظُنَّ أَحَدٌ إنِّي غَبِيٌّ. وَإلاَّ فاقْبَلُوني وَلَوْ كَغَبِيٍّ، لأَفْتَخِرَ أنَا أيْضاً قَ…
katameros:2436,reference,,,draft,0,,,وَهَذِهِ هِيَ الْكَلِمَةُ الَّتي بُشِّرْتُمْ بِهَا. فَاطْرَحُوا عَنْكُمْ إذاً كُلَّ شَرٍّ وَكُلَّ غِشٍّ وَكُلَّ رِيَاءٍ…
katameros:2437,reference,,,draft,0,,,وَفى تِلْكَ الأيامِ إذْ تَكَاثَرَ التَّلامِيذُ، حَدَثَ تَذَمُّرٌ مِنَ الْيُونَانِيِّينَ عَلَى الْعِبْرَانِيِّينَ بِأنَّ…
katameros:2438,reference,,,draft,0,,,أَدْرَكْتَهُ بِبَرَكَاتِ صَلاحِكَ. وَوَضَعْتَ عَلَى رَأْسِهِ إكْلِيلاً مِنْ حَجَرٍ كَرِيمٍ. مَجْدُهُ عَظِيمٌ بِخَلاَصِك…
katameros:2439,reference,,,draft,0,,,وَبَعَدَ ذلِكَ عَيَّنَ الرَّبُّ سَبْعِينَ آخَرِينَ، وَأَرْسَلَهُمُ اثْنَيْنِ اثْنَيْنِ أمَامَ وَجْهِهِ إلى كُلِّ مَدِين…
katameros:244,reference,,,draft,0,,,اعْلَمُوا أنَّ الرَّبَّ قَدْ جَعَلَ قُدُّوسَهُ عَجَبَاً. الرَّبُّ يَسْتَجِيبُ لي إذَا مَا صَرَخْتُ إلَيْهِ. قَدِ ارْتَس…
katameros:2440,reference,,,draft,0,,,"جَمِيعُ عِظَامِي تَقُولُ: "" يارَبُّ مَنْ مِثْلُكَ "". وَليَقُلْ في كُلِّ حِينٍ: لِيَتَعَظَّمِ الرَّبُّ، الَّذِينَ يُرِيد…"
katameros:2441,reference,,,draft,0,,,فَأَخْبَرَ يُوحَنَّا تَلاَمِيذُهُ عَنْ جَمِيعِ هذِهِ. فَدَعَا يُوحَنَّا اثْنَيْنِ مِنْ تَلاَمِيذِهِ، وَأَرْسَلَهُمَا إل…
katameros:2442,reference,,,draft,0,,,تُسْمِعْنِي سُروراً وفَرَحاً، فَتَبْتَهِجُ الْعِظَامُ الْمُتَوَاضِعَةُ. حِينَئِذٍ يُقَرِّبُونَ العُجُولَ، عَلَى مَذْبَح…
katameros:2443,reference,,,draft,0,,,وَحَدَثَ جِدَالٌ بَيْنَ تَلاَمِيذِ يُوحَنَّا وَالْيَهُودِ مِنْ أَجْلِ التَّطْهِير. فَجَاءُوا إلى يُوحَنَّا وَقَالُوا لَ…
katameros:2444,reference,,,draft,0,,,وَأمَّا الإيمَانُ فَهُوَ الثِّقَةُ بِمَا يُرْجَى وَالإيقَانُ بِأُمُورٍ لا تُرَى. فَإنَّهُ في هذا شُهِدَ لِلْقُدَمَاءِ. …
katameros:2445,reference,,,draft,0,,,وَهَذِهِ هِيَ الْكَلِمَةُ الَّتي بُشِّرْتُمْ بِهَا. فَاطْرَحُوا عَنْكُمْ إذاً كُلَّ شَرٍّ وَكُلَّ غِشٍّ وَكُلَّ رِيَاءٍ…
katameros:2446,reference,,,draft,0,,,وَلَمَّا أَكْمَلَ يُوحَنَّا سَعْيَهُ جَعَلَ يَقُولُ: مَنْ تَظُنُّونَ أني أَنا؟ لَسْتُ أَنا إياهُ، لكِنْ هُوَذَا يَأْتِي…
katameros:2447,reference,,,draft,0,,,إنَّ عَيْنَيِ الرَّبِّ عَلَى الصِّدِّيقِينَ، وَأُذُنَيْهِ مُصْغِيَتَانِ إلى طَلَبِهِمْ. الرَّبُّ يَحْفَظُ جَمِيعَ عِظَا…
katameros:2448,reference,,,draft,0,,,أَمَّا يُوحَنَّا فَلَمَّا سَمِعَ في السِّجْنِ بِأَعْمَالِ الْمَسِيحِ أَرْسَلَ اثْنَيْنِ مِنْ تَلاَمِيذِهِ، وَقَالَ لَهُ…
katameros:2449,reference,,,draft,0,,,رَفَعْتُ مُخْتَاراً مِنْ شَعْبِي. وَجَدْتُ دَاوُدَ عَبْدِي، مَسَحْتُهُ بِدُهْنٍ مُقَدَّسٍ، لأنَّ يَدِي تُعَضِّدُهُ.   ه…
katameros:245,reference,,,draft,0,,,لَيْسَ تِلْمِيذٌ أَفْضَلَ مِنْ مُعَلِّمِهِ، وَلا عَبْدٌ أَفْضَلَ مِنْ سَيِّدِهِ. يَكْفِي التِّلْمِيذَ أنْ يَصِيرَ كَمُع…
katameros:2450,reference,,,draft,0,,,لا تَظُنُّوا أني جِئْتُ لأُلْقِيَ سَلاَماً عَلَى الأَرْضِ، مَا جِئْتُ لأُلْقِيَ سَلاماً بَلْ سَيْفاً. فَإنِّي أَتَيْتُ …
katameros:2451,reference,,,draft,0,,,كَهَنَتُكَ يَلْبَسُونَ الْبِرَّ، وقِدِّيسُوكَ يَبْتَهِجُونَ مِنْ أَجْلِ دَاوُدَ عَبْدِكَ. هَيَّأْتُ سِرَاجاً لِمَسِيحِي…
katameros:2452,reference,,,draft,0,,,وَنَزَلَ مَعَهُمْ وَوَقَفَ في مَوْضِعٍ خَلاءٍ، مَعَ جَمْعٍ مِنْ تَلامِيذِهِ، وَجُمْهورٍ كَثِيرٍ مِنَ الشَّعْبِ، مِنْ جَ…
katameros:2453,reference,,,draft,0,,,فَإنَّهُ يَصِيرُ إبْطَالُ الْوَصِيَّةِ الأُولَى مِنْ أَجْلِ ضَعْفِهَا وَعَدَمِ نَفْعِهَا، إذِ النَّامُوسُ لَمْ يُكَمِّل…
katameros:2454,reference,,,draft,0,,,مِنَ الشَّيْخِ، إلى غَايُوسَ الْحَبِيبِ الَّذِي أنا أُحِبُّهُ بِالْحَقِّ. أيهَا الْحَبِيبُ، في كُلِّ شَيْءٍ أَرُومُ أَن…
katameros:2455,reference,,,draft,0,,,"مِنْ بَعْدِ أيامٍ قَالَ بُولُسُ لِبَرْنَابَا: "" لِنَرْجِعْ وَنَتَفَقَّدِ الإخْوَةَ في كُلِّ مَدِينَةٍ بَشَّرْنَا فِيهَا…"
katameros:2456,reference,,,draft,0,,,مُوسَى وَهَارُونُ في كَهَنَتِهِ، وَصَمُوئيلُ في الَّذِينَ يَدْعُونَ بِاسْمِهِ. كَانُوا يَدْعُونَ الرَّبَّ وَهُوَ كَانَ …
katameros:2457,reference,,,draft,0,,,""" الْحَقَّ الْحَقَّ أَقُولُ لَكُمْ: إنَّكُمْ سَتَبْكُونَ وَتَنُوحُونَ وَالْعَالَمُ يَفْرَحُ. أَنْتُمْ سَتَحْزَنُونَ، وَ…"
katameros:2458,reference,,,draft,0,,,عَجِيبٌ هُوَ اللَّهُ في قِدِّيسِيهِ. إلَهُ إسْرَائِيلَ هُوَ يُعْطِي قُوَّةً وَعِزَّاً لِشَعْبِهِ. وَالصِّدِّيقُونَ يَفْ…
katameros:2459,reference,,,draft,0,,,هَا أَنَا أُرْسِلُكُمْ كَخِرَافٍ في وَسَطِ ذِئَابٍ فَكُونُوا حُكَمَاءَ كَالْحَيَّاتِ وَبُسَطَاءَ كَالْحَمَامِ. وَاحْذَر…
katameros:246,reference,,,draft,0,,,سَبِّحُوا أيهَا الْفِتْيَانُ الرَّبَّ، سَبِّحُوا اسْمَ الرَّبِّ، لِيَكُنْ اسْمُ الرَّبِّ مُبَارَكَاً، مِنَ الآنَ وَإلى …
katameros:2460,reference,,,draft,0,,,نُورٌ أَشْرَقَ لِلصِّدِّيقِينَ، وَفَرَحٌ لِلْمُسْتَقِيمِينَ بِقَلْبِهِمْ. افْرَحُوا أيهَا الصِّدِّيقُونَ بِالرَّبِّ، وَ…
katameros:2461,reference,,,draft,0,,,فَانْظُرُوا إلى نُفُوسِكُمْ. لأنهُمْ سَيُسَلِّمُونَكُمْ إلى مَجَالِسَ، وَسَيَضْربُونَكُمْ في الْمَحَافِلِ، وَتُوقَفُونَ…
katameros:2462,reference,,,draft,0,,,فَتَفَكَّرُوا في الَّذِي احْتَمَلَ هكَذَا مِنَ الْخُطَاةِ الْمُقَاوِمِينَ لِنِفُوسِهِمْ وَحْدَهُمْ لِئَلاَّ تَكِلُّوا و…
katameros:2463,reference,,,draft,0,,,يَا أَحِبْائِي، لا تَسْتَغْرِبُوا الْبَلْوَى الْمُحْرِقَةَ التي تَحْدُث بَيْنَكُمْ، لأَجْلِ تَجرِبَتِكُمْ، كَأنهُ أَمْر…
katameros:2464,reference,,,draft,0,,,وَأمَّا خَيْمَةُ الشَّهَادَةِ فَكَانَتْ مَعَ آبَائِنَا في الْبَرِّيةِ، كَمَا أَمَرَ الَّذِي كَلَّمَ مُوسَى أنْ يَصْنَعَ…
katameros:2465,reference,,,draft,0,,,كَثِيرَةٌ هيَ أَحْزَانُ الصِّدِّيقِينَ، وَمِنْ جَمِيعِهَا يُنَجِّيهِمِ الرَّبُّ. يَحْفَظُ الرَّبُّ جَمِيعَ عِظَامِهِمْ.…
katameros:2466,reference,,,draft,0,,,وَفِيمَا هُوَ يَقُولُ هذَا، ابْتَدَأَ الْكَتَبَةُ وَالْفَرِّيسِيُّونَ يَنْظُرُونَ رَدِيَّاً، وَيُكَلِّمُونَهُ في أُمُور…
katameros:2467,reference,,,draft,0,,,افْرَحُوا أيهَا الصِّدِّيقُونَ بِالرَّبِّ وَتَهَلَّلُوا. لِلْمُسْتَقِيمِينَ يَنْبَغِي التَّسْبِيحُ. مِنْ أَجْلِ هذَا يَ…
katameros:2468,reference,,,draft,0,,,وَكَأنمَا إنْسَانٌ مُسَافِرٌ دَعَا عَبِيدَهُ وَسَلَّمَهُمْ أَمْوَالَهُ، فَأَعْطَى وَاحِداً خَمْسَ وَزَنَاتٍ، وَآخَرَ وَ…
katameros:2469,reference,,,draft,0,,,ابْتَهِجُوا أيهَا الصِّدِّيقُونَ بِالرَّبِّ. لِلْمُسْتَقِيمِينَ يَنْبَغِي التَّسْبِيحُ. طُوبَى لِلأُمَّةِ التِي الرَّبُ…
katameros:247,reference,,,draft,0,,,"وَدَعَا الْجَمْعَ وَتَلامِيذَهُ وَقَالَ لَهُمْ: "" مَنْ أرَادَ أنْ يَأتيَ وَرَائِي فَلْيُنْكِرْ نَفْسَهُ وَيَحْمِلْ صَلِ…"
katameros:2470,reference,,,draft,0,,,وَإذْ كَانُوا يَسْمَعُونَ هذَا عَادَ فَقَالَ مَثَلاً، لأنهُ كَانَ قَرِيباً مِنْ أُورُشَلِيمَ، وَكَانُوا يَظُنُّونَ أنَّ…
katameros:2471,reference,,,draft,0,,,فإنَّ وَطَنِيَّتَنَا نَحنُ هيَ في السَّمَواتِ. ومِنْ هُناكَ نَنْتَظِرُ مُخَلِّصَنَا: رَبَّنَا يَسُوعَ الْمَسِيحَ، هذَا …
katameros:2472,reference,,,draft,0,,,لا يَئِنَّ بَعْضُكُمْ عَلَى بَعْضٍ يا إخْوَتي لِئَلاَّ تُدَانُوا. هُوَذا الدَّيَّانُ وَاقِفٌ عَلَى الأبْوَابِ. خُذُوا ل…
katameros:2473,reference,,,draft,0,,,أَمَّا الَّذِينَ تَشَتَّتُوا مِنَ الضِّيقِ الَّذِي حَلَّ عَلَى اسْتِفَانُوسَ فَأَتوْا إلى فِينِيقِيَةَ وَقُبْرُسَ وَأنْ…
katameros:2474,reference,,,draft,0,,,كَثِيرَةٌ هِيَ أَحْزَانُ الصِّدِّيقِينَ، وَمِنْ جَمِيعِهَا يُنَجِّيهِمِ الرَّبُّ. وَالصِّدِّيقُونَ يَفْرَحُونَ وَيَتَهَ…
katameros:2475,reference,,,draft,0,,,لاَ تَخَفْ، أَيهَا الْقَطِيعُ الصَّغِيرُ، فَإنَّ أَباكُمْ قَدْ سُرَّ أَنْ يُعْطِيَكُمُ الْمَلَكُوتَ. بِيعُوا أَمْتعَتَك…
katameros:2476,reference,,,draft,0,,,الَّذِي يُعَلِّمُ يَدَيَّ الْقِتَالَ، وَجَعَلَ سَاعِدَيَّ أقْوَاسَاً مِنْ نُحَاسٍ. وَمَنْطَقْتَنِي قُوَّةً في الْحَرْبِ…
katameros:2477,reference,,,draft,0,,,هَا أَنَا أُرْسِلُكُمْ كَخِرَافٍ في وَسَطِ ذِئَابٍ فَكُونُوا حُكَمَاءَ كَالْحَيَّاتِ وَبُسَطَاءَ كَالْحَمَامِ. وَاحْذَر…
katameros:2478,reference,,,draft,0,,,تَقَلَّدْ سَيْفَكَ عَلَى فَخْذِكَ أيهَا الْقَويُّ. بِحُسْنِكَ وَجَمَالِكَ اسْتَلَّهُ وَانْجَحْ وَامْلِكْ. كُرْسِيُّكَ ي…
katameros:2479,reference,,,draft,0,,,وَلَمَّا صَارَ الْغَدُ مَضَى يَسُوعُ إلى مَدِينَةٍ تُدْعَى نَايِينَ، وَذَهَبَ مَعَهُ تَلاَمِيذُهُ وَجَمْعٌ كَثِيرٌ. فَل…
katameros:248,reference,,,draft,0,,,لأنَّ كُلَّ الَّذِينَ يَنْقَادُونَ بِرُوحِ اللَّهِ، فَأُولئِكَ هُمْ أَبنَاءُ اللَّهِ. إذْ لَمْ تَأْخُذُوا رُوحَ الْعُبُ…
katameros:2480,reference,,,draft,0,,,فَاشْتَرِكْ أَنْتَ في احْتِمَالِ الآلامِ كَجُنْدِيٍّ صَالِحٍ لِلْمَسِيحِ يَسُوعَ. لأنهُ لَيْسَ أَحَدٌ وَهُوَ يَتَجَنَّد…
katameros:2481,reference,,,draft,0,,,وَالنِّهَايَةُ، كُونُوا جَمِيعَاً بِرَأيٍ وَاحِدٍ، وَكُونُوا مُشْتَرِكِينَ في الآلامِ. وَكُونُوا مُحِبِّينَ الإخْوَةَ، …
katameros:2482,reference,,,draft,0,,,فَتَشاورَ الْجُنْدُ كَيْ يَقْتُلُوا الأَسْرَى لِئَلاَّ يَسْبَحَ أَحَدٌ مِنْهُمْ فَيَهْرُبَ. وَلكِنَّ قَائِدَ الْمِئَةِ،…
katameros:2483,reference,,,draft,0,,,وَعَلَى الأَفْعَى وَمَلِكِ الْحَيَّاتِ تَطَأُ. وَتَسْحَقُ الأَسَدَ وَالتنِّينَ. لأنهُ يُوصِي مَلاَئِكَتَهُ مِنْ أَجْلِك…
katameros:2484,reference,,,draft,0,,,"وَفي تِلْكَ السَّاعَةِ تَهَلَّلَ يَسُوعُ بِالرُّوحِ الْقُدُسِ وَقَالَ: "" أَشْكُرُكَ أيهَا الآبُ، رَبُّ السَّمَاءِ وَالأ…"
katameros:2485,reference,,,draft,0,,,الصِّدِّيقُونَ صَرَخُوا وَالرَّبُّ اسْتَجَابَ لَهُمْ، وَمِنْ جَمِيعِ شَدَائِدِهِمْ نَجَّاهُمْ. قَرِيبٌ هُوَ الرَّبُّ مِ…
katameros:2486,reference,,,draft,0,,,هَا أَنَا أُرْسِلُكُمْ كَخِرَافٍ في وَسَطِ ذِئَابٍ فَكُونُوا حُكَمَاءَ كَالْحَيَّاتِ وَبُسَطَاءَ كَالْحَمَامِ. وَاحْذَر…
katameros:2487,reference,,,draft,0,,,كَثِيرَةٌ هيَ أَحْزَانُ الصِّدِّيقِينَ، وَمِنْ جَمِيعِهَا يُنَجِّيهِمِ الرَّبُّ. يَحْفَظُ الرَّبُّ جَمِيعَ عِظَامِهِمْ.…
katameros:2488,reference,,,draft,0,,,"وَدَعَا الْجَمْعَ وَتَلامِيذَهُ وَقَالَ لَهُمْ: "" مَنْ أرَادَ أنْ يَأتِيَ وَرَائِي فَلْيُنْكِرْ نَفْسَهُ وَيَحْمِلْ صَل…"
katameros:2489,reference,,,draft,0,,,وَنَحْنُ نَعْلَمُ أنَّ الَّذِينَ يُحِبُّونَ اللَّهَ، وهُمُ الَّذِينَ دَعَاهُمْ حَسَبَ قَصْدِهِ السَّابِقِ، يَجْعَلُ كُل…
katameros:249,reference,,,draft,0,,,أيهَا الأحِبَّاءُ، أَطْلُبُ إلَيْكُمْ كَغُرَبَاءَ وَنُزَلاَءَ، أنْ تَبْتَعِدُوا عَنِ الشَّهَوَاتِ الْجَسَدِيَّةِ التي ت…
katameros:2490,reference,,,draft,0,,,فَإذْ قَدْ تَألَّمَ الْمَسِيحُ بِالْجَسَدِ عَنَّا، تَسَلَّحُوا أَنْتُمْ أيْضاً بِهذَا الْمِثَالِ. فَإنَّ مَنْ تَألَّمَ …
katameros:2491,reference,,,draft,0,,,وَحَدَثَ بَيْنَمَا كُنَّا ذَاهِبِينَ لِلصَّلاةِ، أنَّ جَارِيَةً بِهَا رُوحُ عِرَافَةٍ قَدْ خَرَجَتْ لاسْتَقْبَالِنَا. و…
katameros:2492,reference,,,draft,0,,,نُورٌ أَشْرَقَ لِلصِّدِّيقِينَ، وَفَرَحٌ لِلْمُسْتَقِيمِينَ بِقَلْبِهِمْ. افْرَحُوا أيهَا الصِّدِّيقُونَ بِالرَّبِّ، وَ…
katameros:2493,reference,,,draft,0,,,وَقَبْلَ هَذَا كُلِّهِ يُلْقُونَ أَيْدِيَهُمْ عَلَيْكُمْ وَيَطْرُدُونَكُمْ، وَيُسَلِّمُونَكُمْ إلى مَجَامِعَ وَسُجُونٍ،…
katameros:2494,reference,,,draft,0,,,فَدَخَلَ إسْرَائِيلُ إلى مِصْرَ وَيَعْقُوبُ تَغَرَّبَ في أَرْضِ حَامٍ. أَرْسَلَ مُوسَى عَبْدَهُ وَهارُونَ الَّذِي اخْتَ…
katameros:2495,reference,,,draft,0,,,وَلَمَّا سَمِعَ يَسُوعُ أنَّ يُوحَنَّا أُسْلِمَ، مَضَى إلى الْجَلِيلِ. وَتَرَكَ النَّاصِرَةَ فَأَتَى وَسَكَنَ في كَفْرَ…
katameros:2496,reference,,,draft,0,,,الَّذِي صَنَعَ الْعَظَائِمَ في مِصْرَ، وَالْعَجَائِبَ في أَرْضِ حَامٍ. اُذْكُرْنَا يَارَبُّ بِمَسَرَّةِ شَعْبِكَ. وَتَع…
katameros:2497,reference,,,draft,0,,,فَعَلِمَ يَسُوعُ وَانْتَقَلَ مِنْ هُنَاكَ. وَتَبِعَتْهُ جُمُوعٌ كَثِيرَةٌ فَشَفَاهُمْ جَمِيعَاً. وَأَمَرَهُمْ أنْ لا يُ…
katameros:2498,reference,,,draft,0,,,وَأَنْتُمْ أيْضاً إذْ كُنْتُمْ أَمْوَاتاً بِزَلاَّتِكُمْ وَخَطَايَاكُمْ، التي سَلَكْتُمْ فِيهَا قَبْلاً حَسَبَ دَهْرِ ه…
katameros:2499,reference,,,draft,0,,,يَا أَحِبَّائِي، فَلْنُحِبَّ بَعْضُنَا بَعْضاً، لأنَّ الْمَحَبَّةَ هِيَ مِنَ اللَّهِ، وَكُلُّ مَنْ يُحِبُّ فَقَدْ وُلِد…
katameros:25,reference,,,draft,0,,,"وَمِنْ مِيلِيتُسَ أَرْسَلَ إلى أَفَسُسَ وَاسْتَدْعَى أحْبَارَ الْكَنِيسَةِ. فَلَمَّا جَاءُوا إلَيْهِ قَالَ لَهُمْ: "" أَ…"
katameros:250,reference,,,draft,0,,,وَكَانَ اللَّهُ يَصْنَعُ عَلَى يَدَيْ بُولُسَ قُوَّاتٍ كَثِيرَةً، حَتَّى إِنَّهُمْ كَانُوا يَأخُذُونَ مَنادِيلَ وَخِرَق…
katameros:2500,reference,,,draft,0,,,وَفي ذلِكَ الْوَقْتِ وُلِدَ مُوسَى وَكَانَ جَمِيلاً مَرْضِياً عِنْدَ اللَّهِ، هذَا رُبِّيَ ثَلاثَةَ أَشْهُرٍ في بَيْتِ …
katameros:2501,reference,,,draft,0,,,وَضَرَبَ كُلَّ بِكْرٍ في أَرْضِهِمْ، وَأَوَائِلَ كُلِّ أَتْعَابِهِمْ. وَفَرِحَتْ مِصْرُ بِخُرُوجِهِمْ، لأنَّ خَوْفَهُمْ…
katameros:2502,reference,,,draft,0,,,"وَلَمَّا مَضَوْا، إذَا مَلاَكُ الرَّبِّ قَدْ ظَهَرَ لِيُوسُفَ في حُلْمٍ قَائِلاً: "" قُمْ وَخُذ الصَّبِيَّ وَأُمَّهُ وَا…"
katameros:2503,reference,,,draft,0,,,"لَمْ يَتْرُكْ إنْسَاناً يَظْلِمُهُمْ، وَبَكَّتَ ملوكاً مِنْ أجْلِهمْ، قَائِلاً: "" لا تَمَسُّوا مُسَحَائي، وَلا تُسِيئوا…"
katameros:2504,reference,,,draft,0,,,وَفِيمَا هُوَ يَتَكَلَّمُ سَألَهُ فَرِّيسِيٌّ أنْ يَأْكُلَ عِنْدَهُ، فَدَخَلَ وَاتَّكَأَ. وَأمَّا الفَرِّيسِيُّ لَمَّا …
katameros:2505,reference,,,draft,0,,,أَرْسَلَ مُوسَى عَبْدَهُ وَهارُونَ الَّذِي اخْتَارَهُ، جَعَلَ فِيهِمَا أَقْوَالَ آيَاتِهِ وَعَجَائِبِهِ، كَيْ يَحْفَظُو…
katameros:2506,reference,,,draft,0,,,وَبَعْدَ سِتَّةِ أيامٍ أخَذَ يَسُوعُ بُطْرُسَ وَيَعْقُوبَ وَيُوحَنَّا أخَاهُ وَأَصْعَدَهُمْ عَلَى جَبَلٍ عَالٍ مُنْفَرِ…
katameros:2507,reference,,,draft,0,,,بِالإيمَانِ قَرَّبَ إبْرَاهِيمُ إسْحَقَ حِينَ جُرِّبَ. وَقَرَّبَ ابْنَهُ الوَحِيدَ ذَاكَ الَّذِي قَبِلَ الْمَوَاعِيدَ ب…
katameros:2508,reference,,,draft,0,,,وَثَابِتٌ عِنْدَنَا كَلامُ الأنبِيَاءِ، هذَا الَّذِي هُوَ نِعْمَ مَا تَصْنَعُونَهُ إذَا تَأمَّلْتُمْ إلَيْهِ، كَمِثْلِ …
katameros:2509,reference,,,draft,0,,,لأنَّ مُوسَى مُنْذُ الأجْيَالِ الْقَدِيمَةِ، لَهُ في كُلِّ مَدِينَةٍ مَنْ يَكْرِزُ بِهِ، إذْ يُقْرَأُ  في الْمَجَامِعِ …
katameros:251,reference,,,draft,0,,,جُزْنا في النَّارِ وَالْمَاءِ، وَأَخْرَجْتَنَا إلى الرَّاحَةِ. أَدْخُلُ إلى بَيْتِكَ بِالْمُحْرَقَاتِ، وَأُوفِيكَ النُّ…
katameros:2510,reference,,,draft,0,,,مُوسَى وَهَارُونُ في كَهَنَتِهِ، وَصَمُوئيلُ في الَّذِينَ يَدْعُونَ بِاسْمِهِ. كَانُوا يَدْعُونَ الرَّبَّ وَهُوَ كَانَ …
katameros:2511,reference,,,draft,0,,,الْوَيْلُ لَكُمْ أيهَا الكَتَبَةُ والْفَرِّيسِيُّونَ الْمُرَاؤُونَ! لأنكُمْ تُغْلِقُونَ مَلَكُوتَ السَّمَوَاتِ قُدَّامَ…
katameros:2512,reference,,,draft,0,,,اعْلَمُوا أنَّ الرَّبَّ قَدْ جَعَلَ قُدُّوسَهُ عَجَبَاً. الرَّبُّ يَسْتَجِيبُ لي إذَا مَا صَرَخْتُ إلَيْهِ. قَدِ ارْتَس…
katameros:2513,reference,,,draft,0,,,لَيْسَ تِلْمِيذٌ أَفْضَلَ مِنْ مُعَلِّمِهِ، وَلا عَبْدٌ أَفْضَلَ مِنْ سَيِّدِهِ. يَكْفِي التِّلْمِيذَ أنْ يَصِيرَ كَمُع…
katameros:2514,reference,,,draft,0,,,سَبِّحُوا أيهَا الْفِتْيَانُ الرَّبَّ، سَبِّحُوا اسْمَ الرَّبِّ، لِيَكُنْ اسْمُ الرَّبِّ مُبَارَكَاً، مِنَ الآنَ وَإلى …
katameros:2515,reference,,,draft,0,,,"وَدَعَا الْجَمْعَ وَتَلامِيذَهُ وَقَالَ لَهُمْ: "" مَنْ أرَادَ أنْ يَأتيَ وَرَائِي فَلْيُنْكِرْ نَفْسَهُ وَيَحْمِلْ صَلِ…"
katameros:2516,reference,,,draft,0,,,لأنَّ كُلَّ الَّذِينَ يَنْقَادُونَ بِرُوحِ اللَّهِ، فَأُولئِكَ هُمْ أَبنَاءُ اللَّهِ. إذْ لَمْ تَأْخُذُوا رُوحَ الْعُبُ…
katameros:2517,reference,,,draft,0,,,أيهَا الأحِبَّاءُ، أَطْلُبُ إلَيْكُمْ كَغُرَبَاءَ وَنُزَلاَءَ، أنْ تَبْتَعِدُوا عَنِ الشَّهَوَاتِ الْجَسَدِيَّةِ التي ت…
katameros:2518,reference,,,draft,0,,,وَكَانَ اللَّهُ يَصْنَعُ عَلَى يَدَيْ بُولُسَ قُوَّاتٍ كَثِيرَةً، حَتَّى إِنَّهُمْ كَانُوا يَأخُذُونَ مَنادِيلَ وَخِرَق…
katameros:2519,reference,,,draft,0,,,جُزْنا في النَّارِ وَالْمَاءِ، وَأَخْرَجْتَنَا إلى الرَّاحَةِ. أَدْخُلُ إلى بَيْتِكَ بِالْمُحْرَقَاتِ، وَأُوفِيكَ النُّ…
katameros:252,reference,,,draft,0,,,وَقَبْلَ هَذَا كُلِّهِ يُلْقُونَ أَيْدِيَهُمْ عَلَيْكُمْ وَيَطْرُدُونَكُمْ، وَيُسَلِّمُونَكُمْ إلى مَجَامِعَ وَسُجُونٍ،…
katameros:2520,reference,,,draft,0,,,وَقَبْلَ هَذَا كُلِّهِ يُلْقُونَ أَيْدِيَهُمْ عَلَيْكُمْ وَيَطْرُدُونَكُمْ، وَيُسَلِّمُونَكُمْ إلى مَجَامِعَ وَسُجُونٍ،…
katameros:2521,reference,,,draft,0,,,قَدْ ارْتَسَمَ عَلَيْنَا نُورُ وَجْهِكَ يَارَبُّ. أَعْطيتَ سُرُوراً لِقَلْبِي؛ لأنكَ أنْتَ وَحْدَكَ يَارَبُّ، أَسْكَنْت…
katameros:2522,reference,,,draft,0,,,"حِينَئِذٍ قَالَ يَسُوعُ لِتَلامِيذِهِ: "" مَنْ أَرَادَ أنْ يَتْبَعْنِي فَلْيُنْكِرْ نَفْسَهُ وَيَحْمِلْ صَلِيبَهُ وَيَتْ…"
katameros:2523,reference,,,draft,0,,,يَفْتَخِرُ بِكَ كُلُّ الَّذِينَ يُحِبُّونَ اسْمَكَ؛ لأَنكَ أَنْتَ يَارَبُّ بَارَكْتَ الصِّدِّيقَ. مِثْلَ سِلاَحِ الْمَس…
katameros:2524,reference,,,draft,0,,,لا تَظُنُّوا أني جِئْتُ لأُلْقِيَ سَلاَماً عَلَى الأَرْضِ، مَا جِئْتُ لأُلْقِيَ سَلاماً بَلْ سَيْفاً. فَإنِّي أَتَيْتُ …
katameros:2525,reference,,,draft,0,,,لأني أَظُنُّ أنَّ آلامَ هذَا الزَّمَانِ الْحَاضِرِ لا تُقَاسُ بِالْمَجْدِ الْعَتِيدِ أنْ يُسْتَعْلَنَ فِينَا. لأنَّ انْ…
katameros:2526,reference,,,draft,0,,,وَالنِّهَايَةُ، كُونُوا جَمِيعَاً بِرَأيٍ وَاحِدٍ، وَكُونُوا مُشْتَرِكِينَ في الآلامِ. وَكُونُوا مُحِبِّينَ الإخْوَةَ، …
katameros:2527,reference,,,draft,0,,,وَحَدَثَ في ذَلِكَ الْوَقْتِ اضطرَابٌ لَيْسَ بِقَلِيلٍ بِسَبَبِ الطَّرِيقِ؛ لأنَّ وَاحداً اسْمُهُ دِيمِتْرِيُوس، صَائِغ…
katameros:2528,reference,,,draft,0,,,عَجِيبٌ هُوَ اللَّهُ في قِدِّيسِيهِ. إلَهُ إسْرَائِيلَ هُوَ يُعْطِي قُوَّةً وَعِزَّاً لِشَعْبِهِ. وَالصِّدِّيقُونَ يَفْ…
katameros:2529,reference,,,draft,0,,,وَلكِنْ أَقُولُ لَكُمْ يَا أَصْدِقَائِي: لا تَخَافُوا مِنَ الَّذِينَ يَقْتُلُونَ جَسَدَكُمْ، وَبَعْدَ ذلِكَ لَيْسَ لَهُ…
katameros:253,reference,,,draft,0,,,تُبَادِرُ الرُّؤَسَاءُ إلى كُلِّ الْمُرَتِّلِيْنَ، في وَسَطِ صَبَايَا ضَارِبَاتٍ بِالدُّفُوفِ. بَارِكُوا اللَّهَ في الْ…
katameros:2530,reference,,,draft,0,,,سَبِّحُوا الرَّبَّ مِنَ السَّمَوَاتِ. سَبِّحُوهُ في الأَعَالِي. سَبِّحُوهُ يَا جَمِيعَ مَلائِكَتِهِ. سَبِّحُوهُ يَا جَم…
katameros:2531,reference,,,draft,0,,,يُشْبِهُ مَلكُوتُ السَّمَواتِ كَنْزاً مُخْفىً في حَقْلٍ، وَجَدَهُ إنْسَانٌ فَخبَّأهُ. وَمِنَ الفَرَحِ مَضَى وَبَاعَ كُل…
katameros:2532,reference,,,draft,0,,,الَّذِي صَنَعَ مَلائِكَتَهُ أَرْوَاحَاً. وَخُدَّامَهُ نَاراً تَلْتَهِبُ. الَّذِي جَعَلَ مَسَالِكَهُ عَلَى السَّحَابِ. ا…
katameros:2533,reference,,,draft,0,,,"افَخَاطَبَهُمْ بِهذا الْمَثَلِ قَائِلاً: "" أيُّ رَجُلٍ مِنْكُمْ لَهُ مِئَةُ خَرُوفٍ، إذَا أَضَاعَ وَاحِداً مِنْهَا، أَف…"
katameros:2534,reference,,,draft,0,,,بِأنْوَاعٍ كَثِيرَةٍ وَأَشْبَاهٍ مُتَنَوِّعَةٍ كَلَّمَ اللَّهُ آباءَنَا بِالأنبِيَاءِ مُنذُ الْبَدءِ، وَأمَّا في هذِهِ …
katameros:2535,reference,,,draft,0,,,يَهُوذَا، عَبْدُ يَسُوعَ الْمَسِيحِ، وَأَخُو يَعْقُوبَ، إلى الْمَحْبُوبِينَ في اللَّهِ الآبِ، الْمَحْفُوظِينَ وَالْمَدْ…
katameros:2536,reference,,,draft,0,,,وَكَانَ في قَيْصَرِيَّةَ رَجُلٌ اسْمُهُ كُرْنيلِيُوسُ، قَائِدُ مِئَةٍ مِنَ الْكَتِيبَةِ التي تُدْعَى الإيطَالِيَّةَ. وَ…
katameros:2537,reference,,,draft,0,,,بَارِكُوا الرَّبَّ يَا جَمِيعَ مَلائِكَتِهِ. الْمُقْتَدِرِينَ بِقُوَّتهِمْ، الصَّانِعِينَ قَوْلَهُ. بَارِكُوهُ يا جَمِي…
katameros:2538,reference,,,draft,0,,,"وَضَرَبَ لَهُمْ مَثَلاً آخَرَ قَائِلاً: "" يُشْبِهُ مَلَكُوتُ السَّمَوَاتِ رَجُلاً زَرَع زَرْعاً جَيِّداً في حَقْلِهِ. و…"
katameros:2539,reference,,,draft,0,,,يُعَسْكِرُ مَلاَكُ الرَّبِّ، حَوْلَ كُلِّ خَائِفِيهِ وَيُنَجِّيهِمْ. ذُوقُوا وَانْظُرُوا مَا أَطْيَبَ الرَّبَّ! طُوبَى …
katameros:254,reference,,,draft,0,,,وَفِيمَا كَانَ يَسُوعُ في بَيْتِ عَنْيَا في بَيْتِ سِمْعَانَ الأَبْرَصِ، جَاءَتْ إلَيْهِ امْرَأةٌ مَعَهَا قَارُورَةُ طِ…
katameros:2540,reference,,,draft,0,,,"حِينَئِذٍ قَالَ يَسُوعُ لِتَلامِيذِهِ: "" مَنْ أَرَادَ أنْ يَتْبَعْنِي فَلْيُنْكِرْ نَفْسَهُ وَيَحْمِلْ صَلِيبَهُ وَيَتْ…"
katameros:2541,reference,,,draft,0,,,اسْجُدُوا لَهُ يَا جَمِيعَ مَلائِكَتِهِ، سَمِعَتْ صِهْيَوْنُ فَفَرِحَتْ. لأنكَ أنْتَ هُوَ الرَّبُّ الْعَلِيُّ عَلَى كُل…
katameros:2542,reference,,,draft,0,,,اُنْظُرُوا إذاً، لا تَحْتَقِرُوا أَحَدَ هَؤُلاءِ الصِّغَارِ، لأني أَقُولُ لَكُمْ: إنَّ مَلاَئِكَتَهُمْ في السَّمَوَاتِ …
katameros:2543,reference,,,draft,0,,,فَإنَّهُ لِمَلائِكَةٍ لَمْ يُخْضِعِ الْعَالَمَ الْعَتِيدَ الَّذِي نَتَكَلَّمُ عَنْهُ. لكِنْ شَهِدَ لَنَا وَاحِدٌ في مَو…
katameros:2544,reference,,,draft,0,,,مُبَارَكٌ اللَّهُ أَبو رَبِّنَا يَسُوعَ الْمَسِيحِ، الَّذِي بِكَثْرَةِ رَحْمَتِهِ وَلَدَنَا ثَانِيَةً لِرَجَاءٍ حَيٍّ، …
katameros:2545,reference,,,draft,0,,,"فَنَزَلَ بُطْرُسُ إلى الرِّجَالِ، وَقَالَ: "" هَا أَنا الَّذِي تَطْلُبُونَهُ. مَا هُوَ الأَمْرُ الَّذِي حَضَرْتُمْ لأَجْ…"
katameros:2546,reference,,,draft,0,,,أمَامَ الْمَلائِكَةِ أُرَتِّلُ لَكَ. وَأَسْجُدُ قُدَّامَ هَيكَلِكَ الْمُقَدَّسِ. وأَعْتَرِفُ لَكَ يَارَبُّ مِنْ كُلِّ ق…
katameros:2547,reference,,,draft,0,,,النص بالعربيوَمَتَى جَاءَ ابْنُ الإنْسَانِ في مَجْدِهِ وَجَمِيعُ مَلائِكَتِهِ الْقِدِّيسِينَ مَعَهُ، فَحِينَئِذٍ يَجْلِ…
katameros:2548,reference,,,draft,0,,,رَفَعْتُ مُخْتَاراً مِنْ شَعْبِي. وَجَدْتُ دَاوُدَ عَبْدِي، مَسَحْتُهُ بِدُهْنٍ مُقَدَّسٍ، لأنَّ يَدِي تُعَضِّدُهُ.   ه…
katameros:2549,reference,,,draft,0,,,لا تَظُنُّوا أني جِئْتُ لأُلْقِيَ سَلاَماً عَلَى الأَرْضِ، مَا جِئْتُ لأُلْقِيَ سَلاماً بَلْ سَيْفاً. فَإنِّي أَتَيْتُ …
katameros:255,reference,,,draft,0,,,مِنْ أَفْوَاهِ الأَطْفَالِ وَالرُّضعَانِ هَيَّأتَ سُبْحَاً؛ لأني أَرَى السَّمَوَاتِ أَعْمَالَ أصَابِعِكَ، الْقَمَرَ وَا…
katameros:2550,reference,,,draft,0,,,كَهَنَتُكَ يَلْبَسُونَ الْبِرَّ، وقِدِّيسُوكَ يَبْتَهِجُونَ مِنْ أَجْلِ دَاوُدَ عَبْدِكَ. هَيَّأْتُ سِرَاجاً لِمَسِيحِي…
katameros:2551,reference,,,draft,0,,,وَنَزَلَ مَعَهُمْ وَوَقَفَ في مَوْضِعٍ خَلاءٍ، مَعَ جَمْعٍ مِنْ تَلامِيذِهِ، وَجُمْهورٍ كَثِيرٍ مِنَ الشَّعْبِ، مِنْ جَ…
katameros:2552,reference,,,draft,0,,,فَإنَّهُ يَصِيرُ إبْطَالُ الْوَصِيَّةِ الأُولَى مِنْ أَجْلِ ضَعْفِهَا وَعَدَمِ نَفْعِهَا، إذِ النَّامُوسُ لَمْ يُكَمِّل…
katameros:2553,reference,,,draft,0,,,مِنَ الشَّيْخِ، إلى غَايُوسَ الْحَبِيبِ الَّذِي أنا أُحِبُّهُ بِالْحَقِّ. أيهَا الْحَبِيبُ، في كُلِّ شَيْءٍ أَرُومُ أَن…
katameros:2554,reference,,,draft,0,,,"مِنْ بَعْدِ أيامٍ قَالَ بُولُسُ لِبَرْنَابَا: "" لِنَرْجِعْ وَنَتَفَقَّدِ الإخْوَةَ في كُلِّ مَدِينَةٍ بَشَّرْنَا فِيهَا…"
katameros:2555,reference,,,draft,0,,,مُوسَى وَهَارُونُ في كَهَنَتِهِ، وَصَمُوئيلُ في الَّذِينَ يَدْعُونَ بِاسْمِهِ. كَانُوا يَدْعُونَ الرَّبَّ وَهُوَ كَانَ …
katameros:2556,reference,,,draft,0,,,""" الْحَقَّ الْحَقَّ أَقُولُ لَكُمْ: إنَّكُمْ سَتَبْكُونَ وَتَنُوحُونَ وَالْعَالَمُ يَفْرَحُ. أَنْتُمْ سَتَحْزَنُونَ، وَ…"
katameros:2557,reference,,,draft,0,,,عَجِيبٌ هُوَ اللَّهُ في قِدِّيسِيهِ. إلَهُ إسْرَائِيلَ هُوَ يُعْطِي قُوَّةً وَعِزَّاً لِشَعْبِهِ. وَالصِّدِّيقُونَ يَفْ…
katameros:2558,reference,,,draft,0,,,هَا أَنَا أُرْسِلُكُمْ كَخِرَافٍ في وَسَطِ ذِئَابٍ فَكُونُوا حُكَمَاءَ كَالْحَيَّاتِ وَبُسَطَاءَ كَالْحَمَامِ. وَاحْذَر…
katameros:2559,reference,,,draft,0,,,نُورٌ أَشْرَقَ لِلصِّدِّيقِينَ، وَفَرَحٌ لِلْمُسْتَقِيمِينَ بِقَلْبِهِمْ. افْرَحُوا أيهَا الصِّدِّيقُونَ بِالرَّبِّ، وَ…
katameros:256,reference,,,draft,0,,,"قَالَتْ لَهُ الْمَرْأَةُ: "" يَا سَيِّدي أَعْطِنِي هذَا الْمَاءَ؛ لِكَيْ لا أَعْطَشَ وَلا آتِيَ إلى هُنَا لأَسْتَقِيَ "".…"
katameros:2560,reference,,,draft,0,,,فَانْظُرُوا إلى نُفُوسِكُمْ. لأنهُمْ سَيُسَلِّمُونَكُمْ إلى مَجَالِسَ، وَسَيَضْربُونَكُمْ في الْمَحَافِلِ، وَتُوقَفُونَ…
katameros:2561,reference,,,draft,0,,,فَتَفَكَّرُوا في الَّذِي احْتَمَلَ هكَذَا مِنَ الْخُطَاةِ الْمُقَاوِمِينَ لِنِفُوسِهِمْ وَحْدَهُمْ لِئَلاَّ تَكِلُّوا و…
katameros:2562,reference,,,draft,0,,,يَا أَحِبْائِي، لا تَسْتَغْرِبُوا الْبَلْوَى الْمُحْرِقَةَ التي تَحْدُث بَيْنَكُمْ، لأَجْلِ تَجرِبَتِكُمْ، كَأنهُ أَمْر…
katameros:2563,reference,,,draft,0,,,وَأمَّا خَيْمَةُ الشَّهَادَةِ فَكَانَتْ مَعَ آبَائِنَا في الْبَرِّيةِ، كَمَا أَمَرَ الَّذِي كَلَّمَ مُوسَى أنْ يَصْنَعَ…
katameros:2564,reference,,,draft,0,,,كَثِيرَةٌ هيَ أَحْزَانُ الصِّدِّيقِينَ، وَمِنْ جَمِيعِهَا يُنَجِّيهِمِ الرَّبُّ. يَحْفَظُ الرَّبُّ جَمِيعَ عِظَامِهِمْ.…
katameros:2565,reference,,,draft,0,,,وَفِيمَا هُوَ يَقُولُ هذَا، ابْتَدَأَ الْكَتَبَةُ وَالْفَرِّيسِيُّونَ يَنْظُرُونَ رَدِيَّاً، وَيُكَلِّمُونَهُ في أُمُور…
katameros:2566,reference,,,draft,0,,,ذِكْرُ الصِّدِّيقِ يَكُونُ إلى الأبدِ. وَلا يَخْشَى مِنَ السَّمَاعِ الْخَبِيثِ. وَبِرُّهُ دَائِمٌ إلى أَبدِ الأبدِ. يَر…
katameros:2567,reference,,,draft,0,,,اسْهَرُوا إذَاً لأَنكُمْ لا تَعْلَمُونَ في أَيةِ سَاعَةٍ يَأتِي رَبكُمْ. وَاعْلَمُوا هَذَا: أنهُ لَوْ كَانَ رَبُّ الْبَ…
katameros:2568,reference,,,draft,0,,,وَيَرْتَفِعُ قَرْنِي مِثْلَ وَحِيدِ القَرْنِ. وَشَيخُوخَتِي في دُهْنٍ دَسِمٍ. وَيَكُونُونَ بِمَا هُمْ مُسْتَريحونَ، يُخ…
katameros:2569,reference,,,draft,0,,,وَإذْ كَانُوا يَسْمَعُونَ هذَا عَادَ فَقَالَ مَثَلاً، لأنهُ كَانَ قَرِيباً مِنْ أُورُشَلِيمَ، وَكَانُوا يَظُنُّونَ أنَّ…
katameros:257,reference,,,draft,0,,,سِيرُوا إذاً كَأَوْلاَدِ النُّورِ؛ لأنَّ ثَمَرَ النُّورِ هُوَ في كُلِّ صَلاَحٍ وَبِرٍّ وَحَقٍّ. مُخْتَبِرِينَ مَا هُوَ …
katameros:2570,reference,,,draft,0,,,مَاذا أقُولُ أيْضاً؟ لأنهُ يُعْوِزُنِي الوَقْتُ إنْ أَخْبَرْتُ عَنْ جِدْعُونَ، وَبَارَاقَ، وَشَمْشُونَ، وَيَفْتَاحَ، وَ…
katameros:2571,reference,,,draft,0,,,لا يَئِنَّ بَعْضُكُمْ عَلَى بَعْضٍ يا إخْوَتي لِئَلاَّ تُدَانُوا. هُوَذا الدَّيَّانُ وَاقِفٌ عَلَى الأبْوَابِ. خُذُوا ل…
katameros:2572,reference,,,draft,0,,,وَكَانَ يُوجَدُ يَهُودِيٌّ اسْمُهُ أَبلُّوسُ، إسْكَنْدَرِيُّ الْجِنْسِ، رَجُلٌ فَصِيحٌ قَدُمَ إلى أَفَسُسَ مُقْتَدِرٌ ف…
katameros:2573,reference,,,draft,0,,,الصِّدِّيقُ كَالنَّخْلَةِ يُزْهِرُ، وَكَمِثْلِ أَرْزِ لُبْنَانَ يَنْمُو. مَغْرُوسِينَ في بَيْتِ الرَّبِّ، وفي دِيَارِ ب…
katameros:2574,reference,,,draft,0,,,لاَ تَخَفْ، أَيهَا الْقَطِيعُ الصَّغِيرُ، فَإنَّ أَباكُمْ قَدْ سُرَّ أَنْ يُعْطِيَكُمُ الْمَلَكُوتَ. بِيعُوا أَمْتعَتَك…
katameros:2575,reference,,,draft,0,,,افْرَحُوا أيهَا الصِّدِّيقُونَ بِالرَّبِّ وَتَهَلَّلُوا. لِلْمُسْتَقِيمِينَ يَنْبَغِي التَّسْبِيحُ. مِنْ أَجْلِ هذَا يَ…
katameros:2576,reference,,,draft,0,,,وَكَأنمَا إنْسَانٌ مُسَافِرٌ دَعَا عَبِيدَهُ وَسَلَّمَهُمْ أَمْوَالَهُ، فَأَعْطَى وَاحِداً خَمْسَ وَزَنَاتٍ، وَآخَرَ وَ…
katameros:2577,reference,,,draft,0,,,ابْتَهِجُوا أيهَا الصِّدِّيقُونَ بِالرَّبِّ. لِلْمُسْتَقِيمِينَ يَنْبَغِي التَّسْبِيحُ. طُوبَى لِلأُمَّةِ التِي الرَّبُ…
katameros:2578,reference,,,draft,0,,,وَإذْ كَانُوا يَسْمَعُونَ هذَا عَادَ فَقَالَ مَثَلاً، لأنهُ كَانَ قَرِيباً مِنْ أُورُشَلِيمَ، وَكَانُوا يَظُنُّونَ أنَّ…
katameros:2579,reference,,,draft,0,,,فإنَّ وَطَنِيَّتَنَا نَحنُ هيَ في السَّمَواتِ. ومِنْ هُناكَ نَنْتَظِرُ مُخَلِّصَنَا: رَبَّنَا يَسُوعَ الْمَسِيحَ، هذَا …
katameros:258,reference,,,draft,0,,,لأنهُ هَكَذَا كَانَتْ قَدِيماً النِّسَاءُ الْقِدِّيسَاتُ الْمُتَوَكِّلاَتُ أيْضاً عَلَى اللَّهِ، يُزَيِّنَّ أَنْفُسَهُن…
katameros:2580,reference,,,draft,0,,,لا يَئِنَّ بَعْضُكُمْ عَلَى بَعْضٍ يا إخْوَتي لِئَلاَّ تُدَانُوا. هُوَذا الدَّيَّانُ وَاقِفٌ عَلَى الأبْوَابِ. خُذُوا ل…
katameros:2581,reference,,,draft,0,,,أَمَّا الَّذِينَ تَشَتَّتُوا مِنَ الضِّيقِ الَّذِي حَلَّ عَلَى اسْتِفَانُوسَ فَأَتوْا إلى فِينِيقِيَةَ وَقُبْرُسَ وَأنْ…
katameros:2582,reference,,,draft,0,,,كَثِيرَةٌ هِيَ أَحْزَانُ الصِّدِّيقِينَ، وَمِنْ جَمِيعِهَا يُنَجِّيهِمِ الرَّبُّ. وَالصِّدِّيقُونَ يَفْرَحُونَ وَيَتَهَ…
katameros:2583,reference,,,draft,0,,,لاَ تَخَفْ، أَيهَا الْقَطِيعُ الصَّغِيرُ، فَإنَّ أَباكُمْ قَدْ سُرَّ أَنْ يُعْطِيَكُمُ الْمَلَكُوتَ. بِيعُوا أَمْتعَتَك…
katameros:2584,reference,,,draft,0,,,أَجْعَلُ ذُرِّيَتَهُ إلى دَهْرِ الدَّهرِ، وعَرْشَهُ مِثْلَ أيامِ السَّمَاءِ. نسْلُهُ إلى الدَّهْرِ يَدُومُ، وعَرْشُهُ م…
katameros:2585,reference,,,draft,0,,,"وَإذْ كَانَ يُصَلِّي وَحْدَهُ عَلَى انْفِرَادٍ كَانَ التَّلامِيذُ مَعَهُ. فَسَأَلَهُمْ قَائِلاً: "" مَنْ يَقُولُ النَّاس…"
katameros:2586,reference,,,draft,0,,,فَلْيَرْفَعُوهُ في كَنِيسَةِ شَعْبِهِ، وَلْيُبَارِكُوهُ في مَجْلِسِ الشُّيوخِ. جَعَلَ أبوَّةً مِثْلَ الْخِرَافِ. يُبْصِ…
katameros:2587,reference,,,draft,0,,,وَجَاءَ إلى بَيْتِ صَيْدَا، فَقَدَّمُوا إلَيْهِ أَعْمَى وَطَلَبُوا إلَيْهِ أنْ يَلْمِسَهُ، فَأخَذَ بِيَدِ الأَعْمَى وَأ…
katameros:2588,reference,,,draft,0,,,فَإذْ لَنَا رَئِيسُ كَهَنَةٍ عَظِيمٌ قَدِ اجْتَازَ السَّمَوَاتِ، يَسُوعُ ابْنُ اللَّهِ، فَلْنَتَمَسَّكْ بِالإقْرَارِ. ل…
katameros:2589,reference,,,draft,0,,,بُطْرُسُ، رَسُولُ يَسُوعَ الْمَسِيحِ، إلى الْمُخْتَارِينَ الْمُتَغَرِّبِينَ في شَتَاتِ بُنْتُسَ وَغَلاَطِيَّةَ وَكَبَّا…
katameros:259,reference,,,draft,0,,,وَلكِنْ حَدَثَ لَمَّا اسْتَكْمَلْنَا الأيامَ خَرَجْنَا وَمَشَيْنَا، وَهُمْ يُشَيِّعُونَنَا، مَعَ نِسَاءٍ أيْضاً وَأَوْل…
katameros:2590,reference,,,draft,0,,,وَفي ذَلِكَ الوَقْتِ رَفَعَ هِيرُودِسُ يَدَهُ عَلَى قَومٍ مِنَ الكَنْيسَةِ لِيُسِيئَ إليهم، فَقَتَلَ يَعْقُوبَ أخَا يُو…
katameros:2591,reference,,,draft,0,,,"أَقْسَمَ الرَّبُّ وَلَنْ يَنْدَمَ: "" إِنَّكَ أَنْتَ هُوَ الْكَاهِنُ إلى الأَبدِ عَلَى طَقْسِ مَلْشِيصَادَقَ "". الرَّبُّ…"
katameros:2592,reference,,,draft,0,,,"وَلَمَّا جَاءَ يَسُوعُ إلى نَوَاحِي قَيْصَرِيَّةِ فِيلُبُّسَ سَألَ تَلاَمِيذَهُ قَائِلاً: "" مَاذا يَقُولُ النَّاسُ في ا…"
katameros:2593,reference,,,draft,0,,,الصِّدِّيقُونَ صَرَخُوا وَالرَّبُّ اسْتَجَابَ لَهُمْ، وَمِنْ جَمِيعِ شَدَائِدِهِمْ نَجَّاهُمْ. قَرِيبٌ هُوَ الرَّبُّ مِ…
katameros:2594,reference,,,draft,0,,,هَا أَنَا أُرْسِلُكُمْ كَخِرَافٍ في وَسَطِ ذِئَابٍ فَكُونُوا حُكَمَاءَ كَالْحَيَّاتِ وَبُسَطَاءَ كَالْحَمَامِ. وَاحْذَر…
katameros:2595,reference,,,draft,0,,,كَثِيرَةٌ هيَ أَحْزَانُ الصِّدِّيقِينَ، وَمِنْ جَمِيعِهَا يُنَجِّيهِمِ الرَّبُّ. يَحْفَظُ الرَّبُّ جَمِيعَ عِظَامِهِمْ.…
katameros:2596,reference,,,draft,0,,,"وَدَعَا الْجَمْعَ وَتَلامِيذَهُ وَقَالَ لَهُمْ: "" مَنْ أرَادَ أنْ يَأتِيَ وَرَائِي فَلْيُنْكِرْ نَفْسَهُ وَيَحْمِلْ صَل…"
katameros:2597,reference,,,draft,0,,,وَنَحْنُ نَعْلَمُ أنَّ الَّذِينَ يُحِبُّونَ اللَّهَ، وهُمُ الَّذِينَ دَعَاهُمْ حَسَبَ قَصْدِهِ السَّابِقِ، يَجْعَلُ كُل…
katameros:2598,reference,,,draft,0,,,فَإذْ قَدْ تَألَّمَ الْمَسِيحُ بِالْجَسَدِ عَنَّا، تَسَلَّحُوا أَنْتُمْ أيْضاً بِهذَا الْمِثَالِ. فَإنَّ مَنْ تَألَّمَ …
katameros:2599,reference,,,draft,0,,,وَحَدَثَ بَيْنَمَا كُنَّا ذَاهِبِينَ لِلصَّلاةِ، أنَّ جَارِيَةً بِهَا رُوحُ عِرَافَةٍ قَدْ خَرَجَتْ لاسْتَقْبَالِنَا. و…
katameros:26,reference,,,draft,0,,,فَلْيَرْفَعُوهُ في كَنِيسَةِ شَعْبِهِ، وَلْيُبَارِكُوهُ في مَجْلِسِ الشُّيوخِ. جَعَلَ أبوَّةً مِثْلَ الْخِرَافِ. يُبْصِ…
katameros:260,reference,,,draft,0,,,يُدْخِلْنَ للْمَلِكِ عَذَارَى في إثْرِهَا. جَمِيعُ صَاحِبَاتِهَا لَهُ يُقَدَّمْنَ. يُدْخِلْنَهُنَّ بِفَرَحٍ وَابْتِهَاج…
katameros:2600,reference,,,draft,0,,,نُورٌ أَشْرَقَ لِلصِّدِّيقِينَ، وَفَرَحٌ لِلْمُسْتَقِيمِينَ بِقَلْبِهِمْ. افْرَحُوا أيهَا الصِّدِّيقُونَ بِالرَّبِّ، وَ…
katameros:2601,reference,,,draft,0,,,وَقَبْلَ هَذَا كُلِّهِ يُلْقُونَ أَيْدِيَهُمْ عَلَيْكُمْ وَيَطْرُدُونَكُمْ، وَيُسَلِّمُونَكُمْ إلى مَجَامِعَ وَسُجُونٍ،…
katameros:2602,reference,,,draft,0,,,"لَمْ يَتْرُكْ إنْسَاناً يَظْلِمُهُمْ، وَبَكَّتَ ملوكاً مِنْ أجْلِهمْ، قَائِلاً: "" لا تَمَسُّوا مُسَحَائي، وَلا تُسِيئوا…"
katameros:2603,reference,,,draft,0,,,وَفِيمَا هُوَ يَتَكَلَّمُ سَألَهُ فَرِّيسِيٌّ أنْ يَأْكُلَ عِنْدَهُ، فَدَخَلَ وَاتَّكَأَ. وَأمَّا الفَرِّيسِيُّ لَمَّا …
katameros:2604,reference,,,draft,0,,,أَرْسَلَ مُوسَى عَبْدَهُ وَهارُونَ الَّذِي اخْتَارَهُ، جَعَلَ فِيهِمَا أَقْوَالَ آيَاتِهِ وَعَجَائِبِهِ، كَيْ يَحْفَظُو…
katameros:2605,reference,,,draft,0,,,وَبَعْدَ سِتَّةِ أيامٍ أخَذَ يَسُوعُ بُطْرُسَ وَيَعْقُوبَ وَيُوحَنَّا أخَاهُ وَأَصْعَدَهُمْ عَلَى جَبَلٍ عَالٍ مُنْفَرِ…
katameros:2606,reference,,,draft,0,,,بِالإيمَانِ قَرَّبَ إبْرَاهِيمُ إسْحَقَ حِينَ جُرِّبَ. وَقَرَّبَ ابْنَهُ الوَحِيدَ ذَاكَ الَّذِي قَبِلَ الْمَوَاعِيدَ ب…
katameros:2607,reference,,,draft,0,,,وَثَابِتٌ عِنْدَنَا كَلامُ الأنبِيَاءِ، هذَا الَّذِي هُوَ نِعْمَ مَا تَصْنَعُونَهُ إذَا تَأمَّلْتُمْ إلَيْهِ، كَمِثْلِ …
katameros:2608,reference,,,draft,0,,,لأنَّ مُوسَى مُنْذُ الأجْيَالِ الْقَدِيمَةِ، لَهُ في كُلِّ مَدِينَةٍ مَنْ يَكْرِزُ بِهِ، إذْ يُقْرَأُ  في الْمَجَامِعِ …
katameros:2609,reference,,,draft,0,,,مُوسَى وَهَارُونُ في كَهَنَتِهِ، وَصَمُوئيلُ في الَّذِينَ يَدْعُونَ بِاسْمِهِ. كَانُوا يَدْعُونَ الرَّبَّ وَهُوَ كَانَ …
katameros:261,reference,,,draft,0,,,حِينَئِذٍ يُشْبِهُ مَلَكُوتُ السَّمَوَاتِ عَشْرَ عَذَارَى، أَخَذْنَ مَصَابِيحَهُنَّ وَخَرَجْنَ لِلِقَاءِ الْعَرِيسِ. وَ…
katameros:2610,reference,,,draft,0,,,الْوَيْلُ لَكُمْ أيهَا الكَتَبَةُ والْفَرِّيسِيُّونَ الْمُرَاؤُونَ! لأنكُمْ تُغْلِقُونَ مَلَكُوتَ السَّمَوَاتِ قُدَّامَ…
katameros:2611,reference,,,draft,0,,,أَعْمَالٌ مَجِيدَةٌ قَدْ قِيلَتْ لأَجْلِكِ، يَا مَدِينةَ اللَّهِ. وَهُوَ الْعَلِيُّ الَّذِي أسَّسَهَا إلى الأَبدِ. لأنَ…
katameros:2612,reference,,,draft,0,,,وَفِيمَا هُمْ سَائِرُونَ دَخَلَ قَرْيَةً، فَقَبِلَتْهُ امْرَأَةٌ اسْمُهَا مَرْثَا في بَيْتِهَا. وَكَانَتْ لِهذِهِ أُخْت…
katameros:2613,reference,,,draft,0,,,كَمِثْلِ مَا سَمِعْنَا كَذلِكَ رَأَيْنَا، في مَدِينَةِ رَبِّ الْقُوَّاتِ في مَدِينَةِ إلَهِنَا. عَظِيمٌ هُوَ الرَّبُّ و…
katameros:2614,reference,,,draft,0,,,الإنْسَانُ الصَّالِحُ مِنْ كَنْزِهِ الصَّالِحِ يُخْرِجُ الصَّلاَحَ. والإنْسَانُ الشِّرِّيرُ مِنْ كَنْزِهِ الشِّرِّيرِ ي…
katameros:2615,reference,,,draft,0,,,فَأمَّا القُبَّةُ الأُولَى فَكَانَ فِيها وَصَايَا الْخِدْمَةِ وَقُدسٌ مُزيَّنٌ، لأنَّ القُبَّةَ الأُولَى صُنِعَتْ وَهيَ…
katameros:2616,reference,,,draft,0,,,مِنَ الشَّيخِ إلى السَّيِّدَةِ الْمُخْتَارَةِ، وَإلى أَوْلاَدِهَا الَّذِينَ أَنا أُحِبُّهُمْ بِالْحَقِّ، وَلَسْتُ أَنا …
katameros:2617,reference,,,draft,0,,,الْكَلاَمُ الأوَّلُ أَنْشَأْتُهُ يَا ثَاؤفِيلُسُ، عَنْ جَمِيعِ مَا ابْتَدَأَ يَسُوعُ يَفْعَلُهُ وَيُعَلِّمُ بِهِ، إلى ا…
katameros:2618,reference,,,draft,0,,,وَلَهُ تَسْجُدُ بَنَاتُ صُورَ بِالْهَدَايَا، وَيَتَلَقَّوْنَ وَجْهَهُ أَغْنِيَاءُ شَعْبِ الأَرْضِ. كُلُّ مَجْدِ ابْنَةِ…
katameros:2619,reference,,,draft,0,,,فَقَامَتْ مَرْيَمُ في تِلْكَ الأيامِ وَذَهَبَتْ بِسُرْعَةٍ إلى الْجَبَلِ إلى مَدِينَةِ يَهُوذَا، وَدَخَلَتْ بَيْتَ زَكَ…
katameros:262,reference,,,draft,0,,,كَهَنَتُكَ يَلْبَسُونَ الْبِرَّ، وقِدِّيسُوكَ يَبْتَهِجُونَ مِنْ أَجْلِ دَاوُدَ عَبْدِكَ. هَيَّأْتُ سِرَاجاً لِمَسِيحِي…
katameros:2620,reference,,,draft,0,,,اعْلَمُوا أنَّ الرَّبَّ قَدْ جَعَلَ قُدُّوسَهُ عَجَبَاً. الرَّبُّ يَسْتَجِيبُ لي إذَا مَا صَرَخْتُ إلَيْهِ. قَدِ ارْتَس…
katameros:2621,reference,,,draft,0,,,لَيْسَ تِلْمِيذٌ أَفْضَلَ مِنْ مُعَلِّمِهِ، وَلا عَبْدٌ أَفْضَلَ مِنْ سَيِّدِهِ. يَكْفِي التِّلْمِيذَ أنْ يَصِيرَ كَمُع…
katameros:2622,reference,,,draft,0,,,سَبِّحُوا أيهَا الْفِتْيَانُ الرَّبَّ، سَبِّحُوا اسْمَ الرَّبِّ، لِيَكُنْ اسْمُ الرَّبِّ مُبَارَكَاً، مِنَ الآنَ وَإلى …
katameros:2623,reference,,,draft,0,,,"وَدَعَا الْجَمْعَ وَتَلامِيذَهُ وَقَالَ لَهُمْ: "" مَنْ أرَادَ أنْ يَأتيَ وَرَائِي فَلْيُنْكِرْ نَفْسَهُ وَيَحْمِلْ صَلِ…"
katameros:2624,reference,,,draft,0,,,لأنَّ كُلَّ الَّذِينَ يَنْقَادُونَ بِرُوحِ اللَّهِ، فَأُولئِكَ هُمْ أَبنَاءُ اللَّهِ. إذْ لَمْ تَأْخُذُوا رُوحَ الْعُبُ…
katameros:2625,reference,,,draft,0,,,أيهَا الأحِبَّاءُ، أَطْلُبُ إلَيْكُمْ كَغُرَبَاءَ وَنُزَلاَءَ، أنْ تَبْتَعِدُوا عَنِ الشَّهَوَاتِ الْجَسَدِيَّةِ التي ت…
katameros:2626,reference,,,draft,0,,,وَكَانَ اللَّهُ يَصْنَعُ عَلَى يَدَيْ بُولُسَ قُوَّاتٍ كَثِيرَةً، حَتَّى إِنَّهُمْ كَانُوا يَأخُذُونَ مَنادِيلَ وَخِرَق…
katameros:2627,reference,,,draft,0,,,جُزْنا في النَّارِ وَالْمَاءِ، وَأَخْرَجْتَنَا إلى الرَّاحَةِ. أَدْخُلُ إلى بَيْتِكَ بِالْمُحْرَقَاتِ، وَأُوفِيكَ النُّ…
katameros:2628,reference,,,draft,0,,,وَقَبْلَ هَذَا كُلِّهِ يُلْقُونَ أَيْدِيَهُمْ عَلَيْكُمْ وَيَطْرُدُونَكُمْ، وَيُسَلِّمُونَكُمْ إلى مَجَامِعَ وَسُجُونٍ،…
katameros:2629,reference,,,draft,0,,,افْرَحُوا أيهَا الصِّدِّيقُونَ بِالرَّبِّ وَتَهَلَّلُوا. لِلْمُسْتَقِيمِينَ يَنْبَغِي التَّسْبِيحُ. مِنْ أَجْلِ هذَا يَ…
katameros:263,reference,,,draft,0,,,وَكَانَ يَسُوعُ يَطُوفُ في كُلِّ الْجَلِيلِ يُعَلِّمُ في مَجَامِعِهِمْ، وَيَكْرِزُ بِبِشَارَةِ الْمَلَكُوتِ، وَيَشْفِي …
katameros:2630,reference,,,draft,0,,,وَكَأنمَا إنْسَانٌ مُسَافِرٌ دَعَا عَبِيدَهُ وَسَلَّمَهُمْ أَمْوَالَهُ، فَأَعْطَى وَاحِداً خَمْسَ وَزَنَاتٍ، وَآخَرَ وَ…
katameros:2631,reference,,,draft,0,,,ابْتَهِجُوا أيهَا الصِّدِّيقُونَ بِالرَّبِّ. لِلْمُسْتَقِيمِينَ يَنْبَغِي التَّسْبِيحُ. طُوبَى لِلأُمَّةِ التِي الرَّبُ…
katameros:2632,reference,,,draft,0,,,وَإذْ كَانُوا يَسْمَعُونَ هذَا عَادَ فَقَالَ مَثَلاً، لأنهُ كَانَ قَرِيباً مِنْ أُورُشَلِيمَ، وَكَانُوا يَظُنُّونَ أنَّ…
katameros:2633,reference,,,draft,0,,,فإنَّ وَطَنِيَّتَنَا نَحنُ هيَ في السَّمَواتِ. ومِنْ هُناكَ نَنْتَظِرُ مُخَلِّصَنَا: رَبَّنَا يَسُوعَ الْمَسِيحَ، هذَا …
katameros:2634,reference,,,draft,0,,,لا يَئِنَّ بَعْضُكُمْ عَلَى بَعْضٍ يا إخْوَتي لِئَلاَّ تُدَانُوا. هُوَذا الدَّيَّانُ وَاقِفٌ عَلَى الأبْوَابِ. خُذُوا ل…
katameros:2635,reference,,,draft,0,,,أَمَّا الَّذِينَ تَشَتَّتُوا مِنَ الضِّيقِ الَّذِي حَلَّ عَلَى اسْتِفَانُوسَ فَأَتوْا إلى فِينِيقِيَةَ وَقُبْرُسَ وَأنْ…
katameros:2636,reference,,,draft,0,,,كَثِيرَةٌ هِيَ أَحْزَانُ الصِّدِّيقِينَ، وَمِنْ جَمِيعِهَا يُنَجِّيهِمِ الرَّبُّ. وَالصِّدِّيقُونَ يَفْرَحُونَ وَيَتَهَ…
katameros:2637,reference,,,draft,0,,,لاَ تَخَفْ، أَيهَا الْقَطِيعُ الصَّغِيرُ، فَإنَّ أَباكُمْ قَدْ سُرَّ أَنْ يُعْطِيَكُمُ الْمَلَكُوتَ. بِيعُوا أَمْتعَتَك…
katameros:2638,reference,,,draft,0,,,أَقَامَ عَلَى الصَّخْرَةِ رِجْلَيَّ. وَسَهَّلَ خُطُوَاتِي. وَجَعَلَ في فَمِي تَسْبِيحَاً جَدِيدَاً، وَسُبْحَاً لإلهِنَا…
katameros:2639,reference,,,draft,0,,,لأنهُ يُوجَدُ كَثِيرُونَ سَيَقُولُونَ لِي في ذلِكَ الْيَوْمِ: يَارَبُّ، يَارَبُّ! أَلَيْسَ بِاسْمِكَ تَنَبَّأْنا، وَبِا…
katameros:264,reference,,,draft,0,,,"أَقْسَمَ الرَّبُّ وَلَنْ يَنْدَمَ: "" إِنَّكَ أَنْتَ هُوَ الْكَاهِنُ إلى الأَبدِ عَلَى طَقْسِ مَلْشِيصَادَقَ "". الرَّبُّ…"
katameros:2640,reference,,,draft,0,,,حَقِّي وَرَحْمَتِي مَعَهُ، وَبِاسْمِي يَرْتَفِع قَرْنُهُ. حِينَئِذٍ بِالْوَحِيِّ تَكَلَّمْتُ مَعَ بَنِيِكَ، وَقُلْتُ: إ…
katameros:2641,reference,,,draft,0,,,"فَقَالَ لَهُ وَاحِدٌ: "" يَارَبُّ، أَقَلِيلٌ هُمُ الَّذِينَ يَخْلُصُونَ؟ "". فَقَالَ لَهُمُ: "" اجْتَهِدُوا أنْ تَدْخُلُوا…"
katameros:2642,reference,,,draft,0,,,وَأنَا أيْضاً أيهَا الإخْوَةُ لَمْ أَسْتَطِعْ أنْ أُكَلِّمَكُمْ كَرُوحِيِّينَ، بَلْ كَجَسَدِيِّينَ كَأَطْفَالٍ في الْمَ…
katameros:2643,reference,,,draft,0,,,سِمْعَانُ بُطْرُسُ عَبْدُ يَسُوعَ الْمَسِيحِ وَرَسُولُهُ، إلى الَّذِينَ نَالُوا مَعَنَا إيمَاناً مُكَرَّمَاً مُسَاوِياً…
katameros:2644,reference,,,draft,0,,,"وَبَعْدَمَا سَكَتَا، أَجَابَ يَعْقُوبُ قَائِلاً: "" أيهَا الرِّجَالُ إخْوَتُنَا، اسْمَعُونِي. سِمْعَانُ قَدْ أَخْبَرَ كَ…"
katameros:2645,reference,,,draft,0,,,اِسْتَمِعْ يَا اللَّهُ طِلْبَتِي، أصْغِ إلى صَلاَتِي. عَلَى الصَّخْرَةِ رَفَعْتَنِي وَأَرْشَدْتَنِي. صِرْتَ رَجَائِي وَ…
katameros:2646,reference,,,draft,0,,,"وَكَانَ جُمُوعٌ كَثِيرَةٌ سَائِرِينَ مَعَهُ، فَالْتَفَتَ وَقَالَ لَهُمْ: "" مَنْ يَأتِي إلَيَّ وَلا يُبْغِضُ أباهُ وَأُم…"
katameros:2647,reference,,,draft,0,,,وَليَفْرَحْ جَمِيعُ الْمُتَّكِلِينَ عَلَيْكَ، إلَى الأَبدِ يُسَرُّونَ. لأنكَ أنْتَ بَارَكْتَ الصِّدِّيقَ يَارَبُّ. مِثْ…
katameros:2648,reference,,,draft,0,,,لَيْسَ تِلْمِيذٌ أَفْضَلَ مِنْ مُعَلِّمِهِ، وَلا عَبْدٌ أَفْضَلَ مِنْ سَيِّدِهِ. يَكْفِي التِّلْمِيذَ أنْ يَصِيرَ كَمُع…
katameros:2649,reference,,,draft,0,,,كَثِيرَةٌ هيَ أَحْزَانُ الصِّدِّيقِينَ، وَمِنْ جَمِيعِهَا يُنَجِّيهِمِ الرَّبُّ. يَحْفَظُ الرَّبُّ جَمِيعَ عِظَامِهِمْ.…
katameros:265,reference,,,draft,0,,,وَنَزَلَ مَعَهُمْ وَوَقَفَ في مَوْضِعٍ خَلاءٍ، مَعَ جَمْعٍ مِنْ تَلامِيذِهِ، وَجُمْهورٍ كَثِيرٍ مِنَ الشَّعْبِ، مِنْ جَ…
katameros:2650,reference,,,draft,0,,,وَكَانَ قَوْمٌ يُونَانِيُّونَ مِنَ الَّذِينَ صَعِدُوا لِيَسْجُدُوا في الْعِيدِ. فَتَقَدَّمَ هؤُلاءِ إلى فِيلُبُّسَ الَّ…
katameros:2651,reference,,,draft,0,,,أَقُولُ أيْضاً: لِئَلاَّ يَظُنَّ أَحَدٌ إنِّي غَبِيٌّ. وَإلاَّ فاقْبَلُوني وَلَوْ كَغَبِيٍّ، لأَفْتَخِرَ أنَا أيْضاً قَ…
katameros:2652,reference,,,draft,0,,,وَهَذِهِ هِيَ الْكَلِمَةُ الَّتي بُشِّرْتُمْ بِهَا. فَاطْرَحُوا عَنْكُمْ إذاً كُلَّ شَرٍّ وَكُلَّ غِشٍّ وَكُلَّ رِيَاءٍ…
katameros:2653,reference,,,draft,0,,,وَفى تِلْكَ الأيامِ إذْ تَكَاثَرَ التَّلامِيذُ، حَدَثَ تَذَمُّرٌ مِنَ الْيُونَانِيِّينَ عَلَى الْعِبْرَانِيِّينَ بِأنَّ…
katameros:2654,reference,,,draft,0,,,أَدْرَكْتَهُ بِبَرَكَاتِ صَلاحِكَ. وَوَضَعْتَ عَلَى رَأْسِهِ إكْلِيلاً مِنْ حَجَرٍ كَرِيمٍ. مَجْدُهُ عَظِيمٌ بِخَلاَصِك…
katameros:2655,reference,,,draft,0,,,وَبَعَدَ ذلِكَ عَيَّنَ الرَّبُّ سَبْعِينَ آخَرِينَ، وَأَرْسَلَهُمُ اثْنَيْنِ اثْنَيْنِ أمَامَ وَجْهِهِ إلى كُلِّ مَدِين…
katameros:2656,reference,,,draft,0,,,يُعَسْكِرُ مَلاَكُ الرَّبِّ، حَوْلَ كُلِّ خَائِفِيهِ وَيُنَجِّيهِمْ. ذُوقُوا وَانْظُرُوا مَا أَطْيَبَ الرَّبَّ! طُوبَى …
katameros:2657,reference,,,draft,0,,,"حِينَئِذٍ قَالَ يَسُوعُ لِتَلامِيذِهِ: "" مَنْ أَرَادَ أنْ يَتْبَعْنِي فَلْيُنْكِرْ نَفْسَهُ وَيَحْمِلْ صَلِيبَهُ وَيَتْ…"
katameros:2658,reference,,,draft,0,,,اسْجُدُوا لَهُ يَا جَمِيعَ مَلائِكَتِهِ. سَمِعَتْ صِهْيَوْنُ فَفَرِحَتْ، وَتَهلَّلَتْ بَنَاتُ الْيَهُودِيَّةِ، مِنْ أَج…
katameros:2659,reference,,,draft,0,,,اُنْظُرُوا إذاً، لا تَحْتَقِرُوا أَحَدَ هَؤُلاءِ الصِّغَارِ، لأني أَقُولُ لَكُمْ: إنَّ مَلاَئِكَتَهُمْ في السَّمَوَاتِ …
katameros:266,reference,,,draft,0,,,وَأَمَّا أَنْتَ فَقَدْ اتَّبَعْتَ تَعْلِيمِي، وَمَثَالِي، وَرَسْمِي الأَوَّلَ، وَإيمَانِي، وَأَنَاتِي، وَمَحَبَّتِي، وَ…
katameros:2660,reference,,,draft,0,,,فَإنَّهُ لِمَلائِكَةٍ لَمْ يُخْضِعِ الْعَالَمَ الْعَتِيدَ الَّذِي نَتَكَلَّمُ عَنْهُ. لكِنْ شَهِدَ لَنَا وَاحِدٌ في مَو…
katameros:2661,reference,,,draft,0,,,مُبَارَكٌ اللَّهُ أَبو رَبِّنَا يَسُوعَ الْمَسِيحِ، الَّذِي بِكَثْرَةِ رَحْمَتِهِ وَلَدَنَا ثَانِيَةً لِرَجَاءٍ حَيٍّ، …
katameros:2662,reference,,,draft,0,,,"فَنَزَلَ بُطْرُسُ إلى الرِّجَالِ، وَقَالَ: "" هَا أنَا الَّذِي تَطْلُبُونَهُ. مَا هُوَ الأَمْرُ الَّذِي حَضَرْتُمْ لأَجْ…"
katameros:2663,reference,,,draft,0,,,أَعْتَرِفُ لَكَ يَارَبُّ مِنْ كُلِّ قَلْبِي. لأنكَ اسْتَمَعْتَ كُلَّ كَلِمَاتِ فَمِي. أمَامَ الْمَلائِكَةِ أُرَتِّلُ لَ…
katameros:2664,reference,,,draft,0,,,وَفي الشَّهْرِ السَّادِسِ أُرْسِلَ جِبْرَائِيلُ الْمَلاَكُ مِنْ قِبَلِ اللَّهِ إلى مَدِينَةٍ مِنَ الْجَلِيلِ اسْمُهَا ن…
katameros:2665,reference,,,draft,0,,,بَشَّرْتُ بِعَدلِكَ في جَمَاعَةٍ عَظِيمَةٍ، هُوَذَا لا أَمْنَعُ شَفَتَيَّ. أَقَامَ عَلَى الصَّخْرَةِ رِجْلَيَّ. وَسَهَّ…
katameros:2666,reference,,,draft,0,,,وَكَانَ يَطُوفُ الْقُرَى الْمُحِيطَةَ يُعَلِّمُ. وَدَعَا الاثْنَيْ عَشَرَ وَابْتَدَأَ يُرْسِلُهُمُ اثْنَيْنِ اثْنَيْنِ،…
katameros:2667,reference,,,draft,0,,,اِعْتَرِفُوا لِلرَّبِّ وَادْعُوا بِاسْمِهِ. نَادُوا في الأُمَمِ بِأَعْمَالِهِ. سَبِّحُوه وَرَتِّلُوا لَهُ. حَدِّثُوا بِ…
katameros:2668,reference,,,draft,0,,,"وَفِيمَا هُوَ خَارجٌ إلى الطَّرِيقِ، أَسْرَعَ وَاحِدٌ وَجَثَا عَلَى رُكْبَتَيْهِ وَسَأَلَهُ: "" أيهَا الْمُعَلِّمُ الصَّ…"
katameros:2669,reference,,,draft,0,,,وَأَمَّا أَنْتَ فَقَدْ اتَّبَعْتَ تَعْلِيمِي، وَمَثَالِي، وَرَسْمِي الأَوَّلَ، وَإيمَانِي، وَأَنَاتِي، وَمَحَبَّتِي، وَ…
katameros:267,reference,,,draft,0,,,أَطْلُبُ إلى الشُّيُوخِ الَّذِينَ بَيْنَكُمْ، أنا الشَّيْخَ شَرِيكَكُمْ، وَالشَّاهِدَ لآلاَمِ الْمَسِيحِ، وَشَرِيكَ الْ…
katameros:2670,reference,,,draft,0,,,أَطْلُبُ إلى الشُّيُوخِ الَّذِينَ بَيْنَكُمْ، أنا الشَّيْخَ شَرِيكَكُمْ، وَالشَّاهِدَ لآلاَمِ الْمَسِيحِ، وَشَرِيكَ الْ…
katameros:2671,reference,,,draft,0,,,"مِنْ بَعْدِ أيامٍ قَالَ بُولُسُ لِبَرْنَابَا: "" لِنَرْجِعْ وَنَتَفَقَّدِ الإخْوَةَ في كُلِّ مَدِينَةٍ بَشَّرْنَا فِيهَا…"
katameros:2672,reference,,,draft,0,,,سَبِّحُوا الرَّبَّ تَسْبِيحاً جَدِيداً، سَبِّحِي الرَّبَّ يا كُلَّ الأرْض. سَبِّحُوا الرَّبَّ وَبَارِكُوا اسْمَهُ، بَشِ…
katameros:2673,reference,,,draft,0,,,"بَدْءُ إنْجِيلِ يَسُوعَ الْمَسِيحِ ابْنِ اللَّهِ، كَمَا هُوَ مَكْتُوبٌ في إشَعْيَاءَ النَّبِيِّ: "" هَأَنَذَا أُرْسِلُ م…"
katameros:2674,reference,,,draft,0,,,"أَقْسَمَ الرَّبُّ وَلَنْ يَنْدَمَ: "" إنكَ أَنْتَ هُوَ الْكَاهِنُ إلى الأَبدِ عَلَى طَقْسِ مَلْشِيصَادَقَ "". الرَّبُّ عَ…"
katameros:2675,reference,,,draft,0,,,"وَلَمَّا جَاءَ يَسُوعُ إلى نَوَاحِي قَيْصَرِيَّةِ فِيلُبُّسَ سَألَ تَلاَمِيذَهُ قَائِلاً: "" مَاذا يَقُولُ النَّاسُ في ا…"
katameros:2676,reference,,,draft,0,,,أَمْسَكْتَ بِيَدِي الْيُمْنَى. وَبِمَشُورَتكَ هَدَيْتَنِي وَبِالْمَجْدِ قَبِلْتَنِي. وَأنا خَيْرٌ لِي الالْتِصَاقُ بِال…
katameros:2677,reference,,,draft,0,,,بِهذَا أَوْصَيْتُكُمْ حَتَّى تُحِبُّوا بَعْضُكُمْ بَعْضاً. إنْ كَانَ الْعَالَمُ يُبْغِضُكُمْ فَاعْلَمُوا أنهُ قَدْ أَبْ…
katameros:2678,reference,,,draft,0,,,فَإنَّنَا لَسْنَا نَكْرِزُ بِأَنْفُسِنَا، بَلْ بِالْمَسِيحِ يَسُوعَ رَبِّنَا، وَنَحْنُ أيْضاً عَبِيدٌ لَكُمْ مِنْ قِبَل…
katameros:2679,reference,,,draft,0,,,أيهَا العَبِيدُ، كُونُوا خَاضِعِينَ لِسَادَتِكُمْ بِكُلِّ خَوْفٍ، لَيْسَ فَقَطْ للصَّالِحِينَ الْمُتَرَفِّقِينَ، بَلْ ل…
katameros:268,reference,,,draft,0,,,"وَمِنْ مِيلِيتُسَ أَرْسَلَ إلى أَفَسُسَ وَاسْتَدْعَى أحْبَارَ الْكَنِيسَةِ. فَلَمَّا جَاءُوا إلَيْهِ قَالَ لَهُمْ: "" أَ…"
katameros:2680,reference,,,draft,0,,,"وَمِنْ مِيلِيتُسَ أَرْسَلَ إلى أَفَسُسَ وَاسْتَدْعَى أحْبَارَ الْكَنِيسَةِ. فَلَمَّا جَاءُوا إلَيْهِ قَالَ لَهُمْ: "" أَ…"
katameros:2681,reference,,,draft,0,,,فَلْيَرْفَعُوهُ في كَنِيسَةِ شَعْبِهِ، وَلْيُبَارِكُوهُ في مَجْلِسِ الشُّيوخِ. جَعَلَ أبوَّةً مِثْلَ الْخِرَافِ. يُبْصِ…
katameros:2682,reference,,,draft,0,,,""" الْحَقَّ الْحَقَّ أَقُولُ لَكُمْ: إنَّ الَّذِي لا يَدْخُلُ مِنَ الْبَابِ إلى حَظِيرَةِ الْخِرَافِ، بَلْ يَطْلَعُ مِنْ…"
katameros:2683,reference,,,draft,0,,,طُوبَى لِمَنْ اخْتَرْتَهُ وَقَبِلْتَهُ، يَسْكُنُ في دِيَارِكَ إلى الأَبدِ. اسْتَجِبْ لَنَا يَا اللَّهُ مُخَلِّصُنَا، يَ…
katameros:2684,reference,,,draft,0,,,اسْهَرُوا إذَاً لأَنكُمْ لا تَعْلَمُونَ في أَيةِ سَاعَةٍ يَأتِي رَبكُمْ. وَاعْلَمُوا هَذَا: أنهُ لَوْ كَانَ رَبُّ الْبَ…
katameros:2685,reference,,,draft,0,,,الرَّبُّ يُعَضِّدُ الصِّدِّيقِينَ، يَعْرِفُ الرَّبُّ طَرِيقَ الَّذِينَ لا عَيْبَ فِيهِمْ. وَيَكُونُ مِيرَاثَهُمْ إلى ال…
katameros:2686,reference,,,draft,0,,,اُنْظُرُوا، اسْهَرُوا وَصَلُّوا؛ لأَنكُمْ لا تَعْرفُونَ مَتَى يَكُونُ الْوَقْتُ. كَأنمَا إنْسَانٌ مسَافِرٌ تَرَكَ بَيْت…
katameros:2687,reference,,,draft,0,,,"لأَنهُ إذَا قَالَ وَاحِدٌ: "" أَنا لِبُولُسَ "" وَآخَرُ: "" أَنا لأَبلُّوسَ "" أَفَلَسْتُمْ بَشَرِيِّينَ؟

فَمَنْ هُوَ أَبل…"
katameros:2688,reference,,,draft,0,,,كَذلِكَ أَنْتُمْ أيهَا الشُّبَّانُ، اخْضَعُوا لِلشُّيُوخِ، وَكُونُوا جَمِيعاً مُتَسَرْبِلِينَ بِالتَّوَاضُعِ بَعْضُكُمْ…
katameros:2689,reference,,,draft,0,,,وَكَانَ يُوجَدُ يَهُودِيٌّ اسْمُهُ أَبلُّوسُ، إسْكَنْدَرِيُّ الْجِنْسِ، رَجُلٌ فَصِيحٌ قَدُمَ إلى أَفَسُسَ مُقْتَدِرٌ ف…
katameros:269,reference,,,draft,0,,,أَمْسَكْتَ بِيَدِي الْيُمْنَى. وَبِمَشُورَتِكَ هَدَيْتَنِي وَبِالْمَجْدِ قَبِلْتَنِي. وَأنا خَيْرٌ لِي الالْتِصَاقُ بِا…
katameros:2690,reference,,,draft,0,,,فَمُ الصِّدِّيقِ يَتْلُو الْحِكْمَةَ، وَلِسَانُهُ يَنْطِقُ بِالْحُكْمِ. نَامُوسُ اللَّهِ في قَلْبِهِ. وَلا تَتَعَرْقَلُ…
katameros:2691,reference,,,draft,0,,,"وَقَالَ أيْضاً لِتَلامِيذِهِ: "" كَانَ إنْسَانٌ غَنِيٌّ لَهُ وَكِيلٌ، فَوُشِيَ بِهِ إلَيْهِ بِأَنهُ يُبَذِّرُ أَمْوَالَه…"
katameros:2692,reference,,,draft,0,,,وأنا مِثلُ شَجَرةِ الزَّيتونِ، الْمُثْمِرَةِ في بَيْتِ اللَّهِ. وأَتَمَسَّكُ بِاسْمِكَ فإنَّهُ حُلْوٌ، قُدَّامَ قدِّيسِ…
katameros:2693,reference,,,draft,0,,,"أَقُولُ لَكُمْ: "" إنَّهُ لَيْسَ أَحَدٌ في مَوَالِيدِ النِّسَاءِ أَعْظَمَ مِنْ يُوحَنَّا الْمَعْمَدَانِ، وَلكِنَّ الأصْغ…"
katameros:2694,reference,,,draft,0,,,وَيَرْتَفِعُ قَرْنِي مِثْلَ وَحِيدِ القَرْنِ. وَشَيخُوخَتِي في دُهْنٍ دَسِمٍ. وَيَكُونُونَ بِمَا هُمْ مُسْتَريحونَ، يُخ…
katameros:2695,reference,,,draft,0,,,الْحَقَّ أَقُولُ لَكُمْ: إنهُ لَمْ يَقُمْ أَحَدٌ بَيْنَ الْمَوْلُودِينَ مِنَ النِّسَاءِ أَعْظَمُ مِنْ يُوحَنَّا الْمَعْ…
katameros:2696,reference,,,draft,0,,,مَاذا أقُولُ أيْضاً؟ لأنهُ يُعْوِزُنِي الوَقْتُ إنْ أَخْبَرْتُ عَنْ جِدْعُونَ، وَبَارَاقَ، وَشَمْشُونَ، وَيَفْتَاحَ، وَ…
katameros:2697,reference,,,draft,0,,,أيهَا الأحِبَّاءُ، أَطْلُبُ إلَيْكُمْ كَغُرَبَاءَ وَنُزَلاَءَ، أنْ تَبْتَعِدُوا عَنِ الشَّهَوَاتِ الْجَسَدِيَّةِ التي ت…
katameros:2698,reference,,,draft,0,,,وَأَعْطَاهُ عَهْدَ الْخِتَانِ، وَهكَذَا وَلَدَ إسْحَقَ وَخَتَنَهُ في الْيَوْمِ الثَّامِنِ. وَإسْحَقُ وَلَدَ يَعْقُوبَ، …
katameros:2699,reference,,,draft,0,,,الصِّدِّيقُ كَالنَّخْلَةِ يُزْهِرُ، وَكَمِثْلِ أَرْزِ لُبْنَانَ يَنْمُو. مَغْرُوسِينَ في بَيْتِ الرَّبِّ، وفي دِيَارِ ب…
katameros:27,reference,,,draft,0,,,""" الْحَقَّ الْحَقَّ أَقُولُ لَكُمْ: إنَّ الَّذِي لا يَدْخُلُ مِنَ الْبَابِ إلى حَظِيرَةِ الْخِرَافِ، بَلْ يَطْلَعُ مِنْ…"
katameros:270,reference,,,draft,0,,,""" الْحَقَّ الْحَقَّ أَقُولُ لَكُمْ: إنَّ الَّذِي لا يَدْخُلُ مِنَ الْبَابِ إلى حَظِيرَةِ الْخِرَافِ، بَلْ يَطْلَعُ مِنْ…"
katameros:2700,reference,,,draft,0,,,وَلَمَّا تَمَّ زَمَانُ أَلِيصَابَاتَ لِتَلِدَ، وَلَدَتِ ابْناً. وَسَمِعَ جِيرانُهَا وَأَقْرِبَاؤُهَا أنَّ الرَّبَّ قَدْ…
katameros:2701,reference,,,draft,0,,,تُبَادِرُ الرُّؤَسَاءُ إلى كُلِّ الْمُرَتِّلِيْنَ، في وَسَطِ صَبَايَا ضَارِبَاتٍ بِالدُّفُوفِ. بَارِكُوا اللَّهَ في الْ…
katameros:2702,reference,,,draft,0,,,وَفِيمَا كَانَ يَسُوعُ في بَيْتِ عَنْيَا في بَيْتِ سِمْعَانَ الأَبْرَصِ، جَاءَتْ إلَيْهِ امْرَأةٌ مَعَهَا قَارُورَةُ طِ…
katameros:2703,reference,,,draft,0,,,مِنْ أَفْوَاهِ الأَطْفَالِ وَالرُّضعَانِ هَيَّأتَ سُبْحَاً؛ لأني أَرَى السَّمَوَاتِ أَعْمَالَ أصَابِعِكَ، الْقَمَرَ وَا…
katameros:2704,reference,,,draft,0,,,"قَالَتْ لَهُ الْمَرْأَةُ: "" يَا سَيِّدي أَعْطِنِي هذَا الْمَاءَ؛ لِكَيْ لا أَعْطَشَ وَلا آتِيَ إلى هُنَا لأَسْتَقِيَ "".…"
katameros:2705,reference,,,draft,0,,,سِيرُوا إذاً كَأَوْلاَدِ النُّورِ؛ لأنَّ ثَمَرَ النُّورِ هُوَ في كُلِّ صَلاَحٍ وَبِرٍّ وَحَقٍّ. مُخْتَبِرِينَ مَا هُوَ …
katameros:2706,reference,,,draft,0,,,لأنهُ هَكَذَا كَانَتْ قَدِيماً النِّسَاءُ الْقِدِّيسَاتُ الْمُتَوَكِّلاَتُ أيْضاً عَلَى اللَّهِ، يُزَيِّنَّ أَنْفُسَهُن…
katameros:2707,reference,,,draft,0,,,وَلكِنْ حَدَثَ لَمَّا اسْتَكْمَلْنَا الأيامَ خَرَجْنَا وَمَشَيْنَا، وَهُمْ يُشَيِّعُونَنَا، مَعَ نِسَاءٍ أيْضاً وَأَوْل…
katameros:2708,reference,,,draft,0,,,يُدْخِلْنَ للْمَلِكِ عَذَارَى في إثْرِهَا. جَمِيعُ صَاحِبَاتِهَا لَهُ يُقَدَّمْنَ. يُدْخِلْنَهُنَّ بِفَرَحٍ وَابْتِهَاج…
katameros:2709,reference,,,draft,0,,,حِينَئِذٍ يُشْبِهُ مَلَكُوتُ السَّمَوَاتِ عَشْرَ عَذَارَى، أَخَذْنَ مَصَابِيحَهُنَّ وَخَرَجْنَ لِلِقَاءِ الْعَرِيسِ. وَ…
katameros:271,reference,,,draft,0,,,تُبَادِرُ الرُّؤَسَاءُ إلى كُلِّ الْمُرَتِّلِيْنَ، في وَسَطِ صَبَايَا ضَارِبَاتٍ بِالدُّفُوفِ. بَارِكُوا اللَّهَ في الْ…
katameros:2710,reference,,,draft,0,,,بَشَّرْتُ بِعَدلِكَ في جَمَاعَةٍ عَظِيمَةٍ، هُوَذَا لا أَمْنَعُ شَفَتَيَّ. أَقَامَ عَلَى الصَّخْرَةِ رِجْلَيَّ. وَسَهَّ…
katameros:2711,reference,,,draft,0,,,وَكَانَ يَطُوفُ الْقُرَى الْمُحِيطَةَ يُعَلِّمُ. وَدَعَا الاثْنَيْ عَشَرَ وَابْتَدَأَ يُرْسِلُهُمُ اثْنَيْنِ اثْنَيْنِ،…
katameros:2712,reference,,,draft,0,,,اِعْتَرِفُوا لِلرَّبِّ وَادْعُوا بِاسْمِهِ. نَادُوا في الأُمَمِ بِأَعْمَالِهِ. سَبِّحُوه وَرَتِّلُوا لَهُ. حَدِّثُوا بِ…
katameros:2713,reference,,,draft,0,,,"وَفِيمَا هُوَ خَارجٌ إلى الطَّرِيقِ، أَسْرَعَ وَاحِدٌ وَجَثَا عَلَى رُكْبَتَيْهِ وَسَأَلَهُ: "" أيهَا الْمُعَلِّمُ الصَّ…"
katameros:2714,reference,,,draft,0,,,وَأَمَّا أَنْتَ فَقَدْ اتَّبَعْتَ تَعْلِيمِي، وَمَثَالِي، وَرَسْمِي الأَوَّلَ، وَإيمَانِي، وَأَنَاتِي، وَمَحَبَّتِي، وَ…
katameros:2715,reference,,,draft,0,,,أَطْلُبُ إلى الشُّيُوخِ الَّذِينَ بَيْنَكُمْ، أنا الشَّيْخَ شَرِيكَكُمْ، وَالشَّاهِدَ لآلاَمِ الْمَسِيحِ، وَشَرِيكَ الْ…
katameros:2716,reference,,,draft,0,,,"مِنْ بَعْدِ أيامٍ قَالَ بُولُسُ لِبَرْنَابَا: "" لِنَرْجِعْ وَنَتَفَقَّدِ الإخْوَةَ في كُلِّ مَدِينَةٍ بَشَّرْنَا فِيهَا…"
katameros:2717,reference,,,draft,0,,,سَبِّحُوا الرَّبَّ تَسْبِيحاً جَدِيداً، سَبِّحِي الرَّبَّ يا كُلَّ الأرْض. سَبِّحُوا الرَّبَّ وَبَارِكُوا اسْمَهُ، بَشِ…
katameros:2718,reference,,,draft,0,,,"بَدْءُ إنْجِيلِ يَسُوعَ الْمَسِيحِ ابْنِ اللَّهِ، كَمَا هُوَ مَكْتُوبٌ في إشَعْيَاءَ النَّبِيِّ: "" هَأَنَذَا أُرْسِلُ م…"
katameros:2719,reference,,,draft,0,,,"أَقْسَمَ الرَّبُّ وَلَنْ يَنْدَمَ: "" إنكَ أَنْتَ هُوَ الْكَاهِنُ إلى الأَبدِ عَلَى طَقْسِ مَلْشِيصَادَقَ "". الرَّبُّ عَ…"
katameros:272,reference,,,draft,0,,,وَفِيمَا كَانَ يَسُوعُ في بَيْتِ عَنْيَا في بَيْتِ سِمْعَانَ الأَبْرَصِ، جَاءَتْ إلَيْهِ امْرَأةٌ مَعَهَا قَارُورَةُ طِ…
katameros:2720,reference,,,draft,0,,,"وَلَمَّا جَاءَ يَسُوعُ إلى نَوَاحِي قَيْصَرِيَّةِ فِيلُبُّسَ سَألَ تَلاَمِيذَهُ قَائِلاً: "" مَاذا يَقُولُ النَّاسُ في ا…"
katameros:2721,reference,,,draft,0,,,أَمْسَكْتَ بِيَدِي الْيُمْنَى. وَبِمَشُورَتكَ هَدَيْتَنِي وَبِالْمَجْدِ قَبِلْتَنِي. وَأنا خَيْرٌ لِي الالْتِصَاقُ بِال…
katameros:2722,reference,,,draft,0,,,بِهذَا أَوْصَيْتُكُمْ حَتَّى تُحِبُّوا بَعْضُكُمْ بَعْضاً. إنْ كَانَ الْعَالَمُ يُبْغِضُكُمْ فَاعْلَمُوا أنهُ قَدْ أَبْ…
katameros:2723,reference,,,draft,0,,,فَإنَّنَا لَسْنَا نَكْرِزُ بِأَنْفُسِنَا، بَلْ بِالْمَسِيحِ يَسُوعَ رَبِّنَا، وَنَحْنُ أيْضاً عَبِيدٌ لَكُمْ مِنْ قِبَل…
katameros:2724,reference,,,draft,0,,,أيهَا العَبِيدُ، كُونُوا خَاضِعِينَ لِسَادَتِكُمْ بِكُلِّ خَوْفٍ، لَيْسَ فَقَطْ للصَّالِحِينَ الْمُتَرَفِّقِينَ، بَلْ ل…
katameros:2725,reference,,,draft,0,,,"وَمِنْ مِيلِيتُسَ أَرْسَلَ إلى أَفَسُسَ وَاسْتَدْعَى أحْبَارَ الْكَنِيسَةِ. فَلَمَّا جَاءُوا إلَيْهِ قَالَ لَهُمْ: "" أَ…"
katameros:2726,reference,,,draft,0,,,فَلْيَرْفَعُوهُ في كَنِيسَةِ شَعْبِهِ، وَلْيُبَارِكُوهُ في مَجْلِسِ الشُّيوخِ. جَعَلَ أبوَّةً مِثْلَ الْخِرَافِ. يُبْصِ…
katameros:2727,reference,,,draft,0,,,""" الْحَقَّ الْحَقَّ أَقُولُ لَكُمْ: إنَّ الَّذِي لا يَدْخُلُ مِنَ الْبَابِ إلى حَظِيرَةِ الْخِرَافِ، بَلْ يَطْلَعُ مِنْ…"
katameros:2728,reference,,,draft,0,,,عَجِيبٌ هُوَ اللَّهُ في قِدِّيسِيهِ. إلَهُ إسْرَائِيلَ هُوَ يُعْطِي قُوَّةً وَعِزَّاً لِشَعْبِهِ. وَالصِّدِّيقُونَ يَفْ…
katameros:2729,reference,,,draft,0,,,هَا أَنَا أُرْسِلُكُمْ كَخِرَافٍ في وَسَطِ ذِئَابٍ فَكُونُوا حُكَمَاءَ كَالْحَيَّاتِ وَبُسَطَاءَ كَالْحَمَامِ. وَاحْذَر…
katameros:273,reference,,,draft,0,,,مِنْ أَفْوَاهِ الأَطْفَالِ وَالرُّضعَانِ هَيَّأتَ سُبْحَاً؛ لأني أَرَى السَّمَوَاتِ أَعْمَالَ أصَابِعِكَ، الْقَمَرَ وَا…
katameros:2730,reference,,,draft,0,,,نُورٌ أَشْرَقَ لِلصِّدِّيقِينَ، وَفَرَحٌ لِلْمُسْتَقِيمِينَ بِقَلْبِهِمْ. افْرَحُوا أيهَا الصِّدِّيقُونَ بِالرَّبِّ، وَ…
katameros:2731,reference,,,draft,0,,,فَانْظُرُوا إلى نُفُوسِكُمْ. لأنهُمْ سَيُسَلِّمُونَكُمْ إلى مَجَالِسَ، وَسَيَضْربُونَكُمْ في الْمَحَافِلِ، وَتُوقَفُونَ…
katameros:2732,reference,,,draft,0,,,فَتَفَكَّرُوا في الَّذِي احْتَمَلَ هكَذَا مِنَ الْخُطَاةِ الْمُقَاوِمِينَ لِنِفُوسِهِمْ وَحْدَهُمْ لِئَلاَّ تَكِلُّوا و…
katameros:2733,reference,,,draft,0,,,يَا أَحِبْائِي، لا تَسْتَغْرِبُوا الْبَلْوَى الْمُحْرِقَةَ التي تَحْدُث بَيْنَكُمْ، لأَجْلِ تَجرِبَتِكُمْ، كَأنهُ أَمْر…
katameros:2734,reference,,,draft,0,,,وَأمَّا خَيْمَةُ الشَّهَادَةِ فَكَانَتْ مَعَ آبَائِنَا في الْبَرِّيةِ، كَمَا أَمَرَ الَّذِي كَلَّمَ مُوسَى أنْ يَصْنَعَ…
katameros:2735,reference,,,draft,0,,,كَثِيرَةٌ هيَ أَحْزَانُ الصِّدِّيقِينَ، وَمِنْ جَمِيعِهَا يُنَجِّيهِمِ الرَّبُّ. يَحْفَظُ الرَّبُّ جَمِيعَ عِظَامِهِمْ.…
katameros:2736,reference,,,draft,0,,,وَفِيمَا هُوَ يَقُولُ هذَا، ابْتَدَأَ الْكَتَبَةُ وَالْفَرِّيسِيُّونَ يَنْظُرُونَ رَدِيَّاً، وَيُكَلِّمُونَهُ في أُمُور…
katameros:2737,reference,,,draft,0,,,الرَّبُّ يُعْطِي كَلِمَةً للمُبشِّرِينَ، بِقُوَّةٍ عَظِيمَةٍ. عَجِيبٌ هُوَ اللَّهُ في قِدِّيسِيهِ. إلَهُ إسْرَائِيلَ هُ…
katameros:2738,reference,,,draft,0,,,فَانْطَلَقَ يَسُوعُ مَعَ تَلامِيذِهِ إلى عَبْرِ الْبَحْرِ، وَتَبِعَهُ جَمْعٌ كَثِيرٌ مِنَ الْجَلِيلِ وَمِنَ الْيَهُودِي…
katameros:2739,reference,,,draft,0,,,قدِّيسُوكَ يُبَارِكُونَكَ. وَمَجْدَ مُلْكِكَ يَصِفُونَ. وَبِقُوَّتِكَ يَنْطقُونَ. لِيُظْهِرُوا لِبَنِي البَشَرِ قُدْرَت…
katameros:274,reference,,,draft,0,,,"قَالَتْ لَهُ الْمَرْأَةُ: "" يَا سَيِّدي أَعْطِنِي هذَا الْمَاءَ؛ لِكَيْ لا أَعْطَشَ وَلا آتِيَ إلى هُنَا لأَسْتَقِيَ "".…"
katameros:2740,reference,,,draft,0,,,وَفي تِلْكَ الأيامِ خَرَجَ إلى الْجَبَلِ لِيُصَلِّيَ. وَكَانَ سَاهِراً في الصَّلاَةِ لِلَّهِ.  وَلَمَّا كَانَ النَّهَار…
katameros:2741,reference,,,draft,0,,,لأنَّ غَايَةَ النَّامُوسِ هيَ: الْمَسِيحُ لِلْبِرِّ لِكُلِّ مَنْ يُؤْمِنُ؛ لأنَّ مُوسَى كَتَبَ في الْبِرِّ الَّذِي مِنَ…
katameros:2742,reference,,,draft,0,,,لِذلِكَ سَوْفَ أُذَكِّرُكُمْ في كُلِّ حِينٍ بِهذِهِ الأُمُورِ، وَلَوْ إنَّكُمْ عَالِمُونَ وَثَابِتُونَ في الْحَقِّ الْح…
katameros:2743,reference,,,draft,0,,,وَصَعِدَ بُطْرُسُ وَيُوحَنَّا إلى الْهَيْكَلِ في وَقْتِ صَلاةِ السَّاعَةِ التَّاسِعَةِ. وَكَانَ رَجُلٌ أَعْرَجُ مِنْ بَ…
katameros:2744,reference,,,draft,0,,,السَّمَوَاتُ تُذِيعُ مَجْدَ اللَّهِ، الْفَلَكُ يُخْبِرُ بِعَمَلِ يَدَيْهِ. في كُلِّ الأَرْضِ خَرَجَ مَنْطِقُهُمْ. وَإلى…
katameros:2745,reference,,,draft,0,,,ثُمَّ دَعَا تَلاَمِيذَهُ الاثْنَيْ عَشَرَ وَأَعْطَاهُمْ سُلْطَاناً عَلَى أَرْوَاحٍ نَجِسَةٍ حَتَّى يُخْرِجُوهَا وَيَشْف…
katameros:2746,reference,,,draft,0,,,وَليَفْرَحْ جَمِيعُ الْمُتَّكِلِينَ عَلَيْكَ، إلَى الأَبدِ يُسَرُّونَ. لأنكَ أنْتَ بَارَكْتَ الصِّدِّيقَ يَارَبُّ. مِثْ…
katameros:2747,reference,,,draft,0,,,لَيْسَ تِلْمِيذٌ أَفْضَلَ مِنْ مُعَلِّمِهِ، وَلا عَبْدٌ أَفْضَلَ مِنْ سَيِّدِهِ. يَكْفِي التِّلْمِيذَ أنْ يَصِيرَ كَمُع…
katameros:2748,reference,,,draft,0,,,كَثِيرَةٌ هيَ أَحْزَانُ الصِّدِّيقِينَ، وَمِنْ جَمِيعِهَا يُنَجِّيهِمِ الرَّبُّ. يَحْفَظُ الرَّبُّ جَمِيعَ عِظَامِهِمْ.…
katameros:2749,reference,,,draft,0,,,وَكَانَ قَوْمٌ يُونَانِيُّونَ مِنَ الَّذِينَ صَعِدُوا لِيَسْجُدُوا في الْعِيدِ. فَتَقَدَّمَ هؤُلاءِ إلى فِيلُبُّسَ الَّ…
katameros:275,reference,,,draft,0,,,سِيرُوا إذاً كَأَوْلاَدِ النُّورِ؛ لأنَّ ثَمَرَ النُّورِ هُوَ في كُلِّ صَلاَحٍ وَبِرٍّ وَحَقٍّ. مُخْتَبِرِينَ مَا هُوَ …
katameros:2750,reference,,,draft,0,,,أَقُولُ أيْضاً: لِئَلاَّ يَظُنَّ أَحَدٌ إنِّي غَبِيٌّ. وَإلاَّ فاقْبَلُوني وَلَوْ كَغَبِيٍّ، لأَفْتَخِرَ أنَا أيْضاً قَ…
katameros:2751,reference,,,draft,0,,,وَهَذِهِ هِيَ الْكَلِمَةُ الَّتي بُشِّرْتُمْ بِهَا. فَاطْرَحُوا عَنْكُمْ إذاً كُلَّ شَرٍّ وَكُلَّ غِشٍّ وَكُلَّ رِيَاءٍ…
katameros:2752,reference,,,draft,0,,,وَفى تِلْكَ الأيامِ إذْ تَكَاثَرَ التَّلامِيذُ، حَدَثَ تَذَمُّرٌ مِنَ الْيُونَانِيِّينَ عَلَى الْعِبْرَانِيِّينَ بِأنَّ…
katameros:2753,reference,,,draft,0,,,أَدْرَكْتَهُ بِبَرَكَاتِ صَلاحِكَ. وَوَضَعْتَ عَلَى رَأْسِهِ إكْلِيلاً مِنْ حَجَرٍ كَرِيمٍ. مَجْدُهُ عَظِيمٌ بِخَلاَصِك…
katameros:2754,reference,,,draft,0,,,وَبَعَدَ ذلِكَ عَيَّنَ الرَّبُّ سَبْعِينَ آخَرِينَ، وَأَرْسَلَهُمُ اثْنَيْنِ اثْنَيْنِ أمَامَ وَجْهِهِ إلى كُلِّ مَدِين…
katameros:2755,reference,,,draft,0,,,افْرَحُوا أيهَا الصِّدِّيقُونَ بِالرَّبِّ وَابْتَهِجُوا. وَافْتَخِرُوا يا جَمِيعَ مُسْتَقِيمِي الْقُلُوبِ. مِنْ أَجْلِ …
katameros:2756,reference,,,draft,0,,,"وَكَانَتْ بَيْنَهُمْ أيْضاً مُشَاجَرَةٌ أنهُ مَنْ مِنْهُمْ يَكُونُ الأَكْبَرَ. فَقَالَ لَهُمْ: "" مُلُوكُ الأُمَمِ يَسُو…"
katameros:2757,reference,,,draft,0,,,ابْتَهِجُوا أيهَا الصِّدِّيقُونَ بِالرَّبِّ. لِلْمُسْتَقِيمِينَ يَنْبَغِي التَّسْبِيحُ. طُوبَى لِلأُمَّةِ التِي الرَّبُ…
katameros:2758,reference,,,draft,0,,,وَكَأنمَا إنْسَانٌ مُسَافِرٌ دَعَا عَبِيدَهُ وَسَلَّمَهُمْ أَمْوَالَهُ، فَأَعْطَى وَاحِداً خَمْسَ وَزَنَاتٍ، وَآخَرَ وَ…
katameros:2759,reference,,,draft,0,,,اُذْكُرُوا مُدَبِّرِيكُم الَّذِينَ كَلَّمُوكُمْ بِكَلِمَةِ اللَّهِ. هؤلاءِ الَّذِينَ تَنْظُرُونَ إلى نِهَايَةِ سِيرَتِه…
katameros:276,reference,,,draft,0,,,لأنهُ هَكَذَا كَانَتْ قَدِيماً النِّسَاءُ الْقِدِّيسَاتُ الْمُتَوَكِّلاَتُ أيْضاً عَلَى اللَّهِ، يُزَيِّنَّ أَنْفُسَهُن…
katameros:2760,reference,,,draft,0,,,أَطْلُبُ إلى الشُّيُوخِ الَّذِينَ بَيْنَكُمْ، أنا الشَّيْخَ شَرِيكَكُمْ، وَالشَّاهِدَ لآلاَمِ الْمَسِيحِ، وَشَرِيكَ الْ…
katameros:2761,reference,,,draft,0,,,فَسَكَتَ الْجُمْهُورُ كُلُّهُ. وَكَانُوا يَسْمَعُونَ بَرْنَابَا وَبُولُسَ يُحَدِّثَانِ بِجَمِيعِ مَا صَنَعَ اللَّهُ مِن…
katameros:2762,reference,,,draft,0,,,كَهَنَتُكَ يَلْبَسُونَ الْبِرَّ، وقِدِّيسُوكَ يَبْتَهِجُونَ مِنْ أَجْلِ دَاوُدَ عَبْدِكَ. اُذْكُرْ يَارَبُّ دَاودَ وَكُ…
katameros:2763,reference,,,draft,0,,,"وَجَاءَ إلى كَفْرِنَاحُومَ. وَلَمَّا دَخَلَ إلى الْبَيْتِ سَأَلَهُمْ: "" في أَيِّ شَيْءٍ كُنْتُمْ تُفَكِّرُونَ في الطَّر…"
katameros:2764,reference,,,draft,0,,,طُوبَى لِلرَّجُلِ الْخَائِفِ مِنَ الرَّبِّ. وَيَهْوَى وَصَايَاه جِدّاً. يَقْوَى نَسْلُهُ عَلَى الأَرْضِ، وَيُبَارَكُ جِ…
katameros:2765,reference,,,draft,0,,,وَكَأنمَا إنْسَانٌ مُسَافِرٌ دَعَا عَبِيدَهُ وَسَلَّمَهُمْ أَمْوَالَهُ، فَأَعْطَى وَاحِداً خَمْسَ وَزَنَاتٍ، وَآخَرَ وَ…
katameros:2766,reference,,,draft,0,,,اُذْكُرْ يَارَبُّ دَاودَ وَكُلَّ دِعَتِهِ. كَمَا أَقْسَمَ لِلرَّبِّ وَنَذَرَ لإلَهِ يَعْقُوبَ. كَهَنَتُكَ يَلْبَسُونَ ا…
katameros:2767,reference,,,draft,0,,,وَنَزَلَ مَعَهُمْ وَوَقَفَ في مَوْضِعٍ خَلاءٍ، مَعَ جَمْعٍ مِنْ تَلامِيذِهِ، وَجُمْهورٍ كَثِيرٍ مِنَ الشَّعْبِ، مِنْ جَ…
katameros:2768,reference,,,draft,0,,,بِالإيمَانِ قَرَّبَ إبْرَاهِيمُ إسْحَقَ حِينَ جُرِّبَ. وَقَرَّبَ ابْنَهُ الوَحِيدَ ذَاكَ الَّذِي قَبِلَ الْمَوَاعِيدَ ب…
katameros:2769,reference,,,draft,0,,,طُوبَى لِلرَّجُلِ الَّذِي يَصْبِرُ في التَّجْرِبَةِ، لأنهُ إذَا صَارَ مُخْتَارَاً يَنَالُ إكْلِيلَ الْحَيَاةِ، الَّذِي …
katameros:277,reference,,,draft,0,,,وَلكِنْ حَدَثَ لَمَّا اسْتَكْمَلْنَا الأيامَ خَرَجْنَا وَمَشَيْنَا، وَهُمْ يُشَيِّعُونَنَا، مَعَ نِسَاءٍ أيْضاً وَأَوْل…
katameros:2770,reference,,,draft,0,,,وَكَانَ اللَّهُ يَصْنَعُ عَلَى يَدَيْ بُولُسَ قُوَّاتٍ كَثِيرَةً، حَتَّى إِنَّهُمْ كَانُوا يَأخُذُونَ مَنادِيلَ وَخِرَق…
katameros:2771,reference,,,draft,0,,,طُوبَى لِلرَّجُلِ، الَّذِي لَمْ يَسْلُكْ في مَشُورَةِ الْمُنَافِقِينَ، وَفي طَرِيقِ الْخُطَاةِ لَمْ يَقِفْ، وَفي مَجْلِ…
katameros:2772,reference,,,draft,0,,,وَكَانَ يَسُوعُ يَطُوفُ في كُلِّ الْجَلِيلِ يُعَلِّمُ في مَجَامِعِهِمْ، وَيَكْرِزُ بِبِشَارَةِ الْمَلَكُوتِ، وَيَشْفِي …
katameros:2773,reference,,,draft,0,,,بَشَّرْتُ بِعَدلِكَ في جَمَاعَةٍ عَظِيمَةٍ، هُوَذَا لا أَمْنَعُ شَفَتَيَّ. أَقَامَ عَلَى الصَّخْرَةِ رِجْلَيَّ. وَسَهَّ…
katameros:2774,reference,,,draft,0,,,وَكَانَ يَطُوفُ الْقُرَى الْمُحِيطَةَ يُعَلِّمُ. وَدَعَا الاثْنَيْ عَشَرَ وَابْتَدَأَ يُرْسِلُهُمُ اثْنَيْنِ اثْنَيْنِ،…
katameros:2775,reference,,,draft,0,,,اِعْتَرِفُوا لِلرَّبِّ وَادْعُوا بِاسْمِهِ. نَادُوا في الأُمَمِ بِأَعْمَالِهِ. سَبِّحُوه وَرَتِّلُوا لَهُ. حَدِّثُوا بِ…
katameros:2776,reference,,,draft,0,,,"وَفِيمَا هُوَ خَارجٌ إلى الطَّرِيقِ، أَسْرَعَ وَاحِدٌ وَجَثَا عَلَى رُكْبَتَيْهِ وَسَأَلَهُ: "" أيهَا الْمُعَلِّمُ الصَّ…"
katameros:2777,reference,,,draft,0,,,وَأَمَّا أَنْتَ فَقَدْ اتَّبَعْتَ تَعْلِيمِي، وَمَثَالِي، وَرَسْمِي الأَوَّلَ، وَإيمَانِي، وَأَنَاتِي، وَمَحَبَّتِي، وَ…
katameros:2778,reference,,,draft,0,,,أَطْلُبُ إلى الشُّيُوخِ الَّذِينَ بَيْنَكُمْ، أنا الشَّيْخَ شَرِيكَكُمْ، وَالشَّاهِدَ لآلاَمِ الْمَسِيحِ، وَشَرِيكَ الْ…
katameros:2779,reference,,,draft,0,,,"مِنْ بَعْدِ أيامٍ قَالَ بُولُسُ لِبَرْنَابَا: "" لِنَرْجِعْ وَنَتَفَقَّدِ الإخْوَةَ في كُلِّ مَدِينَةٍ بَشَّرْنَا فِيهَا…"
katameros:278,reference,,,draft,0,,,يُدْخِلْنَ للْمَلِكِ عَذَارَى في إثْرِهَا. جَمِيعُ صَاحِبَاتِهَا لَهُ يُقَدَّمْنَ. يُدْخِلْنَهُنَّ بِفَرَحٍ وَابْتِهَاج…
katameros:2780,reference,,,draft,0,,,سَبِّحُوا الرَّبَّ تَسْبِيحاً جَدِيداً، سَبِّحِي الرَّبَّ يا كُلَّ الأرْض. سَبِّحُوا الرَّبَّ وَبَارِكُوا اسْمَهُ، بَشِ…
katameros:2781,reference,,,draft,0,,,"بَدْءُ إنْجِيلِ يَسُوعَ الْمَسِيحِ ابْنِ اللَّهِ، كَمَا هُوَ مَكْتُوبٌ في إشَعْيَاءَ النَّبِيِّ: "" هَأَنَذَا أُرْسِلُ م…"
katameros:2782,reference,,,draft,0,,,رَفَعْتُ مُخْتَاراً مِنْ شَعْبِي. وَجَدْتُ دَاوُدَ عَبْدِي، مَسَحْتُهُ بِدُهْنٍ مُقَدَّسٍ، لأنَّ يَدِي تُعَضِّدُهُ.   ه…
katameros:2783,reference,,,draft,0,,,لا تَظُنُّوا أني جِئْتُ لأُلْقِيَ سَلاَماً عَلَى الأَرْضِ، مَا جِئْتُ لأُلْقِيَ سَلاماً بَلْ سَيْفاً. فَإنِّي أَتَيْتُ …
katameros:2784,reference,,,draft,0,,,كَهَنَتُكَ يَلْبَسُونَ الْبِرَّ، وقِدِّيسُوكَ يَبْتَهِجُونَ مِنْ أَجْلِ دَاوُدَ عَبْدِكَ. هَيَّأْتُ سِرَاجاً لِمَسِيحِي…
katameros:2785,reference,,,draft,0,,,وَنَزَلَ مَعَهُمْ وَوَقَفَ في مَوْضِعٍ خَلاءٍ، مَعَ جَمْعٍ مِنْ تَلامِيذِهِ، وَجُمْهورٍ كَثِيرٍ مِنَ الشَّعْبِ، مِنْ جَ…
katameros:2786,reference,,,draft,0,,,فَإنَّهُ يَصِيرُ إبْطَالُ الْوَصِيَّةِ الأُولَى مِنْ أَجْلِ ضَعْفِهَا وَعَدَمِ نَفْعِهَا، إذِ النَّامُوسُ لَمْ يُكَمِّل…
katameros:2787,reference,,,draft,0,,,مِنَ الشَّيْخِ، إلى غَايُوسَ الْحَبِيبِ الَّذِي أنا أُحِبُّهُ بِالْحَقِّ. أيهَا الْحَبِيبُ، في كُلِّ شَيْءٍ أَرُومُ أَن…
katameros:2788,reference,,,draft,0,,,"مِنْ بَعْدِ أيامٍ قَالَ بُولُسُ لِبَرْنَابَا: "" لِنَرْجِعْ وَنَتَفَقَّدِ الإخْوَةَ في كُلِّ مَدِينَةٍ بَشَّرْنَا فِيهَا…"
katameros:2789,reference,,,draft,0,,,مُوسَى وَهَارُونُ في كَهَنَتِهِ، وَصَمُوئيلُ في الَّذِينَ يَدْعُونَ بِاسْمِهِ. كَانُوا يَدْعُونَ الرَّبَّ وَهُوَ كَانَ …
katameros:279,reference,,,draft,0,,,حِينَئِذٍ يُشْبِهُ مَلَكُوتُ السَّمَوَاتِ عَشْرَ عَذَارَى، أَخَذْنَ مَصَابِيحَهُنَّ وَخَرَجْنَ لِلِقَاءِ الْعَرِيسِ. وَ…
katameros:2790,reference,,,draft,0,,,""" الْحَقَّ الْحَقَّ أَقُولُ لَكُمْ: إنَّكُمْ سَتَبْكُونَ وَتَنُوحُونَ وَالْعَالَمُ يَفْرَحُ. أَنْتُمْ سَتَحْزَنُونَ، وَ…"
katameros:2791,reference,,,draft,0,,,قَدْ ارْتَسَمَ عَلَيْنَا نُورُ وَجْهِكَ يَارَبُّ. أَعْطيتَ سُرُوراً لِقَلْبِي؛ لأنكَ أنْتَ وَحْدَكَ يَارَبُّ، أَسْكَنْت…
katameros:2792,reference,,,draft,0,,,"حِينَئِذٍ قَالَ يَسُوعُ لِتَلامِيذِهِ: "" مَنْ أَرَادَ أنْ يَتْبَعْنِي فَلْيُنْكِرْ نَفْسَهُ وَيَحْمِلْ صَلِيبَهُ وَيَتْ…"
katameros:2793,reference,,,draft,0,,,يَفْتَخِرُ بِكَ كُلُّ الَّذِينَ يُحِبُّونَ اسْمَكَ؛ لأَنكَ أَنْتَ يَارَبُّ بَارَكْتَ الصِّدِّيقَ. مِثْلَ سِلاَحِ الْمَس…
katameros:2794,reference,,,draft,0,,,لا تَظُنُّوا أني جِئْتُ لأُلْقِيَ سَلاَماً عَلَى الأَرْضِ، مَا جِئْتُ لأُلْقِيَ سَلاماً بَلْ سَيْفاً. فَإنِّي أَتَيْتُ …
katameros:2795,reference,,,draft,0,,,لأني أَظُنُّ أنَّ آلامَ هذَا الزَّمَانِ الْحَاضِرِ لا تُقَاسُ بِالْمَجْدِ الْعَتِيدِ أنْ يُسْتَعْلَنَ فِينَا. لأنَّ انْ…
katameros:2796,reference,,,draft,0,,,وَالنِّهَايَةُ، كُونُوا جَمِيعَاً بِرَأيٍ وَاحِدٍ، وَكُونُوا مُشْتَرِكِينَ في الآلامِ. وَكُونُوا مُحِبِّينَ الإخْوَةَ، …
katameros:2797,reference,,,draft,0,,,وَحَدَثَ في ذَلِكَ الْوَقْتِ اضطرَابٌ لَيْسَ بِقَلِيلٍ بِسَبَبِ الطَّرِيقِ؛ لأنَّ وَاحداً اسْمُهُ دِيمِتْرِيُوس، صَائِغ…
katameros:2798,reference,,,draft,0,,,عَجِيبٌ هُوَ اللَّهُ في قِدِّيسِيهِ. إلَهُ إسْرَائِيلَ هُوَ يُعْطِي قُوَّةً وَعِزَّاً لِشَعْبِهِ. وَالصِّدِّيقُونَ يَفْ…
katameros:2799,reference,,,draft,0,,,وَلكِنْ أَقُولُ لَكُمْ يَا أَصْدِقَائِي: لا تَخَافُوا مِنَ الَّذِينَ يَقْتُلُونَ جَسَدَكُمْ، وَبَعْدَ ذلِكَ لَيْسَ لَهُ…
katameros:28,reference,,,draft,0,,,"لَمْ يَتْرُكْ إنْسَاناً يَظْلِمُهُمْ، وَبَكَّتَ ملوكاً مِنْ أجْلِهمْ، قَائِلاً: "" لا تَمَسُّوا مُسَحَائي، وَلا تُسِيئوا…"
katameros:280,reference,,,draft,0,,,"أَقْسَمَ الرَّبُّ وَلَنْ يَنْدَمَ: "" إنكَ أَنْتَ هُوَ الْكَاهِنُ إلى الأَبدِ عَلَى طَقْسِ مَلْشِيصَادَقَ "". الرَّبُّ عَ…"
katameros:2800,reference,,,draft,0,,,عَجِيبٌ هُوَ اللَّهُ في قِدِّيسِيهِ. إلَهُ إسْرَائِيلَ هُوَ يُعْطِي قُوَّةً وَعِزَّاً لِشَعْبِهِ. وَالصِّدِّيقُونَ يَفْ…
katameros:2801,reference,,,draft,0,,,هَا أَنَا أُرْسِلُكُمْ كَخِرَافٍ في وَسَطِ ذِئَابٍ فَكُونُوا حُكَمَاءَ كَالْحَيَّاتِ وَبُسَطَاءَ كَالْحَمَامِ. وَاحْذَر…
katameros:2802,reference,,,draft,0,,,نُورٌ أَشْرَقَ لِلصِّدِّيقِينَ، وَفَرَحٌ لِلْمُسْتَقِيمِينَ بِقَلْبِهِمْ. افْرَحُوا أيهَا الصِّدِّيقُونَ بِالرَّبِّ، وَ…
katameros:2803,reference,,,draft,0,,,فَانْظُرُوا إلى نُفُوسِكُمْ. لأنهُمْ سَيُسَلِّمُونَكُمْ إلى مَجَالِسَ، وَسَيَضْربُونَكُمْ في الْمَحَافِلِ، وَتُوقَفُونَ…
katameros:2804,reference,,,draft,0,,,فَتَفَكَّرُوا في الَّذِي احْتَمَلَ هكَذَا مِنَ الْخُطَاةِ الْمُقَاوِمِينَ لِنِفُوسِهِمْ وَحْدَهُمْ لِئَلاَّ تَكِلُّوا و…
katameros:2805,reference,,,draft,0,,,يَا أَحِبْائِي، لا تَسْتَغْرِبُوا الْبَلْوَى الْمُحْرِقَةَ التي تَحْدُث بَيْنَكُمْ، لأَجْلِ تَجرِبَتِكُمْ، كَأنهُ أَمْر…
katameros:2806,reference,,,draft,0,,,وَأمَّا خَيْمَةُ الشَّهَادَةِ فَكَانَتْ مَعَ آبَائِنَا في الْبَرِّيةِ، كَمَا أَمَرَ الَّذِي كَلَّمَ مُوسَى أنْ يَصْنَعَ…
katameros:2807,reference,,,draft,0,,,كَثِيرَةٌ هيَ أَحْزَانُ الصِّدِّيقِينَ، وَمِنْ جَمِيعِهَا يُنَجِّيهِمِ الرَّبُّ. يَحْفَظُ الرَّبُّ جَمِيعَ عِظَامِهِمْ.…
katameros:2808,reference,,,draft,0,,,وَفِيمَا هُوَ يَقُولُ هذَا، ابْتَدَأَ الْكَتَبَةُ وَالْفَرِّيسِيُّونَ يَنْظُرُونَ رَدِيَّاً، وَيُكَلِّمُونَهُ في أُمُور…
katameros:2809,reference,,,draft,0,,,رَفَعْتُ مُخْتَاراً مِنْ شَعْبِي. وَجَدْتُ دَاوُدَ عَبْدِي، مَسَحْتُهُ بِدُهْنٍ مُقَدَّسٍ، لأنَّ يَدِي تُعَضِّدُهُ.   ه…
katameros:281,reference,,,draft,0,,,"وَلَمَّا جَاءَ يَسُوعُ إلى نَوَاحِي قَيْصَرِيَّةِ فِيلُبُّسَ سَألَ تَلاَمِيذَهُ قَائِلاً: "" مَاذا يَقُولُ النَّاسُ في ا…"
katameros:2810,reference,,,draft,0,,,لا تَظُنُّوا أني جِئْتُ لأُلْقِيَ سَلاَماً عَلَى الأَرْضِ، مَا جِئْتُ لأُلْقِيَ سَلاماً بَلْ سَيْفاً. فَإنِّي أَتَيْتُ …
katameros:2811,reference,,,draft,0,,,كَهَنَتُكَ يَلْبَسُونَ الْبِرَّ، وقِدِّيسُوكَ يَبْتَهِجُونَ مِنْ أَجْلِ دَاوُدَ عَبْدِكَ. هَيَّأْتُ سِرَاجاً لِمَسِيحِي…
katameros:2812,reference,,,draft,0,,,وَنَزَلَ مَعَهُمْ وَوَقَفَ في مَوْضِعٍ خَلاءٍ، مَعَ جَمْعٍ مِنْ تَلامِيذِهِ، وَجُمْهورٍ كَثِيرٍ مِنَ الشَّعْبِ، مِنْ جَ…
katameros:2813,reference,,,draft,0,,,فَإنَّهُ يَصِيرُ إبْطَالُ الْوَصِيَّةِ الأُولَى مِنْ أَجْلِ ضَعْفِهَا وَعَدَمِ نَفْعِهَا، إذِ النَّامُوسُ لَمْ يُكَمِّل…
katameros:2814,reference,,,draft,0,,,مِنَ الشَّيْخِ، إلى غَايُوسَ الْحَبِيبِ الَّذِي أنا أُحِبُّهُ بِالْحَقِّ. أيهَا الْحَبِيبُ، في كُلِّ شَيْءٍ أَرُومُ أَن…
katameros:2815,reference,,,draft,0,,,"مِنْ بَعْدِ أيامٍ قَالَ بُولُسُ لِبَرْنَابَا: "" لِنَرْجِعْ وَنَتَفَقَّدِ الإخْوَةَ في كُلِّ مَدِينَةٍ بَشَّرْنَا فِيهَا…"
katameros:2816,reference,,,draft,0,,,مُوسَى وَهَارُونُ في كَهَنَتِهِ، وَصَمُوئيلُ في الَّذِينَ يَدْعُونَ بِاسْمِهِ. كَانُوا يَدْعُونَ الرَّبَّ وَهُوَ كَانَ …
katameros:2817,reference,,,draft,0,,,""" الْحَقَّ الْحَقَّ أَقُولُ لَكُمْ: إنَّكُمْ سَتَبْكُونَ وَتَنُوحُونَ وَالْعَالَمُ يَفْرَحُ. أَنْتُمْ سَتَحْزَنُونَ، وَ…"
katameros:2818,reference,,,draft,0,,,طُوبَى لِلرَّجُلِ الْخَائِفِ مِنَ الرَّبِّ. وَيَهْوَى وَصَايَاه جِدّاً. يَقْوَى نَسْلُهُ عَلَى الأَرْضِ، وَيُبَارَكُ جِ…
katameros:2819,reference,,,draft,0,,,وَكَأنمَا إنْسَانٌ مُسَافِرٌ دَعَا عَبِيدَهُ وَسَلَّمَهُمْ أَمْوَالَهُ، فَأَعْطَى وَاحِداً خَمْسَ وَزَنَاتٍ، وَآخَرَ وَ…
katameros:282,reference,,,draft,0,,,أَمْسَكْتَ بِيَدِي الْيُمْنَى. وَبِمَشُورَتكَ هَدَيْتَنِي وَبِالْمَجْدِ قَبِلْتَنِي. وَأنا خَيْرٌ لِي الالْتِصَاقُ بِال…
katameros:2820,reference,,,draft,0,,,اُذْكُرْ يَارَبُّ دَاودَ وَكُلَّ دِعَتِهِ. كَمَا أَقْسَمَ لِلرَّبِّ وَنَذَرَ لإلَهِ يَعْقُوبَ. كَهَنَتُكَ يَلْبَسُونَ ا…
katameros:2821,reference,,,draft,0,,,وَنَزَلَ مَعَهُمْ وَوَقَفَ في مَوْضِعٍ خَلاءٍ، مَعَ جَمْعٍ مِنْ تَلامِيذِهِ، وَجُمْهورٍ كَثِيرٍ مِنَ الشَّعْبِ، مِنْ جَ…
katameros:2822,reference,,,draft,0,,,بِالإيمَانِ قَرَّبَ إبْرَاهِيمُ إسْحَقَ حِينَ جُرِّبَ. وَقَرَّبَ ابْنَهُ الوَحِيدَ ذَاكَ الَّذِي قَبِلَ الْمَوَاعِيدَ ب…
katameros:2823,reference,,,draft,0,,,طُوبَى لِلرَّجُلِ الَّذِي يَصْبِرُ في التَّجْرِبَةِ، لأنهُ إذَا صَارَ مُخْتَارَاً يَنَالُ إكْلِيلَ الْحَيَاةِ، الَّذِي …
katameros:2824,reference,,,draft,0,,,وَكَانَ اللَّهُ يَصْنَعُ عَلَى يَدَيْ بُولُسَ قُوَّاتٍ كَثِيرَةً، حَتَّى إِنَّهُمْ كَانُوا يَأخُذُونَ مَنادِيلَ وَخِرَق…
katameros:2825,reference,,,draft,0,,,طُوبَى لِلرَّجُلِ، الَّذِي لَمْ يَسْلُكْ في مَشُورَةِ الْمُنَافِقِينَ، وَفي طَرِيقِ الْخُطَاةِ لَمْ يَقِفْ، وَفي مَجْلِ…
katameros:2826,reference,,,draft,0,,,وَكَانَ يَسُوعُ يَطُوفُ في كُلِّ الْجَلِيلِ يُعَلِّمُ في مَجَامِعِهِمْ، وَيَكْرِزُ بِبِشَارَةِ الْمَلَكُوتِ، وَيَشْفِي …
katameros:2827,reference,,,draft,0,,,أَقَامَ عَلَى الصَّخْرَةِ رِجْلَيَّ. وَسَهَّلَ خُطُوَاتِي. وَجَعَلَ في فَمِي تَسْبِيحَاً جَدِيدَاً، وَسُبْحَاً لإلهِنَا…
katameros:2828,reference,,,draft,0,,,لأنهُ يُوجَدُ كَثِيرُونَ سَيَقُولُونَ لِي في ذلِكَ الْيَوْمِ: يَارَبُّ، يَارَبُّ! أَلَيْسَ بِاسْمِكَ تَنَبَّأْنا، وَبِا…
katameros:2829,reference,,,draft,0,,,حَقِّي وَرَحْمَتِي مَعَهُ، وَبِاسْمِي يَرْتَفِع قَرْنُهُ. حِينَئِذٍ بِالْوَحِيِّ تَكَلَّمْتُ مَعَ بَنِيِكَ، وَقُلْتُ: إ…
katameros:283,reference,,,draft,0,,,بِهذَا أَوْصَيْتُكُمْ حَتَّى تُحِبُّوا بَعْضُكُمْ بَعْضاً. إنْ كَانَ الْعَالَمُ يُبْغِضُكُمْ فَاعْلَمُوا أنهُ قَدْ أَبْ…
katameros:2830,reference,,,draft,0,,,"فَقَالَ لَهُ وَاحِدٌ: "" يَارَبُّ، أَقَلِيلٌ هُمُ الَّذِينَ يَخْلُصُونَ؟ "". فَقَالَ لَهُمُ: "" اجْتَهِدُوا أنْ تَدْخُلُوا…"
katameros:2831,reference,,,draft,0,,,وَأنَا أيْضاً أيهَا الإخْوَةُ لَمْ أَسْتَطِعْ أنْ أُكَلِّمَكُمْ كَرُوحِيِّينَ، بَلْ كَجَسَدِيِّينَ كَأَطْفَالٍ في الْمَ…
katameros:2832,reference,,,draft,0,,,سِمْعَانُ بُطْرُسُ عَبْدُ يَسُوعَ الْمَسِيحِ وَرَسُولُهُ، إلى الَّذِينَ نَالُوا مَعَنَا إيمَاناً مُكَرَّمَاً مُسَاوِياً…
katameros:2833,reference,,,draft,0,,,"وَبَعْدَمَا سَكَتَا، أَجَابَ يَعْقُوبُ قَائِلاً: "" أيهَا الرِّجَالُ إخْوَتُنَا، اسْمَعُونِي. سِمْعَانُ قَدْ أَخْبَرَ كَ…"
katameros:2834,reference,,,draft,0,,,اِسْتَمِعْ يَا اللَّهُ طِلْبَتِي، أصْغِ إلى صَلاَتِي. عَلَى الصَّخْرَةِ رَفَعْتَنِي وَأَرْشَدْتَنِي. صِرْتَ رَجَائِي وَ…
katameros:2835,reference,,,draft,0,,,"وَكَانَ جُمُوعٌ كَثِيرَةٌ سَائِرِينَ مَعَهُ، فَالْتَفَتَ وَقَالَ لَهُمْ: "" مَنْ يَأتِي إلَيَّ وَلا يُبْغِضُ أباهُ وَأُم…"
katameros:2836,reference,,,draft,0,,,السَّمَوَاتُ تُذِيعُ مَجْدَ اللَّهِ، الْفَلَكُ يُخْبِرُ بِعَمَلِ يَدَيْهِ. في كُلِّ الأَرْضِ خَرَجَ مَنْطِقُهُمْ. وَإلى…
katameros:2837,reference,,,draft,0,,,إنْ ثَبَتُّمْ فيَّ وَثَبَتَ كَلاَمِي فِيكُمْ، تَطْلُبُوا مَا تُرِيدُونَ فَيَكُونُ لَكُمْ. بِهذَا يَتَمَجَّدُ أبِي: أنْ …
katameros:2838,reference,,,draft,0,,,فَاضَ قَلْبِي كَلِمَةً صَالِحةً. أَقُولُ أَنا أَعْمَالِي لِلْمَلِكِ. انْسَكَبَتِ النِّعْمَةُ مِنْ شَفَتَيْكَ، لِذَلِكَ …
katameros:2839,reference,,,draft,0,,,في الْبَدْءِ كَانَ الْكَلِمَةُ، وَالْكَلِمَةُ كَانَ عِنْدَ اللَّهِ، وَكَانَ الْكَلِمَةُ اللَّهَ. هذَا كَانَ في الْبَدْء…
katameros:284,reference,,,draft,0,,,فَإنَّنَا لَسْنَا نَكْرِزُ بِأَنْفُسِنَا، بَلْ بِالْمَسِيحِ يَسُوعَ رَبِّنَا، وَنَحْنُ أيْضاً عَبِيدٌ لَكُمْ مِنْ قِبَل…
katameros:2840,reference,,,draft,0,,,لأنَّ غَايَةَ النَّامُوسِ هيَ: الْمَسِيحُ لِلْبِرِّ لِكُلِّ مَنْ يُؤْمِنُ؛ لأنَّ مُوسَى كَتَبَ في الْبِرِّ الَّذِي مِنَ…
katameros:2841,reference,,,draft,0,,,الَّذِي كَانَ مِنَ الْبَدْءِ، الَّذِي سَمِعْنَاهُ، الَّذِي رَأيْنَاهُ بِعُيُوننَا، الَّذِي شَاهَدْنَاهُ، وَلَمَسَتْهُ أ…
katameros:2842,reference,,,draft,0,,,وَصَعِدَ بُطْرُسُ وَيُوحَنَّا إلى الْهَيْكَلِ في وَقْتِ صَلاةِ السَّاعَةِ التَّاسِعَةِ. وَكَانَ رَجُلٌ أَعْرَجُ مِنْ بَ…
katameros:2843,reference,,,draft,0,,,وَأنا لَقَدْ أَكْرَمَ عَليَّ جِدّاً، أَصْفِياؤُكَ يَا اللَّهُ. وَاعْتَزَّتْ جِدّاً رِئَاسَتُهُمْ. أَحْصِهِمْ فَيُكْثِرُ…
katameros:2844,reference,,,draft,0,,,"فَبَعْدَ مَا أَكَلُوا قَالَ يَسُوعُ لِسِمْعَانَ بُطْرُسَ: "" يا سِمْعَانُ بْنَ يُونا، أَتُحِبُّنِي أَكْثَرَ مِنْ هؤُلاءِ…"
katameros:2845,reference,,,draft,0,,,تُبَادِرُ الرُّؤَسَاءُ إلى كُلِّ الْمُرَتِّلِيْنَ، في وَسَطِ صَبَايَا ضَارِبَاتٍ بِالدُّفُوفِ. بَارِكُوا اللَّهَ في الْ…
katameros:2846,reference,,,draft,0,,,وَفِيمَا كَانَ يَسُوعُ في بَيْتِ عَنْيَا في بَيْتِ سِمْعَانَ الأَبْرَصِ، جَاءَتْ إلَيْهِ امْرَأةٌ مَعَهَا قَارُورَةُ طِ…
katameros:2847,reference,,,draft,0,,,مِنْ أَفْوَاهِ الأَطْفَالِ وَالرُّضعَانِ هَيَّأتَ سُبْحَاً؛ لأني أَرَى السَّمَوَاتِ أَعْمَالَ أصَابِعِكَ، الْقَمَرَ وَا…
katameros:2848,reference,,,draft,0,,,"قَالَتْ لَهُ الْمَرْأَةُ: "" يَا سَيِّدي أَعْطِنِي هذَا الْمَاءَ؛ لِكَيْ لا أَعْطَشَ وَلا آتِيَ إلى هُنَا لأَسْتَقِيَ "".…"
katameros:2849,reference,,,draft,0,,,سِيرُوا إذاً كَأَوْلاَدِ النُّورِ؛ لأنَّ ثَمَرَ النُّورِ هُوَ في كُلِّ صَلاَحٍ وَبِرٍّ وَحَقٍّ. مُخْتَبِرِينَ مَا هُوَ …
katameros:285,reference,,,draft,0,,,أيهَا العَبِيدُ، كُونُوا خَاضِعِينَ لِسَادَتِكُمْ بِكُلِّ خَوْفٍ، لَيْسَ فَقَطْ للصَّالِحِينَ الْمُتَرَفِّقِينَ، بَلْ ل…
katameros:2850,reference,,,draft,0,,,لأنهُ هَكَذَا كَانَتْ قَدِيماً النِّسَاءُ الْقِدِّيسَاتُ الْمُتَوَكِّلاَتُ أيْضاً عَلَى اللَّهِ، يُزَيِّنَّ أَنْفُسَهُن…
katameros:2851,reference,,,draft,0,,,وَلكِنْ حَدَثَ لَمَّا اسْتَكْمَلْنَا الأيامَ خَرَجْنَا وَمَشَيْنَا، وَهُمْ يُشَيِّعُونَنَا، مَعَ نِسَاءٍ أيْضاً وَأَوْل…
katameros:2852,reference,,,draft,0,,,يُدْخِلْنَ للْمَلِكِ عَذَارَى في إثْرِهَا. جَمِيعُ صَاحِبَاتِهَا لَهُ يُقَدَّمْنَ. يُدْخِلْنَهُنَّ بِفَرَحٍ وَابْتِهَاج…
katameros:2853,reference,,,draft,0,,,حِينَئِذٍ يُشْبِهُ مَلَكُوتُ السَّمَوَاتِ عَشْرَ عَذَارَى، أَخَذْنَ مَصَابِيحَهُنَّ وَخَرَجْنَ لِلِقَاءِ الْعَرِيسِ. وَ…
katameros:2854,reference,,,draft,0,,,الرَّبُّ يُعْطِي كَلِمَةً للمُبشِّرِينَ، بِقُوَّةٍ عَظِيمَةٍ. عَجِيبٌ هُوَ اللَّهُ في قِدِّيسِيهِ. إلَهُ إسْرَائِيلَ هُ…
katameros:2855,reference,,,draft,0,,,فَانْطَلَقَ يَسُوعُ مَعَ تَلامِيذِهِ إلى عَبْرِ الْبَحْرِ، وَتَبِعَهُ جَمْعٌ كَثِيرٌ مِنَ الْجَلِيلِ وَمِنَ الْيَهُودِي…
katameros:2856,reference,,,draft,0,,,قدِّيسُوكَ يُبَارِكُونَكَ. وَمَجْدَ مُلْكِكَ يَصِفُونَ. وَبِقُوَّتِكَ يَنْطقُونَ. لِيُظْهِرُوا لِبَنِي البَشَرِ قُدْرَت…
katameros:2857,reference,,,draft,0,,,وَفي تِلْكَ الأيامِ خَرَجَ إلى الْجَبَلِ لِيُصَلِّيَ. وَكَانَ سَاهِراً في الصَّلاَةِ لِلَّهِ.  وَلَمَّا كَانَ النَّهَار…
katameros:2858,reference,,,draft,0,,,لأنَّ غَايَةَ النَّامُوسِ هيَ: الْمَسِيحُ لِلْبِرِّ لِكُلِّ مَنْ يُؤْمِنُ؛ لأنَّ مُوسَى كَتَبَ في الْبِرِّ الَّذِي مِنَ…
katameros:2859,reference,,,draft,0,,,لِذلِكَ سَوْفَ أُذَكِّرُكُمْ في كُلِّ حِينٍ بِهذِهِ الأُمُورِ، وَلَوْ إنَّكُمْ عَالِمُونَ وَثَابِتُونَ في الْحَقِّ الْح…
katameros:286,reference,,,draft,0,,,"وَمِنْ مِيلِيتُسَ أَرْسَلَ إلى أَفَسُسَ وَاسْتَدْعَى أحْبَارَ الْكَنِيسَةِ. فَلَمَّا جَاءُوا إلَيْهِ قَالَ لَهُمْ: "" أَ…"
katameros:2860,reference,,,draft,0,,,وَصَعِدَ بُطْرُسُ وَيُوحَنَّا إلى الْهَيْكَلِ في وَقْتِ صَلاةِ السَّاعَةِ التَّاسِعَةِ. وَكَانَ رَجُلٌ أَعْرَجُ مِنْ بَ…
katameros:2861,reference,,,draft,0,,,السَّمَوَاتُ تُذِيعُ مَجْدَ اللَّهِ، الْفَلَكُ يُخْبِرُ بِعَمَلِ يَدَيْهِ. في كُلِّ الأَرْضِ خَرَجَ مَنْطِقُهُمْ. وَإلى…
katameros:2862,reference,,,draft,0,,,ثُمَّ دَعَا تَلاَمِيذَهُ الاثْنَيْ عَشَرَ وَأَعْطَاهُمْ سُلْطَاناً عَلَى أَرْوَاحٍ نَجِسَةٍ حَتَّى يُخْرِجُوهَا وَيَشْف…
katameros:2863,reference,,,draft,0,,,اعْلَمُوا أنَّ الرَّبَّ قَدْ جَعَلَ قُدُّوسَهُ عَجَبَاً. الرَّبُّ يَسْتَجِيبُ لي إذَا مَا صَرَخْتُ إلَيْهِ. قَدِ ارْتَس…
katameros:2864,reference,,,draft,0,,,لَيْسَ تِلْمِيذٌ أَفْضَلَ مِنْ مُعَلِّمِهِ، وَلا عَبْدٌ أَفْضَلَ مِنْ سَيِّدِهِ. يَكْفِي التِّلْمِيذَ أنْ يَصِيرَ كَمُع…
katameros:2865,reference,,,draft,0,,,سَبِّحُوا أيهَا الْفِتْيَانُ الرَّبَّ، سَبِّحُوا اسْمَ الرَّبِّ، لِيَكُنْ اسْمُ الرَّبِّ مُبَارَكَاً، مِنَ الآنَ وَإلى …
katameros:2866,reference,,,draft,0,,,"وَدَعَا الْجَمْعَ وَتَلامِيذَهُ وَقَالَ لَهُمْ: "" مَنْ أرَادَ أنْ يَأتيَ وَرَائِي فَلْيُنْكِرْ نَفْسَهُ وَيَحْمِلْ صَلِ…"
katameros:2867,reference,,,draft,0,,,لأنَّ كُلَّ الَّذِينَ يَنْقَادُونَ بِرُوحِ اللَّهِ، فَأُولئِكَ هُمْ أَبنَاءُ اللَّهِ. إذْ لَمْ تَأْخُذُوا رُوحَ الْعُبُ…
katameros:2868,reference,,,draft,0,,,أيهَا الأحِبَّاءُ، أَطْلُبُ إلَيْكُمْ كَغُرَبَاءَ وَنُزَلاَءَ، أنْ تَبْتَعِدُوا عَنِ الشَّهَوَاتِ الْجَسَدِيَّةِ التي ت…
katameros:2869,reference,,,draft,0,,,وَكَانَ اللَّهُ يَصْنَعُ عَلَى يَدَيْ بُولُسَ قُوَّاتٍ كَثِيرَةً، حَتَّى إِنَّهُمْ كَانُوا يَأخُذُونَ مَنادِيلَ وَخِرَق…
katameros:287,reference,,,draft,0,,,فَلْيَرْفَعُوهُ في كَنِيسَةِ شَعْبِهِ، وَلْيُبَارِكُوهُ في مَجْلِسِ الشُّيوخِ. جَعَلَ أبوَّةً مِثْلَ الْخِرَافِ. يُبْصِ…
katameros:2870,reference,,,draft,0,,,جُزْنا في النَّارِ وَالْمَاءِ، وَأَخْرَجْتَنَا إلى الرَّاحَةِ. أَدْخُلُ إلى بَيْتِكَ بِالْمُحْرَقَاتِ، وَأُوفِيكَ النُّ…
katameros:2871,reference,,,draft,0,,,وَقَبْلَ هَذَا كُلِّهِ يُلْقُونَ أَيْدِيَهُمْ عَلَيْكُمْ وَيَطْرُدُونَكُمْ، وَيُسَلِّمُونَكُمْ إلى مَجَامِعَ وَسُجُونٍ،…
katameros:2872,reference,,,draft,0,,,الَّذِي يُعَلِّمُ يَدَيَّ الْقِتَالَ، وَجَعَلَ سَاعِدَيَّ أقْوَاسَاً مِنْ نُحَاسٍ. وَمَنْطَقْتَنِي قُوَّةً في الْحَرْبِ…
katameros:2873,reference,,,draft,0,,,هَا أَنَا أُرْسِلُكُمْ كَخِرَافٍ في وَسَطِ ذِئَابٍ فَكُونُوا حُكَمَاءَ كَالْحَيَّاتِ وَبُسَطَاءَ كَالْحَمَامِ. وَاحْذَر…
katameros:2874,reference,,,draft,0,,,تَقَلَّدْ سَيْفَكَ عَلَى فَخْذِكَ أيهَا الْقَويُّ. بِحُسْنِكَ وَجَمَالِكَ اسْتَلَّهُ وَانْجَحْ وَامْلِكْ. كُرْسِيُّكَ ي…
katameros:2875,reference,,,draft,0,,,وَلَمَّا صَارَ الْغَدُ مَضَى يَسُوعُ إلى مَدِينَةٍ تُدْعَى نَايِينَ، وَذَهَبَ مَعَهُ تَلاَمِيذُهُ وَجَمْعٌ كَثِيرٌ. فَل…
katameros:2876,reference,,,draft,0,,,فَاشْتَرِكْ أَنْتَ في احْتِمَالِ الآلامِ كَجُنْدِيٍّ صَالِحٍ لِلْمَسِيحِ يَسُوعَ. لأنهُ لَيْسَ أَحَدٌ وَهُوَ يَتَجَنَّد…
katameros:2877,reference,,,draft,0,,,وَالنِّهَايَةُ، كُونُوا جَمِيعَاً بِرَأيٍ وَاحِدٍ، وَكُونُوا مُشْتَرِكِينَ في الآلامِ. وَكُونُوا مُحِبِّينَ الإخْوَةَ، …
katameros:2878,reference,,,draft,0,,,فَتَشاورَ الْجُنْدُ كَيْ يَقْتُلُوا الأَسْرَى لِئَلاَّ يَسْبَحَ أَحَدٌ مِنْهُمْ فَيَهْرُبَ. وَلكِنَّ قَائِدَ الْمِئَةِ،…
katameros:2879,reference,,,draft,0,,,وَعَلَى الأَفْعَى وَمَلِكِ الْحَيَّاتِ تَطَأُ. وَتَسْحَقُ الأَسَدَ وَالتنِّينَ. لأنهُ يُوصِي مَلاَئِكَتَهُ مِنْ أَجْلِك…
katameros:288,reference,,,draft,0,,,""" الْحَقَّ الْحَقَّ أَقُولُ لَكُمْ: إنَّ الَّذِي لا يَدْخُلُ مِنَ الْبَابِ إلى حَظِيرَةِ الْخِرَافِ، بَلْ يَطْلَعُ مِنْ…"
katameros:2880,reference,,,draft,0,,,"وَفي تِلْكَ السَّاعَةِ تَهَلَّلَ يَسُوعُ بِالرُّوحِ الْقُدُسِ وَقَالَ: "" أَشْكُرُكَ أيهَا الآبُ، رَبُّ السَّمَاءِ وَالأ…"
katameros:2881,reference,,,draft,0,,,كَثِيرَةٌ هيَ أَحْزَانُ الصِّدِّيقِينَ، وَمِنْ جَمِيعِهَا يُنَجِّيهِمِ الرَّبُّ. يَحْفَظُ الرَّبُّ جَمِيعَ عِظَامِهِمْ.…
katameros:2882,reference,,,draft,0,,,"حِينَئِذٍ قَالَ يَسُوعُ لِتَلامِيذِهِ: "" مَنْ أَرَادَ أنْ يَتْبَعْنِي فَلْيُنْكِرْ نَفْسَهُ وَيَحْمِلْ صَلِيبَهُ وَيَتْ…"
katameros:2883,reference,,,draft,0,,,خَلاَصُ الصِّدِّيقِينَ مِنْ قِبَلِ الرَّبِّ، وَهُوَ نَاصِرُهُمْ في زَمَانِ الضِّيقِ. يُعِينُهُمُ الرَّبُّ وَيُنَجِّيهِم…
katameros:2884,reference,,,draft,0,,,فَانْظُرُوا إلى نُفُوسِكُمْ. لأنهُمْ سَيُسَلِّمُونَكُمْ إلى مَجَالِسَ، وَسَيَضْربُونَكُمْ في الْمَحَافِلِ، وَتُوقَفُونَ…
katameros:2885,reference,,,draft,0,,,أنَا نَفْسِي بُولُسُ أَطْلُبُ إلَيْكُمْ بِوَدَاعَةِ الْمَسِيحِ وَحِلْمِهِ، كَمَا أني ذَلِيلٌ بَيْنَكُمْ وَأمَامَكُمْ، و…
katameros:2886,reference,,,draft,0,,,فَإذْ قَدْ تَألَّمَ الْمَسِيحُ بِالْجَسَدِ عَنَّا، تَسَلَّحُوا أَنْتُمْ أيْضاً بِهذَا الْمِثَالِ. فَإنَّ مَنْ تَألَّمَ …
katameros:2887,reference,,,draft,0,,,وَرَجَعَ بَرْنَابَا وَشَاوُلُ مِنْ أُورُشَلِيمَ بَعْدَ مَا كَمَّلاَ الْخِدْمَةَ، وَأَخَذَا مَعَهُمَا يُوحَنَّا أيْضاً ا…
katameros:2888,reference,,,draft,0,,,نُورٌ أَشْرَقَ لِلصِّدِّيقِينَ، وَفَرَحٌ لِلْمُسْتَقِيمِينَ بِقَلْبِهِمْ. افْرَحُوا أيهَا الصِّدِّيقُونَ بِالرَّبِّ، وَ…
katameros:2889,reference,,,draft,0,,,وَفِيمَا هُوَ يَقُولُ هذَا، ابْتَدَأَ الْكَتَبَةُ وَالْفَرِّيسِيُّونَ يَنْظُرُونَ رَدِيَّاً، وَيُكَلِّمُونَهُ في أُمُور…
katameros:289,reference,,,draft,0,,,كَهَنَتُكَ يَلْبَسُونَ الْبِرَّ، وقِدِّيسُوكَ يَبْتَهِجُونَ مِنْ أَجْلِ دَاوُدَ عَبْدِكَ. هَيَّأْتُ سِرَاجاً لِمَسِيحِي…
katameros:2890,reference,,,draft,0,,,قَدْ ارْتَسَمَ عَلَيْنَا نُورُ وَجْهِكَ يَارَبُّ. أَعْطيتَ سُرُوراً لِقَلْبِي؛ لأنكَ أنْتَ وَحْدَكَ يَارَبُّ، أَسْكَنْت…
katameros:2891,reference,,,draft,0,,,"حِينَئِذٍ قَالَ يَسُوعُ لِتَلامِيذِهِ: "" مَنْ أَرَادَ أنْ يَتْبَعْنِي فَلْيُنْكِرْ نَفْسَهُ وَيَحْمِلْ صَلِيبَهُ وَيَتْ…"
katameros:2892,reference,,,draft,0,,,يَفْتَخِرُ بِكَ كُلُّ الَّذِينَ يُحِبُّونَ اسْمَكَ؛ لأَنكَ أَنْتَ يَارَبُّ بَارَكْتَ الصِّدِّيقَ. مِثْلَ سِلاَحِ الْمَس…
katameros:2893,reference,,,draft,0,,,لا تَظُنُّوا أني جِئْتُ لأُلْقِيَ سَلاَماً عَلَى الأَرْضِ، مَا جِئْتُ لأُلْقِيَ سَلاماً بَلْ سَيْفاً. فَإنِّي أَتَيْتُ …
katameros:2894,reference,,,draft,0,,,لأني أَظُنُّ أنَّ آلامَ هذَا الزَّمَانِ الْحَاضِرِ لا تُقَاسُ بِالْمَجْدِ الْعَتِيدِ أنْ يُسْتَعْلَنَ فِينَا. لأنَّ انْ…
katameros:2895,reference,,,draft,0,,,وَالنِّهَايَةُ، كُونُوا جَمِيعَاً بِرَأيٍ وَاحِدٍ، وَكُونُوا مُشْتَرِكِينَ في الآلامِ. وَكُونُوا مُحِبِّينَ الإخْوَةَ، …
katameros:2896,reference,,,draft,0,,,وَحَدَثَ في ذَلِكَ الْوَقْتِ اضطرَابٌ لَيْسَ بِقَلِيلٍ بِسَبَبِ الطَّرِيقِ؛ لأنَّ وَاحداً اسْمُهُ دِيمِتْرِيُوس، صَائِغ…
katameros:2897,reference,,,draft,0,,,عَجِيبٌ هُوَ اللَّهُ في قِدِّيسِيهِ. إلَهُ إسْرَائِيلَ هُوَ يُعْطِي قُوَّةً وَعِزَّاً لِشَعْبِهِ. وَالصِّدِّيقُونَ يَفْ…
katameros:2898,reference,,,draft,0,,,وَلكِنْ أَقُولُ لَكُمْ يَا أَصْدِقَائِي: لا تَخَافُوا مِنَ الَّذِينَ يَقْتُلُونَ جَسَدَكُمْ، وَبَعْدَ ذلِكَ لَيْسَ لَهُ…
katameros:2899,reference,,,draft,0,,,إلَهُنَا هُوَ مَلْجَأُنَا وَقُوَّتُنَا، وَمُعِينُنَا في شَدَائِدِنَا التي أصَابَتْنَا جِدّاً. الرَّبُّ إلهُ الْقُوَّاتِ…
katameros:29,reference,,,draft,0,,,وَفِيمَا هُوَ يَتَكَلَّمُ سَألَهُ فَرِّيسِيٌّ أنْ يَأْكُلَ عِنْدَهُ، فَدَخَلَ وَاتَّكَأَ. وَأمَّا الفَرِّيسِيُّ لَمَّا …
katameros:290,reference,,,draft,0,,,وَكَانَ يَسُوعُ يَطُوفُ في كُلِّ الْجَلِيلِ يُعَلِّمُ في مَجَامِعِهِمْ، وَيَكْرِزُ بِبِشَارَةِ الْمَلَكُوتِ، وَيَشْفِي …
katameros:2900,reference,,,draft,0,,,وَفِيمَا هُوَ يَجْتَازُ عِنْدَ شَاطِئِ بَحْرِ الْجَلِيلِ أَبْصَرَ سِمْعَانَ وَأنْدَرَاوُسَ أَخَاهُ يُلْقِيَانِ شَبَكَةً…
katameros:2901,reference,,,draft,0,,,سَبِّحِي يَا نَفْسِي الرَّبَّ. أُسَبِّحُ الرَّبَّ في حَيَاتِي. طُوبَى لِمَنْ إلهُ يَعْقُوبَ مُعِينُهُ. وَاتِّكَالُهُ عَ…
katameros:2902,reference,,,draft,0,,,وَإذْ كَانَ مَاشِياً عَلَى شَاطِئِ بَحْرِ الْجَلِيلِ أَبْصَرَ أَخَوَيْنِ: سِمْعَانَ الَّذي يُقَالُ لَهُ بُطْرُسُ، وَأَن…
katameros:2903,reference,,,draft,0,,,بُولُسُ، رَسُولٌ لا مِنَ النَّاسِ وَلا بِإنْسَانٍ، بَلْ بِيَسُوعَ الْمَسِيحِ وَاللَّهِ الآبِ الَّذِي أَقَامَهُ مِنْ بَي…
katameros:2904,reference,,,draft,0,,,يَعْقُوبُ، عَبْدُ اللَّهِ وَرَبِّنَا يَسُوعَ الْمَسِيحِ، يُهْدِي السَّلامَ إلَى الاثْنَيْ عَشَرَ سِبْطاً الَّذِينَ في ا…
katameros:2905,reference,,,draft,0,,,"وَبَعْدَمَا سَكَتَا، أَجَابَ يَعْقُوبُ قَائِلاً: "" أيهَا الرِّجَالُ إخْوَتُنَا، اسْمَعُونِي. سِمْعَانُ قَدْ أَخْبَرَ كَ…"
katameros:2906,reference,,,draft,0,,,إذْ أَقَامَ الشَّهَادَةَ في يَعْقُوبَ، وَوَضَعَ النَّامُوسَ في إسْرَائِيلَ. لأني أَنَا قَدْ عَلِمْتُ أنَّ الرَّبَّ عَظِ…
katameros:2907,reference,,,draft,0,,,"وَتَقَدَّمَ إلَيْهِ يَعْقُوبُ وَيُوحَنَّا ابْنَا زَبْدِي قَائِلَيْنِ لَهُ: "" يَا مُعَلِّمُ، نُرِيدُ أنْ تَفْعَلَ لَنَا …"
katameros:2908,reference,,,draft,0,,,عَجِيبٌ هُوَ اللَّهُ في قِدِّيسِيهِ. إلَهُ إسْرَائِيلَ هُوَ يُعْطِي قُوَّةً وَعِزَّاً لِشَعْبِهِ. وَالصِّدِّيقُونَ يَفْ…
katameros:2909,reference,,,draft,0,,,هَا أَنَا أُرْسِلُكُمْ كَخِرَافٍ في وَسَطِ ذِئَابٍ فَكُونُوا حُكَمَاءَ كَالْحَيَّاتِ وَبُسَطَاءَ كَالْحَمَامِ. وَاحْذَر…
katameros:291,reference,,,draft,0,,,"أَقْسَمَ الرَّبُّ وَلَنْ يَنْدَمَ: "" إِنَّكَ أَنْتَ هُوَ الْكَاهِنُ إلى الأَبدِ عَلَى طَقْسِ مَلْشِيصَادَقَ "". الرَّبُّ…"
katameros:2910,reference,,,draft,0,,,نُورٌ أَشْرَقَ لِلصِّدِّيقِينَ، وَفَرَحٌ لِلْمُسْتَقِيمِينَ بِقَلْبِهِمْ. افْرَحُوا أيهَا الصِّدِّيقُونَ بِالرَّبِّ، وَ…
katameros:2911,reference,,,draft,0,,,فَانْظُرُوا إلى نُفُوسِكُمْ. لأنهُمْ سَيُسَلِّمُونَكُمْ إلى مَجَالِسَ، وَسَيَضْربُونَكُمْ في الْمَحَافِلِ، وَتُوقَفُونَ…
katameros:2912,reference,,,draft,0,,,فَتَفَكَّرُوا في الَّذِي احْتَمَلَ هكَذَا مِنَ الْخُطَاةِ الْمُقَاوِمِينَ لِنِفُوسِهِمْ وَحْدَهُمْ لِئَلاَّ تَكِلُّوا و…
katameros:2913,reference,,,draft,0,,,يَا أَحِبْائِي، لا تَسْتَغْرِبُوا الْبَلْوَى الْمُحْرِقَةَ التي تَحْدُث بَيْنَكُمْ، لأَجْلِ تَجرِبَتِكُمْ، كَأنهُ أَمْر…
katameros:2914,reference,,,draft,0,,,وَأمَّا خَيْمَةُ الشَّهَادَةِ فَكَانَتْ مَعَ آبَائِنَا في الْبَرِّيةِ، كَمَا أَمَرَ الَّذِي كَلَّمَ مُوسَى أنْ يَصْنَعَ…
katameros:2915,reference,,,draft,0,,,كَثِيرَةٌ هيَ أَحْزَانُ الصِّدِّيقِينَ، وَمِنْ جَمِيعِهَا يُنَجِّيهِمِ الرَّبُّ. يَحْفَظُ الرَّبُّ جَمِيعَ عِظَامِهِمْ.…
katameros:2916,reference,,,draft,0,,,وَفِيمَا هُوَ يَقُولُ هذَا، ابْتَدَأَ الْكَتَبَةُ وَالْفَرِّيسِيُّونَ يَنْظُرُونَ رَدِيَّاً، وَيُكَلِّمُونَهُ في أُمُور…
katameros:2917,reference,,,draft,0,,,الَّذِي يُعَلِّمُ يَدَيَّ الْقِتَالَ، وَجَعَلَ سَاعِدَيَّ أقْوَاسَاً مِنْ نُحَاسٍ. وَمَنْطَقْتَنِي قُوَّةً في الْحَرْبِ…
katameros:2918,reference,,,draft,0,,,"وَلَمَّا دَخَلَ كَفْرَنَاحُومَ، جَاءَ إلَيْهِ قَائِدُ مِئَةٍ يَطْلُبُ إلَيْهِ قَائِلاً: "" يَا سَيِّدي، غُلاَمِي مَطْرُو…"
katameros:2919,reference,,,draft,0,,,عَجِيبٌ هُوَ اللَّهُ في قِدِّيسِيهِ. إلَهُ إسْرَائِيلَ هُوَ يُعْطِي قُوَّةً وَعِزَّاً لِشَعْبِهِ. وَالصِّدِّيقُونَ يَفْ…
katameros:292,reference,,,draft,0,,,وَنَزَلَ مَعَهُمْ وَوَقَفَ في مَوْضِعٍ خَلاءٍ، مَعَ جَمْعٍ مِنْ تَلامِيذِهِ، وَجُمْهورٍ كَثِيرٍ مِنَ الشَّعْبِ، مِنْ جَ…
katameros:2920,reference,,,draft,0,,,وَلكِنْ أَقُولُ لَكُمْ يَا أَصْدِقَائِي: لا تَخَافُوا مِنَ الَّذِينَ يَقْتُلُونَ جَسَدَكُمْ، وَبَعْدَ ذلِكَ لَيْسَ لَهُ…
katameros:2921,reference,,,draft,0,,,أنَا نَفْسِي بُولُسُ أَطْلُبُ إلَيْكُمْ بِوَدَاعَةِ الْمَسِيحِ وَحِلْمِهِ، كَمَا أني ذَلِيلٌ بَيْنَكُمْ وَأمَامَكُمْ، و…
katameros:2922,reference,,,draft,0,,,فَإذْ قَدْ تَألَّمَ الْمَسِيحُ بِالْجَسَدِ عَنَّا، تَسَلَّحُوا أَنْتُمْ أيْضاً بِهذَا الْمِثَالِ. فَإنَّ مَنْ تَألَّمَ …
katameros:2923,reference,,,draft,0,,,وَرَجَعَ بَرْنَابَا وَشَاوُلُ مِنْ أُورُشَلِيمَ بَعْدَ مَا كَمَّلاَ الْخِدْمَةَ، وَأَخَذَا مَعَهُمَا يُوحَنَّا أيْضاً ا…
katameros:2924,reference,,,draft,0,,,تَقَلَّدْ سَيْفَكَ عَلَى فَخْذِكَ، أيهَا الْقَويُّ. بِحُسْنِكَ وَجَمَالِكَ، اسْتَلَّهُ وَانْجَحْ وَامْلِكْ.   هللويا.
katameros:2925,reference,,,draft,0,,,"ثُمَّ انْتَقَلَ مِنْ هُنَاكَ وَدَخَلَ مَجْمَعَهُمْ، وَإذَا إنْسَانٌ يَدُهُ يَابِسَةٌ، فَسَأَلُوهُ قَائِلِينَ: "" هَلْ يَ…"
katameros:2926,reference,,,draft,0,,,"لَمْ يَتْرُكْ إنْسَاناً يَظْلِمُهُمْ، وَبَكَّتَ ملوكاً مِنْ أجْلِهمْ، قَائِلاً: "" لا تَمَسُّوا مُسَحَائي، وَلا تُسِيئوا…"
katameros:2927,reference,,,draft,0,,,وَفِيمَا هُوَ يَتَكَلَّمُ سَألَهُ فَرِّيسِيٌّ أنْ يَأْكُلَ عِنْدَهُ، فَدَخَلَ وَاتَّكَأَ. وَأمَّا الفَرِّيسِيُّ لَمَّا …
katameros:2928,reference,,,draft,0,,,أَرْسَلَ مُوسَى عَبْدَهُ وَهارُونَ الَّذِي اخْتَارَهُ، جَعَلَ فِيهِمَا أَقْوَالَ آيَاتِهِ وَعَجَائِبِهِ، كَيْ يَحْفَظُو…
katameros:2929,reference,,,draft,0,,,وَبَعْدَ سِتَّةِ أيامٍ أخَذَ يَسُوعُ بُطْرُسَ وَيَعْقُوبَ وَيُوحَنَّا أخَاهُ وَأَصْعَدَهُمْ عَلَى جَبَلٍ عَالٍ مُنْفَرِ…
katameros:293,reference,,,draft,0,,,وَأَمَّا أَنْتَ فَقَدْ اتَّبَعْتَ تَعْلِيمِي، وَمَثَالِي، وَرَسْمِي الأَوَّلَ، وَإيمَانِي، وَأَنَاتِي، وَمَحَبَّتِي، وَ…
katameros:2930,reference,,,draft,0,,,بِالإيمَانِ قَرَّبَ إبْرَاهِيمُ إسْحَقَ حِينَ جُرِّبَ. وَقَرَّبَ ابْنَهُ الوَحِيدَ ذَاكَ الَّذِي قَبِلَ الْمَوَاعِيدَ ب…
katameros:2931,reference,,,draft,0,,,وَثَابِتٌ عِنْدَنَا كَلامُ الأنبِيَاءِ، هذَا الَّذِي هُوَ نِعْمَ مَا تَصْنَعُونَهُ إذَا تَأمَّلْتُمْ إلَيْهِ، كَمِثْلِ …
katameros:2932,reference,,,draft,0,,,لأنَّ مُوسَى مُنْذُ الأجْيَالِ الْقَدِيمَةِ، لَهُ في كُلِّ مَدِينَةٍ مَنْ يَكْرِزُ بِهِ، إذْ يُقْرَأُ  في الْمَجَامِعِ …
katameros:2933,reference,,,draft,0,,,مُوسَى وَهَارُونُ في كَهَنَتِهِ، وَصَمُوئيلُ في الَّذِينَ يَدْعُونَ بِاسْمِهِ. كَانُوا يَدْعُونَ الرَّبَّ وَهُوَ كَانَ …
katameros:2934,reference,,,draft,0,,,الْوَيْلُ لَكُمْ أيهَا الكَتَبَةُ والْفَرِّيسِيُّونَ الْمُرَاؤُونَ! لأنكُمْ تُغْلِقُونَ مَلَكُوتَ السَّمَوَاتِ قُدَّامَ…
katameros:2935,reference,,,draft,0,,,الصِّدِّيقُونَ صَرَخُوا وَالرَّبُّ اسْتَجَابَ لَهُمْ، وَمِنْ جَمِيعِ شَدَائِدِهِمْ نَجَّاهُمْ. قَرِيبٌ هُوَ الرَّبُّ مِ…
katameros:2936,reference,,,draft,0,,,هَا أَنَا أُرْسِلُكُمْ كَخِرَافٍ في وَسَطِ ذِئَابٍ فَكُونُوا حُكَمَاءَ كَالْحَيَّاتِ وَبُسَطَاءَ كَالْحَمَامِ. وَاحْذَر…
katameros:2937,reference,,,draft,0,,,كَثِيرَةٌ هيَ أَحْزَانُ الصِّدِّيقِينَ، وَمِنْ جَمِيعِهَا يُنَجِّيهِمِ الرَّبُّ. يَحْفَظُ الرَّبُّ جَمِيعَ عِظَامِهِمْ.…
katameros:2938,reference,,,draft,0,,,"وَدَعَا الْجَمْعَ وَتَلامِيذَهُ وَقَالَ لَهُمْ: "" مَنْ أرَادَ أنْ يَأتِيَ وَرَائِي فَلْيُنْكِرْ نَفْسَهُ وَيَحْمِلْ صَل…"
katameros:2939,reference,,,draft,0,,,وَنَحْنُ نَعْلَمُ أنَّ الَّذِينَ يُحِبُّونَ اللَّهَ، وهُمُ الَّذِينَ دَعَاهُمْ حَسَبَ قَصْدِهِ السَّابِقِ، يَجْعَلُ كُل…
katameros:294,reference,,,draft,0,,,أَطْلُبُ إلى الشُّيُوخِ الَّذِينَ بَيْنَكُمْ، أنا الشَّيْخَ شَرِيكَكُمْ، وَالشَّاهِدَ لآلاَمِ الْمَسِيحِ، وَشَرِيكَ الْ…
katameros:2940,reference,,,draft,0,,,فَإذْ قَدْ تَألَّمَ الْمَسِيحُ بِالْجَسَدِ عَنَّا، تَسَلَّحُوا أَنْتُمْ أيْضاً بِهذَا الْمِثَالِ. فَإنَّ مَنْ تَألَّمَ …
katameros:2941,reference,,,draft,0,,,وَحَدَثَ بَيْنَمَا كُنَّا ذَاهِبِينَ لِلصَّلاةِ، أنَّ جَارِيَةً بِهَا رُوحُ عِرَافَةٍ قَدْ خَرَجَتْ لاسْتَقْبَالِنَا. و…
katameros:2942,reference,,,draft,0,,,نُورٌ أَشْرَقَ لِلصِّدِّيقِينَ، وَفَرَحٌ لِلْمُسْتَقِيمِينَ بِقَلْبِهِمْ. افْرَحُوا أيهَا الصِّدِّيقُونَ بِالرَّبِّ، وَ…
katameros:2943,reference,,,draft,0,,,وَقَبْلَ هَذَا كُلِّهِ يُلْقُونَ أَيْدِيَهُمْ عَلَيْكُمْ وَيَطْرُدُونَكُمْ، وَيُسَلِّمُونَكُمْ إلى مَجَامِعَ وَسُجُونٍ،…
katameros:2944,reference,,,draft,0,,,تُبَادِرُ الرُّؤَسَاءُ إلى كُلِّ الْمُرَتِّلِيْنَ، في وَسَطِ صَبَايَا ضَارِبَاتٍ بِالدُّفُوفِ. بَارِكُوا اللَّهَ في الْ…
katameros:2945,reference,,,draft,0,,,وَفِيمَا كَانَ يَسُوعُ في بَيْتِ عَنْيَا في بَيْتِ سِمْعَانَ الأَبْرَصِ، جَاءَتْ إلَيْهِ امْرَأةٌ مَعَهَا قَارُورَةُ طِ…
katameros:2946,reference,,,draft,0,,,مِنْ أَفْوَاهِ الأَطْفَالِ وَالرُّضعَانِ هَيَّأتَ سُبْحَاً؛ لأني أَرَى السَّمَوَاتِ أَعْمَالَ أصَابِعِكَ، الْقَمَرَ وَا…
katameros:2947,reference,,,draft,0,,,"قَالَتْ لَهُ الْمَرْأَةُ: "" يَا سَيِّدي أَعْطِنِي هذَا الْمَاءَ؛ لِكَيْ لا أَعْطَشَ وَلا آتِيَ إلى هُنَا لأَسْتَقِيَ "".…"
katameros:2948,reference,,,draft,0,,,سِيرُوا إذاً كَأَوْلاَدِ النُّورِ؛ لأنَّ ثَمَرَ النُّورِ هُوَ في كُلِّ صَلاَحٍ وَبِرٍّ وَحَقٍّ. مُخْتَبِرِينَ مَا هُوَ …
katameros:2949,reference,,,draft,0,,,لأنهُ هَكَذَا كَانَتْ قَدِيماً النِّسَاءُ الْقِدِّيسَاتُ الْمُتَوَكِّلاَتُ أيْضاً عَلَى اللَّهِ، يُزَيِّنَّ أَنْفُسَهُن…
katameros:295,reference,,,draft,0,,,"وَمِنْ مِيلِيتُسَ أَرْسَلَ إلى أَفَسُسَ وَاسْتَدْعَى أحْبَارَ الْكَنِيسَةِ. فَلَمَّا جَاءُوا إلَيْهِ قَالَ لَهُمْ: "" أَ…"
katameros:2950,reference,,,draft,0,,,وَلكِنْ حَدَثَ لَمَّا اسْتَكْمَلْنَا الأيامَ خَرَجْنَا وَمَشَيْنَا، وَهُمْ يُشَيِّعُونَنَا، مَعَ نِسَاءٍ أيْضاً وَأَوْل…
katameros:2951,reference,,,draft,0,,,يُدْخِلْنَ للْمَلِكِ عَذَارَى في إثْرِهَا. جَمِيعُ صَاحِبَاتِهَا لَهُ يُقَدَّمْنَ. يُدْخِلْنَهُنَّ بِفَرَحٍ وَابْتِهَاج…
katameros:2952,reference,,,draft,0,,,حِينَئِذٍ يُشْبِهُ مَلَكُوتُ السَّمَوَاتِ عَشْرَ عَذَارَى، أَخَذْنَ مَصَابِيحَهُنَّ وَخَرَجْنَ لِلِقَاءِ الْعَرِيسِ. وَ…
katameros:2953,reference,,,draft,0,,,الرَّبُّ يُعْطِي كَلِمَةً للمُبشِّرِينَ، بِقُوَّةٍ عَظِيمَةٍ. عَجِيبٌ هُوَ اللَّهُ في قِدِّيسِيهِ. إلَهُ إسْرَائِيلَ هُ…
katameros:2954,reference,,,draft,0,,,فَانْطَلَقَ يَسُوعُ مَعَ تَلامِيذِهِ إلى عَبْرِ الْبَحْرِ، وَتَبِعَهُ جَمْعٌ كَثِيرٌ مِنَ الْجَلِيلِ وَمِنَ الْيَهُودِي…
katameros:2955,reference,,,draft,0,,,قدِّيسُوكَ يُبَارِكُونَكَ. وَمَجْدَ مُلْكِكَ يَصِفُونَ. وَبِقُوَّتِكَ يَنْطقُونَ. لِيُظْهِرُوا لِبَنِي البَشَرِ قُدْرَت…
katameros:2956,reference,,,draft,0,,,وَفي تِلْكَ الأيامِ خَرَجَ إلى الْجَبَلِ لِيُصَلِّيَ. وَكَانَ سَاهِراً في الصَّلاَةِ لِلَّهِ.  وَلَمَّا كَانَ النَّهَار…
katameros:2957,reference,,,draft,0,,,لأنَّ غَايَةَ النَّامُوسِ هيَ: الْمَسِيحُ لِلْبِرِّ لِكُلِّ مَنْ يُؤْمِنُ؛ لأنَّ مُوسَى كَتَبَ في الْبِرِّ الَّذِي مِنَ…
katameros:2958,reference,,,draft,0,,,لِذلِكَ سَوْفَ أُذَكِّرُكُمْ في كُلِّ حِينٍ بِهذِهِ الأُمُورِ، وَلَوْ إنَّكُمْ عَالِمُونَ وَثَابِتُونَ في الْحَقِّ الْح…
katameros:2959,reference,,,draft,0,,,وَصَعِدَ بُطْرُسُ وَيُوحَنَّا إلى الْهَيْكَلِ في وَقْتِ صَلاةِ السَّاعَةِ التَّاسِعَةِ. وَكَانَ رَجُلٌ أَعْرَجُ مِنْ بَ…
katameros:296,reference,,,draft,0,,,أَمْسَكْتَ بِيَدِي الْيُمْنَى. وَبِمَشُورَتِكَ هَدَيْتَنِي وَبِالْمَجْدِ قَبِلْتَنِي. وَأنا خَيْرٌ لِي الالْتِصَاقُ بِا…
katameros:2960,reference,,,draft,0,,,السَّمَوَاتُ تُذِيعُ مَجْدَ اللَّهِ، الْفَلَكُ يُخْبِرُ بِعَمَلِ يَدَيْهِ. في كُلِّ الأَرْضِ خَرَجَ مَنْطِقُهُمْ. وَإلى…
katameros:2961,reference,,,draft,0,,,ثُمَّ دَعَا تَلاَمِيذَهُ الاثْنَيْ عَشَرَ وَأَعْطَاهُمْ سُلْطَاناً عَلَى أَرْوَاحٍ نَجِسَةٍ حَتَّى يُخْرِجُوهَا وَيَشْف…
katameros:2962,reference,,,draft,0,,,اعْلَمُوا أنَّ الرَّبَّ قَدْ جَعَلَ قُدُّوسَهُ عَجَبَاً. الرَّبُّ يَسْتَجِيبُ لي إذَا مَا صَرَخْتُ إلَيْهِ. قَدِ ارْتَس…
katameros:2963,reference,,,draft,0,,,لَيْسَ تِلْمِيذٌ أَفْضَلَ مِنْ مُعَلِّمِهِ، وَلا عَبْدٌ أَفْضَلَ مِنْ سَيِّدِهِ. يَكْفِي التِّلْمِيذَ أنْ يَصِيرَ كَمُع…
katameros:2964,reference,,,draft,0,,,سَبِّحُوا أيهَا الْفِتْيَانُ الرَّبَّ، سَبِّحُوا اسْمَ الرَّبِّ، لِيَكُنْ اسْمُ الرَّبِّ مُبَارَكَاً، مِنَ الآنَ وَإلى …
katameros:2965,reference,,,draft,0,,,"وَدَعَا الْجَمْعَ وَتَلامِيذَهُ وَقَالَ لَهُمْ: "" مَنْ أرَادَ أنْ يَأتيَ وَرَائِي فَلْيُنْكِرْ نَفْسَهُ وَيَحْمِلْ صَلِ…"
katameros:2966,reference,,,draft,0,,,لأنَّ كُلَّ الَّذِينَ يَنْقَادُونَ بِرُوحِ اللَّهِ، فَأُولئِكَ هُمْ أَبنَاءُ اللَّهِ. إذْ لَمْ تَأْخُذُوا رُوحَ الْعُبُ…
katameros:2967,reference,,,draft,0,,,أيهَا الأحِبَّاءُ، أَطْلُبُ إلَيْكُمْ كَغُرَبَاءَ وَنُزَلاَءَ، أنْ تَبْتَعِدُوا عَنِ الشَّهَوَاتِ الْجَسَدِيَّةِ التي ت…
katameros:2968,reference,,,draft,0,,,وَكَانَ اللَّهُ يَصْنَعُ عَلَى يَدَيْ بُولُسَ قُوَّاتٍ كَثِيرَةً، حَتَّى إِنَّهُمْ كَانُوا يَأخُذُونَ مَنادِيلَ وَخِرَق…
katameros:2969,reference,,,draft,0,,,جُزْنا في النَّارِ وَالْمَاءِ، وَأَخْرَجْتَنَا إلى الرَّاحَةِ. أَدْخُلُ إلى بَيْتِكَ بِالْمُحْرَقَاتِ، وَأُوفِيكَ النُّ…
katameros:297,reference,,,draft,0,,,""" الْحَقَّ الْحَقَّ أَقُولُ لَكُمْ: إنَّ الَّذِي لا يَدْخُلُ مِنَ الْبَابِ إلى حَظِيرَةِ الْخِرَافِ، بَلْ يَطْلَعُ مِنْ…"
katameros:2970,reference,,,draft,0,,,وَقَبْلَ هَذَا كُلِّهِ يُلْقُونَ أَيْدِيَهُمْ عَلَيْكُمْ وَيَطْرُدُونَكُمْ، وَيُسَلِّمُونَكُمْ إلى مَجَامِعَ وَسُجُونٍ،…
katameros:2971,reference,,,draft,0,,,عَجِيبٌ هُوَ اللَّهُ في قِدِّيسِيهِ. إلَهُ إسْرَائِيلَ هُوَ يُعْطِي قُوَّةً وَعِزَّاً لِشَعْبِهِ. وَالصِّدِّيقُونَ يَفْ…
katameros:2972,reference,,,draft,0,,,هَا أَنَا أُرْسِلُكُمْ كَخِرَافٍ في وَسَطِ ذِئَابٍ فَكُونُوا حُكَمَاءَ كَالْحَيَّاتِ وَبُسَطَاءَ كَالْحَمَامِ. وَاحْذَر…
katameros:2973,reference,,,draft,0,,,نُورٌ أَشْرَقَ لِلصِّدِّيقِينَ، وَفَرَحٌ لِلْمُسْتَقِيمِينَ بِقَلْبِهِمْ. افْرَحُوا أيهَا الصِّدِّيقُونَ بِالرَّبِّ، وَ…
katameros:2974,reference,,,draft,0,,,فَانْظُرُوا إلى نُفُوسِكُمْ. لأنهُمْ سَيُسَلِّمُونَكُمْ إلى مَجَالِسَ، وَسَيَضْربُونَكُمْ في الْمَحَافِلِ، وَتُوقَفُونَ…
katameros:2975,reference,,,draft,0,,,فَتَفَكَّرُوا في الَّذِي احْتَمَلَ هكَذَا مِنَ الْخُطَاةِ الْمُقَاوِمِينَ لِنِفُوسِهِمْ وَحْدَهُمْ لِئَلاَّ تَكِلُّوا و…
katameros:2976,reference,,,draft,0,,,يَا أَحِبْائِي، لا تَسْتَغْرِبُوا الْبَلْوَى الْمُحْرِقَةَ التي تَحْدُث بَيْنَكُمْ، لأَجْلِ تَجرِبَتِكُمْ، كَأنهُ أَمْر…
katameros:2977,reference,,,draft,0,,,وَأمَّا خَيْمَةُ الشَّهَادَةِ فَكَانَتْ مَعَ آبَائِنَا في الْبَرِّيةِ، كَمَا أَمَرَ الَّذِي كَلَّمَ مُوسَى أنْ يَصْنَعَ…
katameros:2978,reference,,,draft,0,,,كَثِيرَةٌ هيَ أَحْزَانُ الصِّدِّيقِينَ، وَمِنْ جَمِيعِهَا يُنَجِّيهِمِ الرَّبُّ. يَحْفَظُ الرَّبُّ جَمِيعَ عِظَامِهِمْ.…
katameros:2979,reference,,,draft,0,,,وَفِيمَا هُوَ يَقُولُ هذَا، ابْتَدَأَ الْكَتَبَةُ وَالْفَرِّيسِيُّونَ يَنْظُرُونَ رَدِيَّاً، وَيُكَلِّمُونَهُ في أُمُور…
katameros:298,reference,,,draft,0,,,كَثِيرَةٌ هيَ أَحْزَانُ الصِّدِّيقِينَ، وَمِنْ جَمِيعِهَا يُنَجِّيهِمِ الرَّبُّ. يَحْفَظُ الرَّبُّ جَمِيعَ عِظَامِهِمْ.…
katameros:2980,reference,,,draft,0,,,تُبَادِرُ الرُّؤَسَاءُ إلى كُلِّ الْمُرَتِّلِيْنَ، في وَسَطِ صَبَايَا ضَارِبَاتٍ بِالدُّفُوفِ. بَارِكُوا اللَّهَ في الْ…
katameros:2981,reference,,,draft,0,,,وَفِيمَا كَانَ يَسُوعُ في بَيْتِ عَنْيَا في بَيْتِ سِمْعَانَ الأَبْرَصِ، جَاءَتْ إلَيْهِ امْرَأةٌ مَعَهَا قَارُورَةُ طِ…
katameros:2982,reference,,,draft,0,,,مِنْ أَفْوَاهِ الأَطْفَالِ وَالرُّضعَانِ هَيَّأتَ سُبْحَاً؛ لأني أَرَى السَّمَوَاتِ أَعْمَالَ أصَابِعِكَ، الْقَمَرَ وَا…
katameros:2983,reference,,,draft,0,,,"قَالَتْ لَهُ الْمَرْأَةُ: "" يَا سَيِّدي أَعْطِنِي هذَا الْمَاءَ؛ لِكَيْ لا أَعْطَشَ وَلا آتِيَ إلى هُنَا لأَسْتَقِيَ "".…"
katameros:2984,reference,,,draft,0,,,سِيرُوا إذاً كَأَوْلاَدِ النُّورِ؛ لأنَّ ثَمَرَ النُّورِ هُوَ في كُلِّ صَلاَحٍ وَبِرٍّ وَحَقٍّ. مُخْتَبِرِينَ مَا هُوَ …
katameros:2985,reference,,,draft,0,,,لأنهُ هَكَذَا كَانَتْ قَدِيماً النِّسَاءُ الْقِدِّيسَاتُ الْمُتَوَكِّلاَتُ أيْضاً عَلَى اللَّهِ، يُزَيِّنَّ أَنْفُسَهُن…
katameros:2986,reference,,,draft,0,,,وَلكِنْ حَدَثَ لَمَّا اسْتَكْمَلْنَا الأيامَ خَرَجْنَا وَمَشَيْنَا، وَهُمْ يُشَيِّعُونَنَا، مَعَ نِسَاءٍ أيْضاً وَأَوْل…
katameros:2987,reference,,,draft,0,,,يُدْخِلْنَ للْمَلِكِ عَذَارَى في إثْرِهَا. جَمِيعُ صَاحِبَاتِهَا لَهُ يُقَدَّمْنَ. يُدْخِلْنَهُنَّ بِفَرَحٍ وَابْتِهَاج…
katameros:2988,reference,,,draft,0,,,حِينَئِذٍ يُشْبِهُ مَلَكُوتُ السَّمَوَاتِ عَشْرَ عَذَارَى، أَخَذْنَ مَصَابِيحَهُنَّ وَخَرَجْنَ لِلِقَاءِ الْعَرِيسِ. وَ…
katameros:2989,reference,,,draft,0,,,أَقَامَ عَلَى الصَّخْرَةِ رِجْلَيَّ. وَسَهَّلَ خُطُوَاتِي. وَجَعَلَ في فَمِي تَسْبِيحَاً جَدِيدَاً، وَسُبْحَاً لإلهِنَا…
katameros:299,reference,,,draft,0,,,"حِينَئِذٍ قَالَ يَسُوعُ لِتَلامِيذِهِ: "" مَنْ أَرَادَ أنْ يَتْبَعْنِي فَلْيُنْكِرْ نَفْسَهُ وَيَحْمِلْ صَلِيبَهُ وَيَتْ…"
katameros:2990,reference,,,draft,0,,,لأنهُ يُوجَدُ كَثِيرُونَ سَيَقُولُونَ لِي في ذلِكَ الْيَوْمِ: يَارَبُّ، يَارَبُّ! أَلَيْسَ بِاسْمِكَ تَنَبَّأْنا، وَبِا…
katameros:2991,reference,,,draft,0,,,حَقِّي وَرَحْمَتِي مَعَهُ، وَبِاسْمِي يَرْتَفِع قَرْنُهُ. حِينَئِذٍ بِالْوَحِيِّ تَكَلَّمْتُ مَعَ بَنِيِكَ، وَقُلْتُ: إ…
katameros:2992,reference,,,draft,0,,,"فَقَالَ لَهُ وَاحِدٌ: "" يَارَبُّ، أَقَلِيلٌ هُمُ الَّذِينَ يَخْلُصُونَ؟ "". فَقَالَ لَهُمُ: "" اجْتَهِدُوا أنْ تَدْخُلُوا…"
katameros:2993,reference,,,draft,0,,,وَأنَا أيْضاً أيهَا الإخْوَةُ لَمْ أَسْتَطِعْ أنْ أُكَلِّمَكُمْ كَرُوحِيِّينَ، بَلْ كَجَسَدِيِّينَ كَأَطْفَالٍ في الْمَ…
katameros:2994,reference,,,draft,0,,,سِمْعَانُ بُطْرُسُ عَبْدُ يَسُوعَ الْمَسِيحِ وَرَسُولُهُ، إلى الَّذِينَ نَالُوا مَعَنَا إيمَاناً مُكَرَّمَاً مُسَاوِياً…
katameros:2995,reference,,,draft,0,,,"وَبَعْدَمَا سَكَتَا، أَجَابَ يَعْقُوبُ قَائِلاً: "" أيهَا الرِّجَالُ إخْوَتُنَا، اسْمَعُونِي. سِمْعَانُ قَدْ أَخْبَرَ كَ…"
katameros:2996,reference,,,draft,0,,,اِسْتَمِعْ يَا اللَّهُ طِلْبَتِي، أصْغِ إلى صَلاَتِي. عَلَى الصَّخْرَةِ رَفَعْتَنِي وَأَرْشَدْتَنِي. صِرْتَ رَجَائِي وَ…
katameros:2997,reference,,,draft,0,,,"وَكَانَ جُمُوعٌ كَثِيرَةٌ سَائِرِينَ مَعَهُ، فَالْتَفَتَ وَقَالَ لَهُمْ: "" مَنْ يَأتِي إلَيَّ وَلا يُبْغِضُ أباهُ وَأُم…"
katameros:2998,reference,,,draft,0,,,"لَمْ يَتْرُكْ إنْسَاناً يَظْلِمُهُمْ، وَبَكَّتَ ملوكاً مِنْ أجْلِهمْ، قَائِلاً: "" لا تَمَسُّوا مُسَحَائي، وَلا تُسِيئوا…"
katameros:2999,reference,,,draft,0,,,وَفِيمَا هُوَ يَتَكَلَّمُ سَألَهُ فَرِّيسِيٌّ أنْ يَأْكُلَ عِنْدَهُ، فَدَخَلَ وَاتَّكَأَ. وَأمَّا الفَرِّيسِيُّ لَمَّا …
katameros:3,reference,,,draft,0,,,سَبِّحُوا الرَّبَّ تَسْبِيحَاً جَدِيداً، لأنَّ الرَّبَّ قَدْ صَنَعَ أَعْمَالاً عَجِيبَةً، أَحْيَتْ لَهُ يَمِينهُ، وَذرا…
katameros:30,reference,,,draft,0,,,أَرْسَلَ مُوسَى عَبْدَهُ وَهارُونَ الَّذِي اخْتَارَهُ، جَعَلَ فِيهِمَا أَقْوَالَ آيَاتِهِ وَعَجَائِبِهِ، كَيْ يَحْفَظُو…
katameros:300,reference,,,draft,0,,,خَلاَصُ الصِّدِّيقِينَ مِنْ قِبَلِ الرَّبِّ، وَهُوَ نَاصِرُهُمْ في زَمَانِ الضِّيقِ. يُعِينُهُمُ الرَّبُّ وَيُنَجِّيهِم…
katameros:3000,reference,,,draft,0,,,أَرْسَلَ مُوسَى عَبْدَهُ وَهارُونَ الَّذِي اخْتَارَهُ، جَعَلَ فِيهِمَا أَقْوَالَ آيَاتِهِ وَعَجَائِبِهِ، كَيْ يَحْفَظُو…
katameros:3001,reference,,,draft,0,,,وَبَعْدَ سِتَّةِ أيامٍ أخَذَ يَسُوعُ بُطْرُسَ وَيَعْقُوبَ وَيُوحَنَّا أخَاهُ وَأَصْعَدَهُمْ عَلَى جَبَلٍ عَالٍ مُنْفَرِ…
katameros:3002,reference,,,draft,0,,,بِالإيمَانِ قَرَّبَ إبْرَاهِيمُ إسْحَقَ حِينَ جُرِّبَ. وَقَرَّبَ ابْنَهُ الوَحِيدَ ذَاكَ الَّذِي قَبِلَ الْمَوَاعِيدَ ب…
katameros:3003,reference,,,draft,0,,,وَثَابِتٌ عِنْدَنَا كَلامُ الأنبِيَاءِ، هذَا الَّذِي هُوَ نِعْمَ مَا تَصْنَعُونَهُ إذَا تَأمَّلْتُمْ إلَيْهِ، كَمِثْلِ …
katameros:3004,reference,,,draft,0,,,لأنَّ مُوسَى مُنْذُ الأجْيَالِ الْقَدِيمَةِ، لَهُ في كُلِّ مَدِينَةٍ مَنْ يَكْرِزُ بِهِ، إذْ يُقْرَأُ  في الْمَجَامِعِ …
katameros:3005,reference,,,draft,0,,,مُوسَى وَهَارُونُ في كَهَنَتِهِ، وَصَمُوئيلُ في الَّذِينَ يَدْعُونَ بِاسْمِهِ. كَانُوا يَدْعُونَ الرَّبَّ وَهُوَ كَانَ …
katameros:3006,reference,,,draft,0,,,الْوَيْلُ لَكُمْ أيهَا الكَتَبَةُ والْفَرِّيسِيُّونَ الْمُرَاؤُونَ! لأنكُمْ تُغْلِقُونَ مَلَكُوتَ السَّمَوَاتِ قُدَّامَ…
katameros:3007,reference,,,draft,0,,,افْرَحُوا أيهَا الصِّدِّيقُونَ بِالرَّبِّ وَتَهَلَّلُوا. لِلْمُسْتَقِيمِينَ يَنْبَغِي التَّسْبِيحُ. مِنْ أَجْلِ هذَا يَ…
katameros:3008,reference,,,draft,0,,,لا تَظُنُّوا أني جِئْتُ لأُلْقِيَ سَلاَماً عَلَى الأَرْضِ، مَا جِئْتُ لأُلْقِيَ سَلاماً بَلْ سَيْفاً. فَإنِّي أَتَيْتُ …
katameros:3009,reference,,,draft,0,,,ابْتَهِجُوا أيهَا الصِّدِّيقُونَ بِالرَّبِّ. لِلْمُسْتَقِيمِينَ يَنْبَغِي التَّسْبِيحُ. طُوبَى لِلأُمَّةِ التِي الرَّبُ…
katameros:301,reference,,,draft,0,,,فَانْظُرُوا إلى نُفُوسِكُمْ. لأنهُمْ سَيُسَلِّمُونَكُمْ إلى مَجَالِسَ، وَسَيَضْربُونَكُمْ في الْمَحَافِلِ، وَتُوقَفُونَ…
katameros:3010,reference,,,draft,0,,,وَنَزَلَ مَعَهُمْ وَوَقَفَ في مَوْضِعٍ خَلاءٍ، مَعَ جَمْعٍ مِنْ تَلامِيذِهِ، وَجُمْهورٍ كَثِيرٍ مِنَ الشَّعْبِ، مِنْ جَ…
katameros:3011,reference,,,draft,0,,,فَتَفَكَّرُوا في الَّذِي احْتَمَلَ هكَذَا مِنَ الْخُطَاةِ الْمُقَاوِمِينَ لِنِفُوسِهِمْ وَحْدَهُمْ لِئَلاَّ تَكِلُّوا و…
katameros:3012,reference,,,draft,0,,,يَا أَحِبْائِي، لا تَسْتَغْرِبُوا الْبَلْوَى الْمُحْرِقَةَ التي تَحْدُث بَيْنَكُمْ، لأَجْلِ تَجرِبَتِكُمْ، كَأنهُ أَمْر…
katameros:3013,reference,,,draft,0,,,وَأمَّا شَاوُلُ فَكَانَ يَضْطَهِدُ الكَنِيسَةَ، وَهُوَ يَدْخُلُ الْبُيُوتَ وَيَجُرُّ رِجَالاً وَنِسَاءً وَيُسَلِّمُهُمْ…
katameros:3014,reference,,,draft,0,,,كَثِيرَةٌ هيَ أَحْزَانُ الصِّدِّيقِينَ، وَمِنْ جَمِيعِهَا يُنَجِّيهِمِ الرَّبُّ. يَحْفَظُ الرَّبُّ جَمِيعَ عِظَامِهِمْ.…
katameros:3015,reference,,,draft,0,,,وَكَانَ يَسُوعُ يَطُوفُ في كُلِّ الْجَلِيلِ يُعَلِّمُ في مَجَامِعِهِمْ، وَيَكْرِزُ بِبِشَارَةِ الْمَلَكُوتِ، وَيَشْفِي …
katameros:3016,reference,,,draft,0,,,تُبَادِرُ الرُّؤَسَاءُ إلى كُلِّ الْمُرَتِّلِيْنَ، في وَسَطِ صَبَايَا ضَارِبَاتٍ بِالدُّفُوفِ. بَارِكُوا اللَّهَ في الْ…
katameros:3017,reference,,,draft,0,,,وَفِيمَا كَانَ يَسُوعُ في بَيْتِ عَنْيَا في بَيْتِ سِمْعَانَ الأَبْرَصِ، جَاءَتْ إلَيْهِ امْرَأةٌ مَعَهَا قَارُورَةُ طِ…
katameros:3018,reference,,,draft,0,,,مِنْ أَفْوَاهِ الأَطْفَالِ وَالرُّضعَانِ هَيَّأتَ سُبْحَاً؛ لأني أَرَى السَّمَوَاتِ أَعْمَالَ أصَابِعِكَ، الْقَمَرَ وَا…
katameros:3019,reference,,,draft,0,,,"قَالَتْ لَهُ الْمَرْأَةُ: "" يَا سَيِّدي أَعْطِنِي هذَا الْمَاءَ؛ لِكَيْ لا أَعْطَشَ وَلا آتِيَ إلى هُنَا لأَسْتَقِيَ "".…"
katameros:302,reference,,,draft,0,,,أنَا نَفْسِي بُولُسُ أَطْلُبُ إلَيْكُمْ بِوَدَاعَةِ الْمَسِيحِ وَحِلْمِهِ، كَمَا أني ذَلِيلٌ بَيْنَكُمْ وَأمَامَكُمْ، و…
katameros:3020,reference,,,draft,0,,,سِيرُوا إذاً كَأَوْلاَدِ النُّورِ؛ لأنَّ ثَمَرَ النُّورِ هُوَ في كُلِّ صَلاَحٍ وَبِرٍّ وَحَقٍّ. مُخْتَبِرِينَ مَا هُوَ …
katameros:3021,reference,,,draft,0,,,لأنهُ هَكَذَا كَانَتْ قَدِيماً النِّسَاءُ الْقِدِّيسَاتُ الْمُتَوَكِّلاَتُ أيْضاً عَلَى اللَّهِ، يُزَيِّنَّ أَنْفُسَهُن…
katameros:3022,reference,,,draft,0,,,وَلكِنْ حَدَثَ لَمَّا اسْتَكْمَلْنَا الأيامَ خَرَجْنَا وَمَشَيْنَا، وَهُمْ يُشَيِّعُونَنَا، مَعَ نِسَاءٍ أيْضاً وَأَوْل…
katameros:3023,reference,,,draft,0,,,يُدْخِلْنَ للْمَلِكِ عَذَارَى في إثْرِهَا. جَمِيعُ صَاحِبَاتِهَا لَهُ يُقَدَّمْنَ. يُدْخِلْنَهُنَّ بِفَرَحٍ وَابْتِهَاج…
katameros:3024,reference,,,draft,0,,,حِينَئِذٍ يُشْبِهُ مَلَكُوتُ السَّمَوَاتِ عَشْرَ عَذَارَى، أَخَذْنَ مَصَابِيحَهُنَّ وَخَرَجْنَ لِلِقَاءِ الْعَرِيسِ. وَ…
katameros:3025,reference,,,draft,0,,,"رَتِّلُوا لِلرَّبِّ السَّاكِنِ في صِهْيَوْنَ، وَأَخْبِرُوا في الأُمَمِ بِأعْمَالِهِ. لِكَيْ مَا أُخْبِرَ 
بِجَمِيعِ تَس…"
katameros:3026,reference,,,draft,0,,,وَفِيمَا كَانَ في بَيْتِ عَنْيَا في بَيْتِ سِمْعَانَ الأبْرَصِ مُتَّكِئاً، جَاءَتِ امْرَأةٌ مَعَهَا قَارُورَةُ طِيبِ نَ…
katameros:3027,reference,,,draft,0,,,الرَّبُّ نَظَرَ مِنَ السَّمَاءِ عَلَى الأرْضِ؛ لِيَسْمَعَ تَنَهُّدَ الْمَغْلُولينَ. لِيُخْبِرُوا في صِهْيَوْنَ بِاسْمِ …
katameros:3028,reference,,,draft,0,,,ثُمَّ جَلَسَ يَسُوعُ قُدَّامَ الْخِزَانَةِ، وَكَانَ يَنْظُرُ كَيْفَ يُلْقِي الْجَمْعُ نُحَاساً في الْخِزَانَةِ. وَكَانَ…
katameros:3029,reference,,,draft,0,,,"بُولُسُ، عَبْدٌ لِيَسُوعَ الْمَسِيحِ، الْمَدْعُوُّ رَسُولاً، الْمُفْرَزُ لإنْجِيلِ اللَّهِ، الَّذِي 
سَبَقَ فَوَعَدَ بِ…"
katameros:303,reference,,,draft,0,,,فَإذْ قَدْ تَألَّمَ الْمَسِيحُ بِالْجَسَدِ عَنَّا، تَسَلَّحُوا أَنْتُمْ أيْضاً بِهذَا الْمِثَالِ. فَإنَّ مَنْ تَألَّمَ …
katameros:3030,reference,,,draft,0,,,يَعْقُوبُ، عَبْدُ اللَّهِ وَرَبِّنَا يَسُوعَ الْمَسِيحِ، يُهْدِي السَّلامَ إلَى الاثْنَيْ عَشَرَ سِبْطاً الَّذِينَ في ا…
katameros:3031,reference,,,draft,0,,,إلهُ الْمَجْدِ ظَهَرَ لأَبِينَا إبْرَاهِيمَ وَهُوَ في مَا بَيْنَ النَّهْرَيْنِ، قَبْلَمَا يَسْكُنُ في حَارَانَ وَقَالَ …
katameros:3032,reference,,,draft,0,,,"وَأنْتَ يارَبُّ تَرْجِعُ وَتَتَرَأَّفُ عَلَى صِهْيَوْنَ؛ لأنهُ وَقْتُ التَّراؤفِ عَليهَا لأنَّ 
الزَّمَانَ قَدْ حَضَرَ؛…"
katameros:3033,reference,,,draft,0,,,"مِنْ أَجْلِ أنَّ كَثِيرِينَ أَخَذُوا في كِتَابَةِ أَقْوَالٍ مِنْ أَجْلِ الأَعْمَالِ الَّتي أُكْمِلَتْ 
فِينَا، كَمَا سَ…"
katameros:3034,reference,,,draft,0,,,اعْلَمُوا أنَّ الرَّبَّ قَدْ جَعَلَ قُدُّوسَهُ عَجَبَاً. الرَّبُّ يَسْتَجِيبُ لي إذَا مَا صَرَخْتُ إلَيْهِ. قَدْ ارْتَس…
katameros:3035,reference,,,draft,0,,,"في ذلِكَ الْوَقْتِ أَجَابَ يَسُوعُ وَقَالَ: "" أَشْكُرُكَ أيهَا الآبُ رَبُّ السَّمَاءِ وَالأَرْضِ، لأنكَ أَخْفَيْتَ هذِه…"
katameros:3036,reference,,,draft,0,,,سَبِّحُوا أيهَا الْفِتْيَانُ الرَّبَّ، سَبِّحُوا اسْمَ الرَّبِّ، لِيَكُنْ اسْمُ الرَّبِّ مُبَارَكَاً، مِنَ الآنَ وَإلى …
katameros:3037,reference,,,draft,0,,,وَقَدَّمُوا إلَيْهِ أَوْلاَداً لِكَيْ يَلْمِسَهُمْ. فَانْتَهَرَهُمْ التَّلامِيذُ. فَلَمَّا رَأَى يَسُوعُ حَزِنَ وَقَالَ…
katameros:3038,reference,,,draft,0,,,مَاذا أقُولُ أيْضاً؟ لأنهُ يُعْوِزُنِي الوَقْتُ إنْ أَخْبَرْتُ عَنْ جِدْعُونَ، وَبَارَاقَ، وَشَمْشُونَ، وَيَفْتَاحَ، وَ…
katameros:3039,reference,,,draft,0,,,يَا أَحِبْائِي، لا تَسْتَغْرِبُوا الْبَلْوَى الْمُحْرِقَةَ التي تَحْدُث بَيْنَكُمْ، لأَجْلِ تَجرِبَتِكُمْ، كَأنهُ أَمْر…
katameros:304,reference,,,draft,0,,,وَرَجَعَ بَرْنَابَا وَشَاوُلُ مِنْ أُورُشَلِيمَ بَعْدَ مَا كَمَّلاَ الْخِدْمَةَ، وَأَخَذَا مَعَهُمَا يُوحَنَّا أيْضاً ا…
katameros:3040,reference,,,draft,0,,,وَحَدَثَ في ذَلِكَ الْوَقْتِ اضطرَابٌ لَيْسَ بِقَلِيلٍ بِسَبَبِ الطَّرِيقِ؛ لأنَّ وَاحداً اسْمُهُ دِيمِتْرِيُوس، صَائِغ…
katameros:3041,reference,,,draft,0,,,جُزْنَا في النَّارِ وَالْمَاءِ. وَأَخْرَجْتَنَا إلى الرَّاحَةِ. أَدْخُلُ إلى بَيْتِكَ بِالْمُحْرَقَاتِ. وَأُوفِيكَ النُ…
katameros:3042,reference,,,draft,0,,,اُنْظُرُوا إذاً، لا تَحْتَقِرُوا أَحَدَ هَؤُلاءِ الصِّغَارِ، لأني أَقُولُ لَكُمْ: إنَّ مَلاَئِكَتَهُمْ في السَّمَوَاتِ …
katameros:3043,reference,,,draft,0,,,عَجِيبٌ هُوَ اللَّهُ في قِدِّيسِيهِ. إلَهُ إسْرَائِيلَ هُوَ يُعْطِي قُوَّةً وَعِزَّاً لِشَعْبِهِ. وَالصِّدِّيقُونَ يَفْ…
katameros:3044,reference,,,draft,0,,,هَا أَنَا أُرْسِلُكُمْ كَخِرَافٍ في وَسَطِ ذِئَابٍ فَكُونُوا حُكَمَاءَ كَالْحَيَّاتِ وَبُسَطَاءَ كَالْحَمَامِ. وَاحْذَر…
katameros:3045,reference,,,draft,0,,,نُورٌ أَشْرَقَ لِلصِّدِّيقِينَ، وَفَرَحٌ لِلْمُسْتَقِيمِينَ بِقَلْبِهِمْ. افْرَحُوا أيهَا الصِّدِّيقُونَ بِالرَّبِّ، وَ…
katameros:3046,reference,,,draft,0,,,فَانْظُرُوا إلى نُفُوسِكُمْ. لأنهُمْ سَيُسَلِّمُونَكُمْ إلى مَجَالِسَ، وَسَيَضْربُونَكُمْ في الْمَحَافِلِ، وَتُوقَفُونَ…
katameros:3047,reference,,,draft,0,,,فَتَفَكَّرُوا في الَّذِي احْتَمَلَ هكَذَا مِنَ الْخُطَاةِ الْمُقَاوِمِينَ لِنِفُوسِهِمْ وَحْدَهُمْ لِئَلاَّ تَكِلُّوا و…
katameros:3048,reference,,,draft,0,,,يَا أَحِبْائِي، لا تَسْتَغْرِبُوا الْبَلْوَى الْمُحْرِقَةَ التي تَحْدُث بَيْنَكُمْ، لأَجْلِ تَجرِبَتِكُمْ، كَأنهُ أَمْر…
katameros:3049,reference,,,draft,0,,,وَأمَّا خَيْمَةُ الشَّهَادَةِ فَكَانَتْ مَعَ آبَائِنَا في الْبَرِّيةِ، كَمَا أَمَرَ الَّذِي كَلَّمَ مُوسَى أنْ يَصْنَعَ…
katameros:305,reference,,,draft,0,,,نُورٌ أَشْرَقَ لِلصِّدِّيقِينَ، وَفَرَحٌ لِلْمُسْتَقِيمِينَ بِقَلْبِهِمْ. افْرَحُوا أيهَا الصِّدِّيقُونَ بِالرَّبِّ، وَ…
katameros:3050,reference,,,draft,0,,,كَثِيرَةٌ هيَ أَحْزَانُ الصِّدِّيقِينَ، وَمِنْ جَمِيعِهَا يُنَجِّيهِمِ الرَّبُّ. يَحْفَظُ الرَّبُّ جَمِيعَ عِظَامِهِمْ.…
katameros:3051,reference,,,draft,0,,,وَفِيمَا هُوَ يَقُولُ هذَا، ابْتَدَأَ الْكَتَبَةُ وَالْفَرِّيسِيُّونَ يَنْظُرُونَ رَدِيَّاً، وَيُكَلِّمُونَهُ في أُمُور…
katameros:3052,reference,,,draft,0,,,إلَهُنَا هُوَ مَلْجَأُنَا وَقُوَّتُنَا، وَمُعِينُنَا في شَدَائِدِنَا التي أصَابَتْنَا جِدّاً. الرَّبُّ إلهُ الْقُوَّاتِ…
katameros:3053,reference,,,draft,0,,,وَفِيمَا هُوَ يَجْتَازُ عِنْدَ شَاطِئِ بَحْرِ الْجَلِيلِ أَبْصَرَ سِمْعَانَ وَأنْدَرَاوُسَ أَخَاهُ يُلْقِيَانِ شَبَكَةً…
katameros:3054,reference,,,draft,0,,,سَبِّحِي يَا نَفْسِي الرَّبَّ. أُسَبِّحُ الرَّبَّ في حَيَاتِي. طُوبَى لِمَنْ إلهُ يَعْقُوبَ مُعِينُهُ. وَاتِّكَالُهُ عَ…
katameros:3055,reference,,,draft,0,,,وَإذْ كَانَ مَاشِياً عَلَى شَاطِئِ بَحْرِ الْجَلِيلِ أَبْصَرَ أَخَوَيْنِ: سِمْعَانَ الَّذي يُقَالُ لَهُ بُطْرُسُ، وَأَن…
katameros:3056,reference,,,draft,0,,,بُولُسُ، رَسُولٌ لا مِنَ النَّاسِ وَلا بِإنْسَانٍ، بَلْ بِيَسُوعَ الْمَسِيحِ وَاللَّهِ الآبِ الَّذِي أَقَامَهُ مِنْ بَي…
katameros:3057,reference,,,draft,0,,,يَعْقُوبُ، عَبْدُ اللَّهِ وَرَبِّنَا يَسُوعَ الْمَسِيحِ، يُهْدِي السَّلامَ إلَى الاثْنَيْ عَشَرَ سِبْطاً الَّذِينَ في ا…
katameros:3058,reference,,,draft,0,,,"وَبَعْدَمَا سَكَتَا، أَجَابَ يَعْقُوبُ قَائِلاً: "" أيهَا الرِّجَالُ إخْوَتُنَا، اسْمَعُونِي. سِمْعَانُ قَدْ أَخْبَرَ كَ…"
katameros:3059,reference,,,draft,0,,,إذْ أَقَامَ الشَّهَادَةَ في يَعْقُوبَ، وَوَضَعَ النَّامُوسَ في إسْرَائِيلَ. لأني أَنَا قَدْ عَلِمْتُ أنَّ الرَّبَّ عَظِ…
katameros:306,reference,,,draft,0,,,وَفِيمَا هُوَ يَقُولُ هذَا، ابْتَدَأَ الْكَتَبَةُ وَالْفَرِّيسِيُّونَ يَنْظُرُونَ رَدِيَّاً، وَيُكَلِّمُونَهُ في أُمُور…
katameros:3060,reference,,,draft,0,,,"وَتَقَدَّمَ إلَيْهِ يَعْقُوبُ وَيُوحَنَّا ابْنَا زَبْدِي قَائِلَيْنِ لَهُ: "" يَا مُعَلِّمُ، نُرِيدُ أنْ تَفْعَلَ لَنَا …"
katameros:3061,reference,,,draft,0,,,رَفَعْتُ مُخْتَاراً مِنْ شَعْبِي. وَجَدْتُ دَاوُدَ عَبْدِي، مَسَحْتُهُ بِدُهْنٍ مُقَدَّسٍ، لأنَّ يَدِي تُعَضِّدُهُ.   ه…
katameros:3062,reference,,,draft,0,,,لا تَظُنُّوا أني جِئْتُ لأُلْقِيَ سَلاَماً عَلَى الأَرْضِ، مَا جِئْتُ لأُلْقِيَ سَلاماً بَلْ سَيْفاً. فَإنِّي أَتَيْتُ …
katameros:3063,reference,,,draft,0,,,كَهَنَتُكَ يَلْبَسُونَ الْبِرَّ، وقِدِّيسُوكَ يَبْتَهِجُونَ مِنْ أَجْلِ دَاوُدَ عَبْدِكَ. هَيَّأْتُ سِرَاجاً لِمَسِيحِي…
katameros:3064,reference,,,draft,0,,,وَنَزَلَ مَعَهُمْ وَوَقَفَ في مَوْضِعٍ خَلاءٍ، مَعَ جَمْعٍ مِنْ تَلامِيذِهِ، وَجُمْهورٍ كَثِيرٍ مِنَ الشَّعْبِ، مِنْ جَ…
katameros:3065,reference,,,draft,0,,,فَإنَّهُ يَصِيرُ إبْطَالُ الْوَصِيَّةِ الأُولَى مِنْ أَجْلِ ضَعْفِهَا وَعَدَمِ نَفْعِهَا، إذِ النَّامُوسُ لَمْ يُكَمِّل…
katameros:3066,reference,,,draft,0,,,مِنَ الشَّيْخِ، إلى غَايُوسَ الْحَبِيبِ الَّذِي أنا أُحِبُّهُ بِالْحَقِّ. أيهَا الْحَبِيبُ، في كُلِّ شَيْءٍ أَرُومُ أَن…
katameros:3067,reference,,,draft,0,,,"مِنْ بَعْدِ أيامٍ قَالَ بُولُسُ لِبَرْنَابَا: "" لِنَرْجِعْ وَنَتَفَقَّدِ الإخْوَةَ في كُلِّ مَدِينَةٍ بَشَّرْنَا فِيهَا…"
katameros:3068,reference,,,draft,0,,,مُوسَى وَهَارُونُ في كَهَنَتِهِ، وَصَمُوئيلُ في الَّذِينَ يَدْعُونَ بِاسْمِهِ. كَانُوا يَدْعُونَ الرَّبَّ وَهُوَ كَانَ …
katameros:3069,reference,,,draft,0,,,""" الْحَقَّ الْحَقَّ أَقُولُ لَكُمْ: إنَّكُمْ سَتَبْكُونَ وَتَنُوحُونَ وَالْعَالَمُ يَفْرَحُ. أَنْتُمْ سَتَحْزَنُونَ، وَ…"
katameros:307,reference,,,draft,0,,,كَهَنَتُكَ يَلْبَسُونَ الْبِرَّ، وقِدِّيسُوكَ يَبْتَهِجُونَ مِنْ أَجْلِ دَاوُدَ عَبْدِكَ. هَيَّأْتُ سِرَاجاً لِمَسِيحِي…
katameros:3070,reference,,,draft,0,,,قَدْ ارْتَسَمَ عَلَيْنَا نُورُ وَجْهِكَ يَارَبُّ. أَعْطيتَ سُرُوراً لِقَلْبِي؛ لأنكَ أنْتَ وَحْدَكَ يَارَبُّ، أَسْكَنْت…
katameros:3071,reference,,,draft,0,,,"قَالَ لَهُمْ يَسُوعُ: "" مَتَى رَفَعْتُمُ ابْنَ الإنْسَانِ، فَحِينَئذٍ تَعْلَمُونَ أَني أَنا هُوَ، 
وَلَسْتُ أَفْعَلُ شَ…"
katameros:3072,reference,,,draft,0,,,"أَعْطَيْتَ الَّذِينَ يَتَّقُونَكَ عَلاَمَةً؛ لِيَهْرَبوا مِنْ وَجْهِ القَوْسِ، لِكيمَا يَنْجُوَ 
أحِبَّاؤُكَ. خَلِّصْنِ…"
katameros:3073,reference,,,draft,0,,,"مَنْ يَخْدِمْنِي فَلْيَتْبَعْنِي، وَحَيْثُ أَكُونُ أنَا هُنَاكَ يَكُونُ خَادِمِي مَعِي. وَمَنْ 
يَخْدِمُنِي يُكْرِمُهُ …"
katameros:3074,reference,,,draft,0,,,لأنهُ لَمْ يُرْسِلْنِي الْمَسِيحُ لأُعَمِّدَ بَلْ لأُبشِّرَ، لَيْسَ بِحِكْمَةِ الكَلاَمِ لِكَيْ لا يَكُونَ صَلِيبُ الْم…
katameros:3075,reference,,,draft,0,,,"أيهَا الأحِبَّاءُ، أَطْلُبُ إلَيْكُمْ كَغُرَبَاءَ وَنُزَلاَءَ، أنْ تَبْتَعِدُوا عَنِ الشَّهَوَاتِ 
الْجَسَدِيَّةِ التي …"
katameros:3076,reference,,,draft,0,,,"فَفَتَحَ بُطْرُسُ فَاهُ وَقَالَ: "" إنِّي بِالْحَقِّ أرَى أنَّ اللَّهَ لا يَأخُذُ بِالْوُجُوهِ. بَلْ في كُلِّ أُمَّةٍ، ا…"
katameros:3077,reference,,,draft,0,,,"لَكَ يَنْبَغِي التَّسْبِيحُ يَا اللَّهُ في صِهْيَوْنَ، وَلَكَ تُوفَى النُّذُورُ في أُورُشَلِيمَ. 
اسْتَمِعْ يا اللَّهُ …"
katameros:3078,reference,,,draft,0,,,"وَكَانَ في ذَاكَ الزَّمَن عِيدُ التَّجْدِيدِ في أُورُشَلِيمَ، وَكَانَ شِتَاءٌ. وَكَانَ يَسُوعُ 
يَمْشي في الْهَيْكَلِ ف…"
katameros:3079,reference,,,draft,0,,,مُوسَى وَهَارُونُ في كَهَنَتِهِ، وَصَمُوئيلُ في الَّذِينَ يَدْعُونَ بِاسْمِهِ. كَانُوا يَدْعُونَ الرَّبَّ وَهُوَ كَانَ …
katameros:308,reference,,,draft,0,,,وَكَانَ يَسُوعُ يَطُوفُ في كُلِّ الْجَلِيلِ يُعَلِّمُ في مَجَامِعِهِمْ، وَيَكْرِزُ بِبِشَارَةِ الْمَلَكُوتِ، وَيَشْفِي …
katameros:3080,reference,,,draft,0,,,وَصَارَ بَعْدَ هذِهِ الأَقْوَالِ بِنَحْوِ ثَمَانِيَةِ أيامٍ، أنهُ أَخَذَ بُطْرُسَ وَيَعْقُوبَ وَيُوحَنَّا وَصَعِدَ إلى …
katameros:3081,reference,,,draft,0,,,فَلْيَكُنْ مَجْدُ الرَّبِّ إلى الأبدِ. يَفْرَحُ الرَّبُّ بِجَمِيعِ أَعْمَالِهِ. الَّذِي يَنْظُرُ الأرَضَ فَيَجْعَلُهَا …
katameros:3082,reference,,,draft,0,,,وَبَعْدَ سِتَّةِ أيامٍ أخَذَ يَسُوعُ بُطْرُسَ وَيَعْقُوبَ وَيُوحَنَّا أخَاهُ وَأَصْعَدَهُمْ عَلَى جَبَلٍ عَالٍ مُنْفَرِ…
katameros:3083,reference,,,draft,0,,,بُولُسُ، رَسولُ يَسُوعَ الْمَسِيحِ بِمَشِيئَةِ اللَّهِ، وَتِيمُوثَاوُسُ الأَخُ، إلى الْقِدِّيسِينَ في كُولُوسِّي، وَالإ…
katameros:3084,reference,,,draft,0,,,لِذلِكَ سَوْفَ أُذَكِّرُكُمْ في كُلِّ حِينٍ بِهذِهِ الأُمُورِ، وَلَوْ إنَّكُمْ عَالِمُونَ وَثَابِتُونَ في الْحَقِّ الْح…
katameros:3085,reference,,,draft,0,,,وَأمَّا خَيْمَةُ الشَّهَادَةِ فَكَانَتْ مَعَ آبَائِنَا في الْبَرِّيةِ، كَمَا أَمَرَ الَّذِي كَلَّمَ مُوسَى أنْ يَصْنَعَ…
katameros:3086,reference,,,draft,0,,,أَسَاسَاتُهُ في الْجِبَالِ الْمُقَدَّسَةِ. يُحِبُّ الرَّبُّ أَبوَابَ صِهيَونَ. الأُمُّ صِهيَونُ تَقُولُ: إنَّ إنْساناً …
katameros:3087,reference,,,draft,0,,,وَبَعَدَ سِتَّةِ أَيامٍ أَخَذَ يَسُوعُ بُطْرُسَ وَيَعْقُوبَ وَيُوحَنَّا، وَصَعِدَ بِهِمْ إلى جَبَلٍ عَالٍ مُنْفَرِدِينَ…
katameros:3088,reference,,,draft,0,,,كَهَنَتُكَ يَلْبَسُونَ الْبِرَّ، وقِدِّيسُوكَ يَبْتَهِجُونَ مِنْ أَجْلِ دَاوُدَ عَبْدِكَ. هَيَّأْتُ سِرَاجاً لِمَسِيحِي…
katameros:3089,reference,,,draft,0,,,وَكَانَ يَسُوعُ يَطُوفُ في كُلِّ الْجَلِيلِ يُعَلِّمُ في مَجَامِعِهِمْ، وَيَكْرِزُ بِبِشَارَةِ الْمَلَكُوتِ، وَيَشْفِي …
katameros:309,reference,,,draft,0,,,"أَقْسَمَ الرَّبُّ وَلَنْ يَنْدَمَ: "" إِنَّكَ أَنْتَ هُوَ الْكَاهِنُ إلى الأَبدِ عَلَى طَقْسِ مَلْشِيصَادَقَ "". الرَّبُّ…"
katameros:3090,reference,,,draft,0,,,"أَقْسَمَ الرَّبُّ وَلَنْ يَنْدَمَ: "" إِنَّكَ أَنْتَ هُوَ الْكَاهِنُ إلى الأَبدِ عَلَى طَقْسِ مَلْشِيصَادَقَ "". الرَّبُّ…"
katameros:3091,reference,,,draft,0,,,وَنَزَلَ مَعَهُمْ وَوَقَفَ في مَوْضِعٍ خَلاءٍ، مَعَ جَمْعٍ مِنْ تَلامِيذِهِ، وَجُمْهورٍ كَثِيرٍ مِنَ الشَّعْبِ، مِنْ جَ…
katameros:3092,reference,,,draft,0,,,وَأَمَّا أَنْتَ فَقَدْ اتَّبَعْتَ تَعْلِيمِي، وَمَثَالِي، وَرَسْمِي الأَوَّلَ، وَإيمَانِي، وَأَنَاتِي، وَمَحَبَّتِي، وَ…
katameros:3093,reference,,,draft,0,,,أَطْلُبُ إلى الشُّيُوخِ الَّذِينَ بَيْنَكُمْ، أنا الشَّيْخَ شَرِيكَكُمْ، وَالشَّاهِدَ لآلاَمِ الْمَسِيحِ، وَشَرِيكَ الْ…
katameros:3094,reference,,,draft,0,,,"وَمِنْ مِيلِيتُسَ أَرْسَلَ إلى أَفَسُسَ وَاسْتَدْعَى أحْبَارَ الْكَنِيسَةِ. فَلَمَّا جَاءُوا إلَيْهِ قَالَ لَهُمْ: "" أَ…"
katameros:3095,reference,,,draft,0,,,أَمْسَكْتَ بِيَدِي الْيُمْنَى. وَبِمَشُورَتِكَ هَدَيْتَنِي وَبِالْمَجْدِ قَبِلْتَنِي. وَأنا خَيْرٌ لِي الالْتِصَاقُ بِا…
katameros:3096,reference,,,draft,0,,,""" الْحَقَّ الْحَقَّ أَقُولُ لَكُمْ: إنَّ الَّذِي لا يَدْخُلُ مِنَ الْبَابِ إلى حَظِيرَةِ الْخِرَافِ، بَلْ يَطْلَعُ مِنْ…"
katameros:3097,reference,,,draft,0,,,تُبَادِرُ الرُّؤَسَاءُ إلى كُلِّ الْمُرَتِّلِيْنَ، في وَسَطِ صَبَايَا ضَارِبَاتٍ بِالدُّفُوفِ. بَارِكُوا اللَّهَ في الْ…
katameros:3098,reference,,,draft,0,,,وَفِيمَا كَانَ يَسُوعُ في بَيْتِ عَنْيَا في بَيْتِ سِمْعَانَ الأَبْرَصِ، جَاءَتْ إلَيْهِ امْرَأةٌ مَعَهَا قَارُورَةُ طِ…
katameros:3099,reference,,,draft,0,,,مِنْ أَفْوَاهِ الأَطْفَالِ وَالرُّضعَانِ هَيَّأتَ سُبْحَاً؛ لأني أَرَى السَّمَوَاتِ أَعْمَالَ أصَابِعِكَ، الْقَمَرَ وَا…
katameros:31,reference,,,draft,0,,,وَبَعْدَ سِتَّةِ أيامٍ أخَذَ يَسُوعُ بُطْرُسَ وَيَعْقُوبَ وَيُوحَنَّا أخَاهُ وَأَصْعَدَهُمْ عَلَى جَبَلٍ عَالٍ مُنْفَرِ…
katameros:310,reference,,,draft,0,,,وَنَزَلَ مَعَهُمْ وَوَقَفَ في مَوْضِعٍ خَلاءٍ، مَعَ جَمْعٍ مِنْ تَلامِيذِهِ، وَجُمْهورٍ كَثِيرٍ مِنَ الشَّعْبِ، مِنْ جَ…
katameros:3100,reference,,,draft,0,,,"قَالَتْ لَهُ الْمَرْأَةُ: "" يَا سَيِّدي أَعْطِنِي هذَا الْمَاءَ؛ لِكَيْ لا أَعْطَشَ وَلا آتِيَ إلى هُنَا لأَسْتَقِيَ "".…"
katameros:3101,reference,,,draft,0,,,سِيرُوا إذاً كَأَوْلاَدِ النُّورِ؛ لأنَّ ثَمَرَ النُّورِ هُوَ في كُلِّ صَلاَحٍ وَبِرٍّ وَحَقٍّ. مُخْتَبِرِينَ مَا هُوَ …
katameros:3102,reference,,,draft,0,,,لأنهُ هَكَذَا كَانَتْ قَدِيماً النِّسَاءُ الْقِدِّيسَاتُ الْمُتَوَكِّلاَتُ أيْضاً عَلَى اللَّهِ، يُزَيِّنَّ أَنْفُسَهُن…
katameros:3103,reference,,,draft,0,,,وَلكِنْ حَدَثَ لَمَّا اسْتَكْمَلْنَا الأيامَ خَرَجْنَا وَمَشَيْنَا، وَهُمْ يُشَيِّعُونَنَا، مَعَ نِسَاءٍ أيْضاً وَأَوْل…
katameros:3104,reference,,,draft,0,,,يُدْخِلْنَ للْمَلِكِ عَذَارَى في إثْرِهَا. جَمِيعُ صَاحِبَاتِهَا لَهُ يُقَدَّمْنَ. يُدْخِلْنَهُنَّ بِفَرَحٍ وَابْتِهَاج…
katameros:3105,reference,,,draft,0,,,حِينَئِذٍ يُشْبِهُ مَلَكُوتُ السَّمَوَاتِ عَشْرَ عَذَارَى، أَخَذْنَ مَصَابِيحَهُنَّ وَخَرَجْنَ لِلِقَاءِ الْعَرِيسِ. وَ…
katameros:3106,reference,,,draft,0,,,أَعْمَالٌ مَجِيدَةٌ قَدْ قِيلَتْ لأَجْلِكِ، يَا مَدِينةَ اللَّهِ. وَهُوَ الْعَلِيُّ الَّذِي أسَّسَهَا إلى الأَبدِ. لأنَ…
katameros:3107,reference,,,draft,0,,,وَفِيمَا هُمْ سَائِرُونَ دَخَلَ قَرْيَةً، فَقَبِلَتْهُ امْرَأَةٌ اسْمُهَا مَرْثَا في بَيْتِهَا. وَكَانَتْ لِهذِهِ أُخْت…
katameros:3108,reference,,,draft,0,,,كَمِثْلِ مَا سَمِعْنَا كَذلِكَ رَأَيْنَا، في مَدِينَةِ رَبِّ الْقُوَّاتِ في مَدِينَةِ إلَهِنَا. عَظِيمٌ هُوَ الرَّبُّ و…
katameros:3109,reference,,,draft,0,,,الإنْسَانُ الصَّالِحُ مِنْ كَنْزِهِ الصَّالِحِ يُخْرِجُ الصَّلاَحَ. والإنْسَانُ الشِّرِّيرُ مِنْ كَنْزِهِ الشِّرِّيرِ ي…
katameros:311,reference,,,draft,0,,,وَأَمَّا أَنْتَ فَقَدْ اتَّبَعْتَ تَعْلِيمِي، وَمَثَالِي، وَرَسْمِي الأَوَّلَ، وَإيمَانِي، وَأَنَاتِي، وَمَحَبَّتِي، وَ…
katameros:3110,reference,,,draft,0,,,فَأمَّا القُبَّةُ الأُولَى فَكَانَ فِيها وَصَايَا الْخِدْمَةِ وَقُدسٌ مُزيَّنٌ، لأنَّ القُبَّةَ الأُولَى صُنِعَتْ وَهيَ…
katameros:3111,reference,,,draft,0,,,مِنَ الشَّيخِ إلى السَّيِّدَةِ الْمُخْتَارَةِ، وَإلى أَوْلاَدِهَا الَّذِينَ أَنا أُحِبُّهُمْ بِالْحَقِّ، وَلَسْتُ أَنا …
katameros:3112,reference,,,draft,0,,,الْكَلاَمُ الأوَّلُ أَنْشَأْتُهُ يَا ثَاؤفِيلُسُ، عَنْ جَمِيعِ مَا ابْتَدَأَ يَسُوعُ يَفْعَلُهُ وَيُعَلِّمُ بِهِ، إلى ا…
katameros:3113,reference,,,draft,0,,,وَلَهُ تَسْجُدُ بَنَاتُ صُورَ بِالْهَدَايَا، وَيَتَلَقَّوْنَ وَجْهَهُ أَغْنِيَاءُ شَعْبِ الأَرْضِ. كُلُّ مَجْدِ ابْنَةِ…
katameros:3114,reference,,,draft,0,,,فَقَامَتْ مَرْيَمُ في تِلْكَ الأيامِ وَذَهَبَتْ بِسُرْعَةٍ إلى الْجَبَلِ إلى مَدِينَةِ يَهُوذَا، وَدَخَلَتْ بَيْتَ زَكَ…
katameros:3115,reference,,,draft,0,,,كَثِيرَةٌ هِيَ أَحْزَانُ الصِّدِّيقِينَ، وَمِنْ جَمِيعِهَا يُنَجِّيهِمِ الرَّبُّ. يَحْفَظُ الرَّبُّ جَمِيعَ عِظَامِهِمْ…
katameros:3116,reference,,,draft,0,,,وَفِيمَا هُوَ يَجْتَازُ عِنْدَ شَاطِئِ بَحْرِ الْجَلِيلِ أَبْصَرَ سِمْعَانَ وَأنْدَرَاوُسَ أَخَاهُ يُلْقِيَانِ شَبَكَةً…
katameros:3117,reference,,,draft,0,,,خَلاَصُ الصِّدِّيقِينَ مِنْ قِبَلِ الرَّبِّ، وَهُوَ نَاصِرُهُمْ في زَمَانِ الضِّيقِ. الرَّبُّ يُعِينُهُمْ، وَيُنَجِّيهِ…
katameros:3118,reference,,,draft,0,,,وَإذْ كَانَ مَاشِياً عَلَى شَاطِئِ بَحْرِ الْجَلِيلِ أَبْصَرَ أَخَوَيْنِ: سِمْعَانَ الَّذي يُقَالُ لَهُ بُطْرُسُ، وَأَن…
katameros:3119,reference,,,draft,0,,,بُولُسُ، رَسُولٌ لا مِنَ النَّاسِ وَلا بِإنْسَانٍ، بَلْ بِيَسُوعَ الْمَسِيحِ وَاللَّهِ الآبِ الَّذِي أَقَامَهُ مِنْ بَي…
katameros:312,reference,,,draft,0,,,أَطْلُبُ إلى الشُّيُوخِ الَّذِينَ بَيْنَكُمْ، أنا الشَّيْخَ شَرِيكَكُمْ، وَالشَّاهِدَ لآلاَمِ الْمَسِيحِ، وَشَرِيكَ الْ…
katameros:3120,reference,,,draft,0,,,يَعْقُوبُ، عَبْدُ اللَّهِ وَرَبِّنَا يَسُوعَ الْمَسِيحِ، يُهْدِي السَّلامَ إلَى الاثْنَيْ عَشَرَ سِبْطاً الَّذِينَ في ا…
katameros:3121,reference,,,draft,0,,,فَسَكَتَ الْجُمْهُورُ كُلُّهُ. وَكَانُوا يَسْمَعُونَ بَرْنَابَا وَبُولُسَ يُحَدِّثَانِ بِجَمِيعِ مَا صَنَعَ اللَّهُ مِن…
katameros:3122,reference,,,draft,0,,,نُورٌ أَشْرَقَ لِلصِّدِّيقِينَ، وَفَرَحٌ لِلْمُسْتَقِيمِينَ بِقَلْبِهِمْ. افْرَحُوا أيهَا الصِّدِّيقُونَ بِالرَّبِّ، وَ…
katameros:3123,reference,,,draft,0,,,"وَتَقَدَّمَ إلَيْهِ يَعْقُوبُ وَيُوحَنَّا ابْنَا زَبْدِي قَائِلَيْنِ لَهُ: "" يَا مُعَلِّمُ، نُرِيدُ أنْ تَفْعَلَ لَنَا …"
katameros:3124,reference,,,draft,0,,,"أَقْسَمَ الرَّبُّ وَلَنْ يَنْدَمَ: "" إنكَ أَنْتَ هُوَ الْكَاهِنُ إلى الأَبدِ عَلَى طَقْسِ مَلْشِيصَادَقَ "". الرَّبُّ عَ…"
katameros:3125,reference,,,draft,0,,,"وَلَمَّا جَاءَ يَسُوعُ إلى نَوَاحِي قَيْصَرِيَّةِ فِيلُبُّسَ سَألَ تَلاَمِيذَهُ قَائِلاً: "" مَاذا يَقُولُ النَّاسُ في ا…"
katameros:3126,reference,,,draft,0,,,أَمْسَكْتَ بِيَدِي الْيُمْنَى. وَبِمَشُورَتكَ هَدَيْتَنِي وَبِالْمَجْدِ قَبِلْتَنِي. وَأنا خَيْرٌ لِي الالْتِصَاقُ بِال…
katameros:3127,reference,,,draft,0,,,بِهذَا أَوْصَيْتُكُمْ حَتَّى تُحِبُّوا بَعْضُكُمْ بَعْضاً. إنْ كَانَ الْعَالَمُ يُبْغِضُكُمْ فَاعْلَمُوا أنهُ قَدْ أَبْ…
katameros:3128,reference,,,draft,0,,,فَإنَّنَا لَسْنَا نَكْرِزُ بِأَنْفُسِنَا، بَلْ بِالْمَسِيحِ يَسُوعَ رَبِّنَا، وَنَحْنُ أيْضاً عَبِيدٌ لَكُمْ مِنْ قِبَل…
katameros:3129,reference,,,draft,0,,,أيهَا العَبِيدُ، كُونُوا خَاضِعِينَ لِسَادَتِكُمْ بِكُلِّ خَوْفٍ، لَيْسَ فَقَطْ للصَّالِحِينَ الْمُتَرَفِّقِينَ، بَلْ ل…
katameros:313,reference,,,draft,0,,,"وَمِنْ مِيلِيتُسَ أَرْسَلَ إلى أَفَسُسَ وَاسْتَدْعَى أحْبَارَ الْكَنِيسَةِ. فَلَمَّا جَاءُوا إلَيْهِ قَالَ لَهُمْ: "" أَ…"
katameros:3130,reference,,,draft,0,,,"وَمِنْ مِيلِيتُسَ أَرْسَلَ إلى أَفَسُسَ وَاسْتَدْعَى أحْبَارَ الْكَنِيسَةِ. فَلَمَّا جَاءُوا إلَيْهِ قَالَ لَهُمْ: "" أَ…"
katameros:3131,reference,,,draft,0,,,فَلْيَرْفَعُوهُ في كَنِيسَةِ شَعْبِهِ، وَلْيُبَارِكُوهُ في مَجْلِسِ الشُّيوخِ. جَعَلَ أبوَّةً مِثْلَ الْخِرَافِ. يُبْصِ…
katameros:3132,reference,,,draft,0,,,""" الْحَقَّ الْحَقَّ أَقُولُ لَكُمْ: إنَّ الَّذِي لا يَدْخُلُ مِنَ الْبَابِ إلى حَظِيرَةِ الْخِرَافِ، بَلْ يَطْلَعُ مِنْ…"
katameros:3133,reference,,,draft,0,,,طُوبَى لِلرَّجُلِ الْخَائِفِ مِنَ الرَّبِّ. وَيَهْوَى وَصَايَاه جِدّاً. يَقْوَى نَسْلُهُ عَلَى الأَرْضِ، وَيُبَارَكُ جِ…
katameros:3134,reference,,,draft,0,,,وَكَأنمَا إنْسَانٌ مُسَافِرٌ دَعَا عَبِيدَهُ وَسَلَّمَهُمْ أَمْوَالَهُ، فَأَعْطَى وَاحِداً خَمْسَ وَزَنَاتٍ، وَآخَرَ وَ…
katameros:3135,reference,,,draft,0,,,اُذْكُرْ يَارَبُّ دَاودَ وَكُلَّ دِعَتِهِ. كَمَا أَقْسَمَ لِلرَّبِّ وَنَذَرَ لإلَهِ يَعْقُوبَ. كَهَنَتُكَ يَلْبَسُونَ ا…
katameros:3136,reference,,,draft,0,,,وَنَزَلَ مَعَهُمْ وَوَقَفَ في مَوْضِعٍ خَلاءٍ، مَعَ جَمْعٍ مِنْ تَلامِيذِهِ، وَجُمْهورٍ كَثِيرٍ مِنَ الشَّعْبِ، مِنْ جَ…
katameros:3137,reference,,,draft,0,,,بِالإيمَانِ قَرَّبَ إبْرَاهِيمُ إسْحَقَ حِينَ جُرِّبَ. وَقَرَّبَ ابْنَهُ الوَحِيدَ ذَاكَ الَّذِي قَبِلَ الْمَوَاعِيدَ ب…
katameros:3138,reference,,,draft,0,,,طُوبَى لِلرَّجُلِ الَّذِي يَصْبِرُ في التَّجْرِبَةِ، لأنهُ إذَا صَارَ مُخْتَارَاً يَنَالُ إكْلِيلَ الْحَيَاةِ، الَّذِي …
katameros:3139,reference,,,draft,0,,,وَكَانَ اللَّهُ يَصْنَعُ عَلَى يَدَيْ بُولُسَ قُوَّاتٍ كَثِيرَةً، حَتَّى إِنَّهُمْ كَانُوا يَأخُذُونَ مَنادِيلَ وَخِرَق…
katameros:314,reference,,,draft,0,,,أَمْسَكْتَ بِيَدِي الْيُمْنَى. وَبِمَشُورَتِكَ هَدَيْتَنِي وَبِالْمَجْدِ قَبِلْتَنِي. وَأنا خَيْرٌ لِي الالْتِصَاقُ بِا…
katameros:3140,reference,,,draft,0,,,طُوبَى لِلرَّجُلِ، الَّذِي لَمْ يَسْلُكْ في مَشُورَةِ الْمُنَافِقِينَ، وَفي طَرِيقِ الْخُطَاةِ لَمْ يَقِفْ، وَفي مَجْلِ…
katameros:3141,reference,,,draft,0,,,وَكَانَ يَسُوعُ يَطُوفُ في كُلِّ الْجَلِيلِ يُعَلِّمُ في مَجَامِعِهِمْ، وَيَكْرِزُ بِبِشَارَةِ الْمَلَكُوتِ، وَيَشْفِي …
katameros:3142,reference,,,draft,0,,,اعْلَمُوا أنَّ الرَّبَّ قَدْ جَعَلَ قُدُّوسَهُ عَجَبَاً. الرَّبُّ يَسْتَجِيبُ لي إذَا مَا صَرَخْتُ إلَيْهِ. قَدِ ارْتَس…
katameros:3143,reference,,,draft,0,,,لَيْسَ تِلْمِيذٌ أَفْضَلَ مِنْ مُعَلِّمِهِ، وَلا عَبْدٌ أَفْضَلَ مِنْ سَيِّدِهِ. يَكْفِي التِّلْمِيذَ أنْ يَصِيرَ كَمُع…
katameros:3144,reference,,,draft,0,,,سَبِّحُوا أيهَا الْفِتْيَانُ الرَّبَّ، سَبِّحُوا اسْمَ الرَّبِّ، لِيَكُنْ اسْمُ الرَّبِّ مُبَارَكَاً، مِنَ الآنَ وَإلى …
katameros:3145,reference,,,draft,0,,,"وَدَعَا الْجَمْعَ وَتَلامِيذَهُ وَقَالَ لَهُمْ: "" مَنْ أرَادَ أنْ يَأتيَ وَرَائِي فَلْيُنْكِرْ نَفْسَهُ وَيَحْمِلْ صَلِ…"
katameros:3146,reference,,,draft,0,,,لأنَّ كُلَّ الَّذِينَ يَنْقَادُونَ بِرُوحِ اللَّهِ، فَأُولئِكَ هُمْ أَبنَاءُ اللَّهِ. إذْ لَمْ تَأْخُذُوا رُوحَ الْعُبُ…
katameros:3147,reference,,,draft,0,,,أيهَا الأحِبَّاءُ، أَطْلُبُ إلَيْكُمْ كَغُرَبَاءَ وَنُزَلاَءَ، أنْ تَبْتَعِدُوا عَنِ الشَّهَوَاتِ الْجَسَدِيَّةِ التي ت…
katameros:3148,reference,,,draft,0,,,وَكَانَ اللَّهُ يَصْنَعُ عَلَى يَدَيْ بُولُسَ قُوَّاتٍ كَثِيرَةً، حَتَّى إِنَّهُمْ كَانُوا يَأخُذُونَ مَنادِيلَ وَخِرَق…
katameros:3149,reference,,,draft,0,,,جُزْنا في النَّارِ وَالْمَاءِ، وَأَخْرَجْتَنَا إلى الرَّاحَةِ. أَدْخُلُ إلى بَيْتِكَ بِالْمُحْرَقَاتِ، وَأُوفِيكَ النُّ…
katameros:315,reference,,,draft,0,,,""" الْحَقَّ الْحَقَّ أَقُولُ لَكُمْ: إنَّ الَّذِي لا يَدْخُلُ مِنَ الْبَابِ إلى حَظِيرَةِ الْخِرَافِ، بَلْ يَطْلَعُ مِنْ…"
katameros:3150,reference,,,draft,0,,,وَقَبْلَ هَذَا كُلِّهِ يُلْقُونَ أَيْدِيَهُمْ عَلَيْكُمْ وَيَطْرُدُونَكُمْ، وَيُسَلِّمُونَكُمْ إلى مَجَامِعَ وَسُجُونٍ،…
katameros:3151,reference,,,draft,0,,,تُبَادِرُ الرُّؤَسَاءُ إلى كُلِّ الْمُرَتِّلِيْنَ، في وَسَطِ صَبَايَا ضَارِبَاتٍ بِالدُّفُوفِ. بَارِكُوا اللَّهَ في الْ…
katameros:3152,reference,,,draft,0,,,وَفِيمَا كَانَ يَسُوعُ في بَيْتِ عَنْيَا في بَيْتِ سِمْعَانَ الأَبْرَصِ، جَاءَتْ إلَيْهِ امْرَأةٌ مَعَهَا قَارُورَةُ طِ…
katameros:3153,reference,,,draft,0,,,مِنْ أَفْوَاهِ الأَطْفَالِ وَالرُّضعَانِ هَيَّأتَ سُبْحَاً؛ لأني أَرَى السَّمَوَاتِ أَعْمَالَ أصَابِعِكَ، الْقَمَرَ وَا…
katameros:3154,reference,,,draft,0,,,"قَالَتْ لَهُ الْمَرْأَةُ: "" يَا سَيِّدي أَعْطِنِي هذَا الْمَاءَ؛ لِكَيْ لا أَعْطَشَ وَلا آتِيَ إلى هُنَا لأَسْتَقِيَ "".…"
katameros:3155,reference,,,draft,0,,,سِيرُوا إذاً كَأَوْلاَدِ النُّورِ؛ لأنَّ ثَمَرَ النُّورِ هُوَ في كُلِّ صَلاَحٍ وَبِرٍّ وَحَقٍّ. مُخْتَبِرِينَ مَا هُوَ …
katameros:3156,reference,,,draft,0,,,لأنهُ هَكَذَا كَانَتْ قَدِيماً النِّسَاءُ الْقِدِّيسَاتُ الْمُتَوَكِّلاَتُ أيْضاً عَلَى اللَّهِ، يُزَيِّنَّ أَنْفُسَهُن…
katameros:3157,reference,,,draft,0,,,وَلكِنْ حَدَثَ لَمَّا اسْتَكْمَلْنَا الأيامَ خَرَجْنَا وَمَشَيْنَا، وَهُمْ يُشَيِّعُونَنَا، مَعَ نِسَاءٍ أيْضاً وَأَوْل…
katameros:3158,reference,,,draft,0,,,يُدْخِلْنَ للْمَلِكِ عَذَارَى في إثْرِهَا. جَمِيعُ صَاحِبَاتِهَا لَهُ يُقَدَّمْنَ. يُدْخِلْنَهُنَّ بِفَرَحٍ وَابْتِهَاج…
katameros:3159,reference,,,draft,0,,,حِينَئِذٍ يُشْبِهُ مَلَكُوتُ السَّمَوَاتِ عَشْرَ عَذَارَى، أَخَذْنَ مَصَابِيحَهُنَّ وَخَرَجْنَ لِلِقَاءِ الْعَرِيسِ. وَ…
katameros:316,reference,,,draft,0,,,تُبَادِرُ الرُّؤَسَاءُ إلى كُلِّ الْمُرَتِّلِيْنَ، في وَسَطِ صَبَايَا ضَارِبَاتٍ بِالدُّفُوفِ. بَارِكُوا اللَّهَ في الْ…
katameros:3160,reference,,,draft,0,,,"لَمْ يَتْرُكْ إنْسَاناً يَظْلِمُهُمْ، وَبَكَّتَ ملوكاً مِنْ أجْلِهمْ، قَائِلاً: "" لا تَمَسُّوا مُسَحَائي، وَلا تُسِيئوا…"
katameros:3161,reference,,,draft,0,,,وَفِيمَا هُوَ يَتَكَلَّمُ سَألَهُ فَرِّيسِيٌّ أنْ يَأْكُلَ عِنْدَهُ، فَدَخَلَ وَاتَّكَأَ. وَأمَّا الفَرِّيسِيُّ لَمَّا …
katameros:3162,reference,,,draft,0,,,أَرْسَلَ مُوسَى عَبْدَهُ وَهارُونَ الَّذِي اخْتَارَهُ، جَعَلَ فِيهِمَا أَقْوَالَ آيَاتِهِ وَعَجَائِبِهِ، كَيْ يَحْفَظُو…
katameros:3163,reference,,,draft,0,,,وَبَعْدَ سِتَّةِ أيامٍ أخَذَ يَسُوعُ بُطْرُسَ وَيَعْقُوبَ وَيُوحَنَّا أخَاهُ وَأَصْعَدَهُمْ عَلَى جَبَلٍ عَالٍ مُنْفَرِ…
katameros:3164,reference,,,draft,0,,,بِالإيمَانِ قَرَّبَ إبْرَاهِيمُ إسْحَقَ حِينَ جُرِّبَ. وَقَرَّبَ ابْنَهُ الوَحِيدَ ذَاكَ الَّذِي قَبِلَ الْمَوَاعِيدَ ب…
katameros:3165,reference,,,draft,0,,,وَثَابِتٌ عِنْدَنَا كَلامُ الأنبِيَاءِ، هذَا الَّذِي هُوَ نِعْمَ مَا تَصْنَعُونَهُ إذَا تَأمَّلْتُمْ إلَيْهِ، كَمِثْلِ …
katameros:3166,reference,,,draft,0,,,لأنَّ مُوسَى مُنْذُ الأجْيَالِ الْقَدِيمَةِ، لَهُ في كُلِّ مَدِينَةٍ مَنْ يَكْرِزُ بِهِ، إذْ يُقْرَأُ  في الْمَجَامِعِ …
katameros:3167,reference,,,draft,0,,,مُوسَى وَهَارُونُ في كَهَنَتِهِ، وَصَمُوئيلُ في الَّذِينَ يَدْعُونَ بِاسْمِهِ. كَانُوا يَدْعُونَ الرَّبَّ وَهُوَ كَانَ …
katameros:3168,reference,,,draft,0,,,الْوَيْلُ لَكُمْ أيهَا الكَتَبَةُ والْفَرِّيسِيُّونَ الْمُرَاؤُونَ! لأنكُمْ تُغْلِقُونَ مَلَكُوتَ السَّمَوَاتِ قُدَّامَ…
katameros:3169,reference,,,draft,0,,,الصِّدِّيقُونَ صَرَخُوا وَالرَّبُّ اسْتَجَابَ لَهُمْ، وَمِنْ جَمِيعِ شَدَائِدِهِمْ نَجَّاهُمْ. قَرِيبٌ هُوَ الرَّبُّ مِ…
katameros:317,reference,,,draft,0,,,وَفِيمَا كَانَ يَسُوعُ في بَيْتِ عَنْيَا في بَيْتِ سِمْعَانَ الأَبْرَصِ، جَاءَتْ إلَيْهِ امْرَأةٌ مَعَهَا قَارُورَةُ طِ…
katameros:3170,reference,,,draft,0,,,هَا أَنَا أُرْسِلُكُمْ كَخِرَافٍ في وَسَطِ ذِئَابٍ فَكُونُوا حُكَمَاءَ كَالْحَيَّاتِ وَبُسَطَاءَ كَالْحَمَامِ. وَاحْذَر…
katameros:3171,reference,,,draft,0,,,كَثِيرَةٌ هيَ أَحْزَانُ الصِّدِّيقِينَ، وَمِنْ جَمِيعِهَا يُنَجِّيهِمِ الرَّبُّ. يَحْفَظُ الرَّبُّ جَمِيعَ عِظَامِهِمْ.…
katameros:3172,reference,,,draft,0,,,"وَدَعَا الْجَمْعَ وَتَلامِيذَهُ وَقَالَ لَهُمْ: "" مَنْ أرَادَ أنْ يَأتِيَ وَرَائِي فَلْيُنْكِرْ نَفْسَهُ وَيَحْمِلْ صَل…"
katameros:3173,reference,,,draft,0,,,وَنَحْنُ نَعْلَمُ أنَّ الَّذِينَ يُحِبُّونَ اللَّهَ، وهُمُ الَّذِينَ دَعَاهُمْ حَسَبَ قَصْدِهِ السَّابِقِ، يَجْعَلُ كُل…
katameros:3174,reference,,,draft,0,,,فَإذْ قَدْ تَألَّمَ الْمَسِيحُ بِالْجَسَدِ عَنَّا، تَسَلَّحُوا أَنْتُمْ أيْضاً بِهذَا الْمِثَالِ. فَإنَّ مَنْ تَألَّمَ …
katameros:3175,reference,,,draft,0,,,وَحَدَثَ بَيْنَمَا كُنَّا ذَاهِبِينَ لِلصَّلاةِ، أنَّ جَارِيَةً بِهَا رُوحُ عِرَافَةٍ قَدْ خَرَجَتْ لاسْتَقْبَالِنَا. و…
katameros:3176,reference,,,draft,0,,,نُورٌ أَشْرَقَ لِلصِّدِّيقِينَ، وَفَرَحٌ لِلْمُسْتَقِيمِينَ بِقَلْبِهِمْ. افْرَحُوا أيهَا الصِّدِّيقُونَ بِالرَّبِّ، وَ…
katameros:3177,reference,,,draft,0,,,وَقَبْلَ هَذَا كُلِّهِ يُلْقُونَ أَيْدِيَهُمْ عَلَيْكُمْ وَيَطْرُدُونَكُمْ، وَيُسَلِّمُونَكُمْ إلى مَجَامِعَ وَسُجُونٍ،…
katameros:3178,reference,,,draft,0,,,رَفَعْتُ مُخْتَاراً مِنْ شَعْبِي. وَجَدْتُ دَاوُدَ عَبْدِي، مَسَحْتُهُ بِدُهْنٍ مُقَدَّسٍ، لأنَّ يَدِي تُعَضِّدُهُ.   ه…
katameros:3179,reference,,,draft,0,,,لا تَظُنُّوا أني جِئْتُ لأُلْقِيَ سَلاَماً عَلَى الأَرْضِ، مَا جِئْتُ لأُلْقِيَ سَلاماً بَلْ سَيْفاً. فَإنِّي أَتَيْتُ …
katameros:318,reference,,,draft,0,,,مِنْ أَفْوَاهِ الأَطْفَالِ وَالرُّضعَانِ هَيَّأتَ سُبْحَاً؛ لأني أَرَى السَّمَوَاتِ أَعْمَالَ أصَابِعِكَ، الْقَمَرَ وَا…
katameros:3180,reference,,,draft,0,,,كَهَنَتُكَ يَلْبَسُونَ الْبِرَّ، وقِدِّيسُوكَ يَبْتَهِجُونَ مِنْ أَجْلِ دَاوُدَ عَبْدِكَ. هَيَّأْتُ سِرَاجاً لِمَسِيحِي…
katameros:3181,reference,,,draft,0,,,وَنَزَلَ مَعَهُمْ وَوَقَفَ في مَوْضِعٍ خَلاءٍ، مَعَ جَمْعٍ مِنْ تَلامِيذِهِ، وَجُمْهورٍ كَثِيرٍ مِنَ الشَّعْبِ، مِنْ جَ…
katameros:3182,reference,,,draft,0,,,فَإنَّهُ يَصِيرُ إبْطَالُ الْوَصِيَّةِ الأُولَى مِنْ أَجْلِ ضَعْفِهَا وَعَدَمِ نَفْعِهَا، إذِ النَّامُوسُ لَمْ يُكَمِّل…
katameros:3183,reference,,,draft,0,,,مِنَ الشَّيْخِ، إلى غَايُوسَ الْحَبِيبِ الَّذِي أنا أُحِبُّهُ بِالْحَقِّ. أيهَا الْحَبِيبُ، في كُلِّ شَيْءٍ أَرُومُ أَن…
katameros:3184,reference,,,draft,0,,,"مِنْ بَعْدِ أيامٍ قَالَ بُولُسُ لِبَرْنَابَا: "" لِنَرْجِعْ وَنَتَفَقَّدِ الإخْوَةَ في كُلِّ مَدِينَةٍ بَشَّرْنَا فِيهَا…"
katameros:3185,reference,,,draft,0,,,مُوسَى وَهَارُونُ في كَهَنَتِهِ، وَصَمُوئيلُ في الَّذِينَ يَدْعُونَ بِاسْمِهِ. كَانُوا يَدْعُونَ الرَّبَّ وَهُوَ كَانَ …
katameros:3186,reference,,,draft,0,,,""" الْحَقَّ الْحَقَّ أَقُولُ لَكُمْ: إنَّكُمْ سَتَبْكُونَ وَتَنُوحُونَ وَالْعَالَمُ يَفْرَحُ. أَنْتُمْ سَتَحْزَنُونَ، وَ…"
katameros:3187,reference,,,draft,0,,,كَمَا يَشْتَاقُ الإيلُ، إلى يَنَابِيعِ الْمِيَاهِ، كَذلِكَ تَاقَتْ نَفْسِي، أنْ تَأتِيَ إلَيْكَ يَا اللَّهُ.   هللويا.
katameros:3188,reference,,,draft,0,,,وَكَأنمَا إنْسَانٌ مُسَافِرٌ دَعَا عَبِيدَهُ وَسَلَّمَهُمْ أَمْوَالَهُ، فَأَعْطَى وَاحِداً خَمْسَ وَزَنَاتٍ، وَآخَرَ وَ…
katameros:3189,reference,,,draft,0,,,تَقَدَّمُوا إلَيْهِ وَاسْتَنِيرُوا، وَوُجُوهُكُم لا تَخْزَى. يُعَسْكِرُ مَلاَكُ الرَّبِّ، حَوْلَ كُلِّ خَائِفِيهِ وَيُن…
katameros:319,reference,,,draft,0,,,"قَالَتْ لَهُ الْمَرْأَةُ: "" يَا سَيِّدي أَعْطِنِي هذَا الْمَاءَ؛ لِكَيْ لا أَعْطَشَ وَلا آتِيَ إلى هُنَا لأَسْتَقِيَ "".…"
katameros:3190,reference,,,draft,0,,,النص بالعربيوَإذْ كَانُوا يَسْمَعُونَ هذَا عَادَ فَقَالَ مَثَلاً، لأنهُ كَانَ قَرِيباً مِنْ أُورُشَلِيمَ، وَكَانُوا يَظ…
katameros:3191,reference,,,draft,0,,,فإنَّ وَطَنِيَّتَنَا نَحنُ هيَ في السَّمَواتِ. ومِنْ هُناكَ نَنْتَظِرُ مُخَلِّصَنَا: رَبَّنَا يَسُوعَ الْمَسِيحَ، هذَا …
katameros:3192,reference,,,draft,0,,,لا يَئِنَّ بَعْضُكُمْ عَلَى بَعْضٍ يا إخْوَتي لِئَلاَّ تُدَانُوا. هُوَذا الدَّيَّانُ وَاقِفٌ عَلَى الأبْوَابِ. خُذُوا ل…
katameros:3193,reference,,,draft,0,,,وَكَانَ يُوجَدُ يَهُودِيٌّ اسْمُهُ أَبلُّوسُ، إسْكَنْدَرِيُّ الْجِنْسِ، رَجُلٌ فَصِيحٌ قَدُمَ إلى أَفَسُسَ مُقْتَدِرٌ ف…
katameros:3194,reference,,,draft,0,,,أيهَا الرَّبُّ الإلَهُ قَدْ عَظُمْتَ جِدَّاً. الاعْتِرَافُ وَعِظَمُ الْجَلاَلِ تَسَرْبَلْتَ. اشْتَمَلْتَ بِالنُّورِ مِث…
katameros:3195,reference,,,draft,0,,,لاَ تَخَفْ، أَيهَا الْقَطِيعُ الصَّغِيرُ، فَإنَّ أَباكُمْ قَدْ سُرَّ أَنْ يُعْطِيَكُمُ الْمَلَكُوتَ. بِيعُوا أَمْتعَتَك…
katameros:3196,reference,,,draft,0,,,أَحِبُّوا الرَّبَّ يَا جَمِيعَ قِدِّيسِيهِ؛ لأنَّ الرَّبَّ ابْتَغَى الْحَقَائِقَ. مَا أَعْظَمَ كَثْرَةَ صَلاحِكَ يَارَب…
katameros:3197,reference,,,draft,0,,,لَيْسَ تِلْمِيذٌ أَفْضَلَ مِنْ مُعَلِّمِهِ، وَلا عَبْدٌ أَفْضَلَ مِنْ سَيِّدِهِ. يَكْفِي التِّلْمِيذَ أنْ يَصِيرَ كَمُع…
katameros:3198,reference,,,draft,0,,,قِدِّيسُوكَ يُبَارِكُونَكَ وَبِعَجَائِبِكَ يُحَدِّثُون. وَبِقُوَّتِكَ يَنْطِقُون. يَصْنَعُ مَشِيئَةَ خَائِفِيهِ. يَحْفَ…
katameros:3199,reference,,,draft,0,,,وَكَانَ قَوْمٌ يُونَانِيُّونَ مِنَ الَّذِينَ صَعِدُوا لِيَسْجُدُوا في الْعِيدِ. فَتَقَدَّمَ هؤُلاءِ إلى فِيلُبُّسَ الَّ…
katameros:32,reference,,,draft,0,,,بِالإيمَانِ قَرَّبَ إبْرَاهِيمُ إسْحَقَ حِينَ جُرِّبَ. وَقَرَّبَ ابْنَهُ الوَحِيدَ ذَاكَ الَّذِي قَبِلَ الْمَوَاعِيدَ ب…
katameros:320,reference,,,draft,0,,,سِيرُوا إذاً كَأَوْلاَدِ النُّورِ؛ لأنَّ ثَمَرَ النُّورِ هُوَ في كُلِّ صَلاَحٍ وَبِرٍّ وَحَقٍّ. مُخْتَبِرِينَ مَا هُوَ …
katameros:3200,reference,,,draft,0,,,لأنَّ كُلَّ الَّذِينَ يَنْقَادُونَ بِرُوحِ اللَّهِ، فَأُولئِكَ هُمْ أَبنَاءُ اللَّهِ. إذْ لَمْ تَأْخُذُوا رُوحَ الْعُبُ…
katameros:3201,reference,,,draft,0,,,أيهَا الأحِبَّاءُ، أَطْلُبُ إلَيْكُمْ كَغُرَبَاءَ وَنُزَلاَءَ، أنْ تَبْتَعِدُوا عَنِ الشَّهَوَاتِ الْجَسَدِيَّةِ التي ت…
katameros:3202,reference,,,draft,0,,,وَكَانَ اللَّهُ يَصْنَعُ عَلَى يَدَيْ بُولُسَ قُوَّاتٍ كَثِيرَةً، حَتَّى إِنَّهُمْ كَانُوا يَأخُذُونَ مَنادِيلَ وَخِرَق…
katameros:3203,reference,,,draft,0,,,يَفْتَخِرُ القِدِّيسُونَ بِالْمَجْدِ، وَيَبْتَهِجُونَ عَلَى مَضَاجِعِهِمْ. لِيَصْنَعُوا بِهِمْ حُكْمَاً مَكْتُوبَاً. هذ…
katameros:3204,reference,,,draft,0,,,وَقَبْلَ هَذَا كُلِّهِ يُلْقُونَ أَيْدِيَهُمْ عَلَيْكُمْ وَيَطْرُدُونَكُمْ، وَيُسَلِّمُونَكُمْ إلى مَجَامِعَ وَسُجُونٍ،…
katameros:3205,reference,,,draft,0,,,الصِّدِّيقُونَ صَرَخُوا وَالرَّبُّ اسْتَجَابَ لَهُمْ، وَمِنْ جَمِيعِ شَدَائِدِهِمْ نَجَّاهُمْ. قَرِيبٌ هُوَ الرَّبُّ مِ…
katameros:3206,reference,,,draft,0,,,هَا أَنَا أُرْسِلُكُمْ كَخِرَافٍ في وَسَطِ ذِئَابٍ فَكُونُوا حُكَمَاءَ كَالْحَيَّاتِ وَبُسَطَاءَ كَالْحَمَامِ. وَاحْذَر…
katameros:3207,reference,,,draft,0,,,كَثِيرَةٌ هيَ أَحْزَانُ الصِّدِّيقِينَ، وَمِنْ جَمِيعِهَا يُنَجِّيهِمِ الرَّبُّ. يَحْفَظُ الرَّبُّ جَمِيعَ عِظَامِهِمْ.…
katameros:3208,reference,,,draft,0,,,"وَدَعَا الْجَمْعَ وَتَلامِيذَهُ وَقَالَ لَهُمْ: "" مَنْ أرَادَ أنْ يَأتِيَ وَرَائِي فَلْيُنْكِرْ نَفْسَهُ وَيَحْمِلْ صَل…"
katameros:3209,reference,,,draft,0,,,وَنَحْنُ نَعْلَمُ أنَّ الَّذِينَ يُحِبُّونَ اللَّهَ، وهُمُ الَّذِينَ دَعَاهُمْ حَسَبَ قَصْدِهِ السَّابِقِ، يَجْعَلُ كُل…
katameros:321,reference,,,draft,0,,,لأنهُ هَكَذَا كَانَتْ قَدِيماً النِّسَاءُ الْقِدِّيسَاتُ الْمُتَوَكِّلاَتُ أيْضاً عَلَى اللَّهِ، يُزَيِّنَّ أَنْفُسَهُن…
katameros:3210,reference,,,draft,0,,,فَإذْ قَدْ تَألَّمَ الْمَسِيحُ بِالْجَسَدِ عَنَّا، تَسَلَّحُوا أَنْتُمْ أيْضاً بِهذَا الْمِثَالِ. فَإنَّ مَنْ تَألَّمَ …
katameros:3211,reference,,,draft,0,,,وَحَدَثَ بَيْنَمَا كُنَّا ذَاهِبِينَ لِلصَّلاةِ، أنَّ جَارِيَةً بِهَا رُوحُ عِرَافَةٍ قَدْ خَرَجَتْ لاسْتَقْبَالِنَا. و…
katameros:3212,reference,,,draft,0,,,نُورٌ أَشْرَقَ لِلصِّدِّيقِينَ، وَفَرَحٌ لِلْمُسْتَقِيمِينَ بِقَلْبِهِمْ. افْرَحُوا أيهَا الصِّدِّيقُونَ بِالرَّبِّ، وَ…
katameros:3213,reference,,,draft,0,,,وَقَبْلَ هَذَا كُلِّهِ يُلْقُونَ أَيْدِيَهُمْ عَلَيْكُمْ وَيَطْرُدُونَكُمْ، وَيُسَلِّمُونَكُمْ إلى مَجَامِعَ وَسُجُونٍ،…
katameros:3214,reference,,,draft,0,,,الرَّبُّ مَلَكَ عَلَى جَمِيعِ الأُمَمِ. اللَّهُ جَلَسَ عَلَى عَرْشِهِ الْمُقَدَّسِ. رُؤَسَاءُ الشُّعُوبِ اجْتَمَعُوا مَ…
katameros:3215,reference,,,draft,0,,,إنْ ثَبَتُّمْ فيَّ وَثَبَتَ كَلاَمِي فِيكُمْ، تَطْلُبُوا مَا تُرِيدُونَ فَيَكُونُ لَكُمْ. بِهذَا يَتَمَجَّدُ أبِي: أنْ …
katameros:3216,reference,,,draft,0,,,وَلِيَفْرَحْ قَلْبُ الَّذِينَ يَلْتَمِسُونَ الرَّبَّ. ابْتَغُوا الرَّبَّ وَاعْتَزُّوا. اُطْلُبُوا وَجْهَهُ في كُلِّ حِي…
katameros:3217,reference,,,draft,0,,,كَانَ إنْسَانٌ غَنِيٌّ وَكَانَ يَلْبَسُ الأَرْجُوانَ وَالْحَرِيرَ وَهُوَ يَتَنَعَّمُ كُلَّ يَوْمٍ مُتَرَفِّهَاً. وَكَان…
katameros:3218,reference,,,draft,0,,,وَأمَّا الإيمَانُ فَهُوَ الثِّقَةُ بِمَا يُرْجَى وَالإيقَانُ بِأُمُورٍ لا تُرَى. فَإنَّهُ في هذا شُهِدَ لِلْقُدَمَاءِ. …
katameros:3219,reference,,,draft,0,,,مَا الْمَنْفَعَةُ يَا إخْوَتِي إنْ قَالَ أَحَدٌ إنَّ لَهُ إيمَاناً وَلكِنْ لَيْسَ لَهُ أَعْمَالٌ؟ هَلْ يَقْدِرُ الإيمَا…
katameros:322,reference,,,draft,0,,,وَلكِنْ حَدَثَ لَمَّا اسْتَكْمَلْنَا الأيامَ خَرَجْنَا وَمَشَيْنَا، وَهُمْ يُشَيِّعُونَنَا، مَعَ نِسَاءٍ أيْضاً وَأَوْل…
katameros:3220,reference,,,draft,0,,,وَفي ذلِكَ الْوَقْتِ وُلِدَ مُوسَى وَكَانَ جَمِيلاً مَرْضِياً عِنْدَ اللَّهِ، هذَا رُبِّيَ ثَلاثَةَ أَشْهُرٍ في بَيْتِ …
katameros:3221,reference,,,draft,0,,,الْكَلِمَةُ التي أَوْصَى بِهَا إلى آلافِ الأَجْيَالِ. الَّذِي عَهَدَ بِهِ لإبْرَاهِيمَ، وَقَسَمَهُ لإسْحَقَ، أَقَامَهُ …
katameros:3222,reference,,,draft,0,,,"وَجَاءَ إلَيْهِ الصَّدُّوقِيُّونَ، الَّذِينَ يَقُولُونَ لَيْسَ قِيَامَةٌ، وَسَأَلُوهُ قَائِلِينَ: "" يَا مُعَلِّمُ، كَتَ…"
katameros:3223,reference,,,draft,0,,,كَهَنَتُكَ يَلْبَسُونَ الْبِرَّ، وقِدِّيسُوكَ يَبْتَهِجُونَ مِنْ أَجْلِ دَاوُدَ عَبْدِكَ. هَيَّأْتُ سِرَاجاً لِمَسِيحِي…
katameros:3224,reference,,,draft,0,,,"حِينَئِذٍ جَاءَ إلى يَسُوعَ مِنْ أُورُشَلِيمَ فَرِّيسِيُّونَ وَكَتَبَةٌ قَائِلِينَ: "" لِمَاذَا يَتَعَدَّى تَلاَمِيذُكَ …"
katameros:3225,reference,,,draft,0,,,"أَقْسَمَ الرَّبُّ وَلَنْ يَنْدَمَ: "" إنَّكَ أَنْتَ هُوَ الْكَاهِنُ إلى الأَبدِ عَلَى طَقْسِ مَلْشِيصَادَقَ "". الرَّبُّ …"
katameros:3226,reference,,,draft,0,,,"حِينَئِذٍ تَقَدَّمَ إلَيْهِ تَلامِيذُهُ وَقَالُوا لَهُ: "" أَنْتَ تَعْلَمُ أنَّ الفَرِّيسِيِّينَ لَمَّا سَمِعُوا هذَا ال…"
katameros:3227,reference,,,draft,0,,,"كُلُّ شَيْءٍ يُبَاعُ في الْمَلْحَمَةِ كُلُوهُ غَيْرَ فَاحِصِينَ عَنْ شَيْءٍ، لأَجْلِ الْضَّمِيرِ؛ لأنَّ "" لِلرَّبِّ الأ…"
katameros:3228,reference,,,draft,0,,,مَنْ يَعْتَرِفْ أنَّ يَسُوعَ هُوَ ابْنُ اللَّهِ، فَاللهُ يَثْبُتُ فِيهِ وَهُوَ أيْضاً يَثْبُتُ في اللَّهِ. وَنَحْنُ قَد…
katameros:3229,reference,,,draft,0,,,فَقَامَ في الْمَجْمَعِ رَجُلٌ فَرِّيسِيٌّ اسْمُهُ غَمَالاَئِيلُ، مُعَلِّمٌ لِلنَّامُوسِ، مُكَرَّمٌ عِنْدَ جَمِيعِ الشَّ…
katameros:323,reference,,,draft,0,,,يُدْخِلْنَ للْمَلِكِ عَذَارَى في إثْرِهَا. جَمِيعُ صَاحِبَاتِهَا لَهُ يُقَدَّمْنَ. يُدْخِلْنَهُنَّ بِفَرَحٍ وَابْتِهَاج…
katameros:3230,reference,,,draft,0,,,مُبَارَكٌ الرَّبُّ الإلَهُ. مُبَارَكٌ الرَّبُّ يَوْماً فَيَوْمَاً. إلَهُ خَلاصِنا، يُسَهِّلُ لَنَا سَبِيلَنَا.   هللويا
katameros:3231,reference,,,draft,0,,,"قَالَ لَهُمْ يَسُوعُ أَيْضاً: "" أَنا أَمْضِي وَسَتَطْلُبُونَنِي، وَلا تَجِدُونَنِي، وَتَمُوتُونَ في خَطَايَاكُمْ. وَحَي…"
katameros:3232,reference,,,draft,0,,,وَليَفْرَحْ جَمِيعُ الْمُتَّكِلِينَ عَلَيْكَ، إلَى الأَبدِ يُسَرُّونَ. وَيَفْتَخِرْ بِكَ كُلُّ الَّذِينَ يُحِبُّونَ اسْ…
katameros:3233,reference,,,draft,0,,,وَحَدَثَ لَمَّا أَكْمَلَ يَسُوعُ هذِهِ الأمْثَالَ انْتَقَلَ مِنْ هُنَاكَ. وَلَمَّا دَخَلَ إلى وَطَنِهِ كَانَ يُعَلِّمُه…
katameros:3234,reference,,,draft,0,,,في أَوْقَاتِ الْغَدواتِ، كُنتُ أَقْتُلُ جَمِيعَ خُطَاةِ الأَرْضِ؛ لأُبِيدَ مِنْ مَدِينَةِ الرَّبِّ، جَمِيعَ صَانِعي الإ…
katameros:3235,reference,,,draft,0,,,"وفي ذلِكَ الزَّمَنِ سَمِعَ هِيرُودِسُ رَئِيسُ الرُّبْعِ خَبَرَ يَسُوعَ، فَقَالَ لِفِتْيَانِهِ: "" هذَا هُوَ يُوحَنَّا ال…"
katameros:3236,reference,,,draft,0,,,"لِذلِكَ يَقُولُ: "" إذْ صَعِدَ إلى العَلاَءِ سَبَى سَبْيَاً وَأَعْطَى النَّاسَ عَطَايَا "". فَمَا هُوَ الصُّعُودُ إلاَّ أ…"
katameros:3237,reference,,,draft,0,,,وَثَابِتٌ عِنْدَنَا كَلامُ الأنْبِيَاءِ، هذَا الَّذِي هُوَ نِعْمَ مَا تَصْنَعُونَهُ إذَا تَأمَّلْتُمْ إلَيْهِ، كَمِثْلِ…
katameros:3238,reference,,,draft,0,,,وَلَمَّا كَمُلَتْ أَرْبَعُونَ سَنَةً، ظَهَرَ لَهُ مَلاكٌ في بَرِّيَّةِ طُورِ سِينا في لَهِيبِ نَارٍ عَلَى عُلَّيْقَةٍ. …
katameros:3239,reference,,,draft,0,,,ذَبِيحَةُ التَّسْبِيحِ تُمَجِّدُنِي. وَهُنَاكَ الطَّرِيقُ حَيْثُ أُرِيكَ: خَلاَصَ اللَّهِ. أَوْفِ الْعَليَّ نُذُورَكَ. …
katameros:324,reference,,,draft,0,,,حِينَئِذٍ يُشْبِهُ مَلَكُوتُ السَّمَوَاتِ عَشْرَ عَذَارَى، أَخَذْنَ مَصَابِيحَهُنَّ وَخَرَجْنَ لِلِقَاءِ الْعَرِيسِ. وَ…
katameros:3240,reference,,,draft,0,,,"فَقَالَ لَهُ: "" إنْسَانٌ صَنَعَ وَلِيمَةً عَظِيمَةً وَدَعَا كَثِيرِينَ، وَأَرْسَلَ عَبْدَهُ في سَاعَةِ الْعَشَاءِ لِيَق…"
katameros:3241,reference,,,draft,0,,,طُوبَى لِمَنْ اخْتَرْتَهُ وَقَبِلْتَهُ، يَسْكُنُ في دِيَارِكَ إلى الأَبدِ. اسْتَجِبْ لَنَا يَا اللَّهُ مُخَلِّصُنَا، يَ…
katameros:3242,reference,,,draft,0,,,لا تَظُنُّوا أني جِئْتُ لأُلْقِيَ سَلاَماً عَلَى الأَرْضِ، مَا جِئْتُ لأُلْقِيَ سَلاماً بَلْ سَيْفاً. فَإنِّي أَتَيْتُ …
katameros:3243,reference,,,draft,0,,,الرَّبُّ يُعَضِّدُ الصِّدِّيقِينَ، يَعْرِفُ الرَّبُّ طَرِيقَ الَّذِينَ لا عَيْبَ فِيهِمْ، وَيَكُونُ مِيرَاثَهُمْ، إلى ا…
katameros:3244,reference,,,draft,0,,,في الْبَدْءِ كَانَ الْكَلِمَةُ، وَالْكَلِمَةُ كَانَ عِنْدَ اللَّهِ، وَكَانَ الْكَلِمَةُ اللَّهَ. هذَا كَانَ في الْبَدْء…
katameros:3245,reference,,,draft,0,,,لأنَّ غَايَةَ النَّامُوسِ هيَ: الْمَسِيحُ لِلْبِرِّ لِكُلِّ مَنْ يُؤْمِنُ؛ لأنَّ مُوسَى كَتَبَ في الْبِرِّ الَّذِي مِنَ…
katameros:3246,reference,,,draft,0,,,الَّذِي كَانَ مِنَ الْبَدْءِ، الَّذِي سَمِعْنَاهُ، الَّذِي رَأيْنَاهُ بِعُيُوننَا، الَّذِي شَاهَدْنَاهُ، وَلَمَسَتْهُ أ…
katameros:3247,reference,,,draft,0,,,وَصَعِدَ بُطْرُسُ وَيُوحَنَّا إلى الْهَيْكَلِ في وَقْتِ صَلاةِ السَّاعَةِ التَّاسِعَةِ. وَكَانَ رَجُلٌ أَعْرَجُ مِنْ بَ…
katameros:3248,reference,,,draft,0,,,فَمُ الصِّدِّيقِ يَتْلُو الْحِكْمَةَ، وَلِسَانُهُ يَنْطِقُ بِالْحُكْمِ. نَامُوسُ اللَّهِ في قَلْبِهِ. وَلا تَتَعَرْقَلُ…
katameros:3249,reference,,,draft,0,,,"فَبَعْدَ مَا أَكَلُوا قَالَ يَسُوعُ لِسِمْعَانَ بُطْرُسَ: "" يا سِمْعَانُ بْنَ يُونا، أَتحِبُّنِي أَكْثَرَ مِنْ هؤُلاءِ؟…"
katameros:325,reference,,,draft,0,,,طُوبَى لِمَنْ اخْتَرْتَهُ وَقَبِلْتَهُ، يَسْكُنُ في دِيَارِكَ إلى الأَبدِ. اسْتَجِبْ لَنَا يَا اللَّهُ مُخَلِّصُنَا، يَ…
katameros:3250,reference,,,draft,0,,,لَيْسَ أَقْوَالٌ وَلاَ كَلاَمٌ. الَّذِينَ لا تُسْمَعُ أَصْوَاتُهُمْ. في كُلِّ الأَرْضِ خَرَجَ مَنْطِقُهُمْ. وَإلى أَقْط…
katameros:3251,reference,,,draft,0,,,ثُمَّ قَامَ مِنَ الْمَجْمَعِ، وَدَخَلَ بَيْتَ سِمْعَانَ. وَكَانَتْ حَمَاةُ سِمْعَانَ بِحُمَّى شَدِيدَةٍ. فَسَأَلُوهُ مِ…
katameros:3252,reference,,,draft,0,,,"أَقْسَمَ الرَّبُّ وَلَنْ يَنْدَمَ: "" إنَّكَ أَنْتَ هُوَ الْكَاهِنُ إلى الأَبدِ عَلَى طَقْسِ مَلْشِيصَادَقَ "". الرَّبُّ …"
katameros:3253,reference,,,draft,0,,,وَإذَا بِرِجَالٍ قَدْ أَحْضَرُوا إلَيْهِ رَجُلاً مَفْلُوجَاً عَلَى سَرِيرٍ، وَكَانُوا يُحَاوِلُونَ أَنْ يُدْخِلُوهُ وَي…
katameros:3254,reference,,,draft,0,,,وَإذْ لَنَا رَجَاءٌ مِثْلُ هذَا فَلْنَسْتَعْمِلْ مُجَاهَرَةً كَثِيرَةً. وَلَيْسَ كَمَا كَانَ مُوسَى يَضَعُ بُرْقُعاً عَ…
katameros:3255,reference,,,draft,0,,,كُلُّ مَنْ يُؤْمِنْ أنَّ يَسُوعَ هُوَ الْمَسِيحُ فَقَدْ وُلِدَ مِنَ اللَّهِ. وَكُلُّ مَنْ يُحِبُّ الْوَالِدَ يُحِبُّ ال…
katameros:3256,reference,,,draft,0,,,وَحَدَثَ في إِيقُونِيَةَ أَنهُمَا دَخَلاَ مَعاً إلى مَجْمَعِ الْيَهُودِ وَتَكَلَّمَا كَذلِكَ، حَتَّى آمَنَ جُمْهُورٌ كَ…
katameros:3257,reference,,,draft,0,,,اِعْتَرِفُوا لِلرَّبِّ وَادْعُوا بِاسْمِهِ. نَادُوا في الأُمَمِ بِأَعْمَالِهِ. الرَّبُّ يُعْطِي كَلِمَةً للمُبشِّرِينَ،…
katameros:3258,reference,,,draft,0,,,"وَفي تِلْكَ الأيامِ خَرَجَ إلى الْجَبَلِ لِيُصَلِّيَ. وَكَانَ سَاهِراً في الصَّلاَةِ لِلَّهِ.

وَلَمَّا كَانَ النَّهَار…"
katameros:3259,reference,,,draft,0,,,يُعَسْكِرُ مَلاَكُ الرَّبِّ، حَوْلَ كُلِّ خَائِفِيهِ وَيُنَجِّيهِمْ. ذُوقُوا وَانْظُرُوا مَا أَطْيَبَ الرَّبَّ! طُوبَى …
katameros:326,reference,,,draft,0,,,اسْهَرُوا إذَاً لأَنكُمْ لا تَعْلَمُونَ في أَيةِ سَاعَةٍ يَأتِي رَبكُمْ. وَاعْلَمُوا هَذَا: أنهُ لَوْ كَانَ رَبُّ الْبَ…
katameros:3260,reference,,,draft,0,,,"حِينَئِذٍ قَالَ يَسُوعُ لِتَلامِيذِهِ: "" مَنْ أَرَادَ أنْ يَتْبَعْنِي فَلْيُنْكِرْ نَفْسَهُ وَيَحْمِلْ صَلِيبَهُ وَيَتْ…"
katameros:3261,reference,,,draft,0,,,اسْجُدُوا لَهُ يَا جَمِيعَ مَلائِكَتِهِ، سَمِعَتْ صِهْيَوْنُ فَفَرِحَتْ. لأنكَ أنْتَ هُوَ الرَّبُّ الْعَلِيُّ عَلَى كُل…
katameros:3262,reference,,,draft,0,,,اُنْظُرُوا إذاً، لا تَحْتَقِرُوا أَحَدَ هَؤُلاءِ الصِّغَارِ، لأني أَقُولُ لَكُمْ: إنَّ مَلاَئِكَتَهُمْ في السَّمَوَاتِ …
katameros:3263,reference,,,draft,0,,,فَإنَّهُ لِمَلائِكَةٍ لَمْ يُخْضِعِ الْعَالَمَ الْعَتِيدَ الَّذِي نَتَكَلَّمُ عَنْهُ. لكِنْ شَهِدَ لَنَا وَاحِدٌ في مَو…
katameros:3264,reference,,,draft,0,,,مُبَارَكٌ اللَّهُ أَبو رَبِّنَا يَسُوعَ الْمَسِيحِ، الَّذِي بِكَثْرَةِ رَحْمَتِهِ وَلَدَنَا ثَانِيَةً لِرَجَاءٍ حَيٍّ، …
katameros:3265,reference,,,draft,0,,,"فَنَزَلَ بُطْرُسُ إلى الرِّجَالِ، وَقَالَ: "" هَا أَنا الَّذِي تَطْلُبُونَهُ. مَا هُوَ الأَمْرُ الَّذِي حَضَرْتُمْ لأَجْ…"
katameros:3266,reference,,,draft,0,,,أمَامَ الْمَلائِكَةِ أُرَتِّلُ لَكَ. وَأَسْجُدُ قُدَّامَ هَيكَلِكَ الْمُقَدَّسِ. وأَعْتَرِفُ لَكَ يَارَبُّ مِنْ كُلِّ ق…
katameros:3267,reference,,,draft,0,,,النص بالعربيوَمَتَى جَاءَ ابْنُ الإنْسَانِ في مَجْدِهِ وَجَمِيعُ مَلائِكَتِهِ الْقِدِّيسِينَ مَعَهُ، فَحِينَئِذٍ يَجْلِ…
katameros:3268,reference,,,draft,0,,,عَجِيبٌ هُوَ اللَّهُ في قِدِّيسِيهِ. إِلَهُ إسْرَائِيلَ هُوَ يُعْطِي قُوَّةً وَعِزَّاً لِشَعْبِهِ. وَالصِّدِّيقُونَ يَف…
katameros:3269,reference,,,draft,0,,,اسْهَرُوا إذَاً لأَنكُمْ لا تَعْلَمُونَ في أَيةِ سَاعَةٍ يَأتِي رَبكُمْ. وَاعْلَمُوا هَذَا: أنهُ لَوْ كَانَ رَبُّ الْبَ…
katameros:327,reference,,,draft,0,,,الرَّبُّ يُعَضِّدُ الصِّدِّيقِينَ، يَعْرِفُ الرَّبُّ طَرِيقَ الَّذِينَ لا عَيْبَ فِيهِمْ. وَيَكُونُ مِيرَاثَهُمْ إلى ال…
katameros:3270,reference,,,draft,0,,,نُورٌ أَشْرَقَ لِلصِّدِّيقِينَ، وَفَرَحٌ لِلْمُسْتَقِيمِينَ بِقَلْبِهِمْ. افْرَحُوا أيهَا الصِّدِّيقُونَ بِالرَّبِّ، وَ…
katameros:3271,reference,,,draft,0,,,اُنْظُرُوا، اسْهَرُوا وَصَلُّوا، لأَنكُمْ لا تَعْرفُونَ مَتَى يَكُونُ الْوَقْتُ. كَأنمَا إنْسَانٌ مسَافِرٌ تَرَكَ بَيْت…
katameros:3272,reference,,,draft,0,,,فَإنَّنَا نَحْنُ شُرَكَاءُ عَامِلانِ لِلَّهِ، وَأَنْتُمْ فَلاَحَةُ اللَّهِ، بِنَاءُ اللَّهِ. حَسَبَ نِعْمَةِ اللَّهِ ال…
katameros:3273,reference,,,draft,0,,,أَطْلُبُ إلى الشُّيُوخِ الَّذِينَ بَيْنَكُمْ، أَنا الشَّيْخَ شَرِيكَكُمْ، وَالشَّاهِدَ لآلاَمِ الْمَسِيحِ، وَشَرِيكَ ال…
katameros:3274,reference,,,draft,0,,,وَكَانَ يُوجَدُ يَهُودِيٌّ اسْمُهُ أَبلُّوسُ، إسْكَنْدَرِيُّ الْجِنْسِ، رَجُلٌ فَصِيحٌ قَدُمَ إلى أَفَسُسَ مُقْتَدِرٌ ف…
katameros:3275,reference,,,draft,0,,,كَرِيمٌ أَمَامَ الرَّبِّ، مَوْتُ قِدِّيسِيهِ. يَارَبُّ أَنَا هو عَبْدُكَ، وَابْنُ أَمَتِكَ.  هللويا.
katameros:3276,reference,,,draft,0,,,"وَقَالَ أيْضاً لِتَلامِيذِهِ: "" كَانَ إنْسَانٌ غَنِيٌّ لَهُ وَكِيلٌ، فَوُشِيَ بِهِ إلَيْهِ بِأَنهُ يُبَذِّرُ أَمْوَالَه…"
katameros:3277,reference,,,draft,0,,,رَفَعْتُ مُخْتَاراً مِنْ شَعْبِي. وَجَدْتُ دَاوُدَ عَبْدِي، مَسَحْتُهُ بِدُهْنٍ مُقَدَّسٍ، لأنَّ يَدِي تُعَضِّدُهُ.   ه…
katameros:3278,reference,,,draft,0,,,لا تَظُنُّوا أني جِئْتُ لأُلْقِيَ سَلاَماً عَلَى الأَرْضِ، مَا جِئْتُ لأُلْقِيَ سَلاماً بَلْ سَيْفاً. فَإنِّي أَتَيْتُ …
katameros:3279,reference,,,draft,0,,,كَهَنَتُكَ يَلْبَسُونَ الْبِرَّ، وقِدِّيسُوكَ يَبْتَهِجُونَ مِنْ أَجْلِ دَاوُدَ عَبْدِكَ. هَيَّأْتُ سِرَاجاً لِمَسِيحِي…
katameros:328,reference,,,draft,0,,,اُنْظُرُوا، اسْهَرُوا وَصَلُّوا؛ لأَنكُمْ لا تَعْرفُونَ مَتَى يَكُونُ الْوَقْتُ. كَأنمَا إنْسَانٌ مسَافِرٌ تَرَكَ بَيْت…
katameros:3280,reference,,,draft,0,,,وَنَزَلَ مَعَهُمْ وَوَقَفَ في مَوْضِعٍ خَلاءٍ، مَعَ جَمْعٍ مِنْ تَلامِيذِهِ، وَجُمْهورٍ كَثِيرٍ مِنَ الشَّعْبِ، مِنْ جَ…
katameros:3281,reference,,,draft,0,,,فَإنَّهُ يَصِيرُ إبْطَالُ الْوَصِيَّةِ الأُولَى مِنْ أَجْلِ ضَعْفِهَا وَعَدَمِ نَفْعِهَا، إذِ النَّامُوسُ لَمْ يُكَمِّل…
katameros:3282,reference,,,draft,0,,,مِنَ الشَّيْخِ، إلى غَايُوسَ الْحَبِيبِ الَّذِي أنا أُحِبُّهُ بِالْحَقِّ. أيهَا الْحَبِيبُ، في كُلِّ شَيْءٍ أَرُومُ أَن…
katameros:3283,reference,,,draft,0,,,"مِنْ بَعْدِ أيامٍ قَالَ بُولُسُ لِبَرْنَابَا: "" لِنَرْجِعْ وَنَتَفَقَّدِ الإخْوَةَ في كُلِّ مَدِينَةٍ بَشَّرْنَا فِيهَا…"
katameros:3284,reference,,,draft,0,,,مُوسَى وَهَارُونُ في كَهَنَتِهِ، وَصَمُوئيلُ في الَّذِينَ يَدْعُونَ بِاسْمِهِ. كَانُوا يَدْعُونَ الرَّبَّ وَهُوَ كَانَ …
katameros:3285,reference,,,draft,0,,,""" الْحَقَّ الْحَقَّ أَقُولُ لَكُمْ: إنَّكُمْ سَتَبْكُونَ وَتَنُوحُونَ وَالْعَالَمُ يَفْرَحُ. أَنْتُمْ سَتَحْزَنُونَ، وَ…"
katameros:3286,reference,,,draft,0,,,إيَّايَ انْتَظَرَ الْخُطَاةُ لِيُهْلِكُوني، وَلِشَهَادَاتِكَ فَهمْتُ. لِكُلِّ تَمَامٍ رَأَيْتُ مُنْتَهَى، أَمَّا وَصَاي…
katameros:3287,reference,,,draft,0,,,وَكَانَ يُعَلِّمُ في أَحَدِ الْمَجَامِعِ في السَّبْتِ، وَإذَا امْرَأَةٌ بِهَا رُوحُ مَرَضٍ مُنْذُ ثَمَانِي عَشْرةَ سَنَ…
katameros:3288,reference,,,draft,0,,,يَارَبُّ كَلِمَتُكَ دَائِمَةٌ في السَّمَوَاتِ، إلى الأَبدِ. وَإلى جِيلٍ فَجِيلٍ حَقُّكَ. أَسَّسْتَ الأَرْضَ فَهِيَ ثَاب…
katameros:3289,reference,,,draft,0,,,"فَقَالَ لَهُمْ: "" لَعَلَّكُمْ تَقُولُونَ لي هَذَا الْمَثَلَ: أيهَا الطَّبِيبُ اشْفِ ذَاتَكَ وَحدَكَ. وكُلُّ مَا سَمِعْن…"
katameros:329,reference,,,draft,0,,,"لأَنهُ إذَا قَالَ وَاحِدٌ: "" أَنا لِبُولُسَ "" وَآخَرُ: "" أَنا لأَبلُّوسَ "" أَفَلَسْتُمْ بَشَرِيِّينَ؟

فَمَنْ هُوَ أَبل…"
katameros:3290,reference,,,draft,0,,,وَأمَّا الآنَ فَاطْرَحُوا عَنْكُمْ أَنْتُمْ أيْضاً كُلَّ شَيْءٍ: الْغَضَبَ، السَّخَطَ، الْخُبْثَ، التَّجْدِيفَ. وَالكَل…
katameros:3291,reference,,,draft,0,,,اِعْتَرِفُوا بِخَطَايَاكُمْ بَعْضُكُمْ لِبَعْضٍ، وَصَلُّوا بَعْضُكُمْ لأجْلِ بَعْضٍ، لِكيمَا تُشْفَوْا. وَصَلاةُ البَار…
katameros:3292,reference,,,draft,0,,,وَجَاءَ مَعِي هؤُلاءِ الإخْوَةُ السِّتَّةُ الآخَرُونَ. فَدَخَلْنَا بَيْتَ الرَّجُلِ، فَأَخْبَرَنَا كَيْفَ رَأَى الْمَلا…
katameros:3293,reference,,,draft,0,,,مَحْبُوبٌ هُوَ اسْمُكَ يَارَبُّ، فَهُوَ طُولُ النَّهارِ تِلاوَتِي. عَلَّمْتَني وَصَايَاكَ أَفْضَلَ مِنْ أَعْدَائِي، لأن…
katameros:3294,reference,,,draft,0,,,وَفي الْيَوْمِ الثَّالِثِ كَانَ عُرْسٌ في قَانَا الْجَلِيلِ، وَكَانَتْ أُمُّ يَسُوعَ هُنَاكَ. وَدُعِيَ أيْضاً يَسُوعُ و…
katameros:3295,reference,,,draft,0,,,اِسْتَمِعْ يَا أللَّهُ عَدْلِي وَأَصْغِ إِلَى طِلَبَتِي، وَأَنْصِتْ إِلَى صَلَاتِـي فَإِنَّهَا مِنْ شَفَتَيْنِ بِلَا غِ…
katameros:3296,reference,,,draft,0,,,اِحْتَرِزُوا لِأَنْفُسِكُمْ. إِنْ أَخْطَأَ إِلَيْكَ أَخُوكَ فَوَبِّخْهُ، وَإِنْ تَابَ فَاغْفِرْ لَهُ.  وَإِنْ أَخْطَأَ …
katameros:3297,reference,,,draft,0,,,اُذْكُرْ كَلَامَكَ لِعَبْدِكَ، الَّذِي عَلَيْهِ أَتْكَلْتَنِي. تَذَكَّرْتُ أَحْكَامَكَ يَا رَبُّ مُنْذُ الدَّهْرِ، فَتَ…
katameros:3298,reference,,,draft,0,,,اُنْظُرُوا، اِسْهَرُوا وَصَلُّوا؛ لِأَنَّكُمْ لَا تَعْرفُونَ مَتَى يَكُونُ الْوَقْتُ. كَأَنَّمَا إِنْسَانٌ مسَافِرٌ تَر…
katameros:3299,reference,,,draft,0,,,لَا تَكُونُوا شُرَكَاءَ غَيْرِ الْمُؤْمِنِينَ فِي نِيْرٍ، فَإِنَّهُ أَيَّةُ شَرِكَةٍ بَيْنَ الْبِرِّ وَالْإِثْمِ؟ وَأَي…
katameros:33,reference,,,draft,0,,,وَثَابِتٌ عِنْدَنَا كَلامُ الأنبِيَاءِ، هذَا الَّذِي هُوَ نِعْمَ مَا تَصْنَعُونَهُ إذَا تَأمَّلْتُمْ إلَيْهِ، كَمِثْلِ …
katameros:330,reference,,,draft,0,,,كَذلِكَ أَنْتُمْ أيهَا الشُّبَّانُ، اخْضَعُوا لِلشُّيُوخِ، وَكُونُوا جَمِيعاً مُتَسَرْبِلِينَ بِالتَّوَاضُعِ بَعْضُكُمْ…
katameros:3300,reference,,,draft,0,,,بُطْرُسُ، رَسُولُ يَسُوعَ الْمَسِيحِ، إِلَى الْمُخْتَارِينَ الْمُتَغَرِّبِينَ فِي شَتَاتِ بُنْتُسَ وَغَلَاطِيَّةَ وَكَب…
katameros:3301,reference,,,draft,0,,,وَلَمَّا انْفَصَلْنَا عَنْهُمْ وَأَقْلَعْنَا. سِرْنَا سَيْرًا مُسْتَقِيمًا وَجِئْنَا إِلَى كُوسَ، وَفِي الْغَدِ إِلَى ر…
katameros:3302,reference,,,draft,0,,,هَلُمُّوا فَلْنَبْتَهِجْ بِالرَّبِّ، وَلْنُهَلِّلْ لِلَّهِ مُخَلِّصِنَا. وَلْنُبَادِرْ فَنَبْلُغَ إِلَى وَجْهِهِ بِالاِ…
katameros:3303,reference,,,draft,0,,,وَكَانَ فِي ذَلِكَ الزَّمَانِ قَدْ حَضَرَ إِلَيْهِ قَوْمٌ يُخْبِرُونَهُ عَنِ الْجَلِيلِيِّينَ الَّذِينَ خَلَطَ بِيلَاطُ…
katameros:3304,reference,,,draft,0,,,كُفُّوا وَاعْلَمُوا، أَنِّي أَنَا هُوَ اللَّهُ. أَرْتَفِعُ فِي الْأُمَمِ، وأَتَعَالَى عَلَى الْأَرْضِ.   هَــلِّـلُـــو…
katameros:3305,reference,,,draft,0,,,"فَأجَابَ يَسُوعُ وَقَالَ لَهُمْ: "" لِيَكُنْ لَكُمْ إيمَانٌ بِاللَّـهِ. لِأَنِّي الحَقَّ أقُولُ لَكُمْ: إِنَّ مَنْ يَقُو…"
katameros:3306,reference,,,draft,0,,,اُعْبُدُوا الرَّبَّ بِالْفَرَحِ، وَادْخُلُوا أَمَامَهُ بِالتَّهْلِيلِ، لِأَنَّنَا نَحْنُ شَعْبُهُ، وَغَنَمُ رَعِيَّـتِـ…
katameros:3307,reference,,,draft,0,,,اِحْتَرِزُوا لِأَنْفُسِكُمْ. إِنْ أَخْطَأَ إِلَيْكَ أَخُوكَ فَوَبِّخْهُ، وَإِنْ تَابَ فَاغْفِرْ لَهُ. وَإِنْ أَخْطَأَ إ…
katameros:3308,reference,,,draft,0,,,أَقُولُ أَيْضًا: لِئَلَّا يَظُنَّ أَحَدٌ أَنِّي غَبِيٌّ. وَإلَّا فَاقْبَلُونِي وَلَوْ كَغَبِيٍّ، لأَفْتَخِرَ أَنَا أَيْ…
katameros:3309,reference,,,draft,0,,,سِمْعَانُ بُطْرُسُ عَبْدُ يَسُوعَ الْمَسِيحِ وَرَسُولُهُ، إِلَى الَّذِينَ نَالُوا مَعَنَا إِيمَانًا مُكَرَّمًا مُسَاوِي…
katameros:331,reference,,,draft,0,,,وَكَانَ يُوجَدُ يَهُودِيٌّ اسْمُهُ أَبلُّوسُ، إسْكَنْدَرِيُّ الْجِنْسِ، رَجُلٌ فَصِيحٌ قَدُمَ إلى أَفَسُسَ مُقْتَدِرٌ ف…
katameros:3310,reference,,,draft,0,,,وَبَعْدَ تِلْكَ الْأَيَّامِ تَأَهَّبْنَا وَصَعِدْنَا إِلَى أُورُشَلِيمَ. وَجَاءَ مَعَنَا مِنْ قَيْصَرِيَّةَ أُنَاسٌ مِن…
katameros:3311,reference,,,draft,0,,,اُعْبُدُوا الرَّبَّ بِخَشْيَةٍ، وَهَلِّلُوا لَهُ بِرِعْدَةٍ. فَالْآنَ أَيُّهَا الْمُلُوكُ اِفْهَمُوا وَتَأَدَّبُوا، يَا…
katameros:3312,reference,,,draft,0,,,اِحْتَرِزُوا مِنْ أَنْ تَصْنَعُوا صَدَقَتَكُمْ قُدَّامَ النَّاسِ لِكَيْ يَنْظُرُوكُمْ، وَإِلَّا فَلَيْسَ لَكُمْ أَجْرٌ …
katameros:3313,reference,,,draft,0,,,اِمْتَلَأَتْ بُطُونُهُمْ مِنْ خَفَيَاتِكَ. وَمَلأُوا بُطُونَهُمْ مِنْ لَحْمِ الْخَنَازِيرِ، وَتَرَكُوا الْفَضَلَاتِ، لِ…
katameros:3314,reference,,,draft,0,,,"وَإِذْ كَانَ يُصَلِّي فِي مَوْضِعٍ، فَلَمَّا فَرَغَ، قَالَ لَهُ وَاحِدٌ مِنْ تَلَامِيذِه: "" يَا رَبُّ عَلِّمْنَا أَنْ ن…"
katameros:3315,reference,,,draft,0,,,وَحَدَثَ مِنْ بَعْدِ تِلْكَ الْأَيَّامِ الْكَثِيرَةِ أَنَّ مَلِكَ مِصْرَ مَاتَ. وَتَنَهَّدَ بَنُو إِسْرَائِيلَ مِنْ خِد…
katameros:3316,reference,,,draft,0,,,"اِسْمَعِي أَيَّتُهَا السَّمَاوَاتُ وَأَصْغِيْ أَيَّتُها الْأَرْضُ، فَإِنَّ الرَّبَّ تَكَلَّمْ: "" رَبَّيْتُ بَنِينَ ونَش…"
katameros:3317,reference,,,draft,0,,,يَا رَبُّ لَا تُبَكِّتْنِي بِغَضَبِكَ، وَلَا تُؤَدِّبْنِي بِسُخْطِكَ. اِرْحَمْنِي يَا رَبُّ فَإِنِّي ضَعِيفٌ، اِشْفِنِي…
katameros:3318,reference,,,draft,0,,,"أَمَّا الْفَرِّيسِيُّونَ فَلَمَّا سَمِعُوا قَالُوا: "" هَذَا لَا يُخْرِجُ الشَّيَاطِينَ إِلَّا بِبَعْلَزَبُولَ رَئِيسِ ا…"
katameros:3319,reference,,,draft,0,,,لِذَلِكَ أَسْلَمَهُمُ اللَّهُ إِلَى أَهْوَاءِ الْفَضِيحَةِ، فَإِنَّ إِنَاثَهُمْ غَيَّرْنَ الْاِسْتِعْمَالَ الطَّبِيعِيَ…
katameros:332,reference,,,draft,0,,,فَمُ الصِّدِّيقِ يَتْلُو الْحِكْمَةَ، وَلِسَانُهُ يَنْطِقُ بِالْحُكْمِ. نَامُوسُ اللَّهِ في قَلْبِهِ. وَلا تَتَعَرْقَلُ…
katameros:3320,reference,,,draft,0,,,يَا إِخْوَتِي، لَا تَلْبَسُوا إِيمَانَ رَبِّنَا يَسُوعَ الْمَسِيحِ الْمَجِيدِ، بِمُحَابَاةِ الْوُجُوهِ. فَإِنَّهُ إِذَا…
katameros:3321,reference,,,draft,0,,,ثُمَّ أَتَى يَهُودٌ مِنْ أَنْطَاكِيَةَ وَإِيقُونِيَةَ وَأَقْنَعُوا الْجُمُوعَ، فَرَجَمُوا بُولُسَ، وَجَرُّوهُ إِلَى خَا…
katameros:3322,reference,,,draft,0,,,يَأْكُلُ الْبَائِسُونَ وَيَشْبَعُونَ، يُسَبِّحُ الرَّبَّ الَّذِينَ يَلْتَمِسُونَهُ، تَحْيَا قُلُوبُهُمْ، إِلَى أَبَدِ ا…
katameros:3323,reference,,,draft,0,,,"وَجَاءَ إِلَى كَفْرِنَاحُومَ. وَلَمَّا دَخَلَ إِلَى الْبَيْتِ سَأَلَهُمْ: "" فِي أَيِّ شَيْءٍ كُنْتُمْ تُفَكِّرُونَ فِي …"
katameros:3324,reference,,,draft,0,,,إِنْ شِئْتُمْ وَسَمِعْتُمْ تَأْكُلُونَ خَيْرَ الْأَرْضِ. وَإِنْ أَبَيْتُمُ وَتَمَرَّدْتُمْ تُؤْكَلُونَ بِالسَّيْفِ. لِأ…
katameros:3325,reference,,,draft,0,,,هَذَا مَا يَقُولُهُ الرَّبُّ الضَّابِطُ الْكُلَّ: إِنِّي هَأَنَذَا أُخَلِّصُ شَعْبِي مِنْ أَرْضِ الْمَشَارِقِ وَمِنْ أَ…
katameros:3326,reference,,,draft,0,,,الرَّبُّ يَرْعَانِي، فَلَا يُعْوِزُنِي شَيْءٌ. رَدَّ نَفْسِي وهَدَانِي، إِلَى سُبُلِ الْبِرِّ.   هَــلِّـلُـــويَـــا.
katameros:3327,reference,,,draft,0,,,وَبَيْنَمَا هُوَ مُتَّكِئٌ فِي الْبَيْتِ، إذَا خُطَاةٌ وَعَشَّارُونَ كَثِيرُونَ قَدْ جَاءُوا وَاتَّكَأُوا مَعَ يَسُوعَ …
katameros:3328,reference,,,draft,0,,,"فَمَاذَا نَقُولُ؟ هَلْ عِنْدَ اللَّهِ ظُلْمٌ؟ حَاشَا؛ لِأَنَّهُ يَقُولُ لِمُوسَى: "" إِنِّي أَرْحَمُ مَنْ أَرْحَمُ، وَأَ…"
katameros:3329,reference,,,draft,0,,,لِأنَّهُ يَكْفِيكُمُ الزَّمَانُ الَّذِي مَضَى إِذْ كُنْتُمْ تَصْنَعُونَ فِيهِ إِرَادَةَ الْأُمَمِ، وَتَسْلُكُونَ فِي ال…
katameros:333,reference,,,draft,0,,,"وَقَالَ أيْضاً لِتَلامِيذِهِ: "" كَانَ إنْسَانٌ غَنِيٌّ لَهُ وَكِيلٌ، فَوُشِيَ بِهِ إلَيْهِ بِأَنهُ يُبَذِّرُ أَمْوَالَه…"
katameros:3330,reference,,,draft,0,,,فَقَامَ فِي الْمَجْمَعِ رَجُلٌ فَرِّيسِيٌّ اسْمُهُ غَمَالَائِيلُ، مُعَلِّمٌ لِلنَّامُوسِ، مُكَرَّمٌ عِنْدَ جَمِيعِ الشَ…
katameros:3331,reference,,,draft,0,,,اُنْظُـرْ إِلَـيَّ وَارْحَمْنِـي، لِأَنِّـي اِبْـنٌ وَحِيَـدٌ، وَبَـائِـسٌ أَنَـا. أَحْــزَانُ قَلْبِـي قَـدْ كَثُـرَتْ…
katameros:3332,reference,,,draft,0,,,فَقَالَ بُطْرُسُ: يَا رَبُّ، أَلَنَا قُلْتَ هذَا الْمَثَلَ أَمْ قُلْتَهُ لِلجَمِيعِ؟ فَقَالَ الرَّبُّ: مَنْ هُوَ تُرَى …
katameros:3333,reference,,,draft,0,,,وَيَنْطَلِقُ شُعُوبٌ كَثِيرُونَ، وَيَقُولُونَ هَلُمُّوا نَصْعَدُ إِلَى جَبَلِ الرَّبِّ، إِلَى بَيْتِ إلَهِ يَعْقُوبَ، و…
katameros:3334,reference,,,draft,0,,,فَالْآنَ، يَقُولُ الرَّبُّ، اِرْجِعُوا إِلَيَّ بِكُلِّ قُلُوبِكُمْ، وَبِالصَّوْمِ وَالْبُكَاءِ وَالاِنْتِحَابِ، وَمَزِّ…
katameros:3335,reference,,,draft,0,,,اُذْكُرْ يَا رَبُّ رَأْفَاتِكَ وَمَرَاحِمَكَ، فَإِنَّهَا ثَابِتَةٌ مُنْذُ الْأَزَلِ. خَطَايَا صِبَايَ، وَجَهَالَاتِي فَ…
katameros:3336,reference,,,draft,0,,,لَكِنْ الْوَيْلُ لَكُمْ أَيُّهَا الْأَغْنِيَاءُ، فَإِنَّكُمْ قَدْ نِلْتُمْ عَزَاءَكُمْ. الْوَيْلُ لَكُمْ أَيُّهَا الشَّ…
katameros:3337,reference,,,draft,0,,,فَلْنَتَّبِعْ مَا هُوَ لِلسَّلَامِ، وَمَا هُوَ لِبُنْيَانِ بَعْضِنَا بَعْضًا. لَا تَنْقُضْ صُنْعَ اللَّهِ لِأَجْلِ الطَ…
katameros:3338,reference,,,draft,0,,,هَارِبِينَ مِنْ شَهْوَةِ الْفَسَادِ الَّتِي فِي الْعَالَمِ. وَلِهَذَا عَيْنِهِ ـــ وَأَنْتُمْ بَاذِلُونَ كُلَّ اجْتِهَا…
katameros:3339,reference,,,draft,0,,,ثُمَّ فِي الْغَدِ فِيمَا هُمْ يُسَافِرُونَ وَيَقْتَرِبُونَ إِلَى الْمَدِينَةِ، صَعِدَ بُطْرُسُ عَلَى السَّطْحِ لِيُصَلِ…
katameros:334,reference,,,draft,0,,,الَّذِي يُعَلِّمُ يَدَيَّ الْقِتَالَ، وَجَعَلَ سَاعِدَيَّ أقْوَاسَاً مِنْ نُحَاسٍ. وَمَنْطَقْتَنِي قُوَّةً في الْحَرْبِ…
katameros:3340,reference,,,draft,0,,,اِحْفَظْ نَفْسِي وَنَجِّنِي، لَا أَخْزَى لِأَنِّي عَلَيْكَ تَوَكَّلْتُ. اُنْظُرْ إِلَيَّ، وَاِرْحَمْنِي.   هَــلِّـلُــ…
katameros:3341,reference,,,draft,0,,,بَلْ أَحِبُّوا أَعْدَاءَكُمْ، وَأَحْسِنُوا إِلَيْهِمْ، وَأَعْطُوا وَأَنْتُمْ لَا تَرْجُونَ شَيْئًا، فَيَكُونَ أَجْرُكُم…
katameros:3342,reference,,,draft,0,,,وَيَتَعَالَى الرَّبُّ وَحْدَهُ فِي ذَلِكَ الْيَوْمِ. لِأَنَّ يَوْمَ رَبِّ الْجُنُودِ سَيَأْتي عَلَى كُلِّ مُتعَدٍّ ومُت…
katameros:3343,reference,,,draft,0,,,"وَكَانَتْ إِلَيَّ كَلِمَةُ رَبِّ الْجُنُودِ قَائِلًا: "" هَكَذَا قَالَ الرَّبُّ الضَّابِطُ الْكُلَّ: إِنَّ صَوْمَ الشَّه…"
katameros:3344,reference,,,draft,0,,,لِلرَّبِّ الْأَرْضُ وَمِلْؤُهَا، الْمَسْكُونَةُ وَجَمِيعُ السَّاكِنِيْنَ فِيهَا. هُوَ عَلَى الْبِحَارِ أَسَّسَهَا، وَعَ…
katameros:3345,reference,,,draft,0,,,"وَفِي أَحَدِ الْأَيَّامِ رَكِبَ سَفِينَةً هُوَ وَتَلَامِيذُهُ، وَقَالَ لَهُمْ: "" لِنَمْضِ إِلَى عَبْرِ الْبُحَيْرَةِ "".…"
katameros:3346,reference,,,draft,0,,,فَأَطْلُبُ إِلَيْكُمْ أَنْ تَكُونُوا مُتَشَبِّهِينَ بِي. وَلِذَلِكَ قَدْ أَرْسَلْتُ إِلَيْكُمْ تِيمُوثَاوُسَ، الَّذِي ه…
katameros:3347,reference,,,draft,0,,,إِنْ قُلْنَا: إِنَّهُ لَيْسَ لَنَا خَطِيَّةٌ، نُضِلُّ أَنْفُسَنَا وَحْدَنَا وَلَيْسَ الْحَقُّ فِينَا. إنِ اعْتَرَفْنَا …
katameros:3348,reference,,,draft,0,,,وَأمَّا شَاوُلُ فَكَانَ يَضْطَهِدُ الكَنِيسَةَ، وَهُوَ يَدْخُلُ الْبُيُوتَ وَيَجُرُّ رِجَالًا وَنِسَاءً وَيُسَــلِّمُهُ…
katameros:3349,reference,,,draft,0,,,قُوَّتِي وَتَسْبِحَتِي هُوَ الرَّبُّ، وَقَدْ صَارَ لِي خَلَاصًا. أَدَبًا أَدَّبَنِي الرَّبُّ، وَإِلَى الْمَوْتِ لَمْ يُ…
katameros:335,reference,,,draft,0,,,"وَلَمَّا دَخَلَ كَفْرَنَاحُومَ، جَاءَ إلَيْهِ قَائِدُ مِئَةٍ يَطْلُبُ إلَيْهِ قَائِلاً: "" يَا سَيِّدي، غُلاَمِي مَطْرُو…"
katameros:3350,reference,,,draft,0,,,"وَكَانَ يَقُولُ لَهُمْ: "" هَلْ يُوقَدُ سِرَاجٌ لِيُوْضَعَ تَحْتَ الْمِكْيَالِ أوْ تَحْتَ السَّرِيرِ؟ ألَيْسَ لِكَيْ يُو…"
katameros:3351,reference,,,draft,0,,,فَاسْمَعْ يَا إِسْرَائِيلُ وَاِحْرِصْ عَلَى أَنْ تَعْمَلَ، لِتُصِيبَ خَيْرًا وَتَكْثُرَ جِدًّا، كَمَا وَعَدَكَ الرَّبُّ…
katameros:3352,reference,,,draft,0,,,هُوَذَا السَّيِّدُ رَبُّ الْجُنُودِ يَنْزِعُ مِنْ يَهُوذَا وَمِنْ أُورُشَلِيمَ الْقَوِيَّ وَالْقَوِيَّةَ، كُلَّ سَنَدِ …
katameros:3353,reference,,,draft,0,,,أُعَظِّمُكَ يَا رَبُّ لِأَنَّكَ اِحْتَضَنْتَنِي، وَلَمْ تُشْمِتْ بِي أَعْدَائِي. أَيُّهَا الرَّبُّ إِلَهِي صَرَخْتُ إِل…
katameros:3354,reference,,,draft,0,,,وَلَمَّا دَخَلَ فِي إِحْدَى الْمُدُنِ، إِذَا بِرَجُلٌ مَمْلُوءٌ بَرَصًا. فَلَمَّا رَأَى يَسُوعَ خَرَّ عَلَى وَجْهِهِ وَ…
katameros:3355,reference,,,draft,0,,,فَلِذَلِكَ إِذْ لَنَا مَوَاهِبُ مُخْتَلِفَةٌ بِاخْتِلَافِ النِّعْمَةِ الْمُعْطَاةِ لَنَا: فَمَنْ وُهِبَ النُّبُوَّةَ فَ…
katameros:3356,reference,,,draft,0,,,مِنَ الشَّيْخِ، إِلَى غَايُوسَ الْحَبِيبِ الَّذِي أَنَا أُحِبُّهُ بِالْحَقِّ. أَيُّهَا الْحَبِيبُ، فِي كُلِّ شَيْءٍ أَر…
katameros:3357,reference,,,draft,0,,,وَكَانُوا يُوَاظِبُونَ عَلَى تَعْلِيمِ الرُّسُلِ، وَشَرِكَةِ كَسْرِ الْخُبْزِ، وَالصَّلَاةِ. وَصَارَ خَوْفٌ فِي كُلِّ ن…
katameros:3358,reference,,,draft,0,,,أَمَّا أَنَا فَعَلَى رَحْمَتِكَ تَوَكَّلْتُ. يَبْتَهِجُ قَلْبِي بِخَلَاصِكَ. أُسَبِّحُ الرَّبَّ الَّذِي أَحْسَنَ إِليَّ…
katameros:3359,reference,,,draft,0,,,"وَإِذْ كَانَ يُصَلِّي فِي مَوْضِعٍ، فَلَمَّا فَرَغَ، قَالَ لَهُ وَاحِدٌ مِنْ تَلَامِيذِه: "" يَا رَبُّ عَلِّمْنَا أَنْ ن…"
katameros:336,reference,,,draft,0,,,عَجِيبٌ هُوَ اللَّهُ في قِدِّيسِيهِ. إلَهُ إسْرَائِيلَ هُوَ يُعْطِي قُوَّةً وَعِزَّاً لِشَعْبِهِ. وَالصِّدِّيقُونَ يَفْ…
katameros:3360,reference,,,draft,0,,,أَنْتَ حَظِّي يَا رَبُّ. فَقُلْتُ أَنْ أَحْفَظَ وَصَايَاَكَ. تَوَسَّلْتُ إِلَى وَجْهِكَ بِكُلِّ قَلْبِي. اِرْحَمْنِي كَ…
katameros:3361,reference,,,draft,0,,,كُنْ مُرَاضِيًا لِخَصْمِكَ سَرِيعًا مَا دُمْتَ مَعَهُ فِي الطَّرِيقِ، لِئَلَّا يُسَلِّمَكَ الْخَصْمُ إِلَى الْقَاضِي، و…
katameros:3362,reference,,,draft,0,,,فَأَطْلُبُ إِلَيْكُمْ أَيُّهَا الْإِخْوَةُ بِرَأْفَةِ اللَّهِ أَنْ تَرْفَعُوا أَجْسَادَكُمْ ذَبِيحَةً حَيَّةً مُقَدَّسَ…
katameros:3363,reference,,,draft,0,,,يَعْقُوبُ، عَبْدُ اللَّهِ وَرَبِّنَا يَسُوعَ الْمَسِيحِ، يُهْدِي السَّلَامَ إِلَى الاِثْنَيْ عَشَرَ سِبْطًا الَّذِينَ ف…
katameros:3364,reference,,,draft,0,,,وَلَمَّا قَرُبَ اِنْقِضاءُ السَّبْعَةِ الْأَيَّامِ، رآهُ الْيَهُودُ الَّذِينَ مِنْ أَسِيَّا فِي الْهَيْكَلِ، فَهَيَّجُو…
katameros:3365,reference,,,draft,0,,,أَنْصِتْ يَا رَبُّ لِكَلِمَاتِي، وَافْهَمْ صُرَاخِيِ. أَصْغِ إِلَى صَوْتِ طِلْبَتِي، يَا مَلِكِي وَإِلَهِي.   هَــلِّـل…
katameros:3366,reference,,,draft,0,,,سَمِعْتُمْ أَنَّهُ قِيلَ: عَيْنٌ بِعَيْنٍ وَسِنٌّ بِسِنٍّ. وَأَمَّا أَنَا فَأَقُولُ لَكُمْ: لَا تُقَاوِمُوا الشَّرَّ، ب…
katameros:3367,reference,,,draft,0,,,اِسْتَمِعْ يَا أللَّهُ عَدْلِي وَأَصْغِ إِلَى طِلَبَتِي، وَأَنْصِتْ إِلَى صَلَاتِـي، فَإِنَّهَا مِنْ شَفَتَيْنِ بِلَا غ…
katameros:3368,reference,,,draft,0,,,"لَا تَهْتَمُّوا بِشَأْنِ الْغَدِ، فَإِنَّ الْغَدَ يَهْتَمُّ بِشَأْنِهِ. يَكْفِي كُلَّ يَوْمَ شَرُّهُ.

لَا تَدِينُوا لِ…"
katameros:3369,reference,,,draft,0,,,أُحِبُّكَ يَا رَبُّ قُوَّتِي، الرَّبُّ هُوَ ثَبَاتِي وَمَلْجَإِي وَمُخَلِّصِي، إلَهِي عَوْنِـي، وَعَلَيْهِ أَتَّكِلُ.  …
katameros:337,reference,,,draft,0,,,وَلكِنْ أَقُولُ لَكُمْ يَا أَصْدِقَائِي: لا تَخَافُوا مِنَ الَّذِينَ يَقْتُلُونَ جَسَدَكُمْ، وَبَعْدَ ذلِكَ لَيْسَ لَهُ…
katameros:3370,reference,,,draft,0,,,لِأَنَّهُ يُوجَدُ كَثِيرُونَ سَيَقُولُونَ لِي فِي ذلِكَ الْيَوْمِ: يَا رَبُّ، يَا رَبُّ! أَلَيْسَ بِاسْمِكَ تَنَبَّأْنَ…
katameros:3371,reference,,,draft,0,,,لِتَخْضَعْ كُلُّ نَفْسٍ لِلسَّلَاطِينِ الْعَالِيَةِ، فَإِنَّهُ لَا سُلْطَانَ إِلَّا مِنَ اللَّهِ، وَالسَّلَاطِينُ الْكَ…
katameros:3372,reference,,,draft,0,,,"لَا يَقُلْ أَحَدٌ إِذَا جُرِّبَ: "" إِنَّ اللَّهَ قَدْ جَرَّبَنِي ""؛ لِأَنَّ اللَّهَ لَا يُجَرَّبُ بِالشُّرُورِ، وَهُوَ …"
katameros:3373,reference,,,draft,0,,,فَلَمَّا أَذِنَ لَهُ، وَقَفَ بُولُسُ عَلَى الدَّرَجِ وَأَشَارَ بِيَدِهِ إِلَى الشَّعْبِ، وَإِذْ كَانَ سُكُوتٌ عَظِيمٌ. …
katameros:3374,reference,,,draft,0,,,إِلَيْكَ يَا رَبُّ رَفَعْتُ نَفْسِي، إِلَهِي عَلَيْكَ تَوَكَّلْتُ فَلَا تُخْزِنِي إِلَى الْأَبَدِ. أَظْهِرْ لِي يَا رَب…
katameros:3375,reference,,,draft,0,,,لَا تَكْنِزُوا لَكُمْ كُنُوزًا عَلَى الْأَرْضِ حَيْثُ يُفْسِدُ السُّوسُ وَالصَّدَأُ، وَحَيْثُ يَنْقُبُ السَّارِقُونَ وَ…
katameros:3376,reference,,,draft,0,,,يَمِينُكَ مَمْلُوءَةٌ عَدْلًا. فَلْيَفْرَحْ جَبَلُ صِهْيَوْنَ، ولْتَتَهَلَّلْ بَنَاتُ الْيَهُودِيَّةِ، مِنْ أَجْلِ أَحْ…
katameros:3377,reference,,,draft,0,,,لَكِنِّي أَقُولُ لَكُمْ أَيُّهَا السَّامِعُونَ: أَحِبُّوا أَعْدَاءَكُمْ، أَحْسِنُوا إِلَى مُبْغِضِيكُمْ، بَارِكُوا لَاع…
katameros:3378,reference,,,draft,0,,,وَقَالَ اللَّهُ لِمُوسَى: أَنَا إِلَهُ آبَائِكَ، إِلهُ إِبْرَاهِيمَ وَإِلَهُ إِسْحَاقَ وَإِلَهُ يَعْقُوبَ، فَحَوَّلَ مُ…
katameros:3379,reference,,,draft,0,,,فِي ذَلِكَ الْيَوْمِ يُنِيرُ اللَّهُ بِالْمَشُورَةِ وَالْمَجْدِ عَلَى الْأَرْضِ، لِيَرْتَفِعَ وَيَتَمَجَّدَ كُلُّ مَنْ …
katameros:338,reference,,,draft,0,,,أنَا نَفْسِي بُولُسُ أَطْلُبُ إلَيْكُمْ بِوَدَاعَةِ الْمَسِيحِ وَحِلْمِهِ، كَمَا أني ذَلِيلٌ بَيْنَكُمْ وَأمَامَكُمْ، و…
katameros:3380,reference,,,draft,0,,,وَأَنْتَ أَيُّهَا الرَّبُّ إِلَهِي، لَا تُبْعِدْ رَأْفَاتِكَ عَنِّي، رَحْمَتُكَ وَبِرُّكَ، هُمَا اللَّذَانِ اقْتَبَلَان…
katameros:3381,reference,,,draft,0,,,"فَلَمَّا رَأَى يَسُوعُ أَنَّ الْجَمْعَ يَتَرَاكَضُونَ، اِنْتَهَرَ الرُّوحَ النَّجِسَ قَائِلًا لَهُ: "" أَيُّهَا الرُّوحُ…"
katameros:3382,reference,,,draft,0,,,فَإِنَّ غَضَبَ اللَّهِ مُعْلَنٌ مِنَ السَّمَاءِ عَلَى كُلِّ نِفَاقِ وَظُلْمِ النَّاسِ، الَّذِينَ يَحْبِسُونَ الْحَقَّ ف…
katameros:3383,reference,,,draft,0,,,يَهُوذَا، عَبْدُ يَسُوعَ الْمَسِيحِ، وَأَخُو يَعْقُوبَ، إِلَى الْمَحْبُوبِينَ فِي اللَّهِ الْآبِ، الْمَحْفُوظِينَ وَالْ…
katameros:3384,reference,,,draft,0,,,وَإِنَّ يُوسُفَ الَّذِي لَقَّبَهُ الرُّسُلَ بَرْنَابَا، الَّذِي تَفْسِيرُهُ اِبْنُ الْعَزَاءِ، اللَّاوِيُّ القُبْرُسِيُ…
katameros:3385,reference,,,draft,0,,,قَدِّمُوا لِلرَّبِّ يَا أَبْنَاءَ اللَّهِ. قَدِّمُوا لِلرَّبِّ أبْنَاءَ الْكِبَاشِ. قَدِّمُوا لِلرَّبِّ مَجْدًا وَكَرَا…
katameros:3386,reference,,,draft,0,,,"وَقَالَ لَهُمْ مَثَلًا فِي أَنَّهُ يَنْبَغِي أَنْ يُصَلُّوا كُلَّ حِينٍ وَلَا يَمَلُّوا، قَائِلًا: "" كَانَ فِي مَدِينَة…"
katameros:3387,reference,,,draft,0,,,فَأَجَابَ أَيُّوبُ وَقَالَ: إِلَى مَتَى تُمَرْمِرُونَ نَفْسِي وَتُوجِعُونَنِي بِالْكَلَامِ؟ اِعْلَمُوا أَنَّ الرَّبَّ ف…
katameros:3388,reference,,,draft,0,,,إِنَّ كَرْمَ رَبِّ الْجُنُودِ هُوَ بَيْتُ إِسْرَائِيلَ، وَرِجَالُ يَهُوذَا الْغَرْسُ الْجَدِيدُ الْمَحْبُوبُ، وَقَدِ اِ…
katameros:3389,reference,,,draft,0,,,أَنَا قُلْتُ يَا رَبُّ ارْحَمْنِي. اِشْفِ نَفْسِي لِأَنِّي قَدْ أَخْطَأْتُ إِلَيْكَ. مُبَارَكٌ الرَّبُّ إِلَهُ إِسْـرَا…
katameros:339,reference,,,draft,0,,,فَإذْ قَدْ تَألَّمَ الْمَسِيحُ بِالْجَسَدِ عَنَّا، تَسَلَّحُوا أَنْتُمْ أيْضاً بِهذَا الْمِثَالِ. فَإنَّ مَنْ تَألَّمَ …
katameros:3390,reference,,,draft,0,,,ثُمَّ قَالَ لِتَلَامِيذِهِ: فَلِهَذَا أَقُولُ لَكُمْ: لاَ تَهْتَمُّوا لِأَنْفُسِكُمْ بِمَا تَأْكُلُونَ، وَلَا لِأَجْسَا…
katameros:3391,reference,,,draft,0,,,هَذَا وَإِنَّ مَنْ يَزْرَعُ بِالشُّحِّ فَبِالشُّحِّ أَيْضًا يَحْصُدُ، وَمَنْ يَزْرَعُ بِالْبَرَكَةِ فَبِالْبَرَكَةِ أَي…
katameros:3392,reference,,,draft,0,,,يَعْقُوبُ، عَبْدُ اللَّهِ وَرَبِّنَا يَسُوعَ الْمَسِيحِ، يُهْدِي السَّلَامَ إِلَى الاِثْنَيْ عَشَرَ سِبْطًا الَّذِينَ ف…
katameros:3393,reference,,,draft,0,,,وَلَمَّا نَظَرُوا مُجَاهَرةَ بُطْرُسَ وَيُوحَنَّا، وَعَلِمُوا أَنَّهُمَا رَجُلانِ لَا يَعْرِفَانِ الكتابةَ وَأَنَّهُمَا…
katameros:3394,reference,,,draft,0,,,طُوبَى لِلَّذِي يَتَفَهَّمُ، فِي أَمْرِ الْمِسْكِينِ وَالْفَقِيرِ، فِي يَوْمِ الشَّرِّ، يُنَجِّيهِ الرَّبُّ.   هَــلِّـ…
katameros:3395,reference,,,draft,0,,,"وَفِيمَا هُوَ خَارجٌ إِلَى الطَّرِيقِ، أَسْرَعَ وَاحِدٌ وَجَثَا عَلَى رُكْبَتَيْهِ وَسَأَلَهُ: "" أيُّهَا الْمُعَلِّمُ ا…"
katameros:3396,reference,,,draft,0,,,وَحَدَثَ فِي تِلْكَ الْأَيَّامِ لَمَّا كَبِرَ مُوسَى أَنَّهُ خَرَجَ إِلَى إِخْوَتِهِ لِيَنْظُرَ أَثْقَالُهُمْ، فَرَأَى …
katameros:3397,reference,,,draft,0,,,وَتَرْعَى الْحُمْلَانُ بِحَقِّهَا حَيْثُمَا تُسَاقُ كَالثِّيرَانِ، وَالْبَرَارِيُّ الَّتِي صَارَتْ خِصْبَةً تَأْكُلُ مِ…
katameros:3398,reference,,,draft,0,,,لِأَنَّهُمْ تَقَوَّوْا أَكْثَرَ مِنِّي، أَدْرَكُونِي، فِي يَوْمِ ضُرِّي. وَكَانَ الرَّبُّ سَنَدِي.   هَــلِّـلُـــويَــ…
katameros:3399,reference,,,draft,0,,,لَا تَظُنُّوا أَنِّي جِئْتُ لأَحُلَّ النَّامُوسَ أَوِ الأَنْبِيَاءَ. مَا جِئْتُ لأَحُلَّ بَلْ لأُكَمِّلَ. الْحَقَّ أَقُ…
katameros:34,reference,,,draft,0,,,لأنَّ مُوسَى مُنْذُ الأجْيَالِ الْقَدِيمَةِ، لَهُ في كُلِّ مَدِينَةٍ مَنْ يَكْرِزُ بِهِ، إذْ يُقْرَأُ  في الْمَجَامِعِ …
katameros:340,reference,,,draft,0,,,وَرَجَعَ بَرْنَابَا وَشَاوُلُ مِنْ أُورُشَلِيمَ بَعْدَ مَا كَمَّلاَ الْخِدْمَةَ، وَأَخَذَا مَعَهُمَا يُوحَنَّا أيْضاً ا…
katameros:3400,reference,,,draft,0,,,إِذًا مَا هُوَ فَضْلُ الْيَهُودِيِّ، أَوْ مَا هِيَ مَنْفَعَةُ الْخِتَانِ؟ عَظِيمٌ عَلَى كُلِّ وَجْهٍ! أَمَّا أَوَّلًا ف…
katameros:3401,reference,,,draft,0,,,فَانْظُرُوا إِلَى أَنْفُسِكُمْ لِئَلَّا تَفْقِدُوا مَا عَمِلْتمُوهُ، بَلْ تَنَالُوا أَجْرًا تَامًّا. كُلُّ مَنْ يَتَعَد…
katameros:3402,reference,,,draft,0,,,"فَقَالَ لَهُ بُطرُسُ: "" يا حَنَانِيَّا، لِمَاذَا مَلَأَ الشَّيْطَانُ قَلْبَكَ حَتَّى تَكْذِبَ عَلَى الرُّوحِ الْقُدُسِ …"
katameros:3403,reference,,,draft,0,,,أُحِبُّكَ يَا رَبُّ قُوَّتِي، الرَّبُّ هُوَ ثَبَاتِـي ومَلْجَإِي، وَمُخَلِّصِي. إلَهِي عَوْنِـي وَعَلَيهِ أَتَّكِلُ.   …
katameros:3404,reference,,,draft,0,,,"وَأَمَّا يَسُوعُ فَدَعَا تَلَامِيذَهُ وَقَالَ: "" إِنَّنِي أَتَحَنَّنُ عَلَى الْجَمْعِ، لِأَنَّ لَهُمْ مَعِي ثَلَاثَةَ أ…"
katameros:3405,reference,,,draft,0,,,وَاذْكُرْ أَنَّكِ كُنْتَ عَبْدًا فِي أَرْضِ مِصْرَ، فَأَخَرَجَكَ الرَّبُّ إلَهُكَ مِنْ هُنَاكَ بِيَدٍ عَزِيزَةٍ وَذِرَا…
katameros:3406,reference,,,draft,0,,,وَكَانَ فِي السَّنَةِ الَّتِي مَاتَ فِيهَا الْمَلِكُ عُزِّيَّا، رَأَيْتُ السَّيِّدَ جَالِسًا عَلَى عَرْشٍ عَالٍ رَفِيعٍ…
katameros:3407,reference,,,draft,0,,,خَلِّصْ شَعْبَكَ، بَارِكْ مِيرَاثَكَ، اِرْعَهُمْ، وَارْفَعْهُمْ إِلَى الْأَبَـدِ.   هَــلِّـلُـــويَـــا.
katameros:3408,reference,,,draft,0,,,"حِينَئِذٍ ابْتَدَأَ يُوَبِّــخُ الْمُدُنَ الَّتِي صُنِعَتْ فِيهَا أَكْثَرُ قُوَّاتِهِ لِأَنَّهُمْ لَمْ يَتُوبُوا: "" وَي…"
katameros:3409,reference,,,draft,0,,,وَأَطْلُبُ إلَيْكُمْ أَيُّهَا الْإِخْوَةُ أَنْ تُلَاحِظُوا الَّذِينَ يَصْنَعُونَ الشِّقَاقَاتِ وَالْعَثَرَاتِ، خِلَافًا…
katameros:341,reference,,,draft,0,,,تَقَلَّدْ سَيْفَكَ عَلَى فَخْذِكَ، أيهَا الْقَويُّ. بِحُسْنِكَ وَجَمَالِكَ، اسْتَلَّهُ وَانْجَحْ وَامْلِكْ.   هللويا.
katameros:3410,reference,,,draft,0,,,لَا تَكُونُوا مُعَلِّمِينَ كَثِيرِينَ يَا إِخْوَتِي، عَالِمِينَ أَنَّكُمْ تَأْخُذُونَ دَيْنُونَةً أَعْظَمَ! لِأَنَّنَا …
katameros:3411,reference,,,draft,0,,,فَلَمَّا رَأَى أقْبَلَ إِلَى مَنْزلِ مَرْيَمَ أُمِّ يُوحَنَّا الَّذِي يُدْعَى مَرْقُسَ، الْمَوضِعِ الَّذِي كَانَ فِيهِ …
katameros:3412,reference,,,draft,0,,,يَمِينُكَ مَمْلُوءَةٌ عَدْلًا. فَلْيَفْرَحْ جَبَلُ صِهْيَوْنَ، ولْتَتَهَلَّلْ بَنَاتُ الْيَهُودِيَّةِ، مِنْ أَجْلِ أَحْ…
katameros:3413,reference,,,draft,0,,,"وَإِذَا وَاحِدٌ دَنَا إِلَيْهِ وَقَالَ لَهُ: "" أَيُّهَا الْمُعَلِّمُ الصَّالِحُ، أَيَّ صَلَاحٍ أَعْمَلُ لِأَرِثَ الْحَي…"
katameros:3414,reference,,,draft,0,,,اِحْفَظُوا جَمِيعَ الْوَصَايَا الَّتِي آمُرُكُمْ بِهَا الْيَوْمَ وَاعْمَلُوا بِهَا، لِكَيْ تَحْيَوْا وَتَكْثُرُوا وَتَد…
katameros:3415,reference,,,draft,0,,,وَجَمَعَ الْفِلِسْطِينِيُّونَ جُيُوشَهُمْ لِلْحَرْبِ، فَاجْتَمَعُوا فِي سُوكُوهَ الَّتِي لِيَهُوذَا، وَنَزَلُوا بَيْنَ …
katameros:3416,reference,,,draft,0,,,وَحَدَثَ فِي أَيَّامِ آحَازَ بْنِ يُوثَامَ بْنِ عُزِّيَّا مَلِكِ يَهُوذَا، أَنَّ رَصِينَ مَلِكَ أَرَامَ صَعِدَ مَعَ فَا…
katameros:3417,reference,,,draft,0,,,فَأَجَابَ صُوفَرُ النَّعْمَاتِيُّ وَقَالَ: أَلَعَلَّ كَثْرَةَ الْكَلَامِ لَا يُجَابُ عَلَيْهَا، أَمْ يَكُونُ الْحَقُّ ل…
katameros:3418,reference,,,draft,0,,,اِرْجِعِي يَا نَفْسِي إِلَى مَوْضِعِ رَاحَتِكِ، لِأَنَّ الرَّبَّ قَدْ أَحْسَنَ إِلَيَّ. وَأَنْقَذَ نَفْسِي مِنَ الْمَوْ…
katameros:3419,reference,,,draft,0,,,ثُمَّ صَرَفَ الْجَمْعَ، وَرَكِبَ السَّفِينَةَ وَجَاءَ إِلَى تُخُومِ مَجْدَلَ. وَدَنَا إِلَيْهِ الْفَرِّيسِيُّونَ وَالصَ…
katameros:342,reference,,,draft,0,,,"ثُمَّ انْتَقَلَ مِنْ هُنَاكَ وَدَخَلَ مَجْمَعَهُمْ، وَإذَا إنْسَانٌ يَدُهُ يَابِسَةٌ، فَسَأَلُوهُ قَائِلِينَ: "" هَلْ يَ…"
katameros:3420,reference,,,draft,0,,,لِذلِكَ وَنَحْنُ قَابِلُونَ مَلَكُوتًا لَا يَتَزَعْزَعُ لِتَكُنْ عِنْدَنَا نِعْمَةٌ بِهَا نَخْدِمُ اللَّـهَ وَنُرْضِيـه…
katameros:3421,reference,,,draft,0,,,وَإِنَّمَا نِهَايَةُ كُلِّ شَيْءٍ قَدِ اقْتَرَبَتْ، فَتَعَقَّلُوا إِذًا وَاسْهَرُوا فِي الصَّلَوَاتِ. وَلكِنْ قَبْلَ كُ…
katameros:3422,reference,,,draft,0,,,حِينَئِذٍ رَأَى الرُّسُلُ والْقُسُوسُ وَكُلُّ الْكَنِيسَةِ أَنْ يَخْتَارُوا رِجَالًا مِنْهُمْ، لِيُرْسِلُوهُمْ إِلَى أَ…
katameros:3423,reference,,,draft,0,,,الرَّبُّ يَجْلِسُ، مَلِكًا إِلَى الْأَبَدِ. الرَّبُّ يُعْطِي شَعْبَهُ قُوَّةً. الرَّبُّ يُبَارِكُ شَعْبَهُ بِالسَّلَامِ…
katameros:3424,reference,,,draft,0,,,"وَقَالَ لَهُمْ مَثَلًا: "" هَلْ يَسْتَطِيعُ أَعْمَى أَنْ يَقُودَ أَعْمَى؟ أَلَيْسَ كِلَاهُمَا يَسْقُطَانِ فِي حُفْرَةٍ؟ …"
katameros:3425,reference,,,draft,0,,,حَسَبَ رحْمَتِكَ اذْكُرنِي أَنْتَ، مِنْ أَجْلِ صَلَاحِكَ يَا رَبُّ، لِأَنَّهُ صَالحٌ ومُسْتَقيمٌ هُوَ الرَّبُّ. مِنْ أَ…
katameros:3426,reference,,,draft,0,,,فَإِنْ أَعْثَرَتْكَ يَدُكَ فَاقْطَعْهَا. فَخَيْرٌ لَكَ أَنْ تَدْخُلَ الْحَيَاةَ وَأَنْتَ أَقْطَعُ مِنْ أَنْ يَكُونَ لَك…
katameros:3427,reference,,,draft,0,,,مَنْ كَانَ ضَعِيفًا فِي الْإِيمَانِ فَاقْبَلُوهُ، بِغَيْرِ مُبَاحَثَةٍ فِي الأَرَاءِ. مِنَ النَّاسِ مَنْ يَعْتَقِدُ أَن…
katameros:3428,reference,,,draft,0,,,كُونُوا عَامِلِينَ بِالْكَلِمَةِ، لَا سَامِعِينَ فَقَطْ خَادِعِينَ نُفُوسَكُمْ وَحْدَكُمْ. لِأَنَّ مَنْ يَسْمَعُ الْكَل…
katameros:3429,reference,,,draft,0,,,وَلَمَّا رَجَعْتُ إِلَى أُورُشَلِيمَ وَكُنْتُ أُصَلِّي فِي الْهَيْكَلِ، حَدَثَ لِي غَيْبَةٌ، فَرَأَيْتُهُ يَقُولُ لِي: …
katameros:343,reference,,,draft,0,,,كَهَنَتُكَ يَلْبَسُونَ الْبِرَّ، وقِدِّيسُوكَ يَبْتَهِجُونَ مِنْ أَجْلِ دَاوُدَ عَبْدِكَ. هَيَّأْتُ سِرَاجاً لِمَسِيحِي…
katameros:3430,reference,,,draft,0,,,اِفْتَحُوا لِي أَبْوَابَ الْعَدْلِ، لِكَيْمَا أَدْخُلَ فِيهَا وَأَعْتَرِفَ لِلرَّبِّ. هَذَا هُوَ بَابُ الرَّبِّ، وَفِيه…
katameros:3431,reference,,,draft,0,,,اُدْخُلُوا مِنَ الْبَابِ الضَّيِّقِ، لِأَنَّهُ وَاسِعٌ الْبَابُ وَرَحْبٌ الطَّرِيقُ الَّذِي يُؤَدِّي إِلَى الْهَلَاكِ، …
katameros:3432,reference,,,draft,0,,,اِرْحَمْنِي يَا أللَّهُ كَعَظِيمِ رَحْمَتِكَ، وَبِحَسَبِ كَثْرَةِ رَأْفَاتِكَ. اِصْرِفْ وَجْهَكَ عَنْ خَطَايَايَ، وَاُم…
katameros:3433,reference,,,draft,0,,,وَلِلْوَقْتِ أَخَرَجَهُ الرُّوحُ إِلَى الْبَرِّيَّةِ، فَكَانَ فِي الْبَرِّيَّةِ أَرْبَعِينَ يَوْمًا وَأَرْبَعِينَ لَيْل…
katameros:3434,reference,,,draft,0,,,اِرْحَمْنِي يَا أللَّهُ اِرْحَمْنِي، فَإِنَّهُ عَلَيْكَ تَوَكَّلَتْ نَفْسِي، وَبِظِلِّ جَنَاحَيْكَ أتَّكِلُ، إِلَى أَنْ…
katameros:3435,reference,,,draft,0,,,أَمَّا يَسُوعُ فَرَجَعَ مِنَ الْأُرْدُنِّ مُمْتَلِئًا مِنَ الرُّوحِ الْقُدُسِ، وَحَمَلَهُ الرُّوحُ إِلَى الْبَرِّيَّةِ …
katameros:3436,reference,,,draft,0,,,فَلْنَتَّبِعْ مَا هُوَ لِلسَّلَامِ، وَمَا هُوَ لِبُنْيَانِ بَعْضِنَا بَعْضًا. لَا تَنْقُضْ صُنْعَ اللَّهِ لِأَجْلِ الطَ…
katameros:3437,reference,,,draft,0,,,يَا إِخْوَتِي، لَا تَلْبَسُوا إِيمَانَ رَبِّنَا يَسُوعَ الْمَسِيحِ الْمَجِيدِ، بِمُحَابَاةِ الْوُجُوهِ. فَإِنَّهُ إِذَا…
katameros:3438,reference,,,draft,0,,,"فَتَفَرَّسَ بُولُسُ فِي المَحْفَلِ وَقَالَ: "" أَيُّهَا الرِّجَالُ إِخْوَتُنَا، لَقَدْ تَصَرَّفْتُ أَمَامَ اللَّهِ بِكُل…"
katameros:3439,reference,,,draft,0,,,طَلَبْتُ وَجْهَكَ وَلِوَجْهِكَ يَا رَبُّ أَلْتَمِسُ. لَا تَصْرِفْ وَجْهَكَ عَنِّي. كُنْ لِي مُعِينًا وَلَا تُقْصِنِي، و…
katameros:344,reference,,,draft,0,,,وَكَانَ يَسُوعُ يَطُوفُ في كُلِّ الْجَلِيلِ يُعَلِّمُ في مَجَامِعِهِمْ، وَيَكْرِزُ بِبِشَارَةِ الْمَلَكُوتِ، وَيَشْفِي …
katameros:3440,reference,,,draft,0,,,حِينَئِذٍ أَصْعَدَ الرُّوحُ يَسُوعَ إِلَى الْبَرِّيَّةِ لِيُجَرِّبَهُ إِبْلِيسُ. فَصَامَ أَرْبَعِينَ يَوْمًا وَأَرْبَعِ…
katameros:3441,reference,,,draft,0,,,طُوبَى لِلَّذِي يَتَفَهَّمُ، فِي أَمْرِ الْمِسْكِينِ وَالْفَقِيرِ، فِي يَوْمِ الشَّرِّ، يُنَجِّيهِ الرَّبُّ.   هَــلِّـ…
katameros:3442,reference,,,draft,0,,,أَمَّا يَسُوعُ فَرَجَعَ مِنَ الْأُرْدُنِّ مُمْتَلِئًا مِنَ الرُّوحِ الْقُدُسِ، وَحَمَلَهُ الرُّوحُ إِلَى الْبَرِّيَّةِ …
katameros:3443,reference,,,draft,0,,,الْحِكْمَةُ تُمْدَحُ فِي الطُّرُقَاتِ. وَفِي الشَّوَارِعِ ظَاهِرَةٌ. وَعَلَى زَوَايَا الْأَسْوَارِ يُبَشَّرُ بِهَا. عَل…
katameros:3444,reference,,,draft,0,,,قَدِّسُوا رَبَّ الْجُنُودِ وَلْيَكُنْ هُوَ خَوْفَكُمْ وَرَهْبَتَكُمْ. فَيَكُونَ لَكُمْ قُدْسًا وَيَكُونَ حَجَرَ صَدْمَة…
katameros:3445,reference,,,draft,0,,,طُوبَاهُمُ الَّذِينَ تُرِكَتْ لَهُمْ آثَامُهُمْ، وَالَّذِينَ سُتِرَتْ خَطَايَاهُمْ. طُوبَى لِلرَجُلِ، الَّـذِي لَمْ يَح…
katameros:3446,reference,,,draft,0,,,وَإذْ كَانُوا يَسْمَعُونَ هذَا عَادَ فَقَالَ مَثَلًا، لِأَنَّهُ كَانَ قَرِيبًا مِنْ أُورُشَلِيمَ، وَكَانُوا يَظُنُّــون…
katameros:3447,reference,,,draft,0,,,قَدْ كَتَبْتُ إلَيْكُمْ فِي الرِّسَالَةِ أَنْ لَا تُخَالِطُوا الزُّنَاةَ. وَلَسْتُ أَعْنِي زُنَاةَ هذا العالَمِ، أو الغ…
katameros:3448,reference,,,draft,0,,,مُبَارَكٌ اللَّهُ أَبُو رَبِّنَا يَسُوعَ الْمَسِيحِ، الَّذِي بِكَثْرَةِ رَحْمَتِهِ وَلَدَنَا ثَانِيَةً لِرَجَاءٍ حَيٍّ،…
katameros:3449,reference,,,draft,0,,,وَأَمَّا الْإِخْوَةُ فَلِلْوَقْتِ وَدَّعُوا بُولُسَ وَسِيلَا لَيْلًا إِلَى بِيرِيَّةَ. وَهُمَا لَمَّا وَصَلَا إِلَى هُن…
katameros:345,reference,,,draft,0,,,"أَقْسَمَ الرَّبُّ وَلَنْ يَنْدَمَ: "" إِنَّكَ أَنْتَ هُوَ الْكَاهِنُ إلى الأَبدِ عَلَى طَقْسِ مَلْشِيصَادَقَ "". الرَّبُّ…"
katameros:3450,reference,,,draft,0,,,اِعْتَرَفْتُ لَكَ بِخَطِيئَتِي، وَلَمْ أَكْتُمْ إثْمِي. قُلْتُ أَعْتَرِفُ للرَّبِّ بِإثْمِي، وَأَنْتَ صَفَحْتَ لِي عَنْ…
katameros:3451,reference,,,draft,0,,,""" لَيْسَ أَحَدٌ يُوقِدُ سِرَاجًا وَيَضَعُهُ فِي خِفْيَةٍ، وَلَا تَحْتَ مِكْيَالٍ، بَلْ يَضَعُهُ عَلَى الْمَنَارَةِ، لِك…"
katameros:3452,reference,,,draft,0,,,يَا ابْنِي، إِنْ قَبِلْتَ كَلَامِي وَصُنْتَ وَصَايَايَ عِنْدَكَ، حَتَّى تُصْغِيَ بِأُذُنِكَ إِلَى الْحِكْمَةِ، وَتُمِيل…
katameros:3453,reference,,,draft,0,,,إِنِّي أَنَا السَّيِّدُ بَعْدَ اسْتِكْمَالِي جَمِيعَ عَمَلِي فِي جَبَلِ صِهْيَوْنَ، أَفْتَقِدُ ثَمَرَةَ قَلْبِ مَلِكِ أ…
katameros:3454,reference,,,draft,0,,,كَثِيرَةٌ هِيَ ضَرَبَاتُ، الْخُطَاةِ. وَالَّذِي يَتَّكِلُ عَلَى الرَّبِّ، الرَّحْمَةُ تُحِيطُ بِهِ.   هَــلِّـلُـــويَـ…
katameros:3455,reference,,,draft,0,,,"وَقَالَ أَيْضًا لِلْجُمُوعِ: "" إِذَا رَأَيْتُمْ سَحَابَةً تَطْلَعُ مِنَ الْمَغَارِبِ فَلِلْوَقْتِ تَقُولُونَ: إِنَّهُ ي…"
katameros:3456,reference,,,draft,0,,,وَمَاذَا نَقُولُ فِي إِبْرَاهِيمَ أَبِينَا حَسَبَ الْجَسَدِ ومَا جَرَى لَهُ؟ لِأَنَّهُ إنْ كَانَ إِبْرَاهِيمُ قَدْ تَبَ…
katameros:3457,reference,,,draft,0,,,يَا أَوْلَادِي، أَكْتُبُ إلَيْكُمْ هَذَا لِكَيْ لَا تُخْطِئُوا. وَإِنْ أَخْطَأَ أَحَدٌ فَلَنَا شَفِيعٌ عِنْدَ الآبِ، يَ…
katameros:3458,reference,,,draft,0,,,فَلَمَّا مَضَى زَمَانٌ طَوِيلٌ، وَصَارَ السَّفَرُ فِي الْبَحْرِ خَطِرًا، لِأَنَّ الصَّوْمَ كَانَ قَدْ مَضَى، جَعَلَ بُو…
katameros:3459,reference,,,draft,0,,,طُوبَى لِلرَجُلِ الَّذِي لَمْ يَحْسِبْ لَهُ الرَّبُّ خَطِيَّةً، وَلَا فِي فَمِهِ غِشٌّ. أَنَا سَكَتُّ، فَبَلِيَتْ عِظَا…
katameros:346,reference,,,draft,0,,,وَنَزَلَ مَعَهُمْ وَوَقَفَ في مَوْضِعٍ خَلاءٍ، مَعَ جَمْعٍ مِنْ تَلامِيذِهِ، وَجُمْهورٍ كَثِيرٍ مِنَ الشَّعْبِ، مِنْ جَ…
katameros:3460,reference,,,draft,0,,,"وَكَانَ يَسُوعُ يَقُولُ لِليَهُودِ الَّذِينَ آمَنُوا بِهِ: "" إِنْ أَنْتُمْ ثَبَتُّمْ فِي كَلَامِي فَبِالْحَقِيقَةِ أَنْ…"
katameros:3461,reference,,,draft,0,,,"وَقَالَ الرَّبُّ لِمُوسَى فِي مِدْيَانَ: "" اِمْضِ فَارْجِعْ إِلَى مِصْرَ، فَإِنَّهُ قَدْ مَاتَ جَمِيعُ الْقَوْمِ الَّذِ…"
katameros:3462,reference,,,draft,0,,,لَا تَخَافِي أَيَّتُهَا الْأَرْضُ. اِبْتَهِجِي وَافْرَحِي فَإِنَّ الرَّبَّ قَدْ تَعَاظَمَ فِي عَمَلِهِ. لَا تَخَافِي يَ…
katameros:3463,reference,,,draft,0,,,وَسَيَعْلَمُ الشَّعْبُ كُلُّهُ، أَفْرَايِمُ وَسُكَّانُ السَّامِرَةِ، الْقَائِلُونَ بِزَهْوٍ وَقَلْبٍ مُسْتَكْبِرٍ: قَدْ…
katameros:3464,reference,,,draft,0,,,فَأَجَابَ أَيُّوبُ وَقَالَ: أَلَا إِنَّكُمْ رِجَالٌ فِي الْحَقِيقَةِ وَفِي مَوْتِكُمْ تَمُوتُ الْحِكْمَةُ! غَيْرَ أَنَّ…
katameros:3465,reference,,,draft,0,,,وَاحِدَةً سَأَلْتُ مِنَ الرَّبِّ، وَإِيَّاهَا أَلْتَمِسُ، أَنْ أَسْكُنَ فِي بَيْتِ الرَّبِّ، جَمِيعَ أَيَّامِ حَيَاتِي.…
katameros:3466,reference,,,draft,0,,,"وَكَانَ يَقُولُ: "" مَاذَا يُشْبِهُ مَلَكُوتُ السَّمَاوَاتِ؟ وَبِمَاذَا أُشَبِّهُهُ؟ إِنَّهُ يُشْبِهُ حَبَّةَ خَرْدَلٍ أ…"
katameros:3467,reference,,,draft,0,,,الَّذِي مَجِيئُهُ بِعَمَلِ الشَّيْطَانِ، بِكُلِّ قُوَّةٍ، وَبِآيَاتٍ وَعَجَائِبَ كَاذِبَةٍ، وَبِكُلِّ خَدِيعَةِ الظُّلْ…
katameros:3468,reference,,,draft,0,,,إِذًا يَعْلَمُ الرَّبُّ أَنْ يُنْقِذَ الأَتْقِيَاءَ مِنْ التَّجْرِبَةِ، وَيَحْفَظَ الْأَثَمَةَ إِلَى يَوْمِ الدِّينِ لِ…
katameros:3469,reference,,,draft,0,,,وَكَانَ فِي نَوَاحِي ذَلِكَ الْمَكَانِ ضِيَاعٌ لِكَبِيرِ الْجَزِيرَةِ الْمُسَمَّى بُوبْلِيُوسَ. الَّذِي قَبِلَنَا وَأَض…
katameros:347,reference,,,draft,0,,,وَأَمَّا أَنْتَ فَقَدْ اتَّبَعْتَ تَعْلِيمِي، وَمَثَالِي، وَرَسْمِي الأَوَّلَ، وَإيمَانِي، وَأَنَاتِي، وَمَحَبَّتِي، وَ…
katameros:3470,reference,,,draft,0,,,استَمِـعْ يَا رَبُّ صَوْتِـيَ، الَّذِي بِهِ دَعَوْتُكَ. ارْحَمْنِي واسْتَجِبْ لِـي، فَإِنَّ لَكَ قالَ قَلْبِـي.   هَــل…
katameros:3471,reference,,,draft,0,,,أَمَّا يَسُوعُ فَرَجَعَ مِنَ الْأُرْدُنِّ مُمْتَلِئًا مِنَ الرُّوحِ الْقُدُسِ، وَحَمَلَهُ الرُّوحُ إِلَى الْبَرِّيَّةِ …
katameros:3472,reference,,,draft,0,,,"فَقَالَ الرَّبُّ: "" هَلْ أُخْفِي مَا أَنَا فَاعِلُهُ عَنْ عَبْدِي إِبْرَاهِيمَ، وَإِبْرَاهِيمُ يَكُونُ أُمَّةً عَظِيمَة…"
katameros:3473,reference,,,draft,0,,,وَتُنْقِذُكَ مِنَ الْمَرْأَةِ الْأَجْنَبِيَّةِ، مِنَ الْغَرِيبَةِ الَّتِي تَتَمَلَّقُ بِكَلَامِهَا، الَّتِي تَرَكَتْ مُ…
katameros:3474,reference,,,draft,0,,,وَيَكُونُ فِي ذَلِكَ الْيَوْمِ أَنَّ أَصْلَ يَسَّى الْقَائِمَ رَايَةً لِلشُّعُوبِ، إِيَّاهُ تَتَرَجَّى الْأُمَمُ، وَيَك…
katameros:3475,reference,,,draft,0,,,رَتِّلُوا لِلرَّبِّ السَّاكِنِ فِي صِهْيَوْنَ، وَأَخْبِرُوا فِي الْأُمَمِ بِأَعْمَالِهِ. لِأَنَّهُ طَلَبَ الدِّمَاءَ، و…
katameros:3476,reference,,,draft,0,,,فَرَاقَبُوهُ وَأَرْسَلُوا إِلَيْهِ جَوَاسِيسَ يَتَرَاءَوْنَ أَنَّهُمْ صِدِّيقُونَ لِكَيْ يُمْسِكُوهُ بِكَلِمَةٍ، حَتَّى…
katameros:3477,reference,,,draft,0,,,"كَمَا يَقُولُ دَاوُدُ أَيْضًا فِي تَطْوِيبِ الْإِنْسَانِ الَّذِي يَحْسِبُ لَهُ اللَّهُ بِرًّا بِدُونِ أَعْمَالٍ: "" طُوب…"
katameros:3478,reference,,,draft,0,,,مِنْ أَيْنَ تَأْتِي الْحُرُوبُ وَمِنْ أَيْنَ تَأْتِي الْخُصُومَاتُ بَيْنَكُمْ؟ أَلَيْسَتْ مِنْ هَذِهِ: مِنْ لَذَّاتِكُم…
katameros:3479,reference,,,draft,0,,,وَلَمَّا نَجَوْنَا عَلِمْنَا حِينَئِذٍ بِأَنَّ تِلْكَ الْجَزِيرَةَ تُدْعَى مَلِيطَةَ. فَالْبَرَابِرَةُ الْقَاطِنُونَ فِ…
katameros:348,reference,,,draft,0,,,أَطْلُبُ إلى الشُّيُوخِ الَّذِينَ بَيْنَكُمْ، أنا الشَّيْخَ شَرِيكَكُمْ، وَالشَّاهِدَ لآلاَمِ الْمَسِيحِ، وَشَرِيكَ الْ…
katameros:3480,reference,,,draft,0,,,أَمَّا الرَّبُّ فَإِلَى الْأَبَدِ يَثْبُتُ، وَقَدْ هَيَّأَ عَرْشَهُ لِلْقَضَاءِ، فَهُوَ يَدِينُ الْمَسْكُونَةَ كُلَّهَا…
katameros:3481,reference,,,draft,0,,,"فَنَادَى يَسُوعُ وَقَالَ: "" الَّذِي يُؤْمِنُ بِي، لَيْسَ يُؤْمِنُ بِي بَلْ قَدْ آمَنَ بِالَّذِي أَرْسَلَنِي. وَالَّذِي …"
katameros:3482,reference,,,draft,0,,,وَاذْكُرْ. لَا تَنْسَ كَمْ أَغْضَبْتَ الرَّبَّ فِي الْبَرِّيَّةِ. مِنَ الْيَوْمِ الَّذِي خَرَجْتُمْ فِيهِ مِنْ أَرْضِ م…
katameros:3483,reference,,,draft,0,,,وَكَانَ شَاوُلُ وَرِجَالُهُ يَسِيرُونَ فِي جَانِبِ الْجَبَلِ مِنْ هُنَا، وَدَاوُدُ وَرِجَالُهُ فِي الْجَانِبِ الْآخَرِ …
katameros:3484,reference,,,draft,0,,,اُنْصُبُوا رَايَةً عَلَى الْجِبَالِ السَّهْلَةِ، اِرْفَعُوا الصَّوْتَ إِلَيْهِمْ وَلَا تَخَافُوا، أَشِيرُوا بِالْيَدِ و…
katameros:3485,reference,,,draft,0,,,فَأَجَابَ أَلِيفَازُ التَّيْمَانِيُّ وَقَالَ: أَلَعَلَّ الْحَكِيمَ يُجِيبُ عَنْ عِلْمٍ بَاطِلٍ، وَيَمْلأُ جَوْفَهُ رِيح…
katameros:3486,reference,,,draft,0,,,يا ابْنِي إِنْ تَقدَّمتَ لِخِدْمَةِ الرَّبِّ، هَيِّئْ نَفْسَكَ للتَّجَارِبِ، قَوِّمْ قَلْبَكَ واحْتَمِلْ وَلَا تَنْحَلَ…
katameros:3487,reference,,,draft,0,,,لِأَنَّكَ لَا تَتْرُكُ نَفْسِي فِي الْجَحِيمِ. وَلَا تَدَعُ قُدُّوسَكَ يَرَى فَسَادًا. قَدْ عَرَّفْتَنِي، طُرُقَ الْحَي…
katameros:3488,reference,,,draft,0,,,"وَدَنَا إِلَيْهِ قَوْمٌ مِنَ الصَّدُّوقِيِّينَ، الَّذِينَ يَقُولُونَ بِعَدَمِ الْقِيَامَةِ، وَسَأَلُوهُ، قَائِلِينَ: "" …"
katameros:3489,reference,,,draft,0,,,وَأَمَّا الْإِيمَانُ فَهُوَ الثِّقَةُ بِمَا يُرْجَى وَالْإِيقَانُ بِأُمُورٍ لَا تُرَى. فَإِنَّهُ فِي هَذَا شُهِدَ لِلْق…
katameros:349,reference,,,draft,0,,,"وَمِنْ مِيلِيتُسَ أَرْسَلَ إلى أَفَسُسَ وَاسْتَدْعَى أحْبَارَ الْكَنِيسَةِ. فَلَمَّا جَاءُوا إلَيْهِ قَالَ لَهُمْ: "" أَ…"
katameros:3490,reference,,,draft,0,,,وَأَمَّا أَنْتُمْ يَا أَحِبَّائِي فَاذْكُرُوا الْأَقْوَالَ الَّتِي قَالَهَا سَابِقًا رُسُلُ رَبِّنَا يَسُوعَ الْمَسِيحِ…
katameros:3491,reference,,,draft,0,,,وَلَمَّا عَلِمَ بُولُسُ أَنَّ قِسْمًا مِنْهُمْ صَدُّوقِيُّونَ وَالقِسْمَ الآخَرَ فَرِّيسِيُّونَ، صَاحَ فِي الْمَحْفَلِ:…
katameros:3492,reference,,,draft,0,,,اللَّهُمَّ احْفَظْنِي فَإِنِّي عَلَيْكَ تَوَكَّلْتُ. قُلْتُ لِلرَّبِّ: أَنْتَ رَبِّي، وَلَا تَحْتَاجُ إِلَى حَسَنَاتِي.…
katameros:3493,reference,,,draft,0,,,وَكَانَ يُخْرِجُ شَيْطَانًا، وَكَانَ ذَلِكَ أَخْرَسَ. فَلَمَّا أُخْرِجَ الشَّيْطَانُ تَكَلَّمَ الْأَخْرَسُ، فَتَعَجَّبَ…
katameros:3494,reference,,,draft,0,,,مِنَ الأعْماقِ صَرَخْتُ إِلَيْكَ يَا رَبُّ، يَا رَبُّ اِسْتَمِعْ صَوتي. لِتَكُنْ أُذُنَاكَ مُصْغِيَتَيْنِ، إِلَى صَوْتِ…
katameros:3495,reference,,,draft,0,,,"وَفِيمَا هُوَ خَارجٌ إِلَى الطَّرِيقِ، أَسْرَعَ وَاحِدٌ وَجَثَا عَلَى رُكْبَتَيْهِ وَسَأَلَهُ: "" أيُّهَا الْمُعَلِّمُ ا…"
katameros:3496,reference,,,draft,0,,,اِقْبَلُونَا. فَإِنَّنَا لَمْ نَظْلِمْ أَحَدًا. وَلَمْ نُفْسِدْ أَحَدًا. وَلَمْ نَمْكُرْ بِأَحَدٍ. وَلَسْتُ أَقُولُ ذَل…
katameros:3497,reference,,,draft,0,,,مَا الْمَنْفَعَةُ يَا إخْوَتِـي إِنْ قَالَ أَحَدٌ إِنَّ لَهُ إيمَانًا وَلكِنْ لَيْسَ لَهُ أَعْمَالٌ؟ هَلْ يَقْدِرُ الْإ…
katameros:3498,reference,,,draft,0,,,وَلَمَّا كَانَ النَّهَارُ تَعَاهَدَ بَعْضُ الْيَهُودِ وَتَحَالَفُوا، وَحَرَمُوا أَنْفُسَهُمْ قَائِلِينَ: إِنَّهُمْ لَا …
katameros:3499,reference,,,draft,0,,,أُسبِّـحُ وأُرتِّلُ لِلرَّبِّ. استَمِـعْ يَا رَبُّ صَوتِـيَ الَّذِي بِهِ دَعَوْتُكَ. ارْحَمْنِي واسْتَجِبْ لِي، فَإِنَّ…
katameros:35,reference,,,draft,0,,,مُوسَى وَهَارُونُ في كَهَنَتِهِ، وَصَمُوئيلُ في الَّذِينَ يَدْعُونَ بِاسْمِهِ. كَانُوا يَدْعُونَ الرَّبَّ وَهُوَ كَانَ …
katameros:350,reference,,,draft,0,,,أَمْسَكْتَ بِيَدِي الْيُمْنَى. وَبِمَشُورَتِكَ هَدَيْتَنِي وَبِالْمَجْدِ قَبِلْتَنِي. وَأنا خَيْرٌ لِي الالْتِصَاقُ بِا…
katameros:3500,reference,,,draft,0,,,لِذَلِكَ يُشْبِهُ مَلَكُوتُ السَّمَاوَاتِ رَجُلًا مَلِكًا أَرَادَ أَنْ يُحَاسِبَ عَبِيدَهُ. فَلَمَّا بَدَأَ بِمُحَاسَبَ…
katameros:3501,reference,,,draft,0,,,أَيُّهَا الرَّبُّ إِلَهُ خَلَاصِي، صَرَخْتُ النَّهَارَ وَاللَّيْلَ أَمَامَكَ. فَلْتَبْلُغْ صَلَاتِي أَمَامَكَ، يَا رَبُ…
katameros:3502,reference,,,draft,0,,,"حِينَئِذٍ جَاءَ إِلَى يَسُوعَ مِنْ أُورُشَلِيمَ فَرِّيسِيُّونَ وَكَتَبَةٌ قَائِلِينَ: "" لِمَاذَا يَتَعَدَّى تَلَامِيذُك…"
katameros:3503,reference,,,draft,0,,,أَنْصِتْ يَا أللَّهُ لِصَلَاتِي، وَلَا تَغْفَلْ عَنْ تَضَرُّعِي، اِلْتَفِتْ إِليَّ وَاسْتَمِعْ مِنِّي.  أَنَا صَرَخْتُ …
katameros:3504,reference,,,draft,0,,,يُشْبِهُ مَلَكُوتُ السَّمَاوَاتِ رَجُلًا رَبَّ بَيْتٍ خَرَجَ بِالْغَدَاةِ يَسْتَأْجِرُ فَعَلَةً لِكَرْمِهِ، فَشَارَطَ ا…
katameros:3505,reference,,,draft,0,,,"لِأَنَّهُ يَقُولُ: "" فِي وَقْتٍ مَقْبُولٍ سَمِعْتُكَ، وَفِي يَوْمِ خَلَاصٍ أَعَنْتُكَ "". هُوَذَا الْآنَ وَقْتٌ مَقْبُول…"
katameros:3506,reference,,,draft,0,,,لَا تَكُونُوا مُعَلِّمِينَ كَثِيرِينَ يَا إِخْوَتِي، عَالِمِينَ أَنَّكُمْ تَأْخُذُونَ دَيْنُونَةً أَعْظَمَ! لِأَنَّنَا …
katameros:3507,reference,,,draft,0,,,وَبَعْدَ خَمْسَةِ أَيَّامٍ انْحَدَرَ حَنَانِيَّا رَئِيسُ الْكَهَنَةِ مَعَ الْأَحْبَارِ وَخَطِيبٌ اسْمُهُ تِرْتِلُّوسُ. …
katameros:3508,reference,,,draft,0,,,لَا تَذْكُرْ آثَامَنَا الْأُوْلَى، فَلْتُدْرِكْنَا رَأْفَاتُكَ سَرِيعًا، مِنْ أَجْلِ مَجْدِ اسْمِكَ يَا رَبُّ تُنَجِّين…
katameros:3509,reference,,,draft,0,,,"وَقَالَ: "" رَجُلٌ كَانَ لَهُ اِبْنَانِ. فَقَالَ أَصْغَرُهُمَا لِأَبِيهِ: يَا أَبَتِ أَعْطِنِي النَّصِيبَ الَّذِي يَخُصُ…"
katameros:351,reference,,,draft,0,,,""" الْحَقَّ الْحَقَّ أَقُولُ لَكُمْ: إنَّ الَّذِي لا يَدْخُلُ مِنَ الْبَابِ إلى حَظِيرَةِ الْخِرَافِ، بَلْ يَطْلَعُ مِنْ…"
katameros:3510,reference,,,draft,0,,,أُعَظِّمُكَ يَا رَبُّ لِأَنَّكَ اِحْتَضَنْتَنِي، وَلَمْ تُشْمِتْ بِي أَعْدَائِيِ. أَيُّهَا الرَّبُّ إِلَهِي صَرَخْتُ إِ…
katameros:3511,reference,,,draft,0,,,""" مَاذَا تَظُنُّونَ؟ إِنْسَانٌ كَانَ لَهُ ابْنَانِ، فَدَنَا إِلَى الْأَوَّلِ وَقَالَ: يَا ابْنِي، اِذْهَبِ الْيَوْمَ وَ…"
katameros:3512,reference,,,draft,0,,,وَحَدَثَ لَمَّا شَاخَ إِسْحَاقُ وَكَلَّتْ عَيْنَاهُ عَنِ النَّظَرِ، أَنَّهُ دَعَا عِيسُوَ اِبْنَهُ الْأَكْبَرَ وَقَالَ …
katameros:3513,reference,,,draft,0,,,إِنَّ رَبَّ الْجُنُودِ قَدْ أَقْسَمَ قَائِلًا: الَّذِي نَوَيْتُهُ هُوَ سَيَكُونُ، وَالَّذِي نَوَيْتُهُ هُوَ سَيَتِمُّ، …
katameros:3514,reference,,,draft,0,,,فَأَجَابَ أَيُّوبُ وَقَالَ: كَثِيرًا مَا سَمِعْتُ مِثْلَ هَذَا، إِنَّمَا أَنْتُمْ بِأَجْمَعِكُمْ مُعَزُّونَ مُعَنِّتُون…
katameros:3515,reference,,,draft,0,,,أَنْصِتْ يَا أللَّهُ لِصَلَاتِي، وَلَا تَغْفَلْ عَنْ تَضَرُّعِي. اِرْحَمْنِي واسْتَجِبْ لِي، فَإِنَّ لَكَ قَالَ قَلْبِي…
katameros:3516,reference,,,draft,0,,,وَكَانَ يَقُولُ لِلْمَدْعُوِّينَ مَثَلًا، وَهُوَ يُلَاحِظُ كَيْفَ كَانُوا يَخْتَارُونَ الْمُتَّكَآتِ الْأُولَى قَائِلًا…
katameros:3517,reference,,,draft,0,,,فَنَحْنُ إِذًا أَيُّهَا الْإِخْوَةُ لَا مِنَّةَ عَلَيْنَا لِلْجَسَدِ حَتَّى نَعِيشَ بِحَسَبِ الْجَسَدِ. لِأَنَّكُمْ إِن…
katameros:3518,reference,,,draft,0,,,اِعْتَرِفُوا بِخَطَايَاكُمْ بَعْضُكُمْ لِبَعْضٍ، وَصَلُّوا بَعْضُكُمْ لِأَجْلِ بَعْضٍ، لِكيمَا تُشْفَوْا. وَصَلَاةُ الب…
katameros:3519,reference,,,draft,0,,,"وَلَمَّا صَعِدَ بُطْرُسُ إِلَى أُورُشَلِيمَ، خَاصَمَهُ الَّذِينَ مِنْ أَهْلِ الْخِتَانِ، قَائِلِينَ: "" إِنَّكَ دَخَلْتَ…"
katameros:352,reference,,,draft,0,,,كَثِيرَةٌ هيَ أَحْزَانُ الصِّدِّيقِينَ، وَمِنْ جَمِيعِهَا يُنَجِّيهِمِ الرَّبُّ. يَحْفَظُ الرَّبُّ جَمِيعَ عِظَامِهِمْ.…
katameros:3520,reference,,,draft,0,,,أَنَا صَرَخْتُ إِلَى اللَّهِ. وَالرَّبُّ اِسْتَجَابَ لِي. أَدْعُو، فَيَسْمَعُ صَوْتِي.   هَــلِّـلُـــويَـــا.
katameros:3521,reference,,,draft,0,,,"وَقَالَ أَيْضًا لِتَلَامِيذِهِ: "" كَانَ إِنْسَانٌ غَنِيٌّ لَهُ وَكِيلٌ، فَوُشِيَ بِهِ إِلَيْهِ بِأَنَّهُ يُبَذِّرُ أَمْ…"
katameros:3522,reference,,,draft,0,,,وَخَرَجَ يَعْقُوبُ مِنْ بِئْرَ سَبْعَ وَمَضَى إِلَى حَارَانَ. فَصَادَفَ مَوْضِعًا بَاتَ فِيهِ إِذْ غَابَتِ الشَّمْسُ، ف…
katameros:3523,reference,,,draft,0,,,أَيُّهَا الرَّبُّ إِلَهِي أُمَجِّدُكَ، وَأُسَبِّحُ اسْمَكَ؛ لِأَنَّكَ صَنَعْتَ أُمُورًا عَجِيبَةً. الرَّأْيُ الْأَوَّلُ…
katameros:3524,reference,,,draft,0,,,فَأَجَابَ بِلْدَدُ الشُّوحِيُّ وَقَالَ: مَتَى تَجْعَلُونَ حَدًّا لِلْكَلَامِ؟ تَأَمَّلُوا وَبَعْدَ ذَلِكَ نَتَكَلَّمُ. …
katameros:3525,reference,,,draft,0,,,لَا تُخَاصِمِ الْمُقْتَدِرَ، لِئَلَّا تَقَعَ فِي يَدَيْهِ. لَا تُنَازِعِ الْغَنِيَّ، لِئَلَّا يَجْعَلَ عَلَيْكَ ثِقْلًا…
katameros:3526,reference,,,draft,0,,,اِسْتَمِعْ يَا أللَّهُ عَدْلِي، وَأَصْغِ إِلَى طِلَبَتِي، وَأَنْصِتْ إِلَى صَلَاتِـي، فَإِنَّهَا مِنْ شَفَتَيْنِ بِلَا …
katameros:3527,reference,,,draft,0,,,""" مَاذَا تَظُنُّونَ؟ إِنْسَانٌ كَانَ لَهُ اِبْنَانِ، فَدَنَا إِلَى الْأَوَّلِ وَقَالَ: يَا بُنَيَّ، اِذْهَبِ الْيَوْمَ …"
katameros:3528,reference,,,draft,0,,,فَأَسْأَلُكُمْ، أَنَا الْأَسِيرَ فِي الرَّبِّ: أَنْ تَسْلُكُوا كَمَا يَحِقُّ لِلدَّعْوَةِ الَّتِي دُعِيتُمْ إِلَيْهَا. …
katameros:3529,reference,,,draft,0,,,وَكَثِيرُونَ يَنْجَذِبُونَ نَحْوَ نَجَاسَاتِهِمْ، وَمِنْ قِبَلِهِمْ يُجَدَّفُ عَلَى طَرِيقِ الْحَقِّ. وَبِالظُّلْمِ وَك…
katameros:353,reference,,,draft,0,,,"حِينَئِذٍ قَالَ يَسُوعُ لِتَلامِيذِهِ: "" مَنْ أَرَادَ أنْ يَتْبَعْنِي فَلْيُنْكِرْ نَفْسَهُ وَيَحْمِلْ صَلِيبَهُ وَيَتْ…"
katameros:3530,reference,,,draft,0,,,وَلَمَّا حُكِمَ أَنْ نُقْلِعَ إِلَى إِيطَالِيَا، أُسْلِمَ بُولُسُ وَأَسْرَى آخَرُونَ إِلَى قَائِدِ مِئَةٍ اسْمُهُ يُولْ…
katameros:3531,reference,,,draft,0,,,أَنَا صَرَخْتُ، لِأَنَّكَ قَدْ سَمِعْتَنِي يَا أللَّهُ. أَمِلْ أُذُنَيْكَ يَا رَبُّ، وَاسْتَمِعْ كَلَامِي.  هَــلِّـلُـ…
katameros:3532,reference,,,draft,0,,,"وَفِيمَا هُمْ سَائِرُونَ فِي الطَّرِيقِ قَالَ لَهُ وَاحِدٌ: "" أَتْبَعُكَ إِلَى حَيْثُ تَمْضِي يَا رَبُّ "". فَقَالَ لَهُ…"
katameros:3533,reference,,,draft,0,,,فَقَالَ الرَّبُّ لِمُوسَى: قَدْ تَقَسَّى قَلْبُ فِرْعَوْنَ، وَأَبَى أَنْ يُطْلِقَ الشَّعْبَ. فَامْضِ إِلَى فِرْعَوْنَ ب…
katameros:3534,reference,,,draft,0,,,وَسَيَكُونُ بَعْدَ هَذِهِ أَنِّي أُفِيضُ رُوحِي عَلَى كُلِّ بَشَرٍ، فَيَتَنَبَّأُ بَنُوكُمْ وَبَنَاتُكُمْ، وَيَرَى شُبَ…
katameros:3535,reference,,,draft,0,,,كَانَ رَجُلٌ فِي أَرْضِ عَوْصَ اِسْمُهُ أَيُّوبُ، وَكَانَ هَذَا الرَّجُلُ سَلِيمًا مُسْتَقِيمًا، يَتَّقِي اللَّهَ وَيُج…
katameros:3536,reference,,,draft,0,,,فَإِنَّهُ هُوَذَا الرَّبُّ يَخْرُجُ مِنْ مَكَانِهِ، لِيَفْتَقِدَ إِثْمَ سُكَّانِ الْأَرْضِ ضِدَّهُ، فَتَكْشِفُ الْأَرْض…
katameros:3537,reference,,,draft,0,,,أَطْرُدُ أَعْدَائِي فَأُدْرِكُهُمْ، وَلَا أَرْجِعُ حَتَّى أُفْنِيَهُمْ. أَعْطَيْتَنِي الظَّفَرَ عَلَى أَعْدَائِي، ومُبْ…
katameros:3538,reference,,,draft,0,,,"فَقَالَ لَهُ: "" إِنْسَانٌ صَنَعَ وَلِيمَةً عَظِيمَةً وَدَعَا كَثِيرِينَ، وَأَرْسَلَ عَبْدَهُ فِي سَاعَةِ الْعَشَاءِ لِي…"
katameros:3539,reference,,,draft,0,,,فَأُوصِيكُمْ وَأُنَاشِدُكُمْ فِي الرَّبِّ: أَلَّا تَسْلُكُوا فِيمَا بَعْدُ كَمَا يَسْلُكُ الْأُمَمُ بِبُطْلِ بَصَائِرِه…
katameros:354,reference,,,draft,0,,,خَلاَصُ الصِّدِّيقِينَ مِنْ قِبَلِ الرَّبِّ، وَهُوَ نَاصِرُهُمْ في زَمَانِ الضِّيقِ. يُعِينُهُمُ الرَّبُّ وَيُنَجِّيهِم…
katameros:3540,reference,,,draft,0,,,مَنْ هُوَ الْحَكِيمُ وَالفَهِيمُ فِيكُمْ، فَلْيُرِنَا أَعْمَالَهُ بِتَصَرُّفِهِ الْحَسَنِ فِي وَدَاعَةِ الْحِكْمَةِ. وَ…
katameros:3541,reference,,,draft,0,,,فَحَدَثَ أَنَّهُمَا اجْتَمَعَا فِي الْكَنِيسَةِ سَنَةً كَامِلَةً وَعَلَّمَا جَمْعًا كَبِيرًا. وَسُمِّيَ التَّلَامِيذُ ا…
katameros:3542,reference,,,draft,0,,,يُخَلِّصُنِي مِنْ أَعْدَائِيَ الْأَشِدَّاءِ، وَمِنْ أَيْدِي الَّذِينَ يُبْغِضُونَنِي. لِأَنَّهُمْ تَقَوَّوْا أَكْثَرَ م…
katameros:3543,reference,,,draft,0,,,"وَفِي ذَلِكَ الْيَوْمِ لَمَّا كَانَ الْمَسَاءُ، قَالَ لَهُمْ: "" لِنَجْتَزْ إِلَى الْعَبْرِ "". فَتَرَكُوا الْجَمْعَ وَأَ…"
katameros:3544,reference,,,draft,0,,,وَمَضَى يَعْقُوبُ فِي طَرِيقِهِ فَوَافَتْهُ مَلَائِكَةُ اللَّهِ. فَقَالَ يَعْقُوبُ لَمَّا رَآهُمْ: هَذَا جُنْدُ اللَّهِ…
katameros:3545,reference,,,draft,0,,,مِنْ أَجْلِ هَذَا اسْمَعُوا قَوْلَ الرَّبِّ أَيُّهَا الرِّجَالُ الْعُتَاةُ الْمُتَسَلِّطُونَ عَلَى هَذَا الشَّعْبِ الَّ…
katameros:3546,reference,,,draft,0,,,أَجَابَ صُوفَرُ النَّعْمَاتِيُّ وَقَالَ: لِذَلِكَ تُلْهِمُنِي خَوَاطِرِي، وَمِنْ أَجْلِهَا مَا بِيَ مِنْ الْاِضْطِرَابِ…
katameros:3547,reference,,,draft,0,,,وَحَسُنَ لَدَى دَارْيُوسَ أَنْ يُقِيمَ عَلَى الْمَمْلَكَةِ مِئَةً وَعِشْرِينَ قُطبًا يَكُونُونُ عَلَى الْمَمْلَكَةِ كُل…
katameros:3548,reference,,,draft,0,,,وَأَنْتَ يَا رَبُّ تُنَجِّينَا، وَتَحْفَظُنَا، مِنْ هَذَا الْجِيلِ، وَإِلَى الدَّهْرِ.   هَــلِّـلُـــويَـــا.
katameros:3549,reference,,,draft,0,,,فَانْطَلَقَ يَسُوعُ مَعَ تَلَامِيذِهِ إِلَى عَبْرِ الْبَحْرِ، وَتَبِعَهُ جَمْعٌ كَثِيرٌ مِنَ الْجَلِيلِ وَمِنَ الْيَهُو…
katameros:355,reference,,,draft,0,,,فَانْظُرُوا إلى نُفُوسِكُمْ. لأنهُمْ سَيُسَلِّمُونَكُمْ إلى مَجَالِسَ، وَسَيَضْربُونَكُمْ في الْمَحَافِلِ، وَتُوقَفُونَ…
katameros:3550,reference,,,draft,0,,,"وَلَكِنْ تَنَافَسُوا فِي الْمَوَاهِبِ الْعُظْمَى. وَأَنَا أُرِيكُمْ طَرِيقًا أَفْضَلَ جِدًّا:

لَوْ كُنْتُ أَنْطِقُ بِأ…"
katameros:3551,reference,,,draft,0,,,لَا يَذُمَّ بَعْضُكُمْ بَعْضًا أَيُّهَا الْإِخْوَةُ لِئَلَّا تُدَانُوا؛ لِأَنَّ الَّذِي يَذُمُّ أَخَاهُ أَوْ يَدِينُ أَ…
katameros:3552,reference,,,draft,0,,,"فَأَجَابَ بُطْرُسُ وَيُوحَنَّا وَقَالَا لَهُمْ: "" إِنْ كَانَ عَدْلًا أَمَامَ اللَّهِ أَنْ نَسْمَعَ لَكُمْ أَكْثَرَ مِنَ…"
katameros:3553,reference,,,draft,0,,,يَمِينُكَ مَمْلُوءَةٌ عَدْلًا. فَلْيَفْرَحْ جَبَلُ صِهْيَوْنَ، ولْتَتَهَلَّلْ بَنَاتُ الْيَهُودِيَّةِ، مِنْ أَجْلِ أَحْ…
katameros:3554,reference,,,draft,0,,,وَلَمَّا اقْتَرَبَ مِنْ أَرِيحَا كَانَ رَجُلٌ أَعْمَى جَالِسًا فِي الطَّرِيقِ يَسْتَعْطِي. فَلَمَّا سَمِعَ الْجَمْعَ ال…
katameros:3555,reference,,,draft,0,,,وَالْآنَ يَا إِسْرَائِيلُ، مَا الَّذِي يَطْلُبُهُ مِنْكَ الرَّبُّ إِلَهُكَ إِلَّا أَنْ تَتَّقِيَ الرَّبَّ إِلَهَكَ سَال…
katameros:3556,reference,,,draft,0,,,فَقَالَ السَّيِّدُ بِمَا أَنَّ هَذَا الشَّعْبَ يَتَقَرَّبُ إِلَيَّ بِفِيهِ وَيُكْرِمُنِي بِشَفَتَيْهِ، وَقَلْبُهُ بَعِي…
katameros:3557,reference,,,draft,0,,,فَأَجَابَ أَيُّوبُ وَقَالَ: اِسْمَعُوا قَوْلِي، وَلْتَكُنْ لِي مِنْكُمْ هَذِهِ التَّعْزِيَةُ. اِصْبِرُوا عَلَيَّ فَأَتَ…
katameros:3558,reference,,,draft,0,,,وَكَانَ دَانِيَال نَدِيمًا لِلْمَلِكِ وَمُكَرَّمًا فَوْقَ جَمِيعِ أَصْدِقَائِهِ. وَكَانَ لِأَهْلِ بَابِلَ صَنَمٌ اِسْمُ…
katameros:3559,reference,,,draft,0,,,مُبَارَكٌ الرَّبُّ الْإِلَهُ؛ لِأَنَّهُ سَمِعَ صَوْتَ دُعَائِي. الرَّبُّ هُوَ عَوْنِي وَنَاصِرِي، عَلَيْهِ أَتَّكِلُ.  …
katameros:356,reference,,,draft,0,,,أنَا نَفْسِي بُولُسُ أَطْلُبُ إلَيْكُمْ بِوَدَاعَةِ الْمَسِيحِ وَحِلْمِهِ، كَمَا أني ذَلِيلٌ بَيْنَكُمْ وَأمَامَكُمْ، و…
katameros:3560,reference,,,draft,0,,,وَنَزَلَ إِلَى كَفْرَنَاحُومَ، مَدِينَةٍ مِنَ الْجَلِيلِ، وَكَانَ يُعَلِّمُهُمْ فِي السُّبُوتِ. فَبُهِتُوا مِنْ تَعْلِي…
katameros:3561,reference,,,draft,0,,,اُذْكُرُوا مُدَبِّرِيكُمُ الَّذِينَ كَلَّمُوكُمْ بِكَلِمَةِ اللَّـهِ. هؤلَاءِ الَّذِينَ إِذْ تَنْظُرُونَ إِلَى نِهَايَة…
katameros:3562,reference,,,draft,0,,,يَا أَحِبَّائِي، فَلْنُحِبَّ بَعْضُنَا بَعْضًا، لِأَنَّ الْمَحَبَّةَ هِيَ مِنَ اللَّـهِ، وَكُلُّ مَنْ يُحِبُّ فَقَدْ وُ…
katameros:3563,reference,,,draft,0,,,وَلَمَّا رَجَعْتُ إِلَى أُورُشَلِيمَ وَكُنْتُ أُصَلِّي فِي الْهَيْكَلِ، حَدَثَ لِي غَيْبَةٌ، فَرَأَيْتُهُ يَقُولُ لِي: …
katameros:3564,reference,,,draft,0,,,اِسْتَمِـعْ يَا رَبُّ صَوْتَ تَضَرُّعِيِ، إِذْ أَبْتَهِلُ إِلَيْكَ، وَإِذْ أَرَفْعُ يَدَيَّ، إِلَى هَيْكَلِ قُدْسِكَ.  …
katameros:3565,reference,,,draft,0,,,ثُمَّ خَرَجَ يَسُوعُ مِنْ هُنَاكَ وَانْصَرَفَ إِلَى نَوَاحِي صُورَ وَصَيْدَاءَ. وَإِذَا امْرَأةٌ كَنْعَانِيَّةٌ خَرَجَت…
katameros:3566,reference,,,draft,0,,,صَرَخْتُ إِلَيْكَ يَا رَبُّ وَقُلْتُ أَنْتَ هُوَ رَجَائِي، وحَظِّي فِي أَرْضِ الأَحْيَاءِ. أَخْرِجْ مِنَ الْحَبْسِ نَفْ…
katameros:3567,reference,,,draft,0,,,كَانَ إِنْسَانٌ غَنِيٌّ وَكَانَ يَلْبَسُ الأُرْجُوانَ وَالْحَرِيرَ وَهُوَ يَتَنَعَّمُ كُلَّ يَوْمٍ مُتَرَفِّهًا. وَكَان…
katameros:3568,reference,,,draft,0,,,اِفْرَحُوا فِي الرَّبِّ كُلَّ حِينٍ، وَأَقُولُ أَيْضًا: اِفْرَحُوا. لِيَظْهَرْ حِلْمُكُمْ لِجَمِيعِ النَّاسِ. الرَّبُّ …
katameros:3569,reference,,,draft,0,,,مَنْ هُوَ الْحَكِيمُ وَالفَهِيمُ فِيكُمْ، فَلْيُرِنَا أَعْمَالَهُ بِتَصَرُّفِهِ الْحَسَنِ فِي وَدَاعَةِ الْحِكْمَةِ. وَ…
katameros:357,reference,,,draft,0,,,فَإذْ قَدْ تَألَّمَ الْمَسِيحُ بِالْجَسَدِ عَنَّا، تَسَلَّحُوا أَنْتُمْ أيْضاً بِهذَا الْمِثَالِ. فَإنَّ مَنْ تَألَّمَ …
katameros:3570,reference,,,draft,0,,,وَبَعْدَ أَيَّامٍ أَقْبَلَ فِيلِكْسُ مَعَ دُرُوسِلَّةَ امْرَأَتِهِ، الَّتِي كَانَتْ يَهُودِيَّةً. فَاسْتَحْضَرَ بُولُسَ…
katameros:3571,reference,,,draft,0,,,اِسْتَمِــعْ يَا أَللَّهُ طِلْبَتِي، أصْغِ إِلَى صَلَاتِي. لِأَنَّكَ أَنْتَ يَا أَللَّـهُ اسْتَمَعْتَ صَلَوَاتِـي، أَعْ…
katameros:3572,reference,,,draft,0,,,""" اِسْمَعُوا مَثَلًا آخَرَ: كَانَ إِنْسَانٌ رَبُّ بَيْتٍ قَدْ غَرَسَ كَرْمًا، وَأَحَاطَهُ بِسِيَاجٍ، وَحَفَرَ فِيهِ مَع…"
katameros:3573,reference,,,draft,0,,,تَقَوَّ وَلْيَتَشَدَّدْ قَلْبُكَ، وَاِنْتَظَرِ الرَّبَّ. وَأَنَا أُومِنُ أَنِّي أُعَايِنُ خَيْرَاتِ الرَّبِّ، فِي أَرْض…
katameros:3574,reference,,,draft,0,,,ثُمَّ قَالَ لِتَلَامِيذِهِ: فَلِهَذَا أَقُولُ لَكُمْ: لاَ تَهْتَمُّوا لِأَنْفُسِكُمْ بِمَا تَأْكُلُونَ، وَلَا لِأَجْسَا…
katameros:3575,reference,,,draft,0,,,تَشَجَّعُوا وَلْيَقْوَ قَلْبُكُمْ، يَا جَمِيعَ الْمُتَّكِلِينَ عَلَى الرَّبِّ. أَحِبُّوا الرَّبَّ يَا جَمِيعَ قِدِّيسِي…
katameros:3576,reference,,,draft,0,,,"ثُمَّ أَجَابَهُمْ يَسُوعُ بِأَمْثَالٍ قَائِلًا: "" يُشْبِهُ مَلَكُوتُ السَّمَاوَاتِ إِنْسَانًا مَلِكًا صَنَعَ عُرْسًا لِ…"
katameros:3577,reference,,,draft,0,,,أَخِيرًا يَا إِخْوَتِي تَقَوَّوْا فِي الرَّبِّ وَفِي شِدَّةِ قُوَّتِهِ. وَالْبَسُوا سِلَاحَ اللَّهِ الْكَامِلَ لِكَيْ ت…
katameros:3578,reference,,,draft,0,,,فَاخْضَعُوا لِلَّهِ. قَاوِمُوا إِبْلِيسَ فَيَهْرُبَ مِنْكُمْ. اِقْتَرِبُوا إِلَى اللَّهِ فَيَقْتَرِبَ إِلَيْكُمْ. نَقُّ…
katameros:3579,reference,,,draft,0,,,وَبَعْدَ بِضْعَةِ أَيَّامٍ أَقْبَلَ أَغْرِيبَّاسُ الْمَلِكُ وَبَرْنِيكِي إِلَى قَيْصَرِيَّةَ لِيُسَلِّمَا عَلَى فَسْتُو…
katameros:358,reference,,,draft,0,,,وَرَجَعَ بَرْنَابَا وَشَاوُلُ مِنْ أُورُشَلِيمَ بَعْدَ مَا كَمَّلاَ الْخِدْمَةَ، وَأَخَذَا مَعَهُمَا يُوحَنَّا أيْضاً ا…
katameros:3580,reference,,,draft,0,,,وَلِيَفْرَحْ قَلْبُ الَّذِينَ يَلْتَمِسُونَ الرَّبَّ. ابْتَغُوا الرَّبَّ وَاعْتَزُّوا واُطْلُبُوا وَجْهَهُ فِي كُــلِّ …
katameros:3581,reference,,,draft,0,,,وَلَمَّا عَلِمَ الرَّبُّ أَنَّ الْفَرِّيسِيِّينَ قَدْ سَمِعُوا أَنَّ يَسُوعَ يَتَّخِذُ تَلَامِيذَ وَيُعَمِّدُ أَكْثَرَ …
katameros:3582,reference,,,draft,0,,,كَثِيرَةٌ هِيَ ضَرَبَاتُ الْخُطَاةِ. والَّذِي يَتَّكِلُ عَلَى الرَّبِّ الرَّحْمَةُ تُحِيطُ بِهِ. اِفْرَحُوا أَيُّهَا ال…
katameros:3583,reference,,,draft,0,,,"قَالَتْ لَهُ الْمَرْأَةُ: "" يَا سَيِّدي، أرَى أَنَّكَ نَبِيٌّ! آبَاؤُنَا سَجَدُوا عَلَى هذَا الْجَبَلِ، وَأَنْتُمْ تَقُ…"
katameros:3584,reference,,,draft,0,,,كُنْ مُتَّكِلًا عَلَى اللَّهِ بِكُلِّ قَلْبِكَ، وَلَا تَتَكَبَّرْ بِحِكْمَتِكَ. وَكُلُّ طُرُقِكَ أَظْهِرْهَا، لِكَي تَس…
katameros:3585,reference,,,draft,0,,,لِذَلِكَ هَكَذَا يَقُولُ الرَّبُّ عَلَى مَلِكِ أَشُّورَ: إِنَّهُ لَا يَدْخُلُ هَذِهِ الْمَدِينَةَ، وَلَا يَرْمِي إِلَيْ…
katameros:3586,reference,,,draft,0,,,فَأَجَابَ أَلِيفَازُ التَّيْمَانِيُّ وَقَالَ: أَلَعَلَّ الْإِنْسَانَ يَنْفَعُ اللَّهَ؟ إِنَّمَا يَنْفَعُ الْحَكِيمُ نَف…
katameros:3587,reference,,,draft,0,,,أَمِلْ يَا رَبُّ سَمْعَكَ إِلَى طِلْبَتِي، فَقَدِ اِمْتَلَأْتْ مِنَ الشَّرِّ نَفْسِي، وَدَنَتْ مِنَ الْجَحِيمِ حَيَاتِي…
katameros:3588,reference,,,draft,0,,,"وَكَلَّمَهُمْ بِمَثَلٍ قَائِلًا: "" رَجُلٌ غَنِيٌّ أَخْصَبَتْ كُورَتُهُ، فَفَكَّرَ فِي نَفْسِهِ قَائِلًا: مَاذَا أَصَنْع…"
katameros:3589,reference,,,draft,0,,,فَإِنْ كَانَتْ تَعْزِيَةٌ مَا، فِي الْمَسِيحِ. إِنْ كَانَتْ تَسْلِيَةٌ مَا، لِلْمَحَبَّةِ. إِنْ كَانَتْ شَرِكَةٌ مَا، ف…
katameros:359,reference,,,draft,0,,,نُورٌ أَشْرَقَ لِلصِّدِّيقِينَ، وَفَرَحٌ لِلْمُسْتَقِيمِينَ بِقَلْبِهِمْ. افْرَحُوا أيهَا الصِّدِّيقُونَ بِالرَّبِّ، وَ…
katameros:3590,reference,,,draft,0,,,"لِأَنَّ: "" مَنْ أَرَادَ أَنْ يُحِبَّ الْحَيَاةَ وَيَرَى أَيَّـامًا صَالِحَةً، فَلْيَكْفُفْ لِسَانَهُ عَنِ الشَّرِّ. وَش…"
katameros:3591,reference,,,draft,0,,,وَحَدَثَ لَمَّا دَخَلَ بُطْرُسُ سُرَّ بِهِ كُرْنِيلِيُوسُ وَسَجَدَ وَاقِعًا عَلَى قَدَمَيْهِ. فَأَقَامَهُ بُطْرُسُ قَائ…
katameros:3592,reference,,,draft,0,,,اِرْحَمْنِي يَا رَبُّ فَإِنِّي صَرَخْتُ إِلَيْكَ النّهَارَ كُلَّهُ. فَرِّحْ نَفْسَ عَبْدِكَ، فَإِنِّي رَفَعْتُ نَفْسِي،…
katameros:3593,reference,,,draft,0,,,"وَكَانَ النَّهَارُ قَدْ بَدأَ يَمِيلُ. فَتَقَدَّمَ إِلَيْهِ الاِثْنَا عَشَرَ وَقَالُوا لَهُ: "" اِصْرِفِ الْجُمُوعَ لِيَ…"
katameros:3594,reference,,,draft,0,,,وَكَانَ مُوسَى، عِنْدَ رَحِيلِ التَّابُوتِ، يَقُولُ: قُمْ يَا رُبُّ، فَلْتَتَبَدَّدْ أَعْدَاؤُكَ. وَيَهْرُبْ مُبْغِضُوك…
katameros:3595,reference,,,draft,0,,,الرَّبُّ بِالْحِكْمَةِ أَسَّسَ الْأَرْضَ. وَبِالْفِطْنَةِ ثَبَّتَ السَّمَاوَاتِ. بِعِلْمِهِ تَفَجَّرَتِ الْغِمَارُ، وَا…
katameros:3596,reference,,,draft,0,,,عَزُّوا، عَزُّوا شَعْبِي أَيُّهَا الكَهَنَةُ، قَالَ اللَّهُ. تَكَلَّمُوا فِي قَلْبِ أُورُشَلِيمَ، عَزُّوهَا لِأَنَّهُ ق…
katameros:3597,reference,,,draft,0,,,فَأَجَابَ بِلْدَدُ الشُّوحِيُّ وَقَالَ: لَهُ السُّلْطَانُ وَالْهَيْبَةُ لِبَاسِطِ السَّلَامِ فِي أَعَالِيهِ. هَلْ مِنْ …
katameros:3598,reference,,,draft,0,,,فَأَجَابَ أَيُّوبَ وَقَالَ: كَيْفَ عَضَدْتَ مَنْ لَا قُوَّةَ لَهُ، وَخَلَّصْتَ ذِراعًا لَا قُدْرَةَ لَهَا؟ وَكَيْفَ أَش…
katameros:3599,reference,,,draft,0,,,لِأَنَّكَ أَنْتَ يَا رَبُّ صَالِحٌ أَنْتَ وَدِيعٌ، وَرَحْمَتُكَ كَثِيرَةٌ لِسَائِرِ الْمُسْتَغِيثِينَ بِكَ. اِنْصِتْ يَ…
katameros:36,reference,,,draft,0,,,الْوَيْلُ لَكُمْ أيهَا الكَتَبَةُ والْفَرِّيسِيُّونَ الْمُرَاؤُونَ! لأنكُمْ تُغْلِقُونَ مَلَكُوتَ السَّمَوَاتِ قُدَّامَ…
katameros:360,reference,,,draft,0,,,وَفِيمَا هُوَ يَقُولُ هذَا، ابْتَدَأَ الْكَتَبَةُ وَالْفَرِّيسِيُّونَ يَنْظُرُونَ رَدِيَّاً، وَيُكَلِّمُونَهُ في أُمُور…
katameros:3600,reference,,,draft,0,,,وَلَمَّا جَاءَ إِلَى التَّلَامِيذِ رَأَى جَمْعًا كَثِيرًا وَكَتَبَةً يُبَاحِثُونَهُمْ. وَلِلْوَقْتِ لَمَّا رَأَى الْجَم…
katameros:3601,reference,,,draft,0,,,فَاعْلَمُوا مِمَّا اخْتَبَرَ أَنَّهُ خَدَمَ مَعِي فِي الْإِنْجِيلِ. خِدْمَةَ الاِبْنِ مَعَ أَبِيهِ. فَلِي رَجَاءٌ أَنْ …
katameros:3602,reference,,,draft,0,,,يَا أَحْبَّائِي، الْآنَ نَحْنُ أَوْلَادُ اللَّهِ، وَلَمْ يُظْهَرْ بَعْدُ مَاذَا سَنَكُونُ؟ وَلكِنْ نَعْلَمُ أَنَّهُ إِذ…
katameros:3603,reference,,,draft,0,,,"فَأَجَابَ بُولُسُ، بَعْدَ أَنْ أَوْمَأَ إِلَيْهِ الْوَالِي أَنْ يَتَكَلَّمَ: "" بِمَا أَنِّي أَعْلَمُ بِأَنَّكَ قَاضٍ لِ…"
katameros:3604,reference,,,draft,0,,,اِصْنَعْ مَعِي، آيَةً لِلْخَيْرِ. فَلْيَرَ الَّذِينَ يُبْغِضُونَنِي، وَلْيَخْزَوْا.   هَــلِّـلُـــويَـــا.
katameros:3605,reference,,,draft,0,,,"ثُمَّ كَلَّمَهُمْ أَيْضًا يَسُوعُ قَائِلًا: "" أَنَا هُوَ نُورُ الْعَالَمِ. مَنْ يَتْبَعْنِي لَا يَمْشِي فِي الظُّلْمَةِ…"
katameros:3606,reference,,,draft,0,,,ثُمَّ قَالَ الرَّبُّ لِمُوسَى: بَكِّرْ فِي الْغَدَاةِ وَقِفْ بَيْنَ يَدِيِ فِرْعَوْنَ، فَإِنَّهُ يَخْرُجُ إِلَى الْمَاء…
katameros:3607,reference,,,draft,0,,,مَنْ فَعَلَ وَصَنَعَ دَاعِيًا الْأَجْيَالَ مِنَ الْبَدْءِ؟ أَنَا الرَّبُّ. أَنَا الْأَوَّلُ وَالْآخِرُ. رَأَتِ الْجَزَا…
katameros:3608,reference,,,draft,0,,,نَادُوا بِهَذَا فِي الْأُمَمِ. قَدِّسُوا الْقِتَالَ. وَأَنْهِضُوا الْجَبَابِرَةَ. لِيَتَقَدَّمْ جَمِيعُ رِجَالِ الْحَرْ…
katameros:3609,reference,,,draft,0,,,أَمَّا الْحِكْمَةُ فَأَيْنَ تُوجَدُ، وَالْفِطْنَةُ أَيْنَ مَقَرُّهَا؟ لَا يَعْرِفُ الْإِنْسَانُ قِيمَتَهَا وَلَا وُجُود…
katameros:361,reference,,,draft,0,,,"أَقْسَمَ الرَّبُّ وَلَنْ يَنْدَمَ: "" إنكَ أَنْتَ هُوَ الْكَاهِنُ إلى الأَبدِ عَلَى طَقْسِ مَلْشِيصَادَقَ "". الرَّبُّ عَ…"
katameros:3610,reference,,,draft,0,,,اِسْمَعْ يَا ابْنِي وَاقْبَلْ أَقْوَالِي، فَتَكْثُرَ سِنُو حَيَاتِكَ. إِنِّي أَرَيْتُكَ طَرِيقَ الْحِكْمَةِ، هَدَيْتُكَ…
katameros:3611,reference,,,draft,0,,,أَنْصِتْ يَا أللَّهُ لِصَلَاتِي، وَلَا تَغْفَلْ عَنْ تَضَرُّعِي، اِلْتَفِتْ إِليَّ، وَاسْتَمِــعْ مِنِّي.  هَــلِّـلُــ…
katameros:3612,reference,,,draft,0,,,وَقَامَ مِنْ هُنَاكَ وَجَاءَ إِلَى تُخُومِ الْيَهُودِيَّةِ إِلَى عَبْرِ الْأُرْدُنِّ، فَاِجْتَمَعَ إِلَيْهِ جُمُوعٌ أَي…
katameros:3613,reference,,,draft,0,,,لِأَنَّهُ إِنْ كَانَ أَصْحَابُ النَّامُوسِ هُمُ الْوَرَثَةَ لَأُبْطِلَ الْإِيمَانُ وَنُقِضَ الْوَعْدُ: لِأَنَّ النَّامُ…
katameros:3614,reference,,,draft,0,,,يَا أَحِبْائِي، لَا تَسْتَغْرِبُوا الْبَلْوَى الْمُحْرِقَةَ الَّتِي تَحْدُث بَيْنَكُمْ، لِأَجْلِ تَجرِبَتِكُمْ، كَأَنَّ…
katameros:3615,reference,,,draft,0,,,فَقَالَ لِيَ الرُّوحُ: انْطَلِقْ مَعَهُمْ غَيْرَ مُرْتَابٍ فِي شَيْءٍ. وَجَاءَ مَعِي هؤُلَاءِ الْإِخْوَةُ السِّتَّةُ ال…
katameros:3616,reference,,,draft,0,,,لِأَنَّ رَحْمَتَكَ عَظِيمَةٌ عَلَيَّ، وَقَدْ نَجَّيْتَ نَفْسِي، مِنَ الْجَحِيمِ السُّفْلِيِّ. اللَّهُمَّ إِنَّ مُخَالِف…
katameros:3617,reference,,,draft,0,,,"وَقَالَ لَهُمْ هَذَا الْمَثَلَ: "" كَانَ لِوَاحِدٍ تِينَةٌ مَغرُوسَةٌ فِي كَرْمِهِ، فَجَاءَ يَطْلُبُ فِيهَا ثَمَرًا فَلَ…"
katameros:3618,reference,,,draft,0,,,هَكَذَا قَالَ اللَّهُ الرَّبُّ، خَالِقُ السَّمَاوَاتِ وَنَاشِرُهَا، بَاسِطُ الْأَرْضِ مَعَ مَا يَنْبُتُ مِنْهَا. الَّذِ…
katameros:3619,reference,,,draft,0,,,يَا ابْنِي، أَصْغِ إِلَى كَلَامِي. وَأَمِلْ أُذُنَكَ إِلَى تَوْبِيخِي، لِكَيْ لَا تَنْضُبَ يَنَابِيعُكَ. اِحْفَظْ هَذِه…
katameros:362,reference,,,draft,0,,,"وَلَمَّا جَاءَ يَسُوعُ إلى نَوَاحِي قَيْصَرِيَّةِ فِيلُبُّسَ سَألَ تَلاَمِيذَهُ قَائِلاً: "" مَاذا يَقُولُ النَّاسُ في ا…"
katameros:3620,reference,,,draft,0,,,مَنْ لِيْ بِمِثْلِ الشُّهُورِ السَّالِفَةِ وَمِثْلِ الْأَيَّامِ الَّتِي كَانَ اللَّهُ فِيهَا حَافِظِي. يُوقِدُ مِصْبَاح…
katameros:3621,reference,,,draft,0,,,اللَّهُمَّ إِنَّ مُخَالِفِي النَّامُوسِ، قَدْ قَامُوا عَلَيَّ. وَمَجْمَعُ الْمُعْتَزِّينَ، طَلَبُوا نَفْسِــي.   هَــلِ…
katameros:3622,reference,,,draft,0,,,وَفِي الْيَوْمِ التَّالِي فِيمَا هُمْ نَازِلُونَ مِنَ الْجَبَلِ، اسْتَقْبَلَهُ جَمْعٌ كَثِيرٌ. وَإذَا بِرَجُلٍ مِنَ الْ…
katameros:3623,reference,,,draft,0,,,"فَلِذَلِكَ يَا أَحِبَّائِيَ اهْرُبُوا مِنْ عِبَادَةِ الْأَوْثَانِ.

أَقُولُ كَمَا يُقَالُ لِلْحُكَمَاءِ، فَاحْكُمُوا أَ…"
katameros:3624,reference,,,draft,0,,,لِتَكْثُرْ لَكُمُ النِّعْمَةُ وَالسَّلَامُ. مُبَارَكٌ اللَّهُ أَبُو رَبِّنَا يَسُوعَ الْمَسِيحِ، الَّذِي بِكَثْرَةِ رَح…
katameros:3625,reference,,,draft,0,,,وَلكِنْ حَدَثَ لَمَّا اسْتَكْمَلْنَا الأَيَّامَ خَرَجْنَا وَمَشَيْنَا، وَهُمْ يُشَيِّعُونَنَا، مَعَ نِسَاءٍ أَيْضًا وَأ…
katameros:3626,reference,,,draft,0,,,اِصْنَعْ مَعِي آيَةً لِلْخَيْرِ، فَلْيَرَ الَّذِينَ يُبْغِضُونَنِي وَلْيَخْزَوْا. لِأَنَّكَ أَنْتَ يَا رَبُّ أَعَنْتَنِ…
katameros:3627,reference,,,draft,0,,,وَكَانَ يُعَلِّمُ فِي أَحَدِ الْمَجَامِعِ فِي السَّبْتِ، وَإِذَا امْرَأَةٌ بِهَا رُوحُ مَرَضٍ مُنْذُ ثَمَانِي عَشْرةَ س…
katameros:3628,reference,,,draft,0,,,فَإِذَا أَدْخَلَكَ الرَّبُّ إِلَهُكَ الْأَرْضَ الَّتِي أَنْتَ صَائِرٌ إِلَيْهَا لِتَمْلِكَهَا، فَاتْلُ الْبَرَكَةَ عَلَ…
katameros:3629,reference,,,draft,0,,,وَكَانَ كَلَامُ الرَّبِّ إِلَى إِيلِيَّا قَائِلًا: اِمْضِ مِنْ هَهُنَا وَتَوَجَّهْ شَرْقًا، وَاخْتَبِئْ عِنْدَ نَهْرِ ك…
katameros:363,reference,,,draft,0,,,أَمْسَكْتَ بِيَدِي الْيُمْنَى. وَبِمَشُورَتكَ هَدَيْتَنِي وَبِالْمَجْدِ قَبِلْتَنِي. وَأنا خَيْرٌ لِي الالْتِصَاقُ بِال…
katameros:3630,reference,,,draft,0,,,يَا ابْنِي، أَصْغِ إِلَى حِكْمَتِي، وَإِلَى فِطْنَتِي أَمِلْ أُذُنَكَ. لِكَيْ تَحْفَظَ التَّدَابِيرَ، وَلْتَحْفَظْ شَفَ…
katameros:3631,reference,,,draft,0,,,وَالْآنَ هَكَذَا قَالَ الرَّبُّ، خَالِقُكَ يَا يَعْقُوبُ وَجَابِلُكَ يَا إِسْرَائِيلُ: لَا تَخَفْ فَإِنِّي قَدِ افْتَدَ…
katameros:3632,reference,,,draft,0,,,أَمَّا الْآنَ فَصِرْتُ لَهُمْ أُغْنِيَّةً، وَأَصْبَحْتُ عِنْدَهُمْ مَثَلًا. وَقَدِ اشْمَأَزُّوا مِنَّي. وَتَجَافَوْا عَ…
katameros:3633,reference,,,draft,0,,,كُلُّ الْأُمَمِ الَّذِينَ خَلَقْتَهُمْ، يَأْتُونَ وَيَسْجُدُونَ أَمَامَكَ يَا رَبُّ، وَيُمَجِّدُونَ اسْمَكَ. لِأَنَّكَ …
katameros:3634,reference,,,draft,0,,,"فَجَاءَ وَاحِدٌ مِنَ الْكَتَبَةِ وَسَمِعَهُمْ يُبَاحِثُونَهُ، وَرَأَى أَنَّهُ أَجَابَهُمْ حَسَنًا، فَسَأَلَهُ: "" أَيَّة…"
katameros:3635,reference,,,draft,0,,,""" يَا ابْنِي لَا تَحْتَقِرْ تَأْدِيبَ الرَّبِّ وَلَا تَخُرْ إذَا وَبَّخَكَ. لِأَنَّ الَّذِي يُحِبُّهُ الرَّبُّ يُؤَدِّب…"
katameros:3636,reference,,,draft,0,,,فَلَا يَتَألَّمْ أَحَدُكُمْ كَقَاتِلٍ أَوْ سَارِقٍ أَوْ فَاعِلِ شَرٍّ أَوْ كَنَاظِرٍ إِلَى مَا لَيْسَ لَهُ. وَلكِنْ إِن…
katameros:3637,reference,,,draft,0,,,"وَمِنْ بَعْدِ أَيَّامٍ قَالَ بُولُسُ لِبَرْنَابَا: "" لِنَرْجِعْ وَنَتَفَقَّدِ الْإِخْوَةَ فِي كُلِّ مَدِينَةٍ بَشَّرْنَ…"
katameros:3638,reference,,,draft,0,,,"أَعْتَرِفُ لَكَ يَا رَبُّ مِنْ كُلِّ قَلْبِي؛ لِأَنَّكَ اسْتَمَعْتَ كُلَّ كَلِمَاتِ فَمِي. أَمَامَ 
الْمَلَائِكَـــةِ أ…"
katameros:3639,reference,,,draft,0,,,"قَالَ لَهُمْ يَسُوعُ أَيْضًا: "" أَنَا أَمْضِي وَسَتَطْلُبُونَنِي، وَلَا تَجِدُونَنِي، وَتَمُوتُونَ فِي خَطَايَاكُمْ. وَ…"
katameros:364,reference,,,draft,0,,,بِهذَا أَوْصَيْتُكُمْ حَتَّى تُحِبُّوا بَعْضُكُمْ بَعْضاً. إنْ كَانَ الْعَالَمُ يُبْغِضُكُمْ فَاعْلَمُوا أنهُ قَدْ أَبْ…
katameros:3640,reference,,,draft,0,,,اِسْتَمِـعْ يَا أَللَّهُ صَلَاتِي، لِأَنَّهُ إِلَيْكَ يَأْتِي كُلُّ بَشَرٍ. كَلَامُ مُخَالِفِي النَّامُوسِ، قَدْ قَوِيَ…
katameros:3641,reference,,,draft,0,,,"فَخَاطَبَهُمْ بِهذا الْمَثَلِ قَائِلًا: "" أيُّ رَجُلٍ مِنْكُمْ لَهُ مِئَةُ خَرُوفٍ، إذَا أَضَاعَ وَاحِدًا مِنْهَا، أَفَ…"
katameros:3642,reference,,,draft,0,,,فَأَقُولُ: اُسْلُكُوا بِحَسَبِ الرُّوحِ وَلَا تَقْضُوا شَهْوَةَ الْجَسَدِ. فَإِنَّ الْجَسَدَ يَشْتَهِي مَا هُوَ ضِدُّ ا…
katameros:3643,reference,,,draft,0,,,فَاصْبِرُوا يَا إِخْوَتِي إِلَى ظُهُورِ الرَّبِّ. هُوَذَا الْفَلَّاحُ يَنْتَظِرُ ثَمَرَ الْأَرْضِ الْجَيِّدَ، صَابِرًا …
katameros:3644,reference,,,draft,0,,,فَحِينَئِذٍ بَسَطَ بُولُسُ يَدَهُ وَطَفِقَ يَحْتَجُّ: إِنِّي أَحْسِبُ نَفْسِي سَعِيدًا أَيُّهَا الْمَلِكُ أَغْرِيبَّاسُ…
katameros:3645,reference,,,draft,0,,,يَا رَبُّ اسْتَمِـعْ صَلَاتِي. أَنْصِتْ بِحَقِّكَ إِلَى طِلْبَتِي. اِسْتَجِبْ لِي بِعَدْلِكَ، وَلَا تَدْخُلْ فِي الْمُح…
katameros:3646,reference,,,draft,0,,,الْوَيْلُ لَكُمْ أَيُّهَا الْكَتَبَةُ والْفَرِّيسِيُّونَ الْمُرَاؤُونَ! لِأَنَّكُمْ تَأْكُلُونَ بُيُوتَ الأَرَامِلِ بِع…
katameros:3647,reference,,,draft,0,,,اِسْتَمِــعْ صَلَاتِي وَتَضَرُّعِي، وَانْصِتْ إِلَى دُمُوعِي وَلَا تَسْكُتْ عَنِّي. لِأَنِّي أَنَا غَرِيبٌ عَلَى الْأَر…
katameros:3648,reference,,,draft,0,,,"وَقَالَ لَهُمْ مَثَلًا فِي أَنَّهُ يَنْبَغِي أَنْ يُصَلُّوا كُلَّ حِينٍ وَلَا يَمَلُّوا، قَائِلًا: "" كَانَ فِي مَدِينَة…"
katameros:3649,reference,,,draft,0,,,يَا رَبُّ اسْتَمِــعْ صَلَاتِي، وَلْيَصْعَدْ أَمَامَكَ صُرَاخِي، لَا تَصْرِفْ وَجْهَكَ عَنِّي. وَأَنْتَ أَيُّهَا الرَّب…
katameros:365,reference,,,draft,0,,,فَإنَّنَا لَسْنَا نَكْرِزُ بِأَنْفُسِنَا، بَلْ بِالْمَسِيحِ يَسُوعَ رَبِّنَا، وَنَحْنُ أيْضاً عَبِيدٌ لَكُمْ مِنْ قِبَل…
katameros:3650,reference,,,draft,0,,,""" اِسْمَعُوا مَثَلًا آخَرَ: كَانَ إِنْسَانٌ رَبُّ بَيْتٍ قَدْ غَرَسَ كَرْمًا، وَأَحَاطَهُ بِسِيَاجٍ، وَحَفَرَ فِيهِ مَع…"
katameros:3651,reference,,,draft,0,,,ثُمَّ نَسْأَلُكُمْ أَيُّهَا الْإِخْوَةُ مِنْ جِهَةِ ظُهُورِ رَبِّنَا يَسُوعَ الْمَسِيحِ وَاجْتِمَاعِنَا إِلَيْهِ، أَنْ …
katameros:3652,reference,,,draft,0,,,يَا أَحِبَّائِي، هَذِهِ رِسَالَةٌ ثَانِيَةٌ أَكْتُبُهَا إِلَيْكُمْ، فِيهِمَا أُنْهِضُ بِالتَّذْكِرَةِ ذِهْنَكُمُ النَّق…
katameros:3653,reference,,,draft,0,,,فَمِنْ ثَمَّ أَيُّهَا الْمَلِكُ أَغْرِيبَّاسُ لَمْ أَكُنْ مُعَانِدًا لِلرُّؤْيَا السَّمَاوِيَّةِ، بَلْ بَشَّرْتُ أَوَّل…
katameros:3654,reference,,,draft,0,,,يُحِبُّ الرَّحْمَةَ وَالْحُكْمَ، اِمْتَلَأَتِ الْأَرْضُ مِنْ رَحْمَةِ الرَّبِّ. بِكَلِمَةِ الرَّبِّ تَشَدَّدَتِ السَّمَ…
katameros:3655,reference,,,draft,0,,,وَبَعْدَ هَذَا كَانَ عِيدُ الْيَهُودِ، فَصَعِدَ يَسُوعُ إِلَى أُورُشَلِيمَ. وَفِي أُورُشَلِيمَ عِنْدَ بَابِ الضَّأْنِ ك…
katameros:3656,reference,,,draft,0,,,بِصَوْتِي إِلَى الرَّبِّ هَتَفْتُ، بِصَوْتِي إِلَى الرَّبِّ تَضَرَّعْتُ. أَسْكُبُ أَمَامَهُ تَوَسُّلِي، وَحُزْنِي قُدَّ…
katameros:3657,reference,,,draft,0,,,فَرَكِبَ السَّفِينَةَ وَجَاءَ إِلَى الْعَبْرِ وَأَتَى إِلَى مَدِينَتِهِ. فَقَدَّمُوا إِلَيْهِ مُخَلَّعًا مَطْرُوحًا عَل…
katameros:3658,reference,,,draft,0,,,أَلَعَلَّ الْحِكْمَةَ لَا تُنَادِي؟ وَالْفِطْنَةَ لَا تُطْلِقُ صَوْتَهَا؟ إِنَّهَا وَاقِفَةٌ فِي رُؤُوسِ الْمَشَارِفِ، …
katameros:3659,reference,,,draft,0,,,أَنْتُمْ شُهُودِي، يَقُولُ الرَّبُّ، وَعَبْدِيَ الَّذِي اخْتَرْتُهُ، لِكَيْ تَعْلَمُوا وَتُؤْمِنُوا بِي وَتَفْهَمُوا أَ…
katameros:366,reference,,,draft,0,,,أيهَا العَبِيدُ، كُونُوا خَاضِعِينَ لِسَادَتِكُمْ بِكُلِّ خَوْفٍ، لَيْسَ فَقَطْ للصَّالِحِينَ الْمُتَرَفِّقِينَ، بَلْ ل…
katameros:3660,reference,,,draft,0,,,وَأَجَابَ ألِيهُو بْنُ بَرَخْئِيلَ الْبُوزِيُّ وَقَالَ: إِنِّي صَغِيرٌ فِي الْأَيَّامِ وَأَنْتُمْ شُيُوخٌ، لِذَلِكَ احْ…
katameros:3661,reference,,,draft,0,,,أَمَامَكَ هِيَ، كُلُّ شَهْوَتِي، وَتَنَهُّدِي، عَنْكَ لَمْ يَخْفَ.   هَــلِّـلُـــويَـــا
katameros:3662,reference,,,draft,0,,,"وَجَعَلَ يُكَلِّمُهُمْ بِأَمْثَالٍ قَائِلًا: "" غَرَسَ رَجُلٌ كَرْمًا وَحَوَّطَهُ بِسِيَاجٍ، وَحَفَرَ مَعْصَرَةً، وَبَنَ…"
katameros:3663,reference,,,draft,0,,,وَبَعْدُ فإِنَّنَا نَسْأَلُكُمْ أَيُّهَا الْإِخْوَةُ وَنَعِظُكُمْ فِي الرَّبِّ يَسُوعَ، أَنَّكُمْ كَمَا تَسَلَّمْتُمْ م…
katameros:3664,reference,,,draft,0,,,فَاخْضَعُوا لِلَّهِ. قَاوِمُوا إِبْلِيسَ فَيَهْرُبَ مِنْكُمْ. اِقْتَرِبُوا إِلَى اللَّهِ فَيَقْتَرِبَ إِلَيْكُمْ. نَقُّ…
katameros:3665,reference,,,draft,0,,,"فَقَالَ الرَّبُّ لِبُولُسَ فِي رُؤْيَا لَيْلًا: "" لَا تَخَفْ، بَلْ تَكَلَّمْ وَلَا تَسْكُتْ، لِأَنِّي أَنَا مَعَكَ، وَل…"
katameros:3666,reference,,,draft,0,,,دِنْ يَا رَبُّ الَّذِينَ يَظْلِمُونَنِي، وَقَاتِلِ الَّذِينَ يُقَاتِلُونَنِي. خُذْ مِجَنًّا وَتُرْسًا، وَانْهَضْ إِلَى …
katameros:3667,reference,,,draft,0,,,وَكَانَ فِي ذَلِكَ الْزَّمَانِ قَدْ حَضَرَ إِلَيْهِ قَوْمٌ يُخْبِرُونَهُ عَنِ الْجَلِيلِيِّينَ الَّذِينَ خَلَطَ بِيلَاط…
katameros:3668,reference,,,draft,0,,,أَنَا الْحِكْمَةُ أُسَاكِنُ الذَّكَاءَ، وَأُدْرِكُ عِلْمَ التَّدَابِيرِ. مَخَافَةُ الرَّبِّ بُغْضُ الشَّرِّ. الْكِبْرِي…
katameros:3669,reference,,,draft,0,,,وَالْآنَ اسْمَعْ يَا يَعْقُوبُ عَبْدِي، وَيَا إِسْرَائِيلُ الَّذِي اخْتَرْتَهُ. هَكَذَا قَالَ الرَّبُّ صَانِعُكَ وَجَاب…
katameros:367,reference,,,draft,0,,,"وَمِنْ مِيلِيتُسَ أَرْسَلَ إلى أَفَسُسَ وَاسْتَدْعَى أحْبَارَ الْكَنِيسَةِ. فَلَمَّا جَاءُوا إلَيْهِ قَالَ لَهُمْ: "" أَ…"
katameros:3670,reference,,,draft,0,,,وَالْآنَ أُجِيبُ أَنَا أَيْضًا فِي نَوْبَتِي، وَأُبْدِي أَنَا أَيْضًا رَأْيِي. فَإِنِّي مُتَضَلِّعٌ أَقْوَالًا. وَرُوحٌ…
katameros:3671,reference,,,draft,0,,,لَبِسْتُ مِسْحًا، وَوَاضَعْتُ بِالصَّوْمِ نَفْسِي، وَصَلَاتِي، إِلَى حِضْنِي تَرْجِعُ.  هَــلِّـلُـــويَـــا
katameros:3672,reference,,,draft,0,,,وَكَانُوا يَشْهَدُونَ لَهُ جَمِيعًا وكَانُوا يَتَعَجَّبُونَ مِنْ أَقْوَالِ النِّعْمَةِ الَّتِي كَانَتْ تَخْرُجُ مِنْ فِ…
katameros:3673,reference,,,draft,0,,,أَشْكُرُ اللَّهَ أَنِّي أَتَكَلَّمُ بِأَلْسِنَةٍ أَكْثَرَ مِنْ جَمِيعِكُمْ. وَلَكِنِّي أُرِيدُ أَنْ أَقُولَ خَمْسَ كَلِ…
katameros:3674,reference,,,draft,0,,,كُونُوا عَامِلِينَ بِالْكَلِمَةِ، لَا سَامِعِينَ فَقَطْ خَادِعِينَ نُفُوسَكُمْ وَحْدَكُمْ. لِأَنَّ مَنْ يَسْمَعُ الْكَل…
katameros:3675,reference,,,draft,0,,,وَكَانَ اللَّـهُ يَصْنَعُ عَلَى يَدَيْ بُولُسَ قُوَّاتٍ كَثِيرَةً، حَتَّى إِنَّهُمْ كَانُوا يَأخُذُونَ مَنادِيلَ وَخِرَ…
katameros:3676,reference,,,draft,0,,,كَمَا يَشْتَاقُ الْإِيَّـلُ، إِلَى يَنَابِيعِ الْمِيَاهِ، كَذَلِكَ تَاقَتْ نَفْسِي، أَنْ تَأْتِيَ إلَيْكَ يَـــا أَللَّ…
katameros:3677,reference,,,draft,0,,,"وَإذْ كَانَ يُصَلِّي وَحْدَهُ عَلَى انْفِرَادٍ كَانَ التَّلَامِيذُ مَعَهُ. فَسَأَلَهُمْ قَائِلًا: "" مَنْ يَقُولُ النَّا…"
katameros:3678,reference,,,draft,0,,,وَقَالَ الرَّبُّ لِمُوسَى: اُدْخُلْ عَلَى فِرْعَوْنَ، فَإِنِّي قَدْ صَلَّبْتُ قَلْبَهُ وَقُلُوبَ عَبِيدِهِ، لِكَي أَصْن…
katameros:3679,reference,,,draft,0,,,""" اُذْكُرْ هَذِهِ يَا يَعْقُوبُ، وَيَا إِسْرَائِيلُ، فَإِنَّكَ عَبْدِي. قَدْ جَبَلْتُكَ. فَأَنْتَ عَبْدٌ لِي. يَا إِسْر…"
katameros:368,reference,,,draft,0,,,فَلْيَرْفَعُوهُ في كَنِيسَةِ شَعْبِهِ، وَلْيُبَارِكُوهُ في مَجْلِسِ الشُّيوخِ. جَعَلَ أبوَّةً مِثْلَ الْخِرَافِ. يُبْصِ…
katameros:3680,reference,,,draft,0,,,الرَّبُّ حَازَنِي فِي أَوَّلِ طَرِيقِهِ، مِنْ قَبْلِ أَعْمَالِهِ، مُنْذُ الْقِدَمِ. مُنْذُ الْأَزَلِ مُسِحْتُ، مُنْذُ ا…
katameros:3681,reference,,,draft,0,,,وَأَجَابَ أَلِيهُو وَقَالَ: اِسْمَعُوا أَقْوَالِي أَيُّهَا الْحُكَمَاءُ، وَأَصْغُوا إِلَيَّ يَا أُولِى الْعِلْمِ. فَإِن…
katameros:3682,reference,,,draft,0,,,لِأَنَّهُ نَظَرَ إِلَى صَلَاةِ الْمَسَاكِينِ، وَلَمْ يَرْذُلْ طِلْبَتَهُمْ. لِيُخْبِرُوا فِي صِهْيَوْنَ بِاسْمِ الرَّبِ…
katameros:3683,reference,,,draft,0,,,وَاجْتَمَعَ إِلَيْهِ الْفَرِّيسِيُّونَ وَقَوْمٌ مِنَ الْكَتَبَةِ الَّذِينَ جَاءُوا مِنْ أُورُشَلِيمَ. فَرَأَوْا بَعْضًا…
katameros:3684,reference,,,draft,0,,,فَكُلُّ الَّذِينَ خَطِئُوا بِمَعْزِلٍ عَنِ النَّامُوسِ فَبِمَعْزِلٍ عَنِ النَّامُوسِ يَهْلِكُونَ. وَكُلُّ الَّذِينَ خَط…
katameros:3685,reference,,,draft,0,,,وَهَذَا أَوَّلًا فَاعْلَمُوهُ: أَنَّ كُلَّ نُبُوَّاتِ الْكُتُبِ لَيْسَ تَأْوِيلُهَا مِنْ ذَاتِهَا خَاصَةً. وَلَيْسَتْ ب…
katameros:3686,reference,,,draft,0,,,"فَقَالَ أَغْرِيبَّاسُ لِبُولُسَ: "" مَأْذُونٌ لَكَ أَنْ تُجِيبَ عَنْ نَفْسِكَ "". فَحِينَئِذٍ بَسَطَ بُولُسُ يَدَهُ وَطَف…"
katameros:3687,reference,,,draft,0,,,رَتِّلُوا لِلرَّبِّ السَّاكِنِ فِي صِهْيَوْنَ، وَأَخْبِرُوا فِي الْأُمَمِ بِأَعْمَالِهِ. لِأَنَّهُ طَلَبَ الدِّمَاءَ، و…
katameros:3688,reference,,,draft,0,,,"فَأجَابَ وَاحِدٌ مِنَ النَّامُوسِيِّينَ وَقَالَ لَهُ: "" أَيُّهَا الْمُعَلِّمُ، عِنْدَمَا تَقُولُ هَذَا تَشْتِمُنَا نَحْ…"
katameros:3689,reference,,,draft,0,,,وَكَانَ فِي بَعْضِ الْأَيَّامِ أَنَّ أَلِيشَعَ جَازَ بِشُونَمَ. وَكَانَتْ هُنَاكَ امْرَأَةٌ عَظِيمَةٌ، فَأَمْسَكَتْهُ ل…
katameros:369,reference,,,draft,0,,,""" الْحَقَّ الْحَقَّ أَقُولُ لَكُمْ: إنَّ الَّذِي لا يَدْخُلُ مِنَ الْبَابِ إلى حَظِيرَةِ الْخِرَافِ، بَلْ يَطْلَعُ مِنْ…"
katameros:3690,reference,,,draft,0,,,هَكَذَا قَالَ الرَّبُّ لِمَسِيحِهِ، لِكُورَشَ الَّذِي أَخَذْتُ بِيَمِينِهِ لِأُخْضِعَ الْأُمَمَ بَيْنَ يَدَيْهِ، وَأَحُ…
katameros:3691,reference,,,draft,0,,,الْحِكْمَةُ بَنَتْ لَهَا بَيْتًا. وَنَصَبَتْ فِيهِ سَبْعَةَ أَعْمِدَةٍ. ذَبَحَتْ ذَبَائِحَها. وَمَزَجَتْ خَمْرَهَا فِي …
katameros:3692,reference,,,draft,0,,,"وَأَجَابَ أَلِيهُو أَيْضًا وَقَالَ: أَتَحْسِبُ مِنَ الْعَدْلِ أَنْ تَقُولَ: "" أَنَا أَبَرُّ مِنَ اللَّهِ؟ "" وَقَدْ قُلْ…"
katameros:3693,reference,,,draft,0,,,اِرْحَمْنِي يَا رَبُّ، وَانْظُرْ إِلَى ذُلِّي مِنْ أَعْدَائِي. يَا رَافِعِي، مِنْ أَبْوَابِ الْمَوْتِ.  هَــلِّـلُـــوي…
katameros:3694,reference,,,draft,0,,,"وَبَدَأَ يُكَلِّمُ الشَّعْبَ بِهَذَا الْمَثَلِ: "" إِنْسَانٌ غَرَسَ كَرْمًا وَسَلَّمَهُ إِلَى كَرَّامِينَ وَسَافَرَ زَمَ…"
katameros:3695,reference,,,draft,0,,,فَأَسْأَلُ قَبْلَ كُلِّ شَيْءٍ، أَنْ تُقَامَ تَضَرُّعَاتٌ وَصَلَوَاتٌ وَتَوَسُّلَاتٌ وَتَشَكُّرَاتٌ مِنْ أَجْلِ جَمِيعِ…
katameros:3696,reference,,,draft,0,,,هَؤُلَاءِ هُمُ الْمُعْتَزِلُونَ بِأَنْفُسِهِمْ، نَفْسَانِيُّونَ لَا رُوحَ لَهُمْ. وَأَمَّا أَنْتُمْ يَا أَحِبَّائِي فَا…
katameros:3697,reference,,,draft,0,,,"فَجَرَيْنَا تَحْتَ جَزِيرَةٍ تُسَمَّى "" كَلَوْدَةَ "" وَبِالْجَهْدِ قَدَرْنَا أَنْ نَضْبُطَ الْقَارِبَ. فَلَمَّا رَفَعُو…"
katameros:3698,reference,,,draft,0,,,يَا رَافِعِي مِنْ أَبْوَابِ الْمَوْتِ، لِكَيْ مَا أُخْبِرَ بِجَمِيعِ تَسَابِيحِكَ، فِي أَبْوَابِ، ابْنَةِ صِهْيَوْنَ.  …
katameros:3699,reference,,,draft,0,,,الْحَقَّ الْحَقَّ أَقُولُ لَكُمْ: إِنَّ مَنْ يُؤْمِنُ بِي فَلَهُ حَيَاةٌ أَبَدِيَّةٌ. أَنَا هُوَ خُبْزُ الْحَيَاةِ. آبَ…
katameros:37,reference,,,draft,0,,,تُبَادِرُ الرُّؤَسَاءُ إلى كُلِّ الْمُرَتِّلِيْنَ، في وَسَطِ صَبَايَا ضَارِبَاتٍ بِالدُّفُوفِ. بَارِكُوا اللَّهَ في الْ…
katameros:370,reference,,,draft,0,,,فَأُذِيعُ اسْمَكَ بَيْنَ إخْوَتِي. وفي وَسَطِ الْجَمَاعَةِ أُسَبِّحُكَ. يَا أيهَا الْخَائِفُونَ الرَّبَّ سَبِّحُوهُ، وَ…
katameros:3700,reference,,,draft,0,,,"وَحَدَثَ بَعْدَ هَذِهِ الأُمُورِ أَنَّ اللَّـهَ امْتَحَنَ إِبْرَاهِيمَ، وَقَالَ لَهُ: "" إِبْرَاهِيمُ إِبْرَاهِيمُ! "". ف…"
katameros:3701,reference,,,draft,0,,,"هَكَذَا قَالَ الرَّبُّ قُدُّوسُ إِسْرَائِيلَ وَجَابِلُهُ: "" قَدْ سَأَلُونِي عَمَّا سَيَأْتِي! أَلَعَلَّكُمْ تُوصُونَنِي…"
katameros:3702,reference,,,draft,0,,,إِنْ كُنْتَ حَكِيمًا فَلِنَفْسِكَ، وَإِنْ كُنْتَ سَاخِرًا فَعَلَيْكَ وَحْدَكَ. الْمَرْأَةُ الْجَاهِلَةُ صَخَّابَةٌ حَمْ…
katameros:3703,reference,,,draft,0,,,ثُمَّ عَادَ أَليِهُو فَقَالَ: اِصْبِرْ عَليَّ قَلِيلًا، فَأُبَيِّنَ لَكَ فَإِنَّ لِي عَنِ اللَّهِ أَقْوَالًا أُخْرَى. إ…
katameros:3704,reference,,,draft,0,,,فَلِذَلِكَ ارْتَعَدَ قَلْبِي وَخَفَقَ مِنْ مَوْضِعِهِ. اِسْمَعُوا صَوْتَهُ إِذَا قَصَفَ وَخَرَجَتِ الزَّمْزَمَةُ مِنْ ف…
katameros:3705,reference,,,draft,0,,,"<< القِسْمُ الأوَّلُ مِنْ سِفْرِ طُوبيا ( 1 ، 2 ، 3 : 1 ــ 6 )  >>

كِتَابُ طُوبيتَ بْنِ طُوبِيلَ بْنِ حَنَانْئِيلَ بْن…"
katameros:3706,reference,,,draft,0,,,تَنْضَحُ عَلَيَّ بزُوفَاكَ فَأَطْهُرُ، وَتَغسِـلُنِـي فَأَبْيَضُّ أَكْثَرَ مِنَ الثَّلْجِ. تُسْمِعُنِـي سُرُورًا وَفَرَ…
katameros:3707,reference,,,draft,0,,,""" وَكَمَا رَفَعَ مُوسَى الْحَيَّةَ فِي البَرِّيَّةِ هكَذَا يَنْبَغِي أَنْ يُرْفَعَ ابْنُ الْإِنْسَانِ، لَكِيْ يَنَالَ ك…"
katameros:3708,reference,,,draft,0,,,فَإِنِّي لَا أُرِيدُ أَنْ تَجْهَلُوا أَيُّهَا الْإِخْوَةُ أَنَّ آبَاءَنَا كُلَّهُمْ كَانُوا تَحْتَ الْغَمَامِ، وَكُلَّه…
katameros:3709,reference,,,draft,0,,,أَكْتُبُ إِلَيْكُمْ أَيُّهَا الْأَوْلَادُ، لِأَنَّهُ قَدْ غُفِرَتْ لَكُمُ خَطَايَاكُمْ مِنْ أَجْلِ اسْمِهِ. أَكْتُبُ إِ…
katameros:371,reference,,,draft,0,,,وَفِيمَا يَسُوعُ مُجْتَازٌ مِنْ هُنَاكَ، رَأَى إنْسَاناً جَالِسَاً عِنْدَ مَكَانِ الْجِبَايَةِ، اسْمُهُ مَتَّى. فَقَالَ…
katameros:3710,reference,,,draft,0,,,وَكَانَ قَبْلًا فِي تِلْكَ الْمَدِينَةِ رَجُلٌ اسْمُهُ سِيمُونُ، يَسْتَعْمِلُ السِّحْرَ وَيُدْهِشُ كُلَّ شَعْبِ السَّام…
katameros:3711,reference,,,draft,0,,,تَقَدَّمُوا إلَيْهِ وَاسْتَنِيرُوا، وَوُجُوهُكُم لَا تَخْزَى. طَلَبْتُ إِلَى الرَّبِّ، فَاسْتَجَابَ لِي.   هَــلِّـلُــ…
katameros:3712,reference,,,draft,0,,,وَكَانَ إِنْسَانٌ مِنَ الْفَرِّيسِيِّينَ اسْمُهُ نِيقُودِيمُوسُ، رَئِيسٌ لِلْيَهُودِ. هَذَا أَتَى إِلَى يَسُوعَ لَيْلًا…
katameros:3713,reference,,,draft,0,,,فَلْتُدْرِكْنَا رَأْفَاتُكَ سَرِيعًا، لِأَنَّنَا قَدِ اِفْتَقَرْنَا جِدًّا. أَعِنَّا يَا أَللَّهُ مُخَلِّصَنَا، مِنْ أَ…
katameros:3714,reference,,,draft,0,,,فَرَكِبَ السَّفِينَةَ وَجَاءَ إِلَى الْعَبْرِ وَأَتَى إِلَى مَدِينَتِهِ. فَقَدَّمُوا إِلَيْهِ مُخَلَّعًا مَطْرُوحًا عَل…
katameros:3715,reference,,,draft,0,,,فَأَسْأَلُكُمْ، أَنَا الْأَسِيرَ فِي الرَّبِّ: أَنْ تَسْلُكُوا كَمَا يَحِقُّ لِلدَّعْوَةِ الَّتِي دُعِيتُمْ إِلَيْهَا. …
katameros:3716,reference,,,draft,0,,,لِذَلِكَ مَنْطِقُوا أَحْقَاءَ ذِهْنِكُمْ صَاحِينَ بِالتَّمَامِ، وَتَوَكَّلُوا عَلَى النِّعْمَةِ الَّتِي يُؤْتَى بِهَا إ…
katameros:3717,reference,,,draft,0,,,فَلَمَّا مَضَى زَمَانٌ طَوِيلٌ، وَصَارَ السَّفَرُ فِي الْبَحْرِ خَطِرًا، لِأَنَّ الصَّوْمَ كَانَ قَدْ مَضَى، جَعَلَ بُو…
katameros:3718,reference,,,draft,0,,,طُوبَاهُمُ الَّذِينَ تُرِكَتْ لَهُمْ آثَامُهُمْ، وَالَّذِينَ سُتِرَتْ خَطَايَاهُمْ. طُوبَى لِلرَّجُلِ، الَّذِي لَـــمْ …
katameros:3719,reference,,,draft,0,,,وَأَتَوْا إِلَى أَرِيحَا. وَفِيمَا هُوَ خَارِجٌ مِنْ أَرِيحَا وَمَعَهُ تَلَامِيذُهُ وَجَمْعٌ كَثِيرٌ، كَانَ بِرْتِيماوُ…
katameros:372,reference,,,draft,0,,,بَشَّرْتُ بِعَدلِكَ في جَمَاعَةٍ عَظِيمَةٍ، هُوَذَا لا أَمْنَعُ شَفَتيَّ. أنْتَ يَارَبُّ قَدْ عَلِمْتَ بِرِّيِ، لَمْ أَ…
katameros:3720,reference,,,draft,0,,,جَرَّبْتَ قَلْبِي وَتَعَهَدْتَنِي لَيْلًا، وَمَحَّصْتَنِي بِالنَّارِ فَلَمْ تَجِدْ فِيَّ ظُلْمًا. ثَبِّتْ خَطَوَاتِي فِ…
katameros:3721,reference,,,draft,0,,,"وَكَانَ يَجْتَازُ فِي الْمُدُنِ وَالْقُرَى يُعَلِّمُ وَهُوَ سَائِرٌ إِلَى أُورُشَلِيمَ، فَقَالَ لَهُ وَاحِدٌ: "" يَا رَب…"
katameros:3722,reference,,,draft,0,,,اِبْلِنِي يَا رَبُّ وَجَرِّبْنِي. اِحْمِ قَلْبِي وَكُلْيَتَيَّ، لِأَنَّ رَحْمَتَكَ أَمَامَ عَيْنَيَّ هِيَ، وَقَدْ أَرْض…
katameros:3723,reference,,,draft,0,,,"حِينَئِذٍ خَاطَبَ يَسُوعُ الْجُمُوعَ وَتَلَامِيذَهُ قَائِلًا: ""عَلَى كُرْسِيِّ مُوسَى جَلَسَ الْكَتَبَةُ والْفَرِّيسِيُ…"
katameros:3724,reference,,,draft,0,,,فَأَمِيتُوا أَعْضَاءَكُمُ الَّتِي عَلَى الْأَرْضِ: الزِّنَى، النَّجَاسَةَ، الْفُجُورَ، الشَّهْوَةَ الرَّدِيئَةَ، وَالطَ…
katameros:3725,reference,,,draft,0,,,كَتَبْتُ إلَيْكُمْ بِهَذَا، كيْ تَعْلَمُوا أَنَّ لَكُمْ حَيَاةً أَبَدِيَّةً أَيُّهَا المُؤْمِنُونَ بِاسْمِ ابْنِ اللَّه…
katameros:3726,reference,,,draft,0,,,فَلَمَّا أَقْبَلَتِ اللَّيْلَةُ الرَّابِعَةَ عَشْرَةَ، وَنَحْنُ مُتَرَدِّدُونَ فِي أَدْرِيَا، فَعِنْدَ نِصْفِ اللَّيْلِ…
katameros:3727,reference,,,draft,0,,,اِسْتَجِبْ لِي يَا رَبُّ عَاجِلًا فَقَدْ فَنِيَتْ رُوحِي. لا تَصْـرِفْ وَجْهَكَ عَنِّي. يَا رَبُّ اِسْتَمِــعْ صَلَاتِـ…
katameros:3728,reference,,,draft,0,,,"وَفِيمَا هُوَ مُجْتَازٌ رَأَى رَجُلًا وُلِدَ أَعْمَى. فَسَأَلَهُ تَلَامِيذُهُ قَائِلِينَ: "" يَا مُعَلِّمُ، مَنْ أَخْطَأ…"
katameros:3729,reference,,,draft,0,,,طُوبَى لِلَّذِي يَتَفَهَّمُ، فِي أَمْرِ الْمِسْكِينِ وَالْفَقِيرِ. فِي يَوْمِ الشَّرِّ، يُنَجِّيهِ الرَّبُّ.  هَــلِّـل…
katameros:373,reference,,,draft,0,,,ثُمَّ خَرَجَ أيْضاً إلى شَاطئ الْبَحْرِ. وَكَانَ كُلُّ الْجَمْعِ يَأْتونَ إلَيْهِ فَكَانَ يُعَلِّمُهُمْ. وَفِيمَا هُوَ …
katameros:3730,reference,,,draft,0,,,وَجَاءَ إِلَى بَيْتِ صَيْدَا، فَقَدَّمُوا إلَيْهِ أَعْمَى وَطَلَبُوا إلَيْهِ أَنْ يَلْمِسَهُ، فَأخَذَ بِيَدِ الأَعْمَى …
katameros:3731,reference,,,draft,0,,,الاِبْنُ الْحَكِيمُ يَسُرُّ أَبَاهُ، وَالاِبْنُ الْجَاهِلُ حُزْنٌ لِأُمِّهِ. كُنُوزُ النِّفَاقِ لَا تَنْفَعُ، أَمَّا ال…
katameros:3732,reference,,,draft,0,,,هَكَذَا يَقُولُ الرَّبُّ مُخَلِّصُكَ قُدُّوسُ إِسْرَائِيلَ: أَنَا هُوَ اللَّهُ مُعَلِّمُكَ لِتَجِدَ الطَّرِيقَ الَّذِي …
katameros:3733,reference,,,draft,0,,,فَأَجَابَ الرَّبُّ أَيُّوبَ مِنَ الْعَاصِفَةِ وَقَالَ: مَنْ هَذَا الَّذِي يُلَبِّسُ الْمَشُورَةَ بِأَقْوَالٍ لَيْسَتْ م…
katameros:3734,reference,,,draft,0,,,كَثِيرَةٌ هِيَ ضَرَبَاتُ الْخُطَاةِ، والَّذِي يَتَّكِلُ عَلَى الرَّبِّ الرَّحْمَةُ تُحِيطُ بِهِ. اِفْرَحُوا أَيُّهَا ال…
katameros:3735,reference,,,draft,0,,,كَانَ إِنْسَانٌ غَنِيٌّ وَكَانَ يَلْبَسُ الأُرْجُوانَ وَالْحَرِيرَ وَهُوَ يَتَنَعَّمُ كُلَّ يَوْمٍ مُتَرَفِّهًا. وَكَان…
katameros:3736,reference,,,draft,0,,,وَأَنْتَ يَا هَذَا، لِمَاذا تَدِينُ أَخَاكَ؟ أَوْ لِمَاذا تَزْدَرِي أَخَاكَ؟ فَإِنَّنَا جَمِيعًا سَنَقِفُ أَمَامَ مِنْب…
katameros:3737,reference,,,draft,0,,,اِسْمَعُوا يَا إِخْوَتِي الْأَحِبَّاءَ: أَمَا اخْتَارَ اللَّهُ فُقَرَاءَ الْعَالَمِ أَغْنِيَاءَ فِي الْإِيمَانِ، وَوَرَ…
katameros:3738,reference,,,draft,0,,,"وَأَمَّا شَاوُلُ فَكَانَ يَزْدَادُ قُوَّةً، وَكَانَ يُزْعِجُ الْيَهُودَ السَّاكِنِينَ فِي دِمَشْقَ مُبَيِّنًا لَهُمْ "" …"
katameros:3739,reference,,,draft,0,,,أَعْتَرِفُ لَكَ أَيُّهَا الرَّبُّ إِلَهِي مِنْ كُلِّ قَلْبِي، وَأُمَجِّدُ اسْمَكَ إِلَى الْأَبَدِ؛ لِأَنَّ رَحْمَتَكَ ع…
katameros:374,reference,,,draft,0,,,وَهُوَ أَعْطَى الْبَعْضَ أنْ يَكُونُوا رُسُلاً، وَالْبَعْضَ أنْبِيَاءَ، وَالْبَعْضَ مُبَشِّرِينَ، وَالْبَعْضَ رُعَاةً و…
katameros:3740,reference,,,draft,0,,,إِنْ كُنْتُ أَشْهَدُ لِنَفْسِي فَشَهَادَتِي لَيْسَتْ حَقًّا. الَّذِي يَشْهَدُ لِي هُوَ آخَرُ، وَأَنَا أَعْلَمُ أَنَّ شَ…
katameros:3741,reference,,,draft,0,,,مَنْ حَفِظَ التَّأْدِيبَ فَهُوَ فِي سَبِيلِ الْحَيَاةِ، وَمَنْ أَهْمَلَ التَّوْبِيخَ فَهُوَ ضَالٌّ. مَنْ يُخْفِي الْبُغ…
katameros:3742,reference,,,draft,0,,,إِنِّي قَدْ جَعَلْتُكَ نُورًا لِلْأُمَمِ لِتَكُونَ خَلَاصِي إِلَى أَقَاصِي الْأَرْضِ. هَكَذَا قَالَ الرَّبُّ فَادِي إِس…
katameros:3743,reference,,,draft,0,,,مَنْ يُحْصِي الْغُيُومَ بِحِكْمَتِهِ؟ وَمَنْ يَسْكُبُ زِقَاقَ السَّمَاوَاتِ، إِذْ يَتَلَبَّدُ التُّرَابُ وَيَتَلَاصَقُ …
katameros:3744,reference,,,draft,0,,,لِأَنِّي أُخْبِرُ بِإِثْمِي، وَأَهْتَمُّ مِنْ أَجْلِ خَطِيَّتِي. أَعْدَائِي أَحْيَاءٌ، وَهُمْ أَشَدُّ مِنِّي.  هَــلِّـ…
katameros:3745,reference,,,draft,0,,,"ثُمَّ قَالَ لِتَلَامِيذِهِ: "" لَا بُدَّ أَنْ تَأْتِيَ الْعَثَرَاتُ، وَلَكِنْ وَيْلٌ لِمَنْ تَأْتِي الْعَثْرَةُ مِنْ قِب…"
katameros:3746,reference,,,draft,0,,,إِنِّي أُحِبُّ أَنْ تَنْطِقُوا جَمِيعُكُمْ بِأَلْسِنَةٍ، وَلَكِنْ بَالْأَحْرَى أَنْ تَتَنَبَّأُوا. لِأَنَّ الَّذِي يَتَ…
katameros:3747,reference,,,draft,0,,,وَلَكِنْ يَا أَحِبَّائِي، يَنْبَغِي أَنْ لَا يَخْفَى عَلَيْكُمْ أَمْرٌ وَهُوَ: أَنَّ يَوْمًا وَاحِدًا عِنْدَ الرَّبَّ ك…
katameros:3748,reference,,,draft,0,,,وَلَمَّا رَجَعْتُ إِلَى أُورُشَلِيمَ وَكُنْتُ أُصَلِّي فِي الْهَيْكَلِ، حَدَثَ لِي غَيْبَةٌ، فَرَأَيْتُهُ يَقُولُ لِي: …
katameros:3749,reference,,,draft,0,,,تَغْسِلُنِي كَثِيرًا مِنْ إِثْمِي، وَمِنْ خَطِيئَتِي تُطَهِّرُنِي. لِأَنِّي أَنَا عَاِرفٌ بِإِثْمِي، وَخَطِيئَتِي أَمَا…
katameros:375,reference,,,draft,0,,,مُبَارَكٌ اللَّهُ أَبو رَبِّنَا يَسُوعَ الْمَسِيحِ، الَّذِي بِكَثْرَةِ رَحْمَتِهِ وَلَدَنَا ثَانِيَةً لِرَجَاءٍ حَيٍّ، …
katameros:3750,reference,,,draft,0,,,قَالَ يَسُوعُ هَذَا ثُمَّ مَضَى وَتَوَارَى عَنْهُمْ. وَمَعَ هَذِهِ الْآيَاتِ الْكَثِيرةِ الَّتِي صَنَعَهَا أَمَامَهُمْ …
katameros:3751,reference,,,draft,0,,,شَفَتَا الصِّدِّيقِ تَعْلَمَانِ الْمَرْضِيَّ، وَأَفْوَاهُ الْمُنَافِقِينَ تَعْلَمُ الْخَدَائِعَ. مِيزَانُ الْغِشِّ رِجْ…
katameros:3752,reference,,,draft,0,,,اُصْرُخْ بِقُوَّةٍ. وَلَا تُشْفِقْ. اِرْفَعْ صَوْتَكَ مِثْلَ بُوقٍ، أَخْبِرْ شَعْبِي بِخَطَايَاهُمْ، وَبَيْتَ يَعْقُوبَ…
katameros:3753,reference,,,draft,0,,,فَأَجَابَ الرَّبُّ أَيُّوبَ مِنَ الْعَاصِفَةِ، وَقَالَ: اُشْدُدْ حَقَوَيْكَ وَكُنْ رَجُلًا. إِنِّي سَائِلُكَ فَأَخْبِرِ…
katameros:3754,reference,,,draft,0,,,اِرْحَمْنِي يَا أَللَّهُ اِرْحَمْنِي، فَإِنَّهُ عَلَيْكَ تَوَكَّلَتْ نَفْسِي، وَبِظِلِّ جَنَاحَيْكَ أَتَّكِلُ، إِلَى أَ…
katameros:3755,reference,,,draft,0,,,فَإِنَّهُ مَنْ مِنْكُمْ يُرِيدُ أَنْ يَبْنِيَ بُرْجًا أَفَلَا يَجْلِسُ أَوَّلًا وَيَحْسُبُ النَّفَقَةَ، وَهَلْ عِنْدَهُ…
katameros:3756,reference,,,draft,0,,,لِأَنَّ غَايَةَ النَّامُوسِ هيَ: الْمَسِيحُ لِلْبِرِّ لِكُلِّ مَنْ يُؤْمِنُ؛ لِأَنَّ مُوسَى كَتَبَ فِي الْبِرِّ الَّذِي…
katameros:3757,reference,,,draft,0,,,"لَا يَقُلْ أَحَدٌ إِذَا جُرِّبَ: "" إِنَّ اللَّهَ قَدْ جَرَّبَنِي ""؛ لِأَنَّ اللَّهَ لَا يُجَرَّبُ بِالشُّرُورِ، وَهُوَ …"
katameros:3758,reference,,,draft,0,,,وَحَدَثَ فِي ذَلِكَ الْوَقْتِ اضطرَابٌ لَيْسَ بِقَلِيلٍ بِسَبَبِ الطَّرِيقِ؛ لِأَنَّ وَاحدًا اسْمُهُ دِيـمِـتْرِيُوسُ، …
katameros:3759,reference,,,draft,0,,,تَغْسِلُنِي كَثِيرًا مِنْ إِثْمِي، وَمِنْ خَطِيئَتِي تُطَهِّرُنِي؛ لِأَنِّي أَنَا عَاِرفٌ بِإِثْمِي، وَخَطِيئَتِي أَمَا…
katameros:376,reference,,,draft,0,,,وَجَرَتْ عَلَى أَيْدِي الرُّسُلِ آياتٌ وَعَجَائِبُ كَثِيرَةٌ في الشَّعْبِ. وَكَانَ الْجَمِيعُ مُجْتَمِعِينَ بِنَفْسٍ وَ…
katameros:3760,reference,,,draft,0,,,"فَقَالَ لَهُمْ يَسُوعُ: "" أَنَا هُوَ خُبْزُ الْحَيَاةِ. مَنْ يَأْتِي إِلَيَّ فَلَا يَجُوعُ، وَمَنْ يُؤْمِنُ بِي فَلَا ي…"
katameros:3761,reference,,,draft,0,,,السَّاعِي بِالنَّمِيمَةِ يُفْشِي السِّرَّ، وَالْأَمِينُ الرُّوحِ يَكْتُمُ الْأَمْرَ. بِعَدَمِ التَّدْبِيرِ يَسْقُطُ الش…
katameros:3762,reference,,,draft,0,,,هَكَذَا قَالَ الرَّبُّ: كَمَا يُوجَدُ النَّبِيذُ فِي عُنْقُودٍ، فَيَقُولُ قَائِلٌ: لَا تُتْلِفْهُ فَإِنَّ فِيهِ بَرَكَة…
katameros:3763,reference,,,draft,0,,,"فَأَجَابَ أَيُّوبُ الرَّبَّ وَقَالَ: "" قَدْ عَلِمْتُ أَنَّكَ قَادِرٌ عَلَى كُلِّ أَمْرٍ، فَلَا يَتَعَذَّرُ عَلَيْكَ مُر…"
katameros:3764,reference,,,draft,0,,,يَا أَللَّهُ إِلَهِي إِلَيْكَ أُبَكِّرُ؛ لِأَنَّ نَفْسِي عَطِشَتْ إِلَيْكَ، لِكَيْ يُزْهِرَ لَكَ جَسَدِي فِي أَرْضٍ مُق…
katameros:3765,reference,,,draft,0,,,حِينَئِذٍ جَاءَتْ إِلَيهِ أُمُّ ابْنَيْ زَبْدِي مَعَ ابْنَيْهَا، وَسَجَدَتْ لَهُ وَسَأَلَتْهُ شَيْئًا. أَمَّا هُوَ فَقَ…
katameros:3766,reference,,,draft,0,,,فَإِنَّنَا لَسْنَا نَكْرِزُ بِأَنْفُسِنَا، بَلْ بِالْمَسِيحِ يَسُوعَ رَبِّنَا، وَنَحْنُ أَيْضًا عَبِيدٌ لَكُمْ مِنْ قِب…
katameros:3767,reference,,,draft,0,,,لَا تَتَعَجَّبُوا أَيُّهَا الْإِخْوَةُ إِنْ كَانَ الْعَالَمُ يُبْغِضُكُمْ. قَدْ عَلِمْنَا أَنَّنَا انْتَقَلْنَا مِنَ ال…
katameros:3768,reference,,,draft,0,,,وَفِي الْغَدِ أَقْبَلَ أَغْرِيبَّاسُ وَبَرْنِيكِي بِأُبَّهَةٍ عَظِيمَةٍ، وَدَخَلَا دَارَ الاِسْتِمَاعِ مَعَ قُوَّادِ ال…
katameros:3769,reference,,,draft,0,,,فَرِحْتُ بالقائِلِينَ لِي، إِلَى بَيْتِ الرَّبِّ نَذْهَبُ. وَقَفَتْ أَرْجُلُنَا، فِي ديارِ أورُشَلِيمَ.   هَــلِّـلُـــ…
katameros:377,reference,,,draft,0,,,الرَّبُّ يُعْطِي كَلِمَةً للمُبشِّرِينَ، بِقُوَّةٍ عَظِيمَةٍ. مَلِكُ القُوَّاتِ هُوَ الْمَحْبُوبُ، وفي بَهَاءِ بَيْتِ ا…
katameros:3770,reference,,,draft,0,,,"وَجَاءَ إلَيْهِ الصَّدُّوقِيُّونَ، الَّذِينَ يَقُولُونَ لَيْسَ قِيَامَةٌ، وَسَأَلُوهُ قَائِلِينَ: "" يَا مُعَلِّمُ، كَتَ…"
katameros:3771,reference,,,draft,0,,,فَلَمَّا فَرَغَ يَعْقُوبُ مِنْ وَصِيَّتِهِ لِبَنِيهِ، ضَمَّ رِجْلَيْهِ عَلَى السَّرِيرِ، وَفَاضَتْ رُوحُهُ، وَاِنْضَمَّ…
katameros:3772,reference,,,draft,0,,,مَنْ يَطْلُبُ الْخَيْرَ يَلْتَمِسُ الرِّضَا، وَمَنْ يَطْلُبُ الشَّرَّ فَالشَّرُّ يَلْحَقُهُ. مَنِ اِتَّكَلَ عَلَى غِنَا…
katameros:3773,reference,,,draft,0,,,اِفْرَحُوا مَعَ أُورُشَلِيمَ وَابْتَهِجُوا مَعَهَا، يَا جَمِيعَ مُحِبِّيهَا. اِفْرَحُوا مَعَهَا فَرَحًا، يَا جَمِيعَ ال…
katameros:3774,reference,,,draft,0,,,"وَكَانَ بَعْدَ أَنْ كَلَّمَ الرَّبُّ أَيُّوبَ بِهَذَا الْكَلَامِ، أَنْ قَالَ الرَّبُّ لِأَلِيفَازَ التَّيْمَانِيِّ: "" إ…"
katameros:3775,reference,,,draft,0,,,كَثِيرَةٌ هِيَ ضَرَبَاتُ الْخُطَاةِ، وَالَّذِي يَتَّكِلُ عَلَى الرَّبِّ الرَّحْمَةُ تُحِيطُ بِهِ. اِفْرَحُوا أَيُّهَا ا…
katameros:3776,reference,,,draft,0,,,كَانَ إِنْسَانٌ غَنِيٌّ وَكَانَ يَلْبَسُ الأُرْجُوانَ وَالْحَرِيرَ وَهُوَ يَتَنَعَّمُ كُلَّ يَوْمٍ مُتَرَفِّهًا. وَكَان…
katameros:3777,reference,,,draft,0,,,وَلَكِنْ اِعْلَمْ هَذَا أَنَّهُ سَتَأْتِي فِي الْأَيَّامِ الْأَخِيرَةِ أَزْمِنَةٌ عَسِيرَةٌ، حِينَئِذٍ يَكُونُ النَّاسُ…
katameros:3778,reference,,,draft,0,,,فَاصْبِرُوا يَا إِخْوَتِي إِلَى ظُهُورِ الرَّبِّ. هُوَذَا الْفَلَّاحُ يَنْتَظِرُ ثَمَرَ الْأَرْضِ الْجَيِّدَ، صَابِرًا …
katameros:3779,reference,,,draft,0,,,"وَانْحَدَرَ قَوْمٌ مِنَ الْيَهُودِيَّةِ، وَكَانُوا يُعَلِّمُونَ الْإِخْوَةَ: "" إِنَّهُ إِنْ لَمْ تَخْتَتِنُوا حَسَبَ عَ…"
katameros:378,reference,,,draft,0,,,"وَبَعْدَ هَذَا خَرَجَ يَسُوعُ فَنَظَرَ عَشَّاراً اسْمُهُ لاوِي جَالِسَاً عِنْدَ مَكَانِ الْجِبَايَةِ، فَقَالَ لَهُ: "" ا…"
katameros:3780,reference,,,draft,0,,,الْجِبَالُ تَبْتَهِجُ أَمَامَ وَجْهِ الرَّبِّ، لِأَنَّهُ أَتَى لِيَدِينَ الْأَرْضَ، يَدِينُ الْمَسْكُونَةَ بِالْعَدْلِ،…
katameros:3781,reference,,,draft,0,,,"وَفِي ذَلِكَ الْيَوْمِ جَاءَ إِلَيْهِ قَوْمٌ مِنَ الْفَرِّيسِيِّينَ وَقَالُوا لَهُ: "" اُخْرُجْ وَاذْهَبْ مِنْ هَهُنَا، …"
katameros:3782,reference,,,draft,0,,,"ثُمَّ دَعَا يَعْقُوبُ بَنِيهِ وَقَالَ: "" اِجْتَمِعُوا لِأُنْبِئَكُمْ بِمَا يَكُونُ لَكُمْ فِي آخِرِ الْأَيَّامِ. اِجْتَ…"
katameros:3783,reference,,,draft,0,,,اِصْعَدْ عَلَى جَبَلٍ عَالٍ، يَا مُبَشِّرَ صِهْيَوْنَ. اِرْفَعَ صَوْتَكَ بِقُوَّةٍ، يَا مُبَشِّرَ  أُورُشَلِيمَ. اِرْفَ…
katameros:3784,reference,,,draft,0,,,تَرَنَّمِي يَا ابْنَةَ صِهْيَوْنَ! اِهْتِفْ يَا إِسْرَائِيلُ! اِفْرَحِي وَتَهَلَّلِي بِكُلِّ قَلْبِكِ يَا اِبْنَةَ أُور…
katameros:3785,reference,,,draft,0,,,اِبْتَهِجِي جِدًّا يَا ابْنَةَ صِهْيَونَ، وَاهْتِفِي يَا بِنْتَ أُورُشَلِيمَ. هُوَذَا مَلِكُكِ يَأْتِيكِ. عَادِلًا مُخَ…
katameros:3786,reference,,,draft,0,,,أَمِلْ يَا رَبُّ سَمْعَكَ إِلَى طِلْبَتِي، فَقَدِ اِمْتَلَأْتْ مِنَ الشَّرِّ نَفْسِي، وَدَنَتْ مِنَ الْجَحِيمِ حَيَاتِي…
katameros:3787,reference,,,draft,0,,,"وَكَلَّمَهُمْ بِمَثَلٍ قَائِلًا: "" رَجُلٌ غَنِيٌّ أَخْصَبَتْ كُورَتُهُ، فَفَكَّرَ فِي نَفْسِهِ قَائِلًا: مَاذَا أَصَنْع…"
katameros:3788,reference,,,draft,0,,,وَأَنَا أَيْضًا لَمَّا أَتَيْتُ إِلَيْكُمْ يَا إِخْوَتِي، مَا أَتَيْتُ بِسُمُوِّ الْكَلَامِ أَوْ الْحِكْمَةِ مُعلِّمًا …
katameros:3789,reference,,,draft,0,,,وَهَذِهِ هِيَ الْكَلِمَةُ الَّتِي بُشِّرْتُمْ بِهَا. فَاطْرَحُوا عَنْكُمْ إِذًا كُلَّ شَرٍّ وَكُلَّ غِشٍّ وَكُلَّ رِيَا…
katameros:379,reference,,,draft,0,,,طُوبَى لِمَنْ اخْتَرْتَهُ وَقَبِلْتَهُ، يَسْكُنُ في دِيَارِكَ إلى الأَبدِ. اسْتَجِبْ لَنَا يَا اللَّهُ مُخَلِّصُنَا، يَ…
katameros:3790,reference,,,draft,0,,,فَلَمَّا شَبِعُوا مِنَ الطَّعَامِ طَفِقُوا يُخَفِّفُونَ عَنِ السَّفِينَةِ بِإِلْقَائِهِمِ الْحِنْطَةَ فِي الْبَحْرِ. وَ…
katameros:3791,reference,,,draft,0,,,بَرَكَةُ الرَّبِّ عَلَيْكُمْ، بَارَكْنَاكُمْ بِاسْمِ الرَّبِّ. مِرَارًا كَثِيرَةً قَاتَلُونِي مُنْذُ شَبَابِي، وَإِنَّه…
katameros:3792,reference,,,draft,0,,,وَكَانَ وَاحِدٌ مَرِيضٌ وَهُوَ لِعَازَرُ، مِنْ بَيْتِ عَنْيَا مِنْ قَرْيَةِ مَرْيَمَ وَمَرْثَا أُخْتِهَا. وَمَرْيَمُ هَ…
katameros:3793,reference,,,draft,0,,,مُبَارَكٌ الآتِي بِاسْمِ الرَّبِّ. بارَكنَاكُمْ مِنْ بَيْتِ الرَّبِّ. رَتِّبوا عِيدًا فِي الواصِلِينَ إِلَى قُرُونِ الم…
katameros:3794,reference,,,draft,0,,,وَإِنَّ يَسُوعَ قَبْلَ الفِصْحِ بِسِتَّةِ أيَّامٍ جَاءَ إِلَى بَيْتِ عَنْيَا، حَيْثُ كَانَ لِعَازَرُ المَيْتُ الَّذِي أ…
katameros:3795,reference,,,draft,0,,,مُبَارَكٌ الرَّبُّ الْإِلَهُ. مُبَارَكٌ الرَّبُّ يَوْمًا فَيَوْمًا. إلَهُ إسْرَائِيلَ هُوَ يُعْطِي قُوَّةً وَعِزًّا لِش…
katameros:3796,reference,,,draft,0,,,وَلَمَّا دَخَلَ كَانَ يَمْشِي فِي أَرِيحَا. وَإِذَا رَجُلٌ يُدْعَى اسْمُهُ زَكَّا، وَهَذَا كَانَ رَئِيسًا لِلْعَشَّارِي…
katameros:3797,reference,,,draft,0,,,فَلَمَّا جَاءَ المَسِيحُ رَئِيسَ كَهَنةٍ للخَيْرَاتِ العَتِيْدَةِ، فبالمَسْكَنِ الأَعْظَمِ والأَكْمَلِ، غَيْرِ المَصْنُ…
katameros:3798,reference,,,draft,0,,,فَإذْ قَدْ تَألَّمَ الْمَسِيحُ بِالْجَسَدِ عَنَّا، تَسَلَّحُوا أَنْتُمْ أَيْضًا بِهَذَا الْمِثَالِ. فَإِنَّ مَنْ تَألَّ…
katameros:3799,reference,,,draft,0,,,وبَعْدَ ثَلَاثَةِ أَشْهُرٍ أَقْلَعْنَا فِي سَفِينَةٍ إسْكَنْدَرانِيَّةٍ وَكَانَ عَلَيْهَا عَلَامَةُ الجَوْزاءِ( التَوْأ…
katameros:38,reference,,,draft,0,,,وَفِيمَا كَانَ يَسُوعُ في بَيْتِ عَنْيَا في بَيْتِ سِمْعَانَ الأَبْرَصِ، جَاءَتْ إلَيْهِ امْرَأةٌ مَعَهَا قَارُورَةُ طِ…
katameros:380,reference,,,draft,0,,,اسْهَرُوا إذَاً لأَنكُمْ لا تَعْلَمُونَ في أَيةِ سَاعَةٍ يَأتِي رَبكُمْ. وَاعْلَمُوا هَذَا: أنهُ لَوْ كَانَ رَبُّ الْبَ…
katameros:3800,reference,,,draft,0,,,بَوِّقَوا فِي رَأْسِ الشَّهْرِ بالبُوقِ. فِي يومِ عِيدِكُمُ المَشْهُورِ. ابْتَهِجُوا بِاللَّهِ مُعينِنَا. هَلِّلُوا لِإ…
katameros:3801,reference,,,draft,0,,,ولَمَّا قَرُبوا مِنْ أُورُشَلِيمَ وجَاءوا إِلَى بَيْتِ فَاجِي عِنْدَ جَبَلِ الزَّيْتُونِ، حِينَئِذٍ أرسلَ يَسُوعُ اثْنَ…
katameros:3802,reference,,,draft,0,,,ولَمَّا قَرُبَ مِنْ أُورُشَلِيمَ وأتى إِلَى بَيْتِ فَاجِي وبَيْتِ عَنْيَا، عِنْدَ جَبَلِ الزَّيْتُونِ، أَرْسَلَ اثْنَيْ…
katameros:3803,reference,,,draft,0,,,وإذْ قَرُبَ مِنْ بَيْتِ فَاجِي وبَيْتِ عَنْيا عِنْدَ الجَبَلِ الَّذِي يُدعَى جَبَلَ الزَّيْتُونِ، أَرْسَلَ اثْنَيْنِ مِ…
katameros:3804,reference,,,draft,0,,,لَكَ يَنْبَغِي التَّسْبِيحُ يَا أللَّهُ فِي صِهْيَوْنَ، وَلَكَ تُوفَى النُّذُورُ فِي أُورُشَلِيمَ. اسْتَمِعْ يَا أللَّه…
katameros:3805,reference,,,draft,0,,,وَفِي الغَدِ سَمِعَ الجَمْعُ الكَثِير الَّذِي جَاءَ إِلَى العِيدِ أَنَّ يَسُوعَ آتٍ إِلَى أُورُشَلِيمَ، فَأخَذوا سَعَفَ…
katameros:3806,reference,,,draft,0,,,لِأَنِّي تَسَلَّمْتُ مِنَ الرَّبِّ مَا قَدْ سَلَّمْتُهُ إِلَيْكُمْ: إِنَّ الرَّبَّ يَسُوعَ فِي اللَّيْلَةِ الَّتِي أُسْ…
katameros:3807,reference,,,draft,0,,,هَيَّأتَ قُدَّامِى مَائِدَةً. مُقَابِلَ الَّذِينَ يُضايقونَنِي. الَّذِي أَكَلَ خُبْزِي رَفَعَ عَليَّ عَقِبَهُ.   هَــلِ…
katameros:3808,reference,,,draft,0,,,"وَلَمَّا كَانَ المَسَاءُ اتَّكَأَ مَعَ تَلَامِيذِهِ الاثْنَيْ عَشَرَ. وَفِيمَا هُمْ يَأكُلُونَ قال لَهُمْ: "" الحَقَّ أَ…"
katameros:3809,reference,,,draft,0,,,اسْتَيْقَظَ اللَّهُ كالنَّائِمِ، وكالْجَبَّارِ المَفِيقِ مِنَ الْخَمْرِ. وبَنَى مِثْلَ وحِيدِ القَرْنِ مَوْضِعَهُ المُق…
katameros:381,reference,,,draft,0,,,الرَّبُّ يُعَضِّدُ الصِّدِّيقِينَ، يَعْرِفُ الرَّبُّ طَرِيقَ الَّذِينَ لا عَيْبَ فِيهِمْ. وَيَكُونُ مِيرَاثَهُمْ إلى ال…
katameros:3810,reference,,,draft,0,,,وَعِنْدَ فَجْرِ الْأَحَدِ ( أَوَّلِ الْأُسْبُوعِ ) أَتَيْنَ إِلَى الْقَبْرِ، إِذْ طَلَعَتِ الشَّمْسُ. وَكُنَّ يَقُلْنَ …
katameros:3811,reference,,,draft,0,,,فَالمَسِيحُ هُوَ البَاكورة، ثُمَّ الَّذِينَ للمَسِيحِ عِنْدَ مَجِيئِهِ. وبَعْدَ ذَلِكَ المُنْتَهَى، مَتَى سَلَّمَ المُل…
katameros:3812,reference,,,draft,0,,,أمَّا الرَّبُّ الْمَسِيحُ فقَدِّسُوهُ فِي قُلُوبِكُمْ، وَكُونُوا مُسْتَعِدِّينَ فِي كُلِّ حِينٍ لِمُجَاوَبَةِ كُلِّ مَن…
katameros:3813,reference,,,draft,0,,,أَيُّهَا الرِّجَالُ الْإِسْرَائِيليُّونَ اسْمَعُوا لِكَلَامِي هَذَا: إِنَّ يَسُوعَ النَّاصِرِيَّ الرَّجُلَ الَّذِي قَدْ…
katameros:3814,reference,,,draft,0,,,هَذَا هُوَ اليَوْمُ الَّذِي صَنَعَهُ الرَّبُّ، فَلْنَبْتَهِجْ ونَفْرَحْ بِهِ. يَا رَبُّ تُخَلِّصُنَا، يَا رَبُّ تُسَهِّ…
katameros:3815,reference,,,draft,0,,,وَفِي الْأَحَدِ ( أَوَّلِ الأُسْبُوعِ ) جَاءَتْ مَرْيَمُ الْمَجْدَلِيَّةُ إِلَى الْقَبْرِ بَاكِرًا، وَالظَّلَامُ بَاقٍ.…
katameros:3816,reference,,,draft,0,,,قُولُوا فِي الأُممِ: إِنَّ الرَّبَّ قَدْ مَلَكَ عَلَى خَشَبَةٍ. وَأَيْضًا ثَبَّتَ الْمَسْكُونةَ، فَهِيَ لَا تَتَزَعْزَع…
katameros:3817,reference,,,draft,0,,,فَلَمَّا كَانَتْ عَشِيَّةُ ذَلِكَ الْيَوْمِ، وَهُوَ الأَحَدُ ( أَوَّلُ الأُسْبُوعِ )، وَالْأَبْوَابُ مُغَلَّقَةٌ حَيْثُ…
katameros:3818,reference,,,draft,0,,,الرَّبُّ قَدْ مَلَكَ فَلْتَتَهَلَّلِ الْأَرْضُ. وَلْتَفْرَحِ الْجَزَائِرُ الْكَثِيرَةُ. سَحَابٌ وَضَبَابٌ حَوْلَهُ. الْ…
katameros:3819,reference,,,draft,0,,,وَفِي الأَحَدِ ( أَوَّلِ الأُسْبُوعِ ) بَاكِرًا جِدًّا، أَتَيْنَ إِلَى الْقَبْرِ وَقَدَّمْنَ الْحَنُوطَ الَّذِي أَعْدَد…
katameros:382,reference,,,draft,0,,,اُنْظُرُوا، اسْهَرُوا وَصَلُّوا؛ لأَنكُمْ لا تَعْرفُونَ مَتَى يَكُونُ الْوَقْتُ. كَأنمَا إنْسَانٌ مسَافِرٌ تَرَكَ بَيْت…
katameros:3820,reference,,,draft,0,,,وَلَا نُرِيد أَيُّهَا الْإِخْوَةُ أَنْ تَجْهَلُوا مَا يَخْتَصُّ بِالرَّاقِدِينَ، لِئَلَّا تَحْزَنُوا كَغَيْرِكُمْ مِمَّ…
katameros:3821,reference,,,draft,0,,,أَيُّهَا الأحِبَّاءُ، أَطْلُبُ إِلَيْكُمْ كَغُرَبَاءَ وَنُزَلَاءَ، أَنْ تَبْتَعِدُوا عَنِ الشَّهَوَاتِ الْجَسَدِيَّةِ ا…
katameros:3822,reference,,,draft,0,,,وَصَعِدَ بُطْرُسُ وَيُوحَنَّا إِلَى الْهَيْكَلِ فِي وَقْتِ صَلَاةِ السَّاعَةِ التَّاسِعَةِ. وَكَانَ رَجُلٌ أَعْرَجُ مِن…
katameros:3823,reference,,,draft,0,,,كَمثلِ مَا عَظُمَتْ أَعْمَالُكَ يَـــا رَبُّ، كُـــلَّ شَـــيْءٍ بِحِكْمَـــةٍ صَـــنَعْتَ. فَلْيَكُنْ مَجْدُ الرَّبِّ …
katameros:3824,reference,,,draft,0,,,وَإِذَا اثْنَانِ مِنْهُمْ كَانَا سَائِرَيْنِ فِي ذَلِكَ الْيَوْمِ إِلَى قَرْيَةٍ بَعِيدَةٍ مِنْ أُورُشَلِيمَ سِتِّينَ غ…
katameros:3825,reference,,,draft,0,,,لِأَنَّكَ فَرَّحْتَني يَا رَبُّ بِصَنِيعِكَ، وَبِأَعَمَالِ يَدَيْكَ أَبْتَهِجُ. كَمَا عَظُمَتْ أَعْمَالُكَ يَا رَبُّ، و…
katameros:3826,reference,,,draft,0,,,وَلَمَّا رَأَى يَسُوعُ أَنَّهُمْ مُهْتَمُّونَ بِأَنْ يَأْتُوا لِيَختَطِفُوهُ ويَجْعَلُوهُ مَلِكًا، انْصَرَفَ إِلَى الْج…
katameros:3827,reference,,,draft,0,,,اِعْتَرِفُوا لِلرَّبِّ وَادْعُوا بِاسْمِهِ. نَادُوا في الأُمَمِ بِأَعْمَالِهِ. سَبِّحُوهُ وَرَتِّلُوا لَهُ وَحَدِّثُوا …
katameros:3828,reference,,,draft,0,,,وَأَمَّا الْأَحَدَ عَشَرَ تِلْمِيذًا فَمَضَوْا إِلَى الْجَلِيلِ إِلَى الْجَبَلِ، الَّذِي وَعَدَهُمْ بِهِ يَسُوعُ. وَلَم…
katameros:3829,reference,,,draft,0,,,لِأَنَّ الْمَسِيحَ، لَمَّا كُنَّا بَعْدُ ضُعَفَاءَ، مَاتَ عَنِ الخُطَاةِ فِي الْوَقْتِ الْمُعَيَّنِ. لِأَنَّهُ بِالْجَه…
katameros:383,reference,,,draft,0,,,"لأَنهُ إذَا قَالَ وَاحِدٌ: "" أَنا لِبُولُسَ "" وَآخَرُ: "" أَنا لأَبلُّوسَ "" أَفَلَسْتُمْ بَشَرِيِّينَ؟

فَمَنْ هُوَ أَبل…"
katameros:3830,reference,,,draft,0,,,فَإذْ قَدْ تَألَّمَ الْمَسِيحُ بِالْجَسَدِ عَنَّا، تَسَلَّحُوا أَنْتُمْ أَيْضًا بِهذَا الْمِثَالِ. فَإِنَّ مَنْ تَألَّم…
katameros:3831,reference,,,draft,0,,,"فَفَتَحَ بُطْرُسُ فَاهُ وَقَالَ: "" إنِّي بِالْحَقِّ أرَى أَنَّ اللَّهَ لَا يَأخُذُ بِالْوُجُوهِ. بَلْ في كُلِّ أُمَّةٍ،…"
katameros:3832,reference,,,draft,0,,,وَلِيَفْرَحْ قَلْبُ الَّذِينَ يَلْتَمِسُونَ الرَّبَّ. ابْتَغُوا الرَّبَّ وَاعْتَزُّوا وَاطْلُبُوا وَجْهَهُ فِي كُــلِّ …
katameros:3833,reference,,,draft,0,,,وَلَمَّا قَامَ بَاكِرًا فِي الْيَوْمِ الأَوَّلِ مِنَ الأُسْبُوعِ ظَهَرَ أَوَّلًا لِمَرْيَمَ الْمَجْدَلِيَّةِ، الَّتِي أ…
katameros:3834,reference,,,draft,0,,,فِي العشَاءِ يَحِلُّ الْبُكَاءُ وَبِالْغَدَاةِ السُّرورُ. أَنَا قُلْتُ فِي نَعِيمِي إِنِّي لَا أُحَوَّلُ إِلَى الدَّهْر…
katameros:3835,reference,,,draft,0,,,"فَقَالَ لَهُمْ يَسُوعُ: "" هَلْ يَسْتَطِيعُ بَنُو الْعُرْسِ أَنْ يَنُوحُوا مَا دَامَ الْعَرِيسُ مَعَهُمْ؟ وَلكِنْ سَتَأْ…"
katameros:3836,reference,,,draft,0,,,أَخْرَجَ شَعْبَهُ بِالِابْتِهَاجِ. وَمُخْتَارِيهِ بِالْفَرَحِ. كَــيْ يَحْفَظُــوا حُقُوقَــهُ، ويَطْــلُبُــوا نَامُوس…
katameros:3837,reference,,,draft,0,,,كَانَ النُّورُ الْحَقِيقِيُّ الَّذِي يُنِيرُ كُلَّ إِنْسَانٍ آتِيًا إِلَى الْعَالَمِ. كَانَ في الْعَالَمِ، وَكُوِّنَ ال…
katameros:3838,reference,,,draft,0,,,وَهَذَا أَنَا أَقُولُهُ يَا إِخْوَتِي: إِنَّ اللَّحْمَ وَالدَّمَ لَا يَسْتَطِيعَانِ أَنْ يَرِثَا مَلَكُوتَ اللَّهِ، وَل…
katameros:3839,reference,,,draft,0,,,لِأَنَّهُ مِنْ أَجْلِ هَذَا الْخَلَاصِ قَدْ طَلَبَ الْأَنبِيَاءُ وَفَتَّشُوا، الَّذِينَ تَنبَّأُوا عَنِ النِّعْمَةِ الَ…
katameros:384,reference,,,draft,0,,,كَذلِكَ أَنْتُمْ أيهَا الشُّبَّانُ، اخْضَعُوا لِلشُّيُوخِ، وَكُونُوا جَمِيعاً مُتَسَرْبِلِينَ بِالتَّوَاضُعِ بَعْضُكُمْ…
katameros:3840,reference,,,draft,0,,,وَبَيْنَمَا هُمَا يُخَاطِبَانِ الشَّعْبَ، وَثَبَ عَلَيْهِمَا الْكَهَنَةُ وَجُنْدُ الْهَيْكَلِ وَالصَّدُّوقِيُّونَ، وَهُ…
katameros:3841,reference,,,draft,0,,,اِعْتَرِفُوا للرَّبِّ فَإِنَّهُ صَالِحٌ، وَأَنَّ إِلَى الأَبَدِ رَحْمَتَهُ. مَنْ يَقْدِرْ أَنْ يَصِفَ جَبَرُوتَ الرَّبِ…
katameros:3842,reference,,,draft,0,,,وَبَعْدَ هَذَا انْحَدَرَ إِلَى كَفْرَنَاحُومَ، هُوَ وأُمُّهُ وَإِخْوَتُهُ وَتَلَامِيذُهُ، وَأَقَامُوا هُنَاكَ أيَّامًا …
katameros:3843,reference,,,draft,0,,,سَمِعَتْ صِهْيَوْنُ فَفَرِحَتْ وَتَهلَّلَتْ بَنَاتُ الْيَهُودِيَّـــةِ، مِـــنْ أَجْـــلِ أَحْكَـــامِــكَ يَـــا رَبُّ…
katameros:3844,reference,,,draft,0,,,فَقَدَّمُوا إِلَيْهِ وَاحِدًا مَفْلُوجًا يَحْمِلُهُ أَرْبَعَةُ رِجَالٍ. وَإذْ لَمْ يَقْدِرُوا أَنْ يَدْخُلُوا بِهِ، مِن…
katameros:3845,reference,,,draft,0,,,اُذْكُرْنَا يَا رَبُّ بِمَسَرَّةِ شَـــعْبِكَ وَتَعهَّدْنـــا بِخَلَاصِـــكَ. لِنَنْظُرْ فِي صَلَاحِ مُخْتَارِيكَ. وَلِ…
katameros:3846,reference,,,draft,0,,,وَصَارَ بَعْدَ هذِهِ الأَقْوَالِ بِنَحْوِ ثَمَانِيَةِ أيَّـامٍ، أَنَّهُ أَخَذَ بُطْرُسَ وَيَعْقُوبَ وَيُوحَنَّا وَصَعِد…
katameros:3847,reference,,,draft,0,,,مِنْ أَجْلِ هَذَا أَنَا أَيْضًا إِذْ سَمِعْتُ بِإِيمَانِكُم بِرَبِّنَا يَسُوعَ، وَمَحَبَّــتِكُمْ لِجَمِيعِ الْقِدِّيسِ…
katameros:3848,reference,,,draft,0,,,وَالنِّهَايَةُ، كُونُوا جَمِيعًا بِرَأيٍ وَاحِدٍ، وَكُونُوا مُشْتَرِكِينَ في الآلَامِ. وَكُونُوا مُحِبِّينَ الْإِخْوَةَ…
katameros:3849,reference,,,draft,0,,,وَلَمَّا نَظَرُوا مُجَاهَرةَ بُطْرُسَ وَيُوحَنَّا، وَعَلِمُوا أَنَّهُمَا رَجُلانِ لَا يَعْرِفَانِ الكتابةَ وَأَنَّهُمَا…
katameros:385,reference,,,draft,0,,,وَكَانَ يُوجَدُ يَهُودِيٌّ اسْمُهُ أَبلُّوسُ، إسْكَنْدَرِيُّ الْجِنْسِ، رَجُلٌ فَصِيحٌ قَدُمَ إلى أَفَسُسَ مُقْتَدِرٌ ف…
katameros:3850,reference,,,draft,0,,,"مُبَارَكٌ الرَّبُّ إِلَهُ إِسْرَائِيلَ. مُنْذُ الأَزَلِ وَإِلَى الأَبَدِ. وَيَقُولُ كُلُّ الشَّعْبِ: "" لِيَكُنْ لِيَكُن…"
katameros:3851,reference,,,draft,0,,,وَلَمَّا صَارَ الْغَدُ مَضَى يَسُوعُ إِلَى مَدِينَةٍ تُدْعَى نَايِينَ، وَذَهَبَ مَعَهُ تَلَامِيذُهُ وَجَمْعٌ كَثِيرٌ. ف…
katameros:3852,reference,,,draft,0,,,فَمَنْ هُوَ رَبُّنَا؟ مِنْ أَجْلِ شَقَاءِ الْمَسَاكِينَ وَتَنَهُّدِ الْبَائِسِينَ. الْآنَ أَقُومُ يَقُولُ الرَّبُّ. أَص…
katameros:3853,reference,,,draft,0,,,النص بالعربي ثُمَّ قَامَ مِنَ الْمَجْمَعِ، وَدَخَلَ بَيْتَ سِمْعَانَ. وَكَانَتْ حَمَاةُ سِمْعَانَ بِحُمَّى شَدِيدَةٍ. ف…
katameros:3854,reference,,,draft,0,,,خَلِّصْنَا أَيُّهَا الرَّبُّ إِلَهُنَا. وَاجْمَعْنَا مِنْ بَيْنِ الأُمَمِ. لِنَعْتَرِفَ بِاسْمِكَ القُدُّوسِ. وَنَفْتَخ…
katameros:3855,reference,,,draft,0,,,"وَدَنَا إِلَيْهِ قَوْمٌ مِنَ الصَّدُّوقِيِّينَ، الَّذِينَ يَقُولُونَ بِعَدَمِ الْقِيَامَةِ، وَسَأَلُوهُ، قَائِلِينَ: "" …"
katameros:3856,reference,,,draft,0,,,"لنا "" مَذْبَحٌ "" لَا سُلْطَانَ لِلَّذِينَ يَخْدِمُونَ الْقُبَّةَ أَنْ يَأْكُلُوا مِنْهُ. لِأَنَّ الْحَيَوَانَاتِ الَّتِ…"
katameros:3857,reference,,,draft,0,,,وَأَمَّا كَلِمَةُ الرَّبِّ فَتَثْبُتُ إِلَى الْأَبَدِ. وَهَذِهِ هِيَ الْكَلِمَةُ الَّتِي بُشِّرْتُمْ بِهَا. فَاطْرَحُوا…
katameros:3858,reference,,,draft,0,,,إِنَّهُ أَقَامَهُ مِنْ بَيْنِ الْأَمْوَاتِ، وَلَنْ يَدَعَ الْفَسَادَ يَنَالُ مِنْهُ فِيمَا بَعْدُ، فَهَكَذَا قَالَ: إِن…
katameros:3859,reference,,,draft,0,,,اِعْتَرِفُوا لِلرَّبِّ فَإِنَّهُ صَالِحٌ، وَأَنَّ إِلَى الأَبَدِ رَحْمَتَهُ. فَلْيَقُلْ الَّذِينَ نَجَوْا مِنْ قِبَلِ ا…
katameros:386,reference,,,draft,0,,,فَمُ الصِّدِّيقِ يَتْلُو الْحِكْمَةَ، وَلِسَانُهُ يَنْطِقُ بِالْحُكْمِ. نَامُوسُ اللَّهِ في قَلْبِهِ. وَلا تَتَعَرْقَلُ…
katameros:3860,reference,,,draft,0,,,وَعِنْدَ فَجْرِ الْأَحَدِ ( أَوَّلِ الْأُسْبُوعِ ) أَتَيْنَ إِلَى الْقَبْرِ، إِذْ طَلَعَتِ الشَّمْسُ. وَكُنَّ يَقُلْنَ …
katameros:3861,reference,,,draft,0,,,مِنْ كُلِّ قَلْبِي طَلَبْتُكَ، فَلَا تُبْعِدْنِي مِنْ وَصَايَاكَ. أَخْفَيْتُ أَقْوَالَكَ فِي قَلْبِي، لِكَيْ لَا أُخْطِ…
katameros:3862,reference,,,draft,0,,,مَنْ يَأْكُلْ جَسَدِي وَيَشْرَبْ دَمِي فَلَهُ حَيَاةٌ أَبَدِيَّةٌ، وَأَنَا أُقِيمُهُ في الْيَوْمِ الأَخِيرِ؛ لِأَنَّ جَ…
katameros:3863,reference,,,draft,0,,,اِلْتَمَسْتُ اللَّهَ بِيَدَيَّ، فِي اللَّيْلِ قُدَّامَهُ، فَلَمْ أَطْغَ. وَلَمْ تَشَأْ نَفْسِي أَنْ تُعَزَّى. هَــلِّـل…
katameros:3864,reference,,,draft,0,,,فَلَمَّا كَانَتْ عَشِيَّةُ ذَلِكَ الْيَوْمِ، وَهُوَ الأَحَدُ ( أَوَّلُ الأُسْبُوعِ )، وَالْأَبْوَابُ مُغَلَّقَةٌ حَيْثُ…
katameros:3865,reference,,,draft,0,,,شَاكِرِينَ اللَّـهَ الآبَ الَّذِي جَعَلَنَا كُفاةً لِلدُّخُولِ فِي نَصِيبِ مِيرَاثِ الْقِدِّيسِينَ فِي النُّورِ، هَذَا …
katameros:3866,reference,,,draft,0,,,الَّذِي كَانَ مِنَ الْبَدْءِ، الَّذِي سَمِعْنَاهُ، الَّذِي رَأيْنَاهُ بِعُيُونِنَا، الَّذِي شَاهَدْنَاهُ، وَلَمَسَتْهُ …
katameros:3867,reference,,,draft,0,,,"فَأَجَابَ بُطْرُسُ وَيُوحَنَّا وَقَالَا لَهُمْ: "" إِنْ كَانَ عَدْلًا أَمَامَ اللَّهِ أَنْ نَسْمَعَ لَكُمْ أَكْثَرَ مِنَ…"
katameros:3868,reference,,,draft,0,,,يَدَاكَ صَنَعَتَانِي، وَجَبَلَتَانِي. فَهِّمْنِي، فَأَتَعَلَّمَ وَصَايَاكَ.   هَــلِّـلُـــويَـــا.
katameros:3869,reference,,,draft,0,,,وَصَارَ بَعْدَ هذِهِ الأَقْوَالِ بِنَحْوِ ثَمَانِيَةِ أيَّـامٍ، أَنَّهُ أَخَذَ بُطْرُسَ وَيَعْقُوبَ وَيُوحَنَّا وَصَعِد…
katameros:387,reference,,,draft,0,,,"وَقَالَ أيْضاً لِتَلامِيذِهِ: "" كَانَ إنْسَانٌ غَنِيٌّ لَهُ وَكِيلٌ، فَوُشِيَ بِهِ إلَيْهِ بِأَنهُ يُبَذِّرُ أَمْوَالَه…"
katameros:3870,reference,,,draft,0,,,سَبِّحُوا لَهُ تَسْبِيحًا جَدِيدًا. ورَتِّلُوا لَهُ حَسَنًا بِتَهْلِيلٍ؛ لِأَنَّ كَلِمَةَ الرَّبِّ مُسْتَقِيمَةٌ، وَكُل…
katameros:3871,reference,,,draft,0,,,وَحَدَثَ لَمَّا اجْتَمَعَتْ إِلَيْهِ الْجُمُوعُ لِيَسْمَعُوا كَلَامَ اللَّهِ، كَانَ هُوَ وَاقِفًا عِنْدَ بُحَيْرَةِ جَن…
katameros:3872,reference,,,draft,0,,,سَبِّحُوا الرَّبَّ تَسْبِيحًا جَدِيدًا. سَبِّحُوا الرَّبَّ يَا كُلَّ الأَرْضِ. سَبِّحُوا الرَّبَّ وَبَارِكُوا اسْـمَهُ.…
katameros:3873,reference,,,draft,0,,,بَعْدَ هَذَا أَظْهَرَ يَسُوعُ نَفْسَهُ مَرَّة أُخْرَى لِتَلَامِيذِهِ عَلَى بَحْرِ طَبَرِيَّةَ. ظَهَرَ هَكَذَا: كَانَ سِ…
katameros:3874,reference,,,draft,0,,,أَمَّا أَنْتُمْ فَمَا هَكَذَا تَعَلَّمْتُمُ الْمَسِيحَ، فَإِنَّكُمْ قَدْ سَمِعْتُمُوهُ وَتَعَلَّمْتُمْ مِنْهُ عَلَى حَس…
katameros:3875,reference,,,draft,0,,,يَا أَحِبَّائِي، أَكْتُبُ إِلَيْكُمْ لَا وَصِيَّةً جَدِيدَةً، بَلْ وَصِيَّةً قَدِيمَةً الَّتِي كَانَتْ عِنْدَكُمْ مِنَ …
katameros:3876,reference,,,draft,0,,,وَأَمَّا بُولُسُ فَكَانَ فِي أَثِينَا يَنْتَظِرُهُمَا فَاحْتَدَّتْ رُوحُهُ فِيهِ، إذْ رَأى الْمَدِينَةَ كَثيرةً في عِبَ…
katameros:3877,reference,,,draft,0,,,سَبِّحُوا الرَّبَّ تَسْبِيحًا جَدِيدًا؛ لِأَنَّ الرَّبَّ قَدْ صَنَعَ أَعْمَالًا عَجِيبَةً. هَلِّلُوا لِلرَّبِّ يَا كُلَ…
katameros:3878,reference,,,draft,0,,,فَلَمَّا كَانَتْ عَشِيَّةُ ذَلِكَ الْيَوْمِ، وَهُوَ الأَحَدُ ( أَوَّلُ الأُسْبُوعِ )، وَالْأَبْوَابُ مُغَلَّقَةٌ حَيْثُ…
katameros:3879,reference,,,draft,0,,,وَأَنَا أُومِنُ أَنِّي أُعَايِنُ خَيْرَاتِ الرَّبِّ، فِي أَرْضِ الْأَحْيَاءِ. اِصْطَبِرْ لِلرَّبِّ. تَقَوَّ وَلْيَتَشَد…
katameros:388,reference,,,draft,0,,,عَجِيبٌ هُوَ اللَّهُ في قِدِّيسِيهِ. إلَهُ إسْرَائِيلَ هُوَ يُعْطِي قُوَّةً وَعِزَّاً لِشَعْبِهِ. وَالصِّدِّيقُونَ يَفْ…
katameros:3880,reference,,,draft,0,,,وَبَعْدَمَا صَرَفَ الْجُمُوعَ صَعِدَ إِلَى الْجَبَلِ عَلَى انْفِرَادٍ لِيُصَلِّيَ. وَلَمَّا صَارَ الْمَسَاءُ كَانَ هُنَ…
katameros:3881,reference,,,draft,0,,,نُورٌ أَشْرَقَ فِي الظُّلْمَةِ لِلْمُسْتَقِيمِينَ. رَحِيمٌ وَرَؤُوفٌ هُوَ الرَّبُّ وَبَارٌّ. ذِكْرُ الصِّدِّيقِ يَكُونُ…
katameros:3882,reference,,,draft,0,,,وَلَمَّا رَكِبَ السَّفِينَةَ تَبِعَهُ تَلَامِيذُهُ. وَإِذَا اضْطِرَابٌ عَظِيمٌ قَدْ حَدَثَ فِي الْبَحْرِ حَتَّى كَادَتِ…
katameros:3883,reference,,,draft,0,,,بُولُسُ، عَبْدٌ لِيَسُوعَ الْمَسِيحِ، الْمَدْعُوُّ رَسُولًا، الْمُفْرَزُ لِإِنْجِيلِ اللَّهِ، الَّذِي سَبَقَ فَوَعَدَ ب…
katameros:3884,reference,,,draft,0,,,الَّذِي كَانَ مِنَ الْبَدْءِ، الَّذِي سَمِعْنَاهُ، الَّذِي رَأَيْنَاهُ بِعُيُونِنَا، الَّذِي شَاهَدْنَاهُ، وَلَمَسَتْهُ…
katameros:3885,reference,,,draft,0,,,وَبَيْنَمَا هُمَا يُخَاطِبَانِ الشَّعْبَ، وَثَبَ عَلَيْهِمَا الْكَهَنَةُ وَجُنْدُ الْهَيْكَلِ وَالصَّدُّوقِيُّونَ، وَهُ…
katameros:3886,reference,,,draft,0,,,وَأمَّا أَنَا فَمِسْكِينٌ وَفَقِيرٌ، اللَّهُمَّ أَعِنِّي. أَنْتَ مُعِينِي وَمُخَلِّصِي يَا رَبُّ، فَــلَا تُبْطِــــئْ.…
katameros:3887,reference,,,draft,0,,,الَّذِي يَأْتِي مِنْ فَوْقُ هُوَ فَوْقَ الْجَمِيعِ، وَالَّذِي مِنَ الْأَرْضِ هُوَ أَرْضِيٌّ، وَمِنَ الْأَرْضِ يَتَكَلَّ…
katameros:3888,reference,,,draft,0,,,قُمْ يَا رَبُّ، لِئَلَّا يَعْتَزَّ الْإِنْسَانُ. وَلْتُدَنِ الْأُمَمُ، أَمَامَكَ.   هَــلِّـلُـــويَـــا.
katameros:3889,reference,,,draft,0,,,"حِينَئِذٍ أَتَى التَّلَامِيذُ إِلَى يَسُوعَ عَلَى انْفِرَادٍ وَقَالُوا لَهُ: "" لِمَاذَا لَمْ نَقْدِرْ نَحْنُ أَنْ نُخْر…"
katameros:389,reference,,,draft,0,,,وَبَعَدَ ذلِكَ عَيَّنَ الرَّبُّ سَبْعِينَ آخَرِينَ، وَأَرْسَلَهُمُ اثْنَيْنِ اثْنَيْنِ أمَامَ وَجْهِهِ إلى كُلِّ مَدِين…
katameros:3890,reference,,,draft,0,,,قُمْ يَا رَبُّ بِرِجْزِكَ. وَارْتَفِعْ فِي أَقْطَارِ أَعْدَائِي. دِنِّي يَا رَبُّ عَلَى حَسَبِ بِرِّي، وَعَلَى قَدْرِ ع…
katameros:3891,reference,,,draft,0,,,"وَفِيمَا كَانَ يَسُوعُ مُجْتَازًا مِنْ هُنَاكَ، تَبِعَهُ أَعْمَيَانِ يَصِيحَانِ وَيَقُولَانِ: "" اِرْحَمْنَا يا ابْنَ دَ…"
katameros:3892,reference,,,draft,0,,,إِلَى جَمِيعِ السَّاكِنينَ فِي رُومِيَةَ، أحِبَّاءِ اللَّهِ، المَدْعُوِّينَ قِدِّيسِينَ: النِّعْمَةُ لَكُمْ وَالسَّلَام…
katameros:3893,reference,,,draft,0,,,فَإِنْ قُلْنَا: إِنَّ لَنَا شَرِكَةً مَعَهُ وَنَسْلُكُ في الظُّلْمَةِ، نَكْذِبُ وَلَسْنَا نَعْمَلُ الْحَقَّ. وَلكِنْ إِ…
katameros:3894,reference,,,draft,0,,,وَحَدَثَ فِي الْغَدِ أَنَّ الرُّؤَسَاءَ وَالشُّيُوخَ وَالْكَتَبَةَ اجْتَمَعُوا بِأُورُشَلِيمَ، مَعَ حَنَّانَ رَئِيسِ ال…
katameros:3895,reference,,,draft,0,,,اِسْتَيْقِظْ يَا رَبِّي وَإِلَهِي بِالأَمْرِ الَّذِي أَوْصَيْتَ، وليَحُطْ بِكَ مَجْمَعُ الشُّعُوبِ. وارْجِعْ إِلَى العُ…
katameros:3896,reference,,,draft,0,,,لِأَنَّ الْآبَ لَا يَدِينُ أَحَدًا، بَلْ قَدْ أَعْطَى الحُكْمَ كُلَّهُ للِابْنِ. لِكَيْ يُكْرِمَ كُلُّ أحَدٍ الِابْنَ ك…
katameros:3897,reference,,,draft,0,,,الرَّبُّ يَحْفَظُهُ وَيُحْيِيهِ، وَيَجْعَلُهُ فِي الْأَرْضِ مَغْبُوطًا. وَلَا يُسَلِّمُهُ، بِأَيْدِي أَعْدَائِهِ. هَــل…
katameros:3898,reference,,,draft,0,,,فَلَمَّا رَأَى الْجَمْعَ تَحَنَّنَ عَلَيْهِمْ، إِذْ كَانُوا مُنْزَعِجِينَ وَمُنْطَرِحِينَ كَخِرَافٍ لَا رَاعِيَ لَهَا. …
katameros:3899,reference,,,draft,0,,,يَا أَللَّهُ إِلَهِي إِلَيْكَ أُبَكِّرُ؛ لِأَنَّ نَفْسِي عَطِشَتْ إِلَيْكَ. هَكَذَا ظَهَرْتُ لَكَ فِي الْقُــدْسِ، لِأَ…
katameros:39,reference,,,draft,0,,,مِنْ أَفْوَاهِ الأَطْفَالِ وَالرُّضعَانِ هَيَّأتَ سُبْحَاً؛ لأني أَرَى السَّمَوَاتِ أَعْمَالَ أصَابِعِكَ، الْقَمَرَ وَا…
katameros:390,reference,,,draft,0,,,قِدِّيسُوكَ يُبَارِكُونَكَ. وَمَجْدَ مُلْكِكَ يَصِفُونَ. وَبِقُوَّتِكَ يَنْطِقُونَ. لِيُظْهِرُوا لِبَنِي البَشَرِ قُدْر…
katameros:3900,reference,,,draft,0,,,وَلَمَّا خَرَجَ مِنْ هُنَاكَ، قَدَّمُوا إِلَيْهِ أَخْرَسَ بِهِ شَيْطَانٌ. فَلَمَّا أَخْرَجَ الشَّيْطَانَ. تَكَلَّمَ الْ…
katameros:3901,reference,,,draft,0,,,لِأَنِّي مُشْتَاقٌ أَنْ أَرَاكُمْ، لِكَيْ أُعْطِيَكُمْ نِعْمَةً رُوحِيَّةً لِثَبَاتِكُمْ، أَعْنِي أَنْ نَشْتَرِكَ في تَ…
katameros:3902,reference,,,draft,0,,,يَا أَوْلَادِي، أَكْتُبُ إلَيْكُمْ هَذَا لِكَيْ لَا تُخْطِئُوا. وَإِنْ أَخْطَأَ أَحَدٌ فَلَنَا شَفِيعٌ عِنْدَ الآبِ، يَ…
katameros:3903,reference,,,draft,0,,,"حِينَئِذٍ امْتَلأَ بُطْرُسُ مِنَ الرُّوحِ القُدُسِ وَقَالَ لَهُمْ: "" يَا رُؤَسَاءَ الشَّعْبِ وَالشُّيُوخُ، إِنْ كُنَّا …"
katameros:3904,reference,,,draft,0,,,أَعْتَرِفُ لَكَ يَا رَبُّ مِنْ كُلِّ قَلْبي. وَأُحَدِّثُ بِجَمِيعِ عَجَائِبِكَ. أَفْرَحُ وَأَتَهَلَّلُ بِكَ. أُرَتِّـلُ…
katameros:3905,reference,,,draft,0,,,إِنْ كُنْتُ أَشْهَدُ لِنَفْسِي فَشَهَادَتِي لَيْسَتْ حَقًّا. الَّذِي يَشْهَدُ لِي هُوَ آخَرُ، وَأَنَا أَعْلَمُ أَنَّ شَ…
katameros:3906,reference,,,draft,0,,,قَدِ امْتَلَأْنَا وَقْتَ الْغَدَاةِ، مِنْ رَحْمَتِكَ. فَنَبْتَهِجُ وَنَفْرَحُ، كُلَّ أَيَّامِنَا.   هَــلِّـلُـــويَـــ…
katameros:3907,reference,,,draft,0,,,الْحَقَّ أَقُولُ لَكُمْ: إِنَّـهُ لَمْ يَقُمْ أَحَدٌ بَيْنَ الْمَوْلُودِينَ مِنَ النِّسَاءِ أَعْظَمُ مِنْ يُوحَنَّا الْ…
katameros:3908,reference,,,draft,0,,,فِي الْغَدَاةِ اسْتَمِعْ صَوْتِي. بِالْغَدَاةِ أَقِفُ أَمَامَكَ وَتَرَانِي؛ لِأَنَّكَ إِلَهٌ لَا تَشَاءُ الْإِثْمَ. وَل…
katameros:3909,reference,,,draft,0,,,أَمَّا يُوحَنَّا فَلَمَّا سَمِعَ في السِّجْنِ بِأَعْمَالِ الْمَسِيحِ أَرْسَلَ اثْنَيْنِ مِنْ تَلَامِيذِهِ، وَقَالَ لَهُ…
katameros:391,reference,,,draft,0,,,"وَفي الْغَدِ أيْضاً أرَادَ أنْ يَأتِيَ إلى الْجَلِيلِ، فَوَجَدَ فِيلُبُّسَ فَقَالَ لَهُ يَسُوعُ: "" اتْبَعْنِي "" وَكَانَ…"
katameros:3910,reference,,,draft,0,,,لِأَنِّي لَا أَسْتَحِي بِالْإِنْجِيلِ، لِأَنَّهُ قُوَّةُ اللَّهِ لِلْخَلَاصِ لِكُلِّ مَنْ يُؤْمِنُ: لِلْيَهُودِيِّ أَوَ…
katameros:3911,reference,,,draft,0,,,يَا أَحِبَّائِي، أَكْتُبُ إِلَيْكُمْ لَا وَصِيَّةً جَدِيدَةً، بَلْ وَصِيَّةً قَدِيمَةً الَّتِي كَانَتْ عِنْدَكُمْ مِنَ …
katameros:3912,reference,,,draft,0,,,وَلَمَّا نَظَرُوا مُجَاهَرةَ بُطْرُسَ وَيُوحَنَّا، وَعَلِمُوا أَنَّهُمَا رَجُلانِ لَا يَعْرِفَانِ الْكِتَابَةَ وَأَنَّه…
katameros:3913,reference,,,draft,0,,,مَنْ هُوَ الْإِنْسَانُ حَتَّى تَذْكُرَهُ، أَوِ ابْنُ الْإِنْسَانِ حَتَّى تَفْتَقِدَهُ؟! بِالْمَجْدِ وَالْكَرامَةِ، تَوَ…
katameros:3914,reference,,,draft,0,,,فَتِّشُوا الْكُتُبَ الَّتِي تَظُنُّونَ أَنَّ لَكُمْ فِيهَا حَيَاةً أَبَدِيَّةً. وَهِيَ الَّتِي تَشْهَدُ لِي. وَلَا تُرِ…
katameros:3915,reference,,,draft,0,,,مِنْ أَجْلِ هَذَا فَرِحَ قَلْبِي، وَتَهَلَّلَ لِسَانِي. وَأَيْضًا جَسَدِي، يَسْكُنُ عَلَى رَجَاءٍ. هَــلِّـلُـــويَـــا.
katameros:3916,reference,,,draft,0,,,"وَلَمَّا جَاءُوا إِلَى الْجَمْعِ تَقَدَّمَ إلَيْهِ رَجُلٌ جَاثِيًا عَلَى رُكْبَتِيهِ. قَائِلًا: "" يَا ربُّ، ارْحَمِ ابْ…"
katameros:3917,reference,,,draft,0,,,لِأَنَّكَ لَا تَتْرُكُ نَفْسِي فِي الجَحِيمِ. وَلَا تَدَعُ قُدُّوسَكَ يَرَى فَسَادًا. قَدْ عَرَّفْتَنِي طُرُقَ الْحَيَـ…
katameros:3918,reference,,,draft,0,,,مِنْ ذَلِكَ الوَقْتِ ابْتَدَأَ يَسُوعُ الْمَسِيحُ يُخْبِرُ تَلَامِيذَهُ أَنَّهُ يَنْبَغِي أَنْ يَذْهَبَ إِلَى أُورُشَلِ…
katameros:3919,reference,,,draft,0,,,إِذْ مَعْرِفَةُ اللَّهِ ظَاهِرَةٌ فِيهِمْ، لِأَنَّ اللَّهَ أَظْهَرَهَا لَهُمْ، لِأَنَّ أُمُورَهُ غَيْرَ الْمَنْظُورَةِ …
katameros:392,reference,,,draft,0,,,لأنهُ قَدْ ظَهَرَتْ نِعْمَةُ اللَّهِ مُخَلِّصِنَا لِجَمِيعِ النَّاسِ، مُعَلِّمَةً إيَّانَا أنْ نُنْكِرَ النِّفَاقَ وَال…
katameros:3920,reference,,,draft,0,,,وَأَمَّا مَنْ يُبْغِضُ أَخَاهُ فَهُوَ فِي الظَّلَامِ، وَفِي الظَّلَامِ يَسْلُكُ، وَلَا يَعْلَمُ أَيْنَ يَمْضِي؛ لِأَنَّ…
katameros:3921,reference,,,draft,0,,,"فَأَجَابَ بُطْرُسُ وَيُوحَنَّا وَقَالَا لَهُمْ: "" إِنْ كَانَ عَدْلًا أَمَامَ اللَّهِ أَنْ نَسْمَعَ لَكُمْ أَكْثَرَ مِنَ…"
katameros:3922,reference,,,draft,0,,,وَيَتَّكِلُ عَلَيْكَ الَّذِينَ يَعْرِفُونَ اسْمَكَ، فَلَا تَتْرُكْ طَالِبِيكَ يَا رَبُّ. رَتِّلُوا لِلرَّبِّ السَّاكِنِ…
katameros:3923,reference,,,draft,0,,,مَنْ يَأْكُلْ جَسَدِي وَيَشْرَبْ دَمِي فَلَهُ حَيَاةٌ أَبَدِيَّةٌ، وَأَنَا أُقِيمُهُ في الْيَوْمِ الأَخِيرِ؛ لِأَنَّ جَ…
katameros:3924,reference,,,draft,0,,,بِالنَّهَارِ يَأْمُرُ الرَّبُّ بِرَحْمَتِهِ وَبِاللَّيْلِ يُظْهِرُهَا. يا نَفْسِي تَوَكَّلِي عَلَى اللَّـهِ، فَإنِّي أَ…
katameros:3925,reference,,,draft,0,,,وَلَمَّا اقْتَرَبَ مِنْ أَرِيحَا كَانَ رَجُلٌ أَعْمَى جَالِسًا فِي الطَّرِيقِ يَسْتَعْطِي. فَلَمَّا سَمِعَ الْجَمْعَ ال…
katameros:3926,reference,,,draft,0,,,أَعْتَرِفُ لَكَ يَا رَبُّ مِنْ كُلِّ قَلْبِي، فِي مَشُورَةِ المُسْتَقِيمِينَ وَمَجْمَعِهِمْ. عَظِيمَةٌ هِيَ أَعْمالُ ال…
katameros:3927,reference,,,draft,0,,,وَالآبُ نَفْسُهُ الَّذِي أَرْسَلَنِي يَشْهَدُ لِي. لَمْ تَسْمَعُوا صَوْتَهُ قَطُّ، وَلَا رَأَيْتُمْ هَيْئَتَهُ، وَلَيْس…
katameros:3928,reference,,,draft,0,,,اُذْكُرْ يَسُوعَ الْمَسِيحَ الَّذِي قَامَ مِنْ بَيْنِ الْأَمْوَاتِ، مِنْ نَسْلِ دَاوُدَ بِحَسَبِ إِنْجِيلِي، الَّذِي أَ…
katameros:3929,reference,,,draft,0,,,لَمْ أَكْتُبْ إِلَيْكُمْ لِأَنَّكُمْ لَسْتُمْ تَعْلَمُونَ الْحَقَّ، بَلْ لِأَنَّـكُمْ تَعْرِفُونَهُ، وَأَنَّ كُلَّ كَذَ…
katameros:393,reference,,,draft,0,,,"مَنْ هُوَ الذِي يَغْلِبُ العَالَمَ، إلاَّ الذِي يُؤْمِنُ أنَّ يَسُوعَ هُوَ ابْنُ اللَّهِ؟

يَسُوعُ الْمَسِيحُ، هذا الَّ…"
katameros:3930,reference,,,draft,0,,,وَأَمَّا الكَنِيسَةُ فِي كُلِّ اليَهُودِيَّةِ وَالجَلِيلِ وَالسَّامِرَةِ فَكَانَ لَهَا سَلَامٌ، مَبْنِيَّةً وَسَائِرَةً…
katameros:3931,reference,,,draft,0,,,أَرْسَلَ كَلِمَتَهُ فَشَفَاهُمْ، وَخَلَّصَهُمْ مِنْ فَسَادِهِمْ. وَلْيَذْبَحُوا لَهُ، ذَبِيحَةَ التَّسْبِيحِ. هَــلِّـل…
katameros:3932,reference,,,draft,0,,,بَعْدَ هَذَا مَضَى يَسُوعُ إِلَى شَاطِئِ بَحْرِ الْجَلِيلِ، وَهُوَ بَحْرُ طَبَرِيَّةَ. وَتَبِعَهُ جَمْعٌ كَثِيرٌ؛ لِأَن…
katameros:3933,reference,,,draft,0,,,أَعْتَرِفُ لَكَ يَا رَبُّ مِنْ كُلِّ قَلْبِي، فِي مَشُورَةِ المُسْتَقِيمِينَ وَمَجْمَعِهِمْ. عَظِيمَةٌ هِيَ أَعْمالُ ال…
katameros:3934,reference,,,draft,0,,,فَلَمَّا كَانَ الْمَسَاءُ نَزَلَ تَلَامِيذُهُ إِلَى الْبَحْرِ، وَرَكِبُوا السَّفِينَةَ ذَاهِبِينَ إِلَى عَبْرِ الْبَحْر…
katameros:3935,reference,,,draft,0,,,الشُّكْرُ وَعِظَمُ الْبَهَاءِ هُوَ عَمَلُهُ. وَعَدْلُهُ دَائِمٌ إِلَى أَبَدِ الأَبَدِ. ذَكَرَ جَمِيعَ عَجَائِبِهِ. رَحِ…
katameros:3936,reference,,,draft,0,,,فَلَمَّا رَأَى الْجَمْعُ أَنَّ يَسُوعَ لَيْسَ هُنَاكَ وَلَا تَلَامِيذُهُ، رَكِبُوا هُمْ أَيْضًا فِي السُّفُنِ وَجَاءُوا…
katameros:3937,reference,,,draft,0,,,فَلَسْتُمْ إذًا بَعْدُ غُرَبَاءَ وَنُزَلَاءَ، بَلْ أَنْتُمْ شُرَكاءُ وَطَنِ الْقِدِّيسِينَ وَأَهْلِ بَيْتِ اللَّهِ، مَب…
katameros:3938,reference,,,draft,0,,,مَنْ يُؤْمِنُ بِابْنِ اللَّهِ فَشَهَادَةُ اللَّهِ ثَابِتَةٌ فِيهِ. وَمَنْ لَا يُصَدِّقُ اللَّهَ، فَقَدْ جَعَلَهُ كَاذِب…
katameros:3939,reference,,,draft,0,,,وَبَعْدَمَا انْتَهَى الِاضْطِرَابُ، دَعَا بُولُسُ التَّلَامِيذَ وَعَزَّاهُمْ وَوَدَّعَهُمْ، وَخَرَجَ لِيَذْهَبَ إِلَى م…
katameros:394,reference,,,draft,0,,,"ثُمَّ إنَّ مَلاكَ الرَّبِّ تَكَلَّمَ مَعَ فِيلُبُّسَ قَائِلاً: "" قُمْ وَاذْهَبْ وَقْتَ الظَّهِيرَةِ، عَلَى الطَّرِيقِ ا…"
katameros:3940,reference,,,draft,0,,,أَرْسَلَ خَلَاصًا لِشَعْبِهِ. أَمَرَ بِعَهْدِهِ إِلَى الأَبَدِ. اسْمُهُ قُدُّوسٌ وَمَرْهُوبٌ. رَأْسُ الْحِكْمَةِ مَخَاف…
katameros:3941,reference,,,draft,0,,,"فَقَالَ لَهُمْ يَسُوعُ: "" أَنَا هُوَ خُبْزُ الْحَيَاةِ. مَنْ يَأْتِي إِلَيَّ فَلَا يَجُوعُ، وَمَنْ يُؤْمِنُ بِي فَلَا ي…"
katameros:3942,reference,,,draft,0,,,أَمَّا الرَّبُّ فَصَنَعَ السَّمَاوَاتِ. الِاعْتِرَافُ وَالْبَهَاءُ قُدَّامَهُ. الطُّهْرُ وَالْجَمَالُ الْعَظِيمُ، فِي ق…
katameros:3943,reference,,,draft,0,,,"في تِلْكَ السَّاعَةِ تَقَدَّمَ التَّلَامِيذُ إِلَى يَسُوعَ قَائِلِينَ: "" مَنْ تُرَى هُوَ الأَعْظَمُ في مَلَكُوتِ السَّم…"
katameros:3944,reference,,,draft,0,,,السَّمَاوَاتُ تُذِيعُ مَجْدَ اللَّهِ، الْفَلَكُ يُخْبِرُ بِعَمَلِ يَدَيْهِ. يَوْمٌ إِلَى يَوْمٍ يُبْدِيِ قَوْلًا، وَلَي…
katameros:3945,reference,,,draft,0,,,"وَسَأَلَهُ تَلَامِيذُهُ قَائِلِينَ: "" لِمَاذَا يَقُولُ الْكَتَبَةُ: إِنَّ إِيلِيَّا هُوَ الَّذِي يَأْتِي أَوَّلًا؟ "" فَ…"
katameros:3946,reference,,,draft,0,,,وَلَا تَعْلَمُ أَنَّ لُطْفَ اللَّهِ إِنَّمَا يَقْتَادُكَ إِلَى التَّوْبَةِ؟ وَلَكِنَّكَ بِقَسَاوَتِكَ وَقَلْبِكَ غَيْرِ…
katameros:3947,reference,,,draft,0,,,إِنْ أَحَبَّ أَحَدٌ الْعَالَمَ فَلَيْسَتْ فِيهِ مَحَبَّةُ الْآبِ. لِأَنَّ كُلَّ مَا في العَالَمِ: شَهْوَةَ الْجَسَدِ، و…
katameros:3948,reference,,,draft,0,,,فَلَمَّا أُطْلِقَا أَتَيَا إِلَى ذَوِيِهِمَا وَأَخْبَرَاهُمْ بِمَا قَالَ لَهُمَا الرُّؤَسَاءُ وَالشُّيُوخُ. فَلَمَّا سَ…
katameros:3949,reference,,,draft,0,,,أَيُّهَا الرَّبُّ إلَهِي عَلَيْكَ تَوَكَّلْتُ، فَخَلِّصْنِي. أَعْتَرِفُ لِلرَّبِّ عَلَى حَسَبِ عَدْلِهِ، وَأُرَتِّلُ لِ…
katameros:395,reference,,,draft,0,,,طُوبَاهُمْ الَّذِينَ تُرِكَتْ لَهُمْ آثَامُهُمْ، وَالَّذِينَ سُتِرَتْ خَطَايَاهُمْ. طُوبَى لِلرَجُلِ الَّذِي لَمْ يَحْس…
katameros:3950,reference,,,draft,0,,,قَالَ هَذَا عَنِ الرُّوحِ الَّذِي كَانَ الْمُؤْمِنُونَ بِهِ مُزْمِعِينَ أَنْ يَقْبَلُوهُ، لِأَنَّ الرُّوحَ لَمْ يَكُنْ …
katameros:3951,reference,,,draft,0,,,هَيَّأُوا لِرجْلَيَّ فِخَاخًا. وَأَحْنَوْا نَفْسِي. حَفَرُوا قُدَّامَ وَجْهِي حُفْرَةً، وَسَقَطُوا فِيهَا. هَــلِّـلُــ…
katameros:3952,reference,,,draft,0,,,وَمَنْ أَعْثَرَ أَحَدَ هؤُلَاءِ الصِّغَارِ الْمُؤْمِنِينَ بِي، فَخَيْرٌ لَهُ أَنْ يُعَلَّقَ فِي عُنُقِهِ حَجَرُ رَحًى و…
katameros:3953,reference,,,draft,0,,,اِرْحَمْنِي يَا أللَّهُ ارْحَمْنِي، فَإِنَّهُ عَلَيْكَ تَوَكَّلَتْ نَفْسِي. اِرْتَفِعِ اللَّهُمَّ عَلَى السَّمَاوَات. و…
katameros:3954,reference,,,draft,0,,,فَالْحَقَّ أَقُولُ لَكُمْ: لَوْ كَانَ لَكُمْ إِيمَانٌ مِثْلُ حَبَّةِ خَرْدَلٍ لَكُنْتُمْ تَقُولُونَ لِهَذَا الْجَبَلِ: …
katameros:3955,reference,,,draft,0,,,وَأَمَّا الَّذِينَ هُمْ مِنْ أَهْلِ التَّحَزُّبِ، وَلَا يُطَاوِعُونَ لِلْحَقِّ بَلْ يَنْقَادُونَ لِلْظُلْمِ، فَسَخَطٌ و…
katameros:3956,reference,,,draft,0,,,أَيُّهَا الْأَوْلَادُ هَذِهِ هِيَ السَّاعَةُ الْأَخِيرَةُ. وَكَمَا سَمِعْتُمْ أَنَّ ضِدَّ الْمَسِيحِ يَأْتِي، فَقَدْ صَ…
katameros:3957,reference,,,draft,0,,,فَإِنَّهُ قَدِ اجْتَمَعَ بِالْحَقِيقَةِ فِي هَذِهِ الْمَدِينَةِ عَلَى فَتَاكَ الْقُدُّوسِ، الَّذِي مَسَحْتَهُ، هِيرُودُ…
katameros:3958,reference,,,draft,0,,,صَادِقَةٌ هِيَ مَعُونَتي مِنْ عِنْدِ اللَّهِ، الْمُنَجِّي الْمُسْتَقِيمينَ بِقَلْبِهِمْ. اللَّهُ قَاضٍ عَادِلٌ. وَقَوِي…
katameros:3959,reference,,,draft,0,,,"ثُمَّ كَلَّمَهُمْ أَيْضًا يَسُوعُ قَائِلًا: "" أَنَا هُوَ نُورُ الْعَالَمِ. مَنْ يَتْبَعْنِي لَا يَمْشِي فِي الظُّلْمَةِ…"
katameros:396,reference,,,draft,0,,,وَكَانَ إنْسَانٌ مِنَ الْفَرِّيسِيِّينَ اسْمُهُ نِيقُودِيمُوسُ، رَئِيسٌ لِلْيَهُودِ. هذَا أَتَى إلى يَسُوعَ لَيْلاً وَق…
katameros:3960,reference,,,draft,0,,,اِسْتَيْقِظْ يَا رَبُّ لِمَاذَا تَنَامُ؟ قُمْ وَلَا تُقْصِنَا عَنْكَ إِلَى الِانْقِضَاءِ. قُمْ يَا رَبُّ أَعِنَّا وَأَن…
katameros:3961,reference,,,draft,0,,,وَفِيمَا هُمْ خَارِجُونَ  مِنْ أَرِيحَا تَبِعَهُ جَمْعٌ كَثِيرٌ، وَإِذَا أَعْمَيَانِ جَالِسَانِ عَلَى الطَّرِيقِ. فَلَم…
katameros:3962,reference,,,draft,0,,,سَأَقُومُ سَحَرًا. أَعْتَرِفُ لَكَ في الشُّعُوبِ يَا رَبُّ. وَأُرَتِّلُ لَكَ في الْأُمَمِ؛ لِأَنَّ رَحْمَتَكَ قَدْ عَظُ…
katameros:3963,reference,,,draft,0,,,وَفِيمَا كَانَ يَسُوعُ صَاعِدًا إِلَى أُورُشَلِيمَ، أَخَذَ الِاثْنَيْ عَشَرَ تِلْمِيذًا عَلَى انْفِرَادٍ فِي الطَّرِيقِ…
katameros:3964,reference,,,draft,0,,,والْأُمَمُ الَّذِينَ لَيْسَ عِنْدَهُمُ النَّامُوسُ، إِذَا عَمِلُوا بِالطَّبِيعَةِ بِمَا هُوَ فِي النَّامُوسِ، فَهَؤُلَا…
katameros:3965,reference,,,draft,0,,,لَمْ أَكْتُبْ إلَيْكُمْ لِأَنَّكُمْ لَسْتُمْ تَعْلَمُونَ الْحَقَّ، بَلْ لِأَنَّـكُمْ تَعْرِفُونَهُ، وَأَنَّ كُلَّ كَذَّ…
katameros:3966,reference,,,draft,0,,,وَكَانَ الجْمُهُورُ الَّذِينَ آمَنُوا قَلْبًا وَاحِدًا وَنَفْسًا وَاحِدَةً، وَلَمْ يَكُنْ أَحَدٌ مِنْهُمْ يَقُولُ إِنَّ…
katameros:3967,reference,,,draft,0,,,حَيٌّ هُوَ الرَّبُّ وَمُبَارَكٌ هُوَ إِلهِي، وَيَتَعَالَى إِلَهُ خَلَاصِي. مِنْ أَجْلِ هَذَا أَعْتَرِفُ لَكَ يَا رَبُّ …
katameros:3968,reference,,,draft,0,,,"فَكَانَ يَقُولُ لَهُمْ: "" أَنْتُمْ أَنْتُمْ مِنْ أَسْفَلُ، أَمَّا أَنَا، فأَنَا مِنْ فَوْقُ. أَنْتُمْ أَنْتُمْ مِنْ هَذ…"
katameros:3969,reference,,,draft,0,,,لِرَحْمَتِكَ وَحُكْمِكَ أُسَبِّحُكَ يَا رَبُّ. أَتَرَنَّمُ وَأَتَفَهَّمُ فِي طَرِيقٍ بِلَا عَيْبٍ. وَعِنْدَ مَيَلَانِ ا…
katameros:397,reference,,,draft,0,,,الَّذِي يُعَلِّمُ يَدَيَّ الْقِتَالَ، وَجَعَلَ سَاعِدَيَّ أقْوَاسَاً مِنْ نُحَاسٍ. وَمَنْطَقْتَنِي قُوَّةً في الْحَرْبِ…
katameros:3970,reference,,,draft,0,,,وَحَدَثَ لَمَّا أَكْمَلَ يَسُوعُ هذِهِ الأمْثَالَ انْتَقَلَ مِنْ هُنَاكَ. وَلَمَّا دَخَلَ إِلَى وَطَنِهِ كَانَ يُعَلِّم…
katameros:3971,reference,,,draft,0,,,فِي أَوْقَاتِ الْغَدَوَاتِ، كُنتُ أَقْتُلُ جَمِيعَ خُطَاةِ الأَرْضِ؛ لأُبِيدَ مِنْ مَدِينَةِ الرَّبِّ، جَمِيـــعَ صَـــ…
katameros:3972,reference,,,draft,0,,,أَمَّا الْفَرِّيسِيُّونَ فَلَمَّا سَمِعُوا أَنَّهُ أَبْكَمَ الصَّدُّوقِيِّينَ اجْتَمَعُوا مَعًا، وَسَأَلَهُ وَاحِدٌ مِن…
katameros:3973,reference,,,draft,0,,,فَإِنْ كُنْتَ يَا هَذَا تُدْعَى يَهُودِيًّا، وَتَعْتَمِدُ عَلَى النَّامُوسِ، وَتَفْتَخِرُ باللَّهِ، وَتَعْرِفُ مَشِيئَت…
katameros:3974,reference,,,draft,0,,,كَتَبْتُ إِلَيْكُمْ هَذَا عَنِ الَّذِينَ يُضِلُّونَكُمْ. وَأَمَّا أَنْتُمْ فَالْمَسْحَةُ الَّتِي أَخَذْتُمُوهَا مِنْهُ …
katameros:3975,reference,,,draft,0,,,وَإِنَّ رَجُلًا اسْمُهُ حَنَانِيَّا، مَعَ سَفِّيرَةَ امْرَأَتِهِ، بَاعَ مِلْكًا وَاخْتَلَسَ مِنْ ثَمَنِ الْحَقْلِ، وَام…
katameros:3976,reference,,,draft,0,,,نَفْسُنَا تَنْتَظِرُ الرَّبَّ في كُلِّ حِينٍ؛ لِأَنَّهُ هُوَ مُعِيِنُنَا وَنَاصِرُنَا. وَبِهِ يَفْرَحُ قَلْبُنَا؛ لِأَن…
katameros:3977,reference,,,draft,0,,,"قَالَ لَهُمْ يَسُوعُ: "" مَتَى رَفَعْتُمُ ابْنَ الْإِنْسَانِ، فَحِينَئذٍ تَعْلَمُونَ أَنِّي أَنَا هُوَ، وَلَسْتُ أَفْعَل…"
katameros:3978,reference,,,draft,0,,,الرَّبُّ يَحُلُّ الْمُقَيَّدِينَ. الرَّبُّ يُقِيمُ السَّاقِطِينَ. الرَّبُّ يُحَكِّمُ الْعُمْيَانَ. الرَّبُّ يُحِبُّ الص…
katameros:3979,reference,,,draft,0,,,"حِينَئِذٍ ابْتَدَأَ يُوَبِّــخُ الْمُدُنَ الَّتِي صُنِعَتْ فِيهَا أَكْثَرُ قُوَّاتِهِ لِأَنَّهُمْ لَمْ يَتُوبُوا: "" وَي…"
katameros:398,reference,,,draft,0,,,هَا أَنَا أُرْسِلُكُمْ كَخِرَافٍ في وَسَطِ ذِئَابٍ فَكُونُوا حُكَمَاءَ كَالْحَيَّاتِ وَبُسَطَاءَ كَالْحَمَامِ. وَاحْذَر…
katameros:3980,reference,,,draft,0,,,سَبِّحِي يَا نَفْسِي الرَّبَّ. أُسَبِّحُ الرَّبَّ في حَيَاتِي. طُوبَى لِمَنْ إِلَهُ يَعْقُوبَ مُعِينُهُ، وَاتِّكَالُـــ…
katameros:3981,reference,,,draft,0,,,"وَفِيمَا كَانَ الْفَرِّيسِيُّونَ مُجْتَمَعِينَ مَعًا سَأَلَهُمْ يَسُوعُ قَائِلًا: "" مَاذَا تَظُنُّونَ فِي الْمَسِيحِ؟ ا…"
katameros:3982,reference,,,draft,0,,,إِنَّ الْخِتَانَ يَنْفَعُ إِنْ عَمِلْتَ بِالنَّامُوسِ. وَلَكِنْ إِنْ كُنْتَ تَتَعَدَّى النَّامُوسَ، فَقَدْ صَارَ خِتَان…
katameros:3983,reference,,,draft,0,,,يَا أَحْبَّائِي، الْآنَ نَحْنُ أَوْلادُ اللَّهِ، وَلَمْ يُظْهَرْ بَعْدُ مَاذَا سَنَكُونُ؟ وَلكِنْ نَعْلَمُ أَنَّهُ إِذَ…
katameros:3984,reference,,,draft,0,,,فَلَمَّا سَمِعَ حَنَانِيَّا هَذَا الْكِلَامَ سَقَطَ وَمَاتَ. فَوَقَعَ خَوْفٌ عَظِيمٌ عَلَى جَمِيعِ الَّذِينَ سَمِعُوا ب…
katameros:3985,reference,,,draft,0,,,أَعْتَرِفُ لَكَ أَيُّهَا الرَّبُّ إِلَهِي مِنْ كُلِّ قَلْبِي، وَأُمَجِّدُ اسْمَكَ إِلَى الْأَبَدِ. لِأَنَّكَ أَنْتَ عَظ…
katameros:3986,reference,,,draft,0,,,"وَكَانَ يَسُوعُ يَقُولُ لِليَهُودِ الَّذِينَ آمَنُوا بِهِ: "" إِنْ أَنْتُمْ ثَبَتُّمْ في كَلَامِي فَبِالْحَقِيقَةِ أَنْت…"
katameros:3987,reference,,,draft,0,,,سَأُفَهِّمُكَ، وَأُعَلِّمُكَ، الطَّرِيقَ الَّتِي تَسْلُكُ فِيهَا. وَأُثَبِّتُ عَلَيْكَ عَيْنِيَّ.   هَــلِّـلُـــويَـــ…
katameros:3988,reference,,,draft,0,,,ثُمَّ انْتَقَلَ يَسُوعُ مِنْ هُنَاكَ، وَجَاءَ إِلَى جَانِبِ بَحْرِ الْجَلِيلِ، وَصَعِدَ إِلَى الْجَبَلِ وَجَلَسَ هُنَاك…
katameros:3989,reference,,,draft,0,,,اِعْتَرِفوا للرَّبِّ فَإِنَّهُ صَالِحٌ، وَأَنَّ إِلَى الأَبَدِ رَحْمَتَهُ. فَلْيَقُلْ الَّذِينَ نَجَوْا، مِنْ قِبَلِ ال…
katameros:399,reference,,,draft,0,,,تَقَلَّدْ سَيْفَكَ عَلَى فَخْذِكَ أيهَا الْقَويُّ. بِحُسْنِكَ وَجَمَالِكَ اسْتَلَّهُ وَانْجَحْ وَامْلِكْ. كُرْسِيُّكَ ي…
katameros:3990,reference,,,draft,0,,,فَلَمَّا صَعِدَ إِخْوَتُهُ إِلَى الْعِيدِ، حِينَئِذٍ صَعِدَ هُوَ أَيْضًا، لَا ظَاهِرًا بَلْ مُسْتَتِرًا. وَأَمَّا الْيَ…
katameros:3991,reference,,,draft,0,,,وَالَّذِي يَمْنَحُكُمْ الرُّوحَ، ويَعْمَلُ قُوَّاتٍ فِيكُمْ، أَبِأَعْمَالِ النَّامُوسِ أَمْ بِسَمَاعِ الْإِيمَانِ؟  كَم…
katameros:3992,reference,,,draft,0,,,يَا أَحْبَّائِي، الْآنَ نَحْنُ أَوْلادُ اللَّهِ، وَلَمْ يُظْهَرْ بَعْدُ مَاذَا سَنَكُونُ؟ وَلكِنْ نَعْلَمُ أَنَّهُ إِذَ…
katameros:3993,reference,,,draft,0,,,وَجَرَتْ عَلَى أَيْدِي الرُّسُلِ آياتٌ وَعَجَائِبُ كَثِيرَةٌ فِي الشَّعْبِ. وَكَانَ الْجَمِيعُ مُجْتَمِعِينَ بِنَفْسٍ و…
katameros:3994,reference,,,draft,0,,,يُكَمِّلُ الرَّبُّ جَمِيعَ سُؤَالَاتِكَ. الْآنَ عَلِمْتُ أَنَّ الرَّبَّ قَدْ خَلَّصَ مَسِيحَهُ. يَسْتَجِيبُ لَهُ مِنْ س…
katameros:3995,reference,,,draft,0,,,الْحَقَّ الْحَقَّ أَقُولُ لَكُمْ: إِنَّ مَنْ يُؤْمِنُ بِي فَلَهُ حَيَاةٌ أَبَدِيَّةٌ. أَنَا هُوَ خُبْزُ الْحَيَاةِ. آبَ…
katameros:3996,reference,,,draft,0,,,أَحْبَبْتُ أَنْ يَسْمَعَ الرَّبُّ، صَوْتَ تَضَرُّعِي؛ لِأَنَّهُ أَمَالَ بِسَمْعِهِ إِلَيَّ، فَدَعَوْتُهُ فِي أَيَّامِي.…
katameros:3997,reference,,,draft,0,,,"ثُمَّ كَلَّمَهُمْ أَيْضًا يَسُوعُ قَائِلًا: "" أَنَا هُوَ نُورُ الْعَالَمِ. مَنْ يَتْبَعْنِي لَا يَمْشِي فِي الظُّلْمَةِ…"
katameros:3998,reference,,,draft,0,,,"بِاسْمِ الرَّبِّ دَعَوْتُ: "" يَا رَبُّ نَجِّ نَفْسِي "". الرَّبُّ هُوَ رَحِيمٌ وَبَارٌ وَإِلَهُنَا يَرْحَمُ. الَّذِي يَح…"
katameros:3999,reference,,,draft,0,,,"قَالَ لَهُمْ يَسُوعُ أَيْضًا: "" أَنَا أَمْضِي وَسَتَطْلُبُونَنِي، وَلَا تَجِدُونَنِي، وَتَمُوتُونَ فِي خَطَايَاكُمْ. وَ…"
katameros:4,reference,,,draft,0,,,"وَكانَ تَلاَمِيذُ يُوحَنَّا وَالْفَرِّيسِيونَ يَصُومُونَ، فَجَاءُوا وَقَالُوا لَهُ: "" لِمَاذا تَلامِيذُ يُوحَنَّا وَالْ…"
katameros:40,reference,,,draft,0,,,"قَالَتْ لَهُ الْمَرْأَةُ: "" يَا سَيِّدي أَعْطِنِي هذَا الْمَاءَ؛ لِكَيْ لا أَعْطَشَ وَلا آتِيَ إلى هُنَا لأَسْتَقِيَ "".…"
katameros:400,reference,,,draft,0,,,وَلَمَّا صَارَ الْغَدُ مَضَى يَسُوعُ إلى مَدِينَةٍ تُدْعَى نَايِينَ، وَذَهَبَ مَعَهُ تَلاَمِيذُهُ وَجَمْعٌ كَثِيرٌ. فَل…
katameros:4000,reference,,,draft,0,,,فَإِنْ كُنْتُمْ قَدْ قُمْتُمْ مَعَ الْمَسِيحِ، فَاطْلبُوا مَا فَوْقُ، حَيْثُ الْمَسِيحُ جَالِسٌ عَنْ يَمِينِ اللَّهِ. و…
katameros:4001,reference,,,draft,0,,,لَا تَتَعَجَّبُوا أَيُّهَا الْإِخْوَةُ إِنْ كَانَ الْعَالَمُ يُبْغِضُكُمْ. قَدْ عَلِمْنَا أَنَّنَا انْتَقَلْنَا مِنَ ال…
katameros:4002,reference,,,draft,0,,,أَنْتُمْ تَعْرِفُونَ الْقَوْلَ الَّذِي كَانَ في كُلِّ اليَهُودِيَّةِ مُبْتَدِئًا مِنَ الْجَلِيلِ، بَعْدَ الْمَعْمُودِيَ…
katameros:4003,reference,,,draft,0,,,الرَّبُّ ذَكَرَنَا وَبَارَكَنَا. بَارَكَ بَيْتَ إسْرَائِيلَ، بَارَكَ بَيْتَ هَارُونَ. بَارَكَ الَّذِينَ يَخَافُــونَ ال…
katameros:4004,reference,,,draft,0,,,وَلَمَّا عَلِمَ الرَّبُّ أَنَّ الْفَرِّيسِيِّينَ قَدْ سَمِعُوا أَنَّ يَسُوعَ يَتَّخِذُ تَلَامِيذَ وَيُعَمِّدُ أَكْثَرَ …
katameros:4005,reference,,,draft,0,,,لِمَاذَا أَنْتِ حَزِينَةٌ يَا نَفْسِي؟ وَلِمَاذَا تُزْعِجِينَنِي؟ تَوَكَّلِي عَلَى اللَّهِ فَإِنِّي أَعْتَرِفُ لَهُ. خَ…
katameros:4006,reference,,,draft,0,,,وَهَذِهِ الْآيَاتُ تَتْبَعُ الْمُؤْمِنِينَ: بِاسْمِي يُخْرِجُونَ الشَّيَاطِينَ، وَيَتَكَلَّمُونَ بِأَلْسِنَةٍ جَدِيدَةٍ…
katameros:4007,reference,,,draft,0,,,أَرْسِلْ نَوُرَكَ وَحَقَّكَ، فَإِنَّهُمَا أَهْدَيَانَنِي، وَأَصْعَدَانَنِي إِلَى جَبَلِكَ الْمُقَدَّس، وَإِلَى مَسْكَنِ…
katameros:4008,reference,,,draft,0,,,"وَقَالَ لَهُمْ: "" بِمَاذَا نُشَبِّهُ مَلَكُوتَ اللَّـهِ؟ وَبِأَيِّ مَثَلٍ نُمَثِّلُهُ؟ إِنَّهُ كَحَبَّةِ الخَرْدَلِ، مَ…"
katameros:4009,reference,,,draft,0,,,أَمَّا الَّذِي يَعْمَلُ فَلَا تُحْسَبُ لَهُ الْأُجْرَةُ عَلَى سَبِيلِ نِعْمَةٍ، بَلْ كَأَنَّهَا دَيْنٌ. وَأَمَّا الَّذِ…
katameros:401,reference,,,draft,0,,,فَاشْتَرِكْ أَنْتَ في احْتِمَالِ الآلامِ كَجُنْدِيٍّ صَالِحٍ لِلْمَسِيحِ يَسُوعَ. لأنهُ لَيْسَ أَحَدٌ وَهُوَ يَتَجَنَّد…
katameros:4010,reference,,,draft,0,,,لِأَجْلِ هَذَا ظَهَرَ ابْنُ اللَّهِ لِكَيْ يَنْقُضَ أَعْمَالَ إِبْلِيسَ. كُلُّ مَنْ وُلِدَ مِنَ اللَّهِ لَا يَفْعَلُ خَ…
katameros:4011,reference,,,draft,0,,,فَلَمَّا سَمِعُوا بَكَّرُوا وَدَخَلُوا الْهَيْكَلَ وَكَانُوا يُعَلِّمُونَ. ثُمَّ جَاءَ رَئِيسُ الْكَهَنَةِ وَكُلُّ الَّ…
katameros:4012,reference,,,draft,0,,,سِرَاجٌ لِرِجْلَيَّ هُوَ نَامُوسُكَ، وَنُورٌ لِسُبُلِي. فَلْيُضِئْ وَجْهُكَ عَلَى عَبْدِكَ، وَعَلِّمْنِـي حُـقُـوقَــكَ…
katameros:4013,reference,,,draft,0,,,"قَالَ لَهُمْ يَسُوعُ: "" لَوْ كُنْتُمْ أَنْتُمْ أَبْنَاءَ إبْرَاهِيمَ، لَكُنْتُمْ تَعْمَلُونَ أَعْمَالَ إبْرَاهِيمَ! وَأ…"
katameros:4014,reference,,,draft,0,,,لِيَتَرَاءَفِ اللَّهُ عَلَيْنَا وَيُبَارِكْنَا. وَلِيُظْهِرْ وَجْهَهُ عَلَيْنَا وَيَرْحَمْنَا. لِيُعْرَفَ فِي الْأَرْضِ…
katameros:4015,reference,,,draft,0,,,"وَفِي ذَلِكَ الْيَوْمِ لَمَّا كَانَ الْمَسَاءُ، قَالَ لَهُمْ: "" لِنَجْتَزْ إِلَى الْعَبْرِ "". فَتَرَكُوا الْجَمْعَ وَأَ…"
katameros:4016,reference,,,draft,0,,,فَلْتَعْتَرِفْ لَكَ الشُّعُوبُ يَا أللَّهُ، فَلْتَعْتَرِفْ لَكَ الشُّعُوبُ جَمِيعًا. لِيُبَارِكْنَا اللَّهُ إِلَهُنَا. …
katameros:4017,reference,,,draft,0,,,"فَأَتَى إِلَيْهِ أَبْرَصُ يَطْلُبُ إِلَيْهِ سَاجِدًا وَقَائِلًا لَهُ: "" إِنْ أَرَدْتَ تَقْدِرْ أَنْ تُطَهِّرَنِي "". فَت…"
katameros:4018,reference,,,draft,0,,,وَنَحْنُ نَعْلَمُ أَنَّ كُلَّ مَا يَقُولُهُ النَّامُوسُ فَهُوَ يُكَلِّمُ بِهِ الَّذِينَ فِي النَّامُوسِ، لِكَيْ يَسْتَد…
katameros:4019,reference,,,draft,0,,,لَا تَتَعَجَّبُوا أَيُّهَا الْإِخْوَةُ إِنْ كَانَ الْعَالَمُ يُبْغِضُكُمْ. قَدْ عَلِمْنَا أَنَّنَا انْتَقَلْنَا مِنَ ال…
katameros:402,reference,,,draft,0,,,وَالنِّهَايَةُ، كُونُوا جَمِيعَاً بِرَأيٍ وَاحِدٍ، وَكُونُوا مُشْتَرِكِينَ في الآلامِ. وَكُونُوا مُحِبِّينَ الإخْوَةَ، …
katameros:4020,reference,,,draft,0,,,"فَلَمَّا أَحْضَرُوهُمْ، أَوْقَفُوهُمْ فِي الْمَجْمَعِ. فَسَأَلَهُمْ رَئِيسُ الْكَهَنَةِ قَائِلًا: "" أَمَا أَوْصَيْنَاكُ…"
katameros:4021,reference,,,draft,0,,,اللَّهُمَّ بِاسْمِكَ خَلِّصْنِي، وَبِقُوَّتِكَ اُحْكُمْ لِي. اِسْتَمِعْ يَا أللَّهُ صَلَاتِي، وَأَنْصِتْ إِلَى كَلَامِ …
katameros:4022,reference,,,draft,0,,,"الْحَقَّ الْحَقَّ أَقُولُ لَكُمْ: "" إِنْ كَانَ أَحَدٌ يَحْفَظُ كَلَامِي فَلَنْ يَرَى الْمَوْتَ إِلَى الْأَبَدِ "". فَقَا…"
katameros:4023,reference,,,draft,0,,,اُذْكُرْ كَلَامَكَ لِعَبْدِكَ، الَّذِي عَلَيْهِ أَتْكَلْتَنِي. هَذَا الَّذِي عَزَّانِي فِي مَذَلَّتِي؛ لِأَنَّ قَوْلَكَ…
katameros:4024,reference,,,draft,0,,,وَلَمَّا صَارَ الْمَسَاءُ كَانَتِ السَّفِينَةُ فِي وَسَطِ الْبَحْرِ، وَهُوَ وَحْدَهُ كَانَ عَلَى الشَّاطِئِ. فَلَمَّا ر…
katameros:4025,reference,,,draft,0,,,ضَعْ لِي يَا رَبُّ نَامُوسًا فِي طَرِيقِ حُقُوقِكَ، فَأَطْلُبَهُ فِي كُلِّ حِينٍ. فَهِّمْنِي فَأَفْحَصَ نَامُوسَكَ، وَأ…
katameros:4026,reference,,,draft,0,,,فَجَاءَتْ أُمُّهُ وَإخْوَتُهُ وَوَقَفُوا خَارِجًا وَأَرْسَلُوا إلَيْهِ يَدْعُونَهُ. وَكَانَ الْجَمْعُ جَالِسًا حَوْلَهُ…
katameros:4027,reference,,,draft,0,,,وَلَكِنِ الآنَ فِي الْمَسِيحِ يَسُوعَ، أَنْتُمُ الَّذِينَ كُنْتُمْ قَبْلًا بَعِيدِينَ، صِرْتُمْ قَرِيبِينَ بِدَمِ الْمَ…
katameros:4028,reference,,,draft,0,,,وَلكِنْ قَبْلَ كُلِّ شَيْءٍ، فَلْتَكُنِ الْمَحَبَّةُ دَائِمَةً فِيكُمْ بَعْضِكُمْ لِبَعْضٍ؛ لِأَنَّ الْمَحَبَّةَ تَسْتُ…
katameros:4029,reference,,,draft,0,,,وَبَعْدَمَا انْتَهَى الِاضْطِرَابُ، دَعَا بُولُسُ التَّلَامِيذَ وَعَزَّاهُمْ وَوَدَّعَهُمْ، وَخَرَجَ لِيَذْهَبَ إِلَى م…
katameros:403,reference,,,draft,0,,,فَتَشاورَ الْجُنْدُ كَيْ يَقْتُلُوا الأَسْرَى لِئَلاَّ يَسْبَحَ أَحَدٌ مِنْهُمْ فَيَهْرُبَ. وَلكِنَّ قَائِدَ الْمِئَةِ،…
katameros:4030,reference,,,draft,0,,,أَمَّا اللَّهُ فَهُوَ مَلِكُنَا قَبْلَ الدُّهُورِ. صَنَعَ خَلاصًا فِي وَسَطِ الْأَرْضِ. أَنْتَ شَدَّدْتَ البَحْرَ بِقُو…
katameros:4031,reference,,,draft,0,,,وَلَمَّا كَانَ الْعِيدُ قَدِ انْتَصَفَ، صَعِدَ يَسُوعُ إِلَى الْهَيْكَلِ، وَكَانَ يُعَلِّمُ. وَكَانَ الْيَهُودُ يَتَعَج…
katameros:4032,reference,,,draft,0,,,إِذَا مَا أَعْطَى أَحِبَّاءَهُ، نَوْمًا. هُوَذَا مِيرَاثُ الرَّبِّ، الْبَنُونَ.   هَــلِّـلُـــويَـــا.
katameros:4033,reference,,,draft,0,,,وَاجْتَمَعَ إِلَيْهِ الْفَرِّيسِيُّونَ وَقَوْمٌ مِنَ الْكَتَبَةِ الَّذِينَ جَاءُوا مِنْ أُورُشَلِيمَ. فَرَأَوْا بَعْضًا…
katameros:4034,reference,,,draft,0,,,اسْجُدُوا لَهُ يَا جَمِيعَ مَلَائِكَتِهِ. سَمِعَتْ صِهْيَوْنُ فَفَرِحَتْ، وَتَهلَّلَتْ بَنَاتُ الْيَهُودِيَّـــةِ، مِــ…
katameros:4035,reference,,,draft,0,,,"وَكَانَ يَقُولُ لَهُمْ: "" هَلْ يُوقَدُ سِرَاجٌ لِيُوْضَعَ تَحْتَ الْمِكْيَالِ أوْ تَحْتَ السَّرِيرِ؟ ألَيْسَ لِكَيْ يُو…"
katameros:4036,reference,,,draft,0,,,بِرُّ اللَّهِ الَّذِي بِالْإِيمَانِ بِيَسُوعَ الْمَسِيحِ، في جَمِيعِ الَّذِينَ يُؤْمِنُونَ؛ لِأَنَّهُ لَا يُوجَدُ فَرْق…
katameros:4037,reference,,,draft,0,,,يَا أَوْلَادِي، لَا نُحِبَّ بِالْكَلَامِ وَلَا بِاللِّسَانِ، بَلْ بِالْعَمَلِ وَالْحَقِّ! وَبِهَذَا نَعْرِفُ أَنَّنَا م…
katameros:4038,reference,,,draft,0,,,إِلَهُ آبَائِنَا أَقَامَ يَسُوعَ الَّذِي أَنْتُمْ أَلْقَيتُمْ أَيَادِيَكُمْ عَلَيْهِ، مُعَلِّقِينَ إِيَّاهُ عَلَى خَشَب…
katameros:4039,reference,,,draft,0,,,لِيَتَرَاءَفِ اللَّهُ عَلَيْنَا وَيُبَارِكْنَا، وَلِيُظْهِرْ وَجْهَهُ عَلَيْنَا وَيَرْحَمْنَا. لِيُبَارِكْنَا اللَّهُ إ…
katameros:404,reference,,,draft,0,,,وَعَلَى الأَفْعَى وَمَلِكِ الْحَيَّاتِ تَطَأُ. وَتَسْحَقُ الأَسَدَ وَالتنِّينَ. لأنهُ يُوصِي مَلاَئِكَتَهُ مِنْ أَجْلِك…
katameros:4040,reference,,,draft,0,,,"أَجَابَ يَسُوعُ قَائِلًا: "" إِنْ أَنَا مَجَّدْتُ نَفْسِي فَلَيْسَ مَجْدِي شَيْئًا. أَبِي هُوَ الَّذِي يُمَجِّدُنِي، الَ…"
katameros:4041,reference,,,draft,0,,,اللَّهُمَّ الْتَفِتْ إِلَى مَعُونَتِي. يَا رَبُّ أَسْرِعْ وَأَعِنِّي. وَلْيَرْتَدَّ إِلَى خَلْفٍ وَيُخْزَ، الَّذِينَ يُ…
katameros:4042,reference,,,draft,0,,,وَلِلْوَقْتِ رَكِبَ السَّفِينَةَ مَعَ تَلَامِيذِهِ وَجَاءَ إِلَى نَوَاحِي دَلْمَانُوثَا. فَخَرَجَ الْفَرِّيسِيُّونَ وَا…
katameros:4043,reference,,,draft,0,,,اللَّهُمَّ الْتَفِتْ إِلَى مَعُونَتِي. يَا رَبُّ أَسْرِعْ وَأَعِنِّي. وَأمَّا أَنَا فَمِسْكِينٌ وَفَقِيرٌ، اللَّهُمَّ أ…
katameros:4044,reference,,,draft,0,,,"وَقَالَ: "" هَكَذَا مَلَكُوتُ اللَّهِ: كَمِثْلِ رَجُلٍ يُبْذِرُ الْبِذَارَ فِي الأَرْضِ، وَيَنَامُ وَيَقُومُ لَيْلًا وَن…"
katameros:4045,reference,,,draft,0,,,فَأَيْنَ الِافْتِخَارُ إِذًا؟ قَدْ بَطَلَ. بِأَيِّ نَامُوسٍ؟ أَبِنَامُوسِ الْأَعْمَالِ؟ كَلَّا. بَلْ بِنَامُوسِ الْإِيم…
katameros:4046,reference,,,draft,0,,,يَا أَحِبَّائِي، لَا تُصَدِّقُوا كُلَّ رُوحٍ، بَلِ امْتَحِنُوا الأَرْوَاحَ: هَلْ هِيَ مِنَ اللَّهِ؟ لِأَنَّ أَنْبِياءَ …
katameros:4047,reference,,,draft,0,,,فَقَامَ فِي الْمَجْمَعِ رَجُلٌ فَرِّيسِيٌّ اسْمُهُ غَمَالَائِيلُ، مُعَلِّمٌ لِلنَّامُوسِ، مُكَرَّمٌ عِنْدَ جَمِيعِ الشَ…
katameros:4048,reference,,,draft,0,,,لِلرَّبِّ الْأَرْضُ وَمِلْؤُهَا. الْمَسْكُونَةُ وَجَمِيعُ السَّاكِنِينَ فِيهَا. الطَّاهِرُ بِيَدَيْهِ، النَّقِيُّ بِقَل…
katameros:4049,reference,,,draft,0,,,"فَأَجَابَهُمْ يَسُوعُ وَقَالَ: "" أَلَيْسَ مَكْتُوبًا فِي نَامُوسِكُمْ: أَنَا قُلْتُ إِنَّكُمْ آلِهَةٌ؟ فَإِنْ كَانَ قَد…"
katameros:405,reference,,,draft,0,,,"وَفي تِلْكَ السَّاعَةِ تَهَلَّلَ يَسُوعُ بِالرُّوحِ الْقُدُسِ وَقَالَ: "" أَشْكُرُكَ أيهَا الآبُ، رَبُّ السَّمَاءِ وَالأ…"
katameros:4050,reference,,,draft,0,,,مِرَارًا كَثِيرَةً حَارَبُونِي مُنْذُ صِبَايَ. فَلْيَقُلْ إِسْرَائِيلُ: مِرَارًا كَثِيرَةً قَاتَلُونِي مُنْذُ شَبَابِي،…
katameros:4051,reference,,,draft,0,,,كُلُّ مَمْلَكَةٍ تَنْقَسِمُ عَلَى نَفْسِهَا تَخْرَبُ، وَبَيْتٍ يَنْقَسِمُ عَلَى بَيْتٍ يَسْقُطُ. فَإِنِ انْقَسَمَ الشَّ…
katameros:4052,reference,,,draft,0,,,يَمْلِكُ الرَّبُّ، إِلَى الدَّهْرِ. وَإِلَهُكَ يَا صِهْيَوْنَ، مُنْذُ جِيلٍ إِلَى جِيلٍ.   هَــلِّـلُـــويَـــا.
katameros:4053,reference,,,draft,0,,,"إِنَّ كَثِيرِينَ مِنَ الْجَمْعِ آمَنُوا بِهِ، وَقَالُوا: "" أَلَعَلَّ الْمَسِيحَ مَتَى جَاءَ يَفْعَلُ آيَاتٍ أَكْثَرَ مِ…"
katameros:4054,reference,,,draft,0,,,بُولُسُ، رَسُولُ يَسُوعَ الْمَسِيحِ بِمَشِيئَةِ اللَّهِ، إِلَى الْقِدِّيسِينَ الَّذِينَ في أَفَسُسَ، وَالْمُؤْمِنِينَ ا…
katameros:4055,reference,,,draft,0,,,مَنْ يَعْتَرِفُ أَنَّ يَسُوعَ هُوَ ابْنُ اللَّهِ، فَاللَّهُ يَثْبُتُ فِيهِ وَهُوَ أَيْضًا يَثْبُتُ في اللَّهِ. وَنَحْنُ…
katameros:4056,reference,,,draft,0,,,وَكَانَ فِي يَافَا امْرَأةٌ تِلْمِيذَةٌ اسْمُهَا طَابِيثَا، الَّذِي تَفْسِيرُهُ وتَرْجَمَتُهُ غَزَالَةُ. وَهَذِهِ كَانَ…
katameros:4057,reference,,,draft,0,,,فَاعِلُ الشَّرِّ، مَرْذُولٌ أَمَامَهُ. وَيُمَجَّدُ، الَّذِينَ يَتَّقُونَ الرَّبَّ.   هَــلِّـلُـــويَـــا.
katameros:4058,reference,,,draft,0,,,وَلَمَّا كَانَ الْعِيدُ قَدِ انْتَصَفَ، صَعِدَ يَسُوعُ إِلَى الْهَيْكَلِ، وَكَانَ يُعَلِّمُ. وَكَانَ الْيَهُودُ يَتَعَج…
katameros:4059,reference,,,draft,0,,,اِعْتَرِفُوا لِلرَّبِّ فَإِنَّهُ صَالِحٌ، وَأَنَّ إِلَى الأَبَدِ رَحْمَتَهُ. فَلْيَقُلْ بَيْتُ إِسْرَائِيلَ إِنَّهُ صَا…
katameros:406,reference,,,draft,0,,,أَجْعَلُ ذُرِّيَتَهُ إلى دَهْرِ الدَّهرِ، وعَرْشَهُ مِثْلَ أيامِ السَّمَاءِ. نسْلُهُ إلى الدَّهْرِ يَدُومُ، وعَرْشُهُ م…
katameros:4060,reference,,,draft,0,,,كَمَا أَرْسَلَنِي أَبي الْحَيُّ، وَأَنَا أَيْضًا حَيٌّ بِالآبِ، فَمَنْ يَأْكُلُنِي فَهُوَ يَحْيَا بِي. هَذَا هُوَ  الْخ…
katameros:4061,reference,,,draft,0,,,أَنْتَ هُوَ إلَهِي فَأَشْكُرُكَ، إلهِي أَنْتَ فَأَرْفَعُكَ. أَعْتَرِفُ لَكَ يَا ربُّ؛ لِأَنَّكَ اسْتَجَبْتَ لِي وَصِرْت…
katameros:4062,reference,,,draft,0,,,"الْحَقَّ الْحَقَّ أَقُولُ لَكُمْ: "" إِنْ كَانَ أَحَدٌ يَحْفَظُ كَلَامِي فَلَنْ يَرَى الْمَوْتَ إِلَى الْأَبَدِ "". فَقَا…"
katameros:4063,reference,,,draft,0,,,وَأَمَّا نَحْنُ فَيَنْبَغِي أَنْ نَشْكُرَ اللَّهَ كُلَّ حِينٍ لِأَجْلِكُمْ أَيُّهَا الْإِخْوَةُ الْمَحْبُوبُونَ مِنَ ال…
katameros:4064,reference,,,draft,0,,,يَا أَحِبَّائِي، فَلْنُحِبَّ بَعْضُنَا بَعْضًا، لِأَنَّ الْمَحَبَّةَ هِيَ مِنَ اللَّـهِ، وَكُلُّ مَنْ يُحِبُّ فَقَدْ وُ…
katameros:4065,reference,,,draft,0,,,وَكَانَ يَجْلِسُ فِي لِسْتَرَةَ رَجُلٌ عَاجِزُ الرِّجْلَيْنِ، مُقْعَدٌ مِنْ بَطْنِ أُمِّهِ، وَلَمْ يَمْشِ قَطُّ. هَذَا …
katameros:4066,reference,,,draft,0,,,قُوَّتِي وَتَسْبِحَتِي هُوَ الرَّبُّ وَقَدْ صَارَ لِي خَلَاصًا. صَوْتُ التَّهْلِيلِ وَالْخَلَاصِ مِنْ مَسَاكِنِ الأَبْر…
katameros:4067,reference,,,draft,0,,,"قَالَ لَهُمْ يَسُوعُ: "" إِنَّ النُّورَ مَعَكُمْ زَمَنًا آخَرَ يَسِيرًا، فَاسْلُكُوا في النُّورِ مَا دَامَ لَكُمُ النُّو…"
katameros:4068,reference,,,draft,0,,,لِمَاذَا أَنْتِ حَزِينَةٌ يَا نَفْسِي؟ وَلِمَاذَا تُزْعِجِينَنِي؟ تَوَكَّلِي عَلَى اللَّهِ فَإِنِّي أَعْتَرِفُ لَهُ. خَ…
katameros:4069,reference,,,draft,0,,,وَلَمَّا اجْتَازَ يَسُوعُ فِي السَّفِينَةِ إِلَى الْعَبْرِ، أَيْضًا تَبِعَهُ جَمْعٌ كَبِيرٌ، وَكَانَ عِنْدَ الْبَحْرِ. …
katameros:407,reference,,,draft,0,,,"وَإذْ كَانَ يُصَلِّي وَحْدَهُ عَلَى انْفِرَادٍ كَانَ التَّلامِيذُ مَعَهُ. فَسَأَلَهُمْ قَائِلاً: "" مَنْ يَقُولُ النَّاس…"
katameros:4070,reference,,,draft,0,,,يَمِينُ الرَّبِّ صَنَعَتِ قُوَّةً، فَلَنْ أَمُوتَ بَعْدُ، بَلْ أَحْيَا، وَأُحَدِّثُ بِأَعْمَالِ الرَّبِّ. هَــلِّـلُـــ…
katameros:4071,reference,,,draft,0,,,"وَقَالَ لَهُمْ: "" بِمَاذَا نُشَبِّهُ مَلَكُوتَ اللَّـهِ؟ وَبِأَيِّ مَثَلٍ نُمَثِّلُهُ؟ إِنَّهُ كَحَبَّةِ الخَرْدَلِ، مَ…"
katameros:4072,reference,,,draft,0,,,أَمَّا الَّذِي يَعْمَلُ فَلَا تُحْسَبُ لَهُ الْأُجْرَةُ عَلَى سَبِيلِ نِعْمَةٍ، بَلْ كَأَنَّهَا دَيْنٌ. وَأَمَّا الَّذِ…
katameros:4073,reference,,,draft,0,,,يَا أَحِبَّائِي، إِنْ لَمْ يَلُمْنَا قَلْبُنَا، فَلَنَا دَالَةٌ عِنْدَ اللَّهِ. وَمَهْمَا سَأَلْنَا نَنَالُ مِنْهُ؛ لِأ…
katameros:4074,reference,,,draft,0,,,هَذَا هُوَ مُوسَى الَّذِي قَالَ لِبَني إِسْرَائِيلَ: إِنَّهُ سَيُقِيمُ لَكُمُ الرَّبُّ الْإِلَهُ مِنْ وَسَطِ إِخْوَتِكُ…
katameros:4075,reference,,,draft,0,,,وَأمَّا أَنَا فَمِسْكِينٌ وَفَقِيرٌ، اللَّهُمَّ أَعِنِّي. أَنْتَ مُعِينِي وَمُخَلِّصِي يَا رَبُّ، فَــلَا تُبْطِــــئْ.…
katameros:4076,reference,,,draft,0,,,وَحَدَثَ جِدَالٌ بَيْنَ تَلَامِيذِ يُوحَنَّا وَالْيَهُودِ بِشَأْنِ التَّطْهِير. فَجَاءُوا إِلَى يُوحَنَّا وَقَالُوا لَه…
katameros:4077,reference,,,draft,0,,,اِعْتَرِفُوا لِلرَّبِّ فَإِنَّهُ صَالِحٌ، وَأَنَّ إِلَى الأَبَدِ رَحْمَتَهُ. فَلْيَقُلْ بَيْتُ إِسْرَائِيلَ إِنَّهُ صَا…
katameros:4078,reference,,,draft,0,,,الَّذِي يَأْتِي مِنْ فَوْقُ هُوَ فَوْقَ الْجَمِيعِ، وَالَّذِي مِنَ الْأَرْضِ هُوَ أَرْضِيٌّ، وَمِنَ الْأَرْضِ يَتَكَلَّ…
katameros:4079,reference,,,draft,0,,,أَدَبًا أَدَّبَنِي الرَّبُّ، وَإِلَى الْمَوْتِ لَمْ يُسْلِمْنِي. اِفْتَحُوا لِي أَبْوَابَ الْعَدْلِ، لِكَيْمَا أَدْخُلَ…
katameros:408,reference,,,draft,0,,,فَلْيَرْفَعُوهُ في كَنِيسَةِ شَعْبِهِ، وَلْيُبَارِكُوهُ في مَجْلِسِ الشُّيوخِ. جَعَلَ أبوَّةً مِثْلَ الْخِرَافِ. يُبْصِ…
katameros:4080,reference,,,draft,0,,,"وَفِي ذَلِكَ الْيَوْمِ لَمَّا كَانَ الْمَسَاءُ، قَالَ لَهُمْ: "" لِنَجْتَزْ إِلَى الْعَبْرِ "". فَتَرَكُوا الْجَمْعَ وَأَ…"
katameros:4081,reference,,,draft,0,,,لِأَنَّنَا نَقُولُ: إِنَّهُ حُسِبَ لِإِبْرَاهِيمَ الْإِيمَانُ بِرًّا. فَكَيْفَ حُسِبَ؟ أَوَهُوَ في الْخِتَانِ أَمْ فِي …
katameros:4082,reference,,,draft,0,,,يَا أَحِبَّائِي، إِنْ كَانَ اللَّهُ قَدْ أَحَبَّنَا هكَذَا، يَنْبَغِي عَلَيْنَا أَيْضًا أَنْ نُحِبَّ بَعْضُنَا بَعْضًا.…
katameros:4083,reference,,,draft,0,,,لِأَنَّ مُوسَى هَذَا الَّذِي أَخْرَجَنَا مِنْ أَرْضِ مِصْرَ لَا نَعْلَمُ مَاذَا أَصَابَهُ! فَعَمِلُوا لَهُمْ عِجْلًا في…
katameros:4084,reference,,,draft,0,,,تَقَدَّمُوا إلَيْهِ وَاسْتَنِيرُوا، وَوُجُوهُكُم لَا تَخْزَى. ذُوقُوا وَانْظُرُوا مَا أَطْيَبَ الـــرَّبَّ، طُـــوبَــى…
katameros:4085,reference,,,draft,0,,,"فَنَادَى يَسُوعُ وَقَالَ: "" الَّذِي يُؤْمِنُ بِي، لَيْسَ يُؤْمِنُ بِي بَلْ قَدْ آمَنَ بِالَّذِي أَرْسَلَنِي. وَالَّذِي …"
katameros:4086,reference,,,draft,0,,,يَوْمٌ إِلى يَوْمٍ يُبْدِي قَوْلًا، وَلَيْلٌ إِلى لَيْلٍ يُظْهِرُ عِلْمًا. في كُلِّ الأَرْضِ خَرَجَ مَنْطِقُـــهُمْ، وَ…
katameros:4087,reference,,,draft,0,,,"النص بالعربيثُمَّ أَجَابَ يَسُوعُ وَهُوَ يُعَلِّمُ فِي الْهَيْكَلِ وَقَالَ: "" كَيْفَ يَقُولُ الْكَتَبَةُ إِنَّ الْمَسِي…"
katameros:4088,reference,,,draft,0,,,هَذَا هُوَ اليَوْمُ الَّذِي صَنَعَهُ الرَّبُّ، فَلْنَبْتَهِجْ ونَفْرَحْ بِهِ. يَا رَبُّ تُخَلِّصُنَا، يَا رَبُّ تُسَهِّ…
katameros:4089,reference,,,draft,0,,,"فَجَاءَ وَاحِدٌ مِنَ الْكَتَبَةِ وَسَمِعَهُمْ يُبَاحِثُونَهُ، وَرَأَى أَنَّهُ أَجَابَهُمْ حَسَنًا، فَسَأَلَهُ: "" أَيَّة…"
katameros:409,reference,,,draft,0,,,وَجَاءَ إلى بَيْتِ صَيْدَا، فَقَدَّمُوا إلَيْهِ أَعْمَى وَطَلَبُوا إلَيْهِ أنْ يَلْمِسَهُ، فَأخَذَ بِيَدِ الأَعْمَى وَأ…
katameros:4090,reference,,,draft,0,,,أَمَّا النَّامُوسُ فَدَخَلَ لِتَكْثُرَ الزَّلَّاتُ. وَلَكِنْ حَيْثُ كَثُرَتِ الْخَطِيَّةُ فَاضَتِ النِّعْمَةُ، لِكَيْ ك…
katameros:4091,reference,,,draft,0,,,مَنْ يَعْتَرِفُ أَنَّ يَسُوعَ هُوَ ابْنُ اللَّهِ، فَاللَّهُ يَثْبُتُ فِيهِ وَهُوَ أَيْضًا يَثْبُتُ في اللَّهِ. وَنَحْنُ…
katameros:4092,reference,,,draft,0,,,وَأَمَّا خَيْمَةُ الشَّهَادَةِ فَكَانَتْ مَعَ آبَائِنَا في الْبَرِّيَّةِ، كَمَا أَمَرَ الَّذِي كَلَّمَ مُوسَى أَنْ يَصْ…
katameros:4093,reference,,,draft,0,,,صَالِحٌ هُوَ الِاتِّكَالُ عَلَى الرَّبِّ، أَفْضَلُ مِنْ الِاتِّكَالِ عَلَى الْبَشَرِ. صَالِحٌ هُوَ الرَّجَاءُ بِالرَّبِ…
katameros:4094,reference,,,draft,0,,,الحَقَّ الحَقَّ أقولُ لَكُمْ: لَيسَ عَبْدٌ أَعْظَمَ مِنْ سَيِّدِهِ، وَلَا رَسُولٌ أَعْظَمَ مِنْ مُرْسِلِهِ. فَإِنْ عَلِ…
katameros:4095,reference,,,draft,0,,,حَيٌّ هُوَ الرَّبُّ وَمُبَارَكٌ هُوَ إِلهِي، وَيَتَعَالَى إِلَهُ خَلَاصِي. اللَّهُ المُعْطِي الِانْتِقَامَ لِي. أَخْضَع…
katameros:4096,reference,,,draft,0,,,"فَأَجَابَهُمْ يَسُوعُ: "" أَلَمْ أَكُنْ أَنَا اخْتَرْتُكُمْ، أَنْتُمُ الِاثْنَيْ عَشَرَ، وَوَاحِدٌ مِنْكُمْ هُوَ شَيْطَا…"
katameros:4097,reference,,,draft,0,,,مُبَارَكٌ الآتِي بِاسْمِ الرَّبِّ. بَارَكْنَاكُمْ، مِنْ بَيْتِ الرَّبِّ. اللَّـهُ الرَّبُّ أَضَاءَ عَلَيْنَا. هَــلِّـل…
katameros:4098,reference,,,draft,0,,,"فَسَأَلَهُ الْفَرِّيسِيُّونَ وَالْكَتَبَةُ: "" لِمَاذَا لَا يَسْلُكُ تَلَامِيذُكَ حَسَبَ سُنَّةِ الشُّيُوخِ، بَلْ يَأْكُ…"
katameros:4099,reference,,,draft,0,,,لِأَنَّـهُ إِنْ كُنَّا قَدِ اشْتَرَكْنَا مَعَهُ بِالْغَرْسِ بِشِبْهِ مَوْتِهِ، نَصِيرُ أَيْضًا بِقِيَامَتِهِ. عَالِمِين…
katameros:41,reference,,,draft,0,,,سِيرُوا إذاً كَأَوْلاَدِ النُّورِ؛ لأنَّ ثَمَرَ النُّورِ هُوَ في كُلِّ صَلاَحٍ وَبِرٍّ وَحَقٍّ. مُخْتَبِرِينَ مَا هُوَ …
katameros:410,reference,,,draft,0,,,فَإذْ لَنَا رَئِيسُ كَهَنَةٍ عَظِيمٌ قَدِ اجْتَازَ السَّمَوَاتِ، يَسُوعُ ابْنُ اللَّهِ، فَلْنَتَمَسَّكْ بِالإقْرَارِ. ل…
katameros:4100,reference,,,draft,0,,,لَا خَوْفَ فِي الْمَحَبَّةِ، بَلِ الْمَحَبَّةُ الْكَامِلَةُ تَطْرَحُ الْخَوْفَ إِلَى خَارجٍ، لِأَنَّ الْخَوْفَ لَهُ عَذ…
katameros:4101,reference,,,draft,0,,,يَا قُسَاةَ الرِّقَابِ، وَغَيْرَ الْمَخْتُونِينَ بِقُلُوبِهِمْ وَآذَانِهِمْ! أَنْتُمْ فِي كُلِّ حِينٍ تُقَاوِمُونَ الرُ…
katameros:4102,reference,,,draft,0,,,اِسْتَمِــعْ صَلَاتِي وَتَضَرُّعِي، وَانْصِتْ إِلَى دُمُوعِي وَلَا تَسْكُتْ عَنِّي؛ لِأَنِّي أَنَا غَرِيبٌ عَلَى الْأَر…
katameros:4103,reference,,,draft,0,,,كَمَا أَرْسَلْتَنِي إِلَى العَالَمِ أَرْسَلْتُهُمْ أَنَا أَيْضًا إِلَى العَالَمِ. وَأَنَا مِنْ أَجْلِهِمْ أُقَدِّسُ ذَا…
katameros:4104,reference,,,draft,0,,,صَالِحٌ هُوَ الِاتِّكَالُ عَلَى الرَّبِّ، أَفْضَلُ مِنْ الِاتِّكَالِ عَلَى الْبَشَرِ. صَالِحٌ هُوَ الرَّجَاءُ بِالرَّبِ…
katameros:4105,reference,,,draft,0,,,وَكَانَ يَقُولُ لِلْمَدْعُوِّينَ مَثَلًا، وَهُوَ يُلَاحِظُ كَيْفَ كَانُوا يَخْتَارُونَ الْمُتَّكَآتِ الْأُولَى قَائِلًا…
katameros:4106,reference,,,draft,0,,,أَنْتَ هُوَ إلهِي فَأَشْكُرُكَ. إلهِـي أَنْـــتَ فَأَرْفَعُـــكَ. أَعْتَرِفُ لَكَ يَا ربُّ؛ لِأَنَّكَ اسْتَجَبْتَ لِي و…
katameros:4107,reference,,,draft,0,,,"وَكَانَ يَقُولُ لِلَّذِي دَعَاهُ: "" إِذَا صَنَعْتَ غَدَاءً أَوْ عَشَاءً فَلَا تَدْعُ أَصْدِقَاءَكَ وَلَا إِخْوَتَكَ وَل…"
katameros:4108,reference,,,draft,0,,,فَشُكْرًا لِلَّهِ، أَنَّكُمْ قَدْ كُنْتُمْ عَبِيدًا لِلْخَطِيئَةِ، فَسَمِعْتُمْ وَأَطَعْتُمْ مِنْ قُلُوبِكُمْ رَسْمَ ال…
katameros:4109,reference,,,draft,0,,,كُلُّ مَنْ يُؤْمِنُ أَنَّ يَسُوعَ هُوَ الْمَسِيحُ فَإِنَّهُ مُوْلُودٌ مِنَ اللَّهِ. وَكُلُّ مَنْ يُحِبُّ الْوَالِدَ يُح…
katameros:411,reference,,,draft,0,,,بُطْرُسُ، رَسُولُ يَسُوعَ الْمَسِيحِ، إلى الْمُخْتَارِينَ الْمُتَغَرِّبِينَ في شَتَاتِ بُنْتُسَ وَغَلاَطِيَّةَ وَكَبَّا…
katameros:4110,reference,,,draft,0,,,فَحَدَثَ فِي ذَلِكَ الْيَوْمِ اضْطِهَادٌ عَظِيمٌ لِلْكَنِيسَةِ فِي أُورُشَلِيمَ، فَتَبَدَّدَ الْجَمِيعُ فِي كُوَرِ الْي…
katameros:4111,reference,,,draft,0,,,صَرَخْتُ مِنْ كُلِّ قَلْبِي فَاسْتَجِبْ لِي يَا رَبُّ. أَطْلُبُ حُقُوقَكَ. صَرَخْتُ إِلَيْكَ فَخَلِّصْنِي، وَأَحْفَظُ ش…
katameros:4112,reference,,,draft,0,,,وَأَنَا قَدْ أَعْطَيْتُهُمُ المَجْدَ الَّذِي أَعْطَيْتَنِي، ليَكُونُوا هُمْ أَيْضًا وَاحِدًا كَمَا نَحْنُ أَيْضًا وَاحِ…
katameros:4113,reference,,,draft,0,,,يَا بَيْتَ إِسْرَائِيلَ بَارِكُوا الرَّبَّ. يَا بَيْتَ هَارُونَ بَارِكُوا الرَّبَّ. يَا بَيْتَ لَاوِي بَارِكُوا الرَّبَ…
katameros:4114,reference,,,draft,0,,,وَلَمَّا دَخَلَ ( يَسُوعُ ) إِلى بَيْتِ أَحَدِ رُؤَسَاءِ الْفَرِّيسِيِّينَ فِي السَّبْتِ لِيأْكُلَ خُبْزًا، كَانُوا يُر…
katameros:4115,reference,,,draft,0,,,يَا رَبُّ فِي السَّمَاءِ رَحْمَتُكَ، وَبِرُّكَ إِلَى السَّحَابِ. عَدْلُكَ، مِثْلُ جِبَالِ اللَّهِ. هَــلِّـلُـــويَـــا.
katameros:4116,reference,,,draft,0,,,"وَفِي الْيَوْمِ الْأَخِيرِ الْعَظِيمِ مِنَ الْعِيدِ، وَقَفَ يَسُوعُ وَنَادَى قَائِلًا: "" إِنْ عَطِشَ أَحَدٌ فَلْيُقْبِل…"
katameros:4117,reference,,,draft,0,,,لِأَنَّ النَّامُوسَ، إِنَّمَا كَانَ لَهُ ظِلُّ الْخَيْرَاتِ الْآتِيَةِ، لَا نَفْسُ صُورَةِ الْأَشْيَاءِ، وَلِذَلِكَ كَا…
katameros:4118,reference,,,draft,0,,,وَهَذِهِ هِيَ الشَّهَادَةُ: أَنَّ اللَّهَ أعْطَانَا الْحَيَاةَ الْأَبَدِيَّةَ، وَهَذِهِ الْحَيَاةُ هِيَ فِي ابْنِهِ. مَ…
katameros:4119,reference,,,draft,0,,,أَيُّهَا الرِّجَالُ الْإِخْوَةُ، أَنَا فَرِّيسِيٌّ ابْنُ فَرِّيسِيٍّ. وَأَنَا عَلَى الرَّجَاءِ وَقِيَامَةِ الْأَمْوَاتِ…
katameros:412,reference,,,draft,0,,,وَفي ذَلِكَ الوَقْتِ رَفَعَ هِيرُودِسُ يَدَهُ عَلَى قَومٍ مِنَ الكَنْيسَةِ لِيُسِيئَ إليهم، فَقَتَلَ يَعْقُوبَ أخَا يُو…
katameros:4120,reference,,,draft,0,,,سَبِّحُوا الرَّبَّ فَإِنَّ الرَّبَّ صَالِحٌ. رَتِّلُوا لِاسْمِهِ فَإِنَّهُ حُلْوٌ. لأَنِّي أَنَا قَدْ عَلِمْتُ أَنَّ ال…
katameros:4121,reference,,,draft,0,,,لَا تَضْطَرِبْ قُلُوبُكُمْ. آمِنُوا باللَّهِ وآمِنوا بِي أَيْضًا. فِي بيتِ أبِي مَنَازِلُ كَثِيرَةٌ، ولولا ذَلِكَ لكُنت…
katameros:4122,reference,,,draft,0,,,وَكُلَّ مَا شَاءَ الرَّبُّ صَنَعَ، فِي السَّمَاءِ وَعَلَى الأَرْضِ. مُبَارَكٌ الرَّبُّ مِنْ صِهْيَوْنَ، السَّاكِنُ فِي …
katameros:4123,reference,,,draft,0,,,مَنْ كَانَتْ عِنْدَهُ وَصَايَايَ ويَحْفَظُهَا فَذَاكَ هُوَ الَّذِي يُحِبُّنِي، وَالَّذِي يُحِبُّنِي يُحِبُّهُ أبِي، وَأ…
katameros:4124,reference,,,draft,0,,,يَا بَيْتَ إِسْرَائِيلَ بَارِكُوا الرَّبَّ. يَا بَيْتَ هَارُونَ بَارِكُوا الرَّبَّ. يَا بَيْتَ لَاوِي بَارِكُوا الرَّبَ…
katameros:4125,reference,,,draft,0,,,كَمَا أَنَّ الغُصْنَ لَا يَقْدِرُ أَنْ يَأْتِيَ بِثَمَرٍ مِنْ ذَاتِهِ وحدَه إِنْ لَمْ يَثْبُتْ فِي الكَرْمَةِ، هَكَذَا …
katameros:4126,reference,,,draft,0,,,"فَإِذْ لَنَا يَا إِخْوَتِي ثِقَةٌ بِالدُّخُولِ إِلَى "" الْأَقْدَاسِ "" بِدَمِ يَسُوعَ، طَرِيقًا جَدِيدًا حَيًّا صَنَعَهُ…"
katameros:4127,reference,,,draft,0,,,فَإِنَّهُ لِأَجْلِ هَذَا بُشِّرَ الْمَوْتَى أَيْضًا، لِكَيْ يُدَانُوا حَسَبَ النَّاسِ بِالْجَسَدِ، وَلَكِنْ لِيَحْيَوْا…
katameros:4128,reference,,,draft,0,,,فَأَمَّا شَاوُلُ فَكَانَ لَمْ يَزَلْ بَعْدُ مُمْتَلِئًا تَهْدِيدًا وَقَتْلًا عَلَى تَلَامِيذِ الرَّبِّ. فَتَقَدَّمَ إِل…
katameros:4129,reference,,,draft,0,,,اِعْتَرِفُوا لِلرَّبِّ فَإِنَّهُ صَالِحٌ، وَأَنَّ إِلَى الأَبَدِ رَحْمَتَهُ. اِعْتَرِفُوا لِإِلَهِ الآلِهَةِ، فَإِنَّ ر…
katameros:413,reference,,,draft,0,,,"أَقْسَمَ الرَّبُّ وَلَنْ يَنْدَمَ: "" إِنَّكَ أَنْتَ هُوَ الْكَاهِنُ إلى الأَبدِ عَلَى طَقْسِ مَلْشِيصَادَقَ "". الرَّبُّ…"
katameros:4130,reference,,,draft,0,,,لَا تَضْطَرِبْ قُلُوبُكُمْ. آمِنُوا بِاللَّهِ وَآمِنُوا بِي أَيْضًا. فِي بَيْتِ أَبِي مَنَازِلُ كَثِيرَةٌ، وَلَوْلَا ذَ…
katameros:4131,reference,,,draft,0,,,يَا جَمِيعَ الْأُمَمِ، صَفِّقُوا بِأَيدِيكُمْ. هَلِّلُوا لِلَّهِ، بِصَوتِ الِابْتِهَاجِ.   هَــلِّـلُـــويَـــا.
katameros:4132,reference,,,draft,0,,,"وَاجْتَمَعَ الرُّسُلُ إِلَى يَسُوعَ فَأَخْبَرُوهُ بِجَمِيعِ مَا عَمِلُوا وَكُلِّ مَا عَلَّمُوا. فَقَالَ لَهُمْ: "" تَعَا…"
katameros:4133,reference,,,draft,0,,,رَتِّلُوا لِإِلَهِنَا رَتِّلُوا. رَتِّلُوا لِمَلِكِنَا رَتِّلُوا. رَتِّلوا بِفَهْمٍ؛ لأَنَّ الرَّبّ مَلَكَ عَلَى جَمِيع…
katameros:4134,reference,,,draft,0,,,وَجَاءَ إِلَى بَيْتَ صَيْدَا، فَقَدَّمُوا إِلَيْهِ أَعْمَى وَطَلَبُوا إِلَيْهِ أَنْ يَلْمِسَهُ، فَأخَذَ بِيَدِ الأَعْمَ…
katameros:4135,reference,,,draft,0,,,لِأَنَّ نَامُوسَ رُوحِ الْحَيَاةِ فِي الْمَسِيحِ يَسُوعَ قَدْ أَعْتَقَنَا مِنْ نَامُوسِ الْخَطِيَّةِ وَالْمَوْتِ. لِأَن…
katameros:4136,reference,,,draft,0,,,إِنْ كُنَّا نَقْبَلُ شَهَادَةَ النَّاسِ، فَشَهَادَةُ اللَّهِ أَعْظَمُ، لِأَنَّ هَذِهِ هِيَ شَهَادَةُ اللَّهِ الَّتِي قَ…
katameros:4137,reference,,,draft,0,,,وَلَمَّا تَمَّتْ أَيَّامٌ كَثِيرَةٌ تَشَاوَرَ الْيَهُودُ لِيَقْتُلُوهُ، فَأَعْلَمُوا شَاوُلَ بِمَشُورَتِهِمْ. وَكَانُوا…
katameros:4138,reference,,,draft,0,,,خَلِّصْ شَعْبَكَ، بَارِكْ مِيرَاثَكَ. اِرْعَهُمْ وَارْفَعْهُمْ إلَى الْأَبَدِ. الرَّبُّ عِزٌّ لِشَعْبِهِ. هَــلِّـلُـــ…
katameros:4139,reference,,,draft,0,,,كُلُّ مَا لأبي فَهُوَ لِي. مِنْ أجْلِ هَذَا قُلْتُ لَكُمْ إِنَّهُ يَأخُذُ مِمَّا لِي ويُخْبِرُكُمْ. بَعْدَ قَلِيلٍ لَا …
katameros:414,reference,,,draft,0,,,"وَلَمَّا جَاءَ يَسُوعُ إلى نَوَاحِي قَيْصَرِيَّةِ فِيلُبُّسَ سَألَ تَلاَمِيذَهُ قَائِلاً: "" مَاذا يَقُولُ النَّاسُ في ا…"
katameros:4140,reference,,,draft,0,,,اِخْتَارَنَا مِيرَاثًا لَهُ، جَمَالَ يَعْقُوبَ الَّذِي أَحَبَّهُ. صَعِدَ اللَّهُ بِتَهْلِيلٍ، وَالرَّبُّ بِصَوْتِ الْبُ…
katameros:4141,reference,,,draft,0,,,وَلَمَّا جَاءَ إِلَى التَّلَامِيذِ رَأَى جَمْعًا كَثِيرًا وَكَتَبَةً يُبَاحِثُونَهُمْ. وَلِلْوَقْتِ لَمَّا رَأَى الْجَم…
katameros:4142,reference,,,draft,0,,,أَخْضَعَ الشُّعُوبَ لَنَا، وَالْأُمَمَ تَحْتَ أَقْدَامِنَا. اخْتَارَنَا مِيرَاثَا لَهُ، جَمَالَ يَعْقُوبَ الَّذِي أَحَب…
katameros:4143,reference,,,draft,0,,,وَلَمَا خَرَجُوا مِنْ هُنَاكَ اجْتَازُوا فِي الْجَلِيلِ، وَلَمْ يُرِدْ أَنْ يَعْلَمَ أَحَدٌ؛ لِأَنَّهُ كَانَ يُعَلِّمُ …
katameros:4144,reference,,,draft,0,,,فَأَمَّا أَنْتُمْ فَلَسْتُمْ لِلْجَسَدِ بَلْ لِلرُّوحِ، إِنْ كَانَ رُوحُ اللَّهِ حَالًّا فِيكُمْ. وَلَكِنْ إِنْ كَانَ أ…
katameros:4145,reference,,,draft,0,,,إِنْ كُنَّا نَقْبَلُ شَهَادَةَ النَّاسِ، فَشَهَادَةُ اللَّهِ أَعْظَمُ، لِأَنَّ هَذِهِ هِيَ شَهَادَةُ اللَّهِ الَّتِي قَ…
katameros:4146,reference,,,draft,0,,,"فَلَمَّا أَحْضَرُوهُمْ، أَوْقَفُوهُمْ فِي الْمَجْمَعِ. فَسَأَلَهُمْ رَئِيسُ الْكَهَنَةِ قَائِلًا: "" أَمَا أَوْصَيْنَاكُ…"
katameros:4147,reference,,,draft,0,,,أَحْبَبْتُ أَنْ يَسْمَعَ الرَّبُّ، صَوْتَ تَضَرُّعِي؛ لِأَنَّهُ أَمَالَ بِسَمْعِهِ إِلَيَّ، فَدَعَوْتُهُ فِي أَيَّامِي.…
katameros:4148,reference,,,draft,0,,,الْحَقَّ الْحَقَّ أَقُولُ لَكُمْ: إِنَّ كُلَّ مَا تَطْلبُونَهُ مِنَ الآبِ بِاسْمِي يُعْطِيكُمْ إيَّاهُ. إِلَى الآنَ لَم…
katameros:4149,reference,,,draft,0,,,هَيَّأتَ قُدَّامِى مَائِدَةً، مُقَابِلَ الَّذِينَ يُضايقونَنِي. دَهَنْتَ بِالزَّيْتِ رَأْسِي، وَكَأْسُكَ أَسْكَرَتْنِي …
katameros:415,reference,,,draft,0,,,"أَقْسَمَ الرَّبُّ وَلَنْ يَنْدَمَ: "" إنكَ أَنْتَ هُوَ الْكَاهِنُ إلى الأَبدِ عَلَى طَقْسِ مَلْشِيصَادَقَ "". الرَّبُّ عَ…"
katameros:4150,reference,,,draft,0,,,"وَجَاءَ إِلَى كَفْرَنَاحُومَ. وَلَمَّا دَخَلَ إِلَى الْبَيْتِ سَأَلَهُمْ: "" فِي أَيِّ شَيْءٍ كُنْتُمْ تُفَكِّرُونَ فِي …"
katameros:4151,reference,,,draft,0,,,الرَّبُّ يَرْعَانِي، فَلَا يُعْوِزُنِي شَيْءٌ. فِي مَكَانِ خُضْرَةٍ أَسْكَنَنِي. رَدَّ نَفْسِي.   هَــلِّـلُـــويَـــا.
katameros:4152,reference,,,draft,0,,,"فَقَالَ لَهُ يُوحَنَّا: "" يَا مُعَلِّمُ، رَأَيْنَا وَاحِدًا يُخْرجُ شَيَاطِينَ بِاسْمِكَ فَمَنَعْنَاهُ؛ لِأَنَّهُ لَا ي…"
katameros:4153,reference,,,draft,0,,,أَوَ لَا تَعْلَمُونَ، أَيُّهَا الإِخْوَةُ ــــ لِأَنِّي أُكَلِّمُ العَارِفِينَ بِالنَّامُوسِ ــــ أَنَّ النَّامُوسَ يَس…
katameros:4154,reference,,,draft,0,,,كَتَبْتُ إلَيْكُمْ بِهَذَا، كيْ تَعْلَمُوا أَنَّ لَكُمْ حَيَاةً أَبَدِيَّةً أَيُّهَا المُؤْمِنُونَ بِاسْمِ ابْنِ اللَّه…
katameros:4155,reference,,,draft,0,,,وَلَمَّا وَضَعَ بُولُسُ يَدَهُ عَلَيْهِمْ حَلَّ الرُّوحُ الْقُـــدُسُ عَلَيْـهِـــمْ، فَطَفِقُـــوا يَنْطِقُـــونَ بِأَ…
katameros:4156,reference,,,draft,0,,,يَا رَبُّ ارْضَ، بِخَلَاصِي. يَا رَبُّ التَفِتْ إِلى مَعُونَتِي. يَا إِلهِي لَا تُبْطِئْ.   هَــلِّـلُـــويَـــا.
katameros:4157,reference,,,draft,0,,,"ولَمَّا تَكَلَّمَ يَسوعُ بِهَذَا رَفَعَ عَيْنَيْهِ إِلَى السَّمَاءِ وقَالَ: "" يا أَبَتِ، قَدْ أتَتِ السَّاعَةُ. مَجِّدِ…"
katameros:4158,reference,,,draft,0,,,مَمَالِكَ الأَرْضِ سَبِّحِي اللَّهَ وَرَتِّلِي لِلرَّبِّ. رَتِّلُوا لِلَّهِ الَّذِي صَعِدَ إِلَى سَمَاءِ السَّمَاوَاتِ …
katameros:4159,reference,,,draft,0,,,وَحِينَ تَمَّتِ الْأَيَّامُ لِارْتِفَاعِهِ ثَبَّتَ وَجْهَهُ لِيَنْطَلِقَ إِلَى أُورُشَلِيمَ، وَأَرْسَلَ قُدَّامَ وَجْهِ…
katameros:416,reference,,,draft,0,,,"وَلَمَّا جَاءَ يَسُوعُ إلى نَوَاحِي قَيْصَرِيَّةِ فِيلُبُّسَ سَألَ تَلاَمِيذَهُ قَائِلاً: "" مَاذا يَقُولُ النَّاسُ في ا…"
katameros:4160,reference,,,draft,0,,,صَعِدَ إِلَى العَلَاءِ وسَبَى سَبْيًا. وَأَعْطَى كَرَامَاتٍ لِلنَّاسِ. مُبَارَكٌ الرَّبُّ الْإِلَهُ. مُبَارَكٌ الرَّبُّ…
katameros:4161,reference,,,draft,0,,,وَبَعْدَ ذَلِكَ ظَهَرَ بِهَيْئَةٍ أُخْرَى لِاثْنَيْنِ مِنْهُمْ، كَانَا مَاشِيَيْنِ وَهُمَا مُنْطَلِقَانِ إِلَى البَرِّي…
katameros:4162,reference,,,draft,0,,,فَأَمَّا الَّذِينَ تَشَمَّسُوا حَسَنًا، فَيَكْسَبُونَ لأَنْفُسِهِمْ دَرَجَةً حَسَنَةً وَدَالَةً كَبِيرَةً فِي الْإِيمَا…
katameros:4163,reference,,,draft,0,,,كُونُوا مُسْتَعِدِّينَ في كُلِّ حِينٍ لِمُجَاوَبَةِ كُلِّ مَنْ يَسْأَلُكُمْ كَلِمَةً عَنْ سَبَبِ الرَّجَاءِ الَّذِي فِي…
katameros:4164,reference,,,draft,0,,,الْكَلَامُ الأوَّلُ أَنْشَأْتُهُ يَا ثَاؤفِيلُسُ، عَنْ جَمِيعِ مَا ابْتَدَأَ يَسُوعُ يَفْعَلُهُ وَيُعَلِّمُ بِهِ، إِلَى…
katameros:4165,reference,,,draft,0,,,اِرْفَعُوا أَيُّهَا الرُّؤَسَاءُ أَبْوَابَكُمْ وَارْتَفِعِي أَيَّتُهَا الأَبْوَابُ الدَّهْرِيَّةُ، فَيَدْخُلَ مَلِكُ ال…
katameros:4166,reference,,,draft,0,,,"وَفِيمَا هُمْ يَتَكَلَّمُونَ بِهَذَا وَقَفَ يَسُوعُ نَفْسُهُ فِي وَسْطِهِمْ، وَقَالَ لَهُمْ: "" السَّلَامُ لَكُمْ "". فَا…"
katameros:4167,reference,,,draft,0,,,الجَالِسُ عَلَى الشَّارُوبِيمِ، فَلْتَتَزَلْزَلِ الْأَرْضُ. عَظِيمٌ هُوَ الرَّبُّ فِي صِهْيَوْنَ، وَهُوَ مُتَعَالٍ عَلَ…
katameros:4168,reference,,,draft,0,,,"وَدَعَا الْجَمْعَ وَتَلَامِيذَهُ وَقَالَ لَهُمْ: "" مَنْ أرَادَ أَنْ يَأتِـيَ وَرَائِي فَلْيُنْكِرْ نَفْسَهُ وَيَحْمِلْ …"
katameros:4169,reference,,,draft,0,,,"قَالَ الرَّبُّ لِرَبِّي: "" اِجْلِسْ عَنْ يَمِينِي، حَتَّى أَضَعَ أَعْدَاءَكَ تَحْتَ مَوْطِئِ قَدَمَيْكَ "". عَصَا قُوَّة…"
katameros:417,reference,,,draft,0,,,أَمْسَكْتَ بِيَدِي الْيُمْنَى. وَبِمَشُورَتكَ هَدَيْتَنِي وَبِالْمَجْدِ قَبِلْتَنِي. وَأنا خَيْرٌ لِي الالْتِصَاقُ بِال…
katameros:4170,reference,,,draft,0,,,وَبَعَدَ سِتَّةِ أَيَّامٍ أَخَذَ يَسُوعُ بُطْرُسَ وَيَعْقُوبَ وَيُوحَنَّا، وَصَعِدَ بِهِمْ إِلَى جَبَلٍ عَالٍ مُنْفَرِد…
katameros:4171,reference,,,draft,0,,,فَأَمْدَحُكُمْ يَا إِخْوَتِي لِأَنَّكُمْ تَذْكُرُونَنِي فِي كُلِّ شَيْءٍ، وَتَحْفَظُونَ التَّقَالِيدَ كَمَا سَلَّمْتُهَ…
katameros:4172,reference,,,draft,0,,,وَهَذِهِ هِيَ الدَّالَّةُ الَّتِي لَنَا عِنْدَهُ: أَنَّهُ إِنْ طَلَبْنَا شَيْئًا حَسَبَ مَشِيئَتِهِ يَسْمَعُ لَنَا. وَإ…
katameros:4173,reference,,,draft,0,,,فَحَدَثَ لِي وَأَنَا ذَاهِبٌ وَقَدْ دَنَوْتُ مِنْ دِمَشْقَ عِنْدَ الظُّهْرِ، أَنْ أَبْرَقَ حَوْلِي مِنَ السَّمَاءِ بَغْ…
katameros:4174,reference,,,draft,0,,,اُطْلُبُوا اللَّهَ فَتَحْيَا نَفْسُكُمْ. لِأَنَّ الرَّبَّ قَدِ اسْتَجَابَ لِلْبَائِسِينَ. أُسَبِّحُ اسْمَ اللَّهِ بِنَش…
katameros:4175,reference,,,draft,0,,,ومتى جَاءَ المُعَزِّي، الرُّوحُ القُدُسُ، الَّذِي سيُرْسِلُهُ الآبُ بِاسْمي، فَهُوَ يُعَلِّمُكُمْ كُلَّ شَيءٍ، ويُذَكِّ…
katameros:4176,reference,,,draft,0,,,قَلْبًــا نَقِـيًّــا تَخلُــقُ فِــيَّ يَــا أللَّــهُ، ورُوحًــا مُســتـقِيمًا، جـدِّدْ، فِــي بَـاطِـنِي. هَــلِّـلُ…
katameros:4177,reference,,,draft,0,,,وَفِيمَا هُوَ يَقُولُ هذَا، ابْتَدَأَ الْكَتَبَةُ وَالْفَرِّيسِيُّونَ يَنْظُرُونَ رَدِيًّا، وَيُكَلِّمُونَهُ في أُمُورٍ…
katameros:4178,reference,,,draft,0,,,نُــورٌ أَشْــرَقَ، فِــي الظُّلْمَــةِ لِلْمُسْــتَـقِيمِينَ. رَحِــيمٌ وَرَؤُوفٌ هُــوَ الــرَّبُّ، وَبَــارٌّ. هَــل…
katameros:4179,reference,,,draft,0,,,"وَفِي تِلْكَ السَّاعَةِ تَهَلَّلَ يَسُوعُ بِالرُّوحِ الْقُدُسِ وَقَالَ: "" أَشْكُرُكَ أَيُّهَا الْآبُ، رَبُّ السَّمَاءِ …"
katameros:418,reference,,,draft,0,,,بِهذَا أَوْصَيْتُكُمْ حَتَّى تُحِبُّوا بَعْضُكُمْ بَعْضاً. إنْ كَانَ الْعَالَمُ يُبْغِضُكُمْ فَاعْلَمُوا أنهُ قَدْ أَبْ…
katameros:4180,reference,,,draft,0,,,"لِذَلِكَ يَقُولُ: "" إذْ صَعِدَ إِلَى العَلَاءِ سَبَى سَبْيًا وَأَعْطَى النَّاسَ عَطَايَا "". فَمَا هُوَ الصُّعُودُ إلَّا…"
katameros:4181,reference,,,draft,0,,,كَذلِكَ أَنْتُمْ أيُّهَا الشُّبَّانُ، اخْضَعُوا لِلشُّيُوخِ، وَكُونُوا جَمِيعًا مُتَسَرْبِلِينَ بِالتَّوَاضُعِ بَعْضُكُ…
katameros:4182,reference,,,draft,0,,,"فَأَجَابَ بُولُسُ، بَعْدَ أَنْ أَوْمَأَ إِلَيْهِ الْوَالِي أَنْ يَتَكَلَّمَ: "" بِمَا أَنِّي أَعْلَمُ بِأَنَّكَ قَاضٍ لِ…"
katameros:4183,reference,,,draft,0,,,اِعْتَرِفُوا لِلرَّبِّ فَإِنَّهُ صَالِحٌ، وَأَنَّ إِلَى الأَبَدِ رَحْمَتَهُ. اِعْتَرِفُوا لِإِلَهِ الآلِهَةِ، فَإِنَّ ر…
katameros:4184,reference,,,draft,0,,,كُلُّ مَا لأبي فَهُوَ لِي. مِنْ أجْلِ هَذَا قُلْتُ لَكُمْ إِنَّهُ يَأخُذُ مِمَّا لِي ويُخْبِرُكُمْ. بَعْدَ قَلِيلٍ لَا …
katameros:4185,reference,,,draft,0,,,سَبِّحِي يَا نَفْسِي الرَّبَّ. أُسَبِّحُ الرَّبَّ في حَيَاتِي، وَأُرَتِّل لإِلَهيِ مَا دُمْتُ مَوْجُودًا. يَمْلِكُ الرَ…
katameros:4186,reference,,,draft,0,,,"فَجَاءَ وَاحِدٌ مِنَ الْكَتَبَةِ وَسَمِعَهُمْ يُبَاحِثُونَهُ، وَرَأَى أَنَّهُ أَجَابَهُمْ حَسَنًا، فَسَأَلَهُ: "" أَيَّة…"
katameros:4187,reference,,,draft,0,,,سَبِّحُوا الرَّبَّ فإن الْمَزْمُور جَيِّد، وَلإِلَهِنَا يَلَذُّ التَّسْبِيحَ. الرَّبُّ يَبْنِي أُورُشَلِيمَ، الرَّبُّ ي…
katameros:4188,reference,,,draft,0,,,"قَالَ لَهُ فِيلِبُّسُ:"" يَا رَبُّ، أَرِنا الآبَ وَحَسْبُنا "". فَقَالَ لَهُ يَسُوعُ: "" أَنَا مَعَكُمْ كُلَّ هَذَا الزَّم…"
katameros:4189,reference,,,draft,0,,,وَلَكِنْ شُكْرًا لِلَّهِ الَّذِي أَعْطَانَا الْغَلَبَةَ بِرَبِّنَا يَسُوعَ الْمَسِيحِ. فَلِذَلِكَ يَا إِخْوَتِيَ الْأَح…
katameros:419,reference,,,draft,0,,,فَإنَّنَا لَسْنَا نَكْرِزُ بِأَنْفُسِنَا، بَلْ بِالْمَسِيحِ يَسُوعَ رَبِّنَا، وَنَحْنُ أيْضاً عَبِيدٌ لَكُمْ مِنْ قِبَل…
katameros:4190,reference,,,draft,0,,,لِتَكْثُرْ لَكُمُ النِّعْمَةُ وَالسَّلَامُ.  مُبَارَكٌ اللَّهُ أَبُو رَبِّنَا يَسُوعَ الْمَسِيحِ، الَّذِي بِكَثْرَةِ رَ…
katameros:4191,reference,,,draft,0,,,وَبَعْدَمَا انْتَهَى الِاضْطِرَابُ، دَعَا بُولُسُ التَّلَامِيذَ وَعَزَّاهُمْ وَوَدَّعَهُمْ، وَخَرَجَ لِيَذْهَبَ إِلَى م…
katameros:4192,reference,,,draft,0,,,سَبِّحِي الرَّبَّ يَا أُورُشَلِيمُ، سَبِّحِي إِلَهَكِ يَا صِهْيَوْنُ. تَهُبُّ رِيحُهُ، فَتَسِيلُ المِيَاهُ. هَــلِّـلُـ…
katameros:4193,reference,,,draft,0,,,الْحَقَّ الْحَقَّ أَقُولُ لَكُمْ: إِنَّ كُلَّ مَا تَطْلبُونَهُ مِنَ الآبِ بِاسْمِي يُعْطِيكُمْ إيَّاهُ. إِلَى الآنَ لَم…
katameros:4194,reference,,,draft,0,,,إِلَهِي بِالنَّهَارِ أَصْرُخُ إِلَيْكَ، فَهَلَّا تَسْتَجِيبُ لِي. وَفِي اللَّيْلِ، وَلَمْ يَكُنْ ذَلِكَ جَهْلٌ مِنِّي. …
katameros:4195,reference,,,draft,0,,,ثُمَّ قَامَ مِنَ الْمَجْمَعِ، وَدَخَلَ بَيْتَ سِمْعَانَ. وَكَانَتْ حَمَاةُ سِمْعَانَ بِحُمَّى شَدِيدَةٍ. فَسَأَلُوهُ مِ…
katameros:4196,reference,,,draft,0,,,سَبْعَ مَرَّاتٍ فِي النَّهَارِ سَبَّحْتُكَ، عَلَى أحْكَامِ عَدْلِكَ. فَلْيَكُنْ سَلَامٌ عَظِيمٌ، للَّذِينَ يُحِبُّونَ ا…
katameros:4197,reference,,,draft,0,,,وَلَمَّا صَارَ النَّهَارُ خَرَجَ وَذَهَبَ إِلَى مَوْضِعٍ خَلَاءٍ، وَكَانَ الْجُمُوعُ يَطْلُبُونَهُ. فَجَاءُوا إِلَيْهِ …
katameros:4198,reference,,,draft,0,,,فَنَحْنُ إِذًا أَيُّهَا الْإِخْوَةُ لَا مِنَّةَ عَلَيْنَا لِلْجَسَدِ حَتَّى نَعِيشَ بِحَسَبِ الْجَسَدِ. لِأَنَّكُمْ إِن…
katameros:4199,reference,,,draft,0,,,مِنَ الشَّيخِ إِلَى السَّيِّدَةِ الْمُخْتَارَةِ، وَإِلَى أَوْلَادِهَا الَّذِينَ أَنَا أُحِبُّهُمْ بِالْحَقِّ، وَلَسْتُ …
katameros:42,reference,,,draft,0,,,لأنهُ هَكَذَا كَانَتْ قَدِيماً النِّسَاءُ الْقِدِّيسَاتُ الْمُتَوَكِّلاَتُ أيْضاً عَلَى اللَّهِ، يُزَيِّنَّ أَنْفُسَهُن…
katameros:420,reference,,,draft,0,,,أيهَا العَبِيدُ، كُونُوا خَاضِعِينَ لِسَادَتِكُمْ بِكُلِّ خَوْفٍ، لَيْسَ فَقَطْ للصَّالِحِينَ الْمُتَرَفِّقِينَ، بَلْ ل…
katameros:4200,reference,,,draft,0,,,ثُمَّ أَتَى يَهُودٌ مِنْ أَنْطَاكِيَةَ وَإِيقُونِيَةَ وَأَقْنَعُوا الْجُمُوعَ، فَرَجَمُوا بُولُسَ، وَجَرُّوهُ إِلَى خَا…
katameros:4201,reference,,,draft,0,,,قُمْ يَا اللهُ وَدِنِ الْأَرْضَ، لِأَنَّكَ أَنْتَ تَرِثُ فِي جَمِيعِ الْأُمَمِ. أَنَا قُلْتُ: إِنَّكُمْ آلِهَةٌ، وَبَنُ…
katameros:4202,reference,,,draft,0,,,النص بالعربيأَنَا هُوَ الكَرْمَةُ الحَقِيقِيَّةُ وَأَبِي الكَرَّامُ. كُلُّ غُصْنٍ فِيَّ لَا يَأْتِي بِثَمَرٍ يَقطَعُهُ،…
katameros:4203,reference,,,draft,0,,,عَظِيمٌ هُـــوَ الـــرَّبُّ، وَمُسَـــبَّحٌ جِـــدًّا، فِي مَدِينَـــةِ إلَهِنَـــا، عَلَـــى جَبَلِـــهِ الْمُقَـــدَّ…
katameros:4204,reference,,,draft,0,,,وَلَمَّا جَاءَ إِلَى التَّلَامِيذِ رَأَى جَمْعًا كَثِيرًا وَكَتَبَةً يُبَاحِثُونَهُمْ. وَلِلْوَقْتِ لَمَّا رَأَى الْجَم…
katameros:4205,reference,,,draft,0,,,أَعْتَرِفُ لَكَ يَا رَبُّ، مِنْ كُلِّ قَلْبِي؛ لِأَنَّكَ اسْتَمَعْتَ، كُلَّ كَلِمَاتِ فَمِي.  هَــلِّـلُـــويَـــا.
katameros:4206,reference,,,draft,0,,,وَفِي تِلْـــكَ الأيَّـــامِ خَـــرَجَ إِلَى الْجَبَـــلِ لِيُصَـــلِّيَ. وَكَـــانَ سَـــاهِـــرًا في الصَّـــلَاةِ لل…
katameros:4207,reference,,,draft,0,,,فَإِنَّنَا نَعْرِفُ أَنَّ كُلَّ الْخَلِيقَةِ تَئِنُّ وَتَتَمَخَّضُ مَعًا حَتَّى الآنَ. وَلَيْسَ هِيَ فَقَطْ، بَلْ نَحْن…
katameros:4208,reference,,,draft,0,,,فَانْظُرُوا إِلَى أَنْفُسِكُمْ لِئَلَّا تَفْقِدُوا مَا عَمِلْتمُوهُ، بَلْ تَنَالُوا أَجْرًا تَامًّا. كُلُّ مَنْ يَتَعَد…
katameros:4209,reference,,,draft,0,,,وَفِي الْغَدِ خَرَجَ مَعَ بَرْنَابَا إِلَى دِرْبَةَ. فَلمَّا بَشَّرَا فِي تِلْكَ الْمَدِينَةِ وَعَلَّمَا جَمْعًا كَثِير…
katameros:421,reference,,,draft,0,,,"وَمِنْ مِيلِيتُسَ أَرْسَلَ إلى أَفَسُسَ وَاسْتَدْعَى أحْبَارَ الْكَنِيسَةِ. فَلَمَّا جَاءُوا إلَيْهِ قَالَ لَهُمْ: "" أَ…"
katameros:4210,reference,,,draft,0,,,أُسَبِّحُ الرَّبَّ الَّذِي أَحْسَنَ إِليَّ. وَأُرَتِّلُ لِاسْمِ الرَّبِّ الْعَلِيِّ. أَمَّا أَنَا فَعَلَى رَحْمَتِكَ تَ…
katameros:4211,reference,,,draft,0,,,كَمَا أَحَبَّنِي أبِي كَذلِكَ أَحْبَبْتُكُمْ أَنَا. اُثْبُتُوا فِي مَحَبَّتِي. إِنْ حَفِظْتُمْ وَصَايَايَ تَثْبُتُونَ ف…
katameros:4212,reference,,,draft,0,,,إعْلَانُ أَقْوَالِكَ، يُنِيرُ لِي، وَيُفَهِّمُ، الأَطْفَالَ الصِّغَارَ. هَــلِّـلُـــويَـــا.
katameros:4213,reference,,,draft,0,,,فَأَخْبَرَ يُوحَنَّا تَلَامِيذُهُ عَنْ جَمِيعِ هذِهِ. فَدَعَا يُوحَنَّا اثْنَيْنِ مِنْ تَلَامِيذِهِ، وَأَرْسَلَهُمَا إِ…
katameros:4214,reference,,,draft,0,,,كَلَامُ الرَّبِّ، كَلَامٌ نَقِيٌّ. فِضَّةٌ مُحَمَّاةٌ مُجَرَّبَةٌ فِي الأَرْضِ، قَدْ صُفِّيَتْ سَبْعَةَ أَضْعَافٍ.    ه…
katameros:4215,reference,,,draft,0,,,"فَلَمَّا مَضَى رَسُولَا يُوحَنَّا، ابْتَدَأَ يَقُولُ لِلْجُمُوعِ عَنْ يُوحَنَّا: "" مَاذَا خَرَجْتُمْ إِلَى الْبَرِّيَّة…"
katameros:4216,reference,,,draft,0,,,وَنَحْنُ نَعْلَمُ أَنَّ الَّذِينَ يُحِبُّونَ اللَّهَ، وهُمُ الَّذِينَ دَعَاهُمْ حَسَبَ قَصْدِهِ السَّابِقِ، يَجْعَلُ كُ…
katameros:4217,reference,,,draft,0,,,مِنَ الشَّيْخِ، إِلَى غَايُوسَ الْحَبِيبِ الَّذِي أَنَا أُحِبُّهُ بِالْحَقِّ. أَيُّهَا الْحَبِيبُ، فِي كُلِّ شَيْءٍ أَر…
katameros:4218,reference,,,draft,0,,,وَلَمَّا قَدِمُوا إِلَى أُورُشَلِيمَ قَبِلَهُمْ أَهْلُ الْكَنِيسَةِ وَالرُّسُلُ والْأَحْبَارُ، فَأَخْبَرُوهُمْ بِكُلِّ …
katameros:4219,reference,,,draft,0,,,مُبَارَكٌ الرَّبُّ إِلَى الدَّهْرِ. يَكُونُ يَكُونُ. أَيْنَ هِيَ مَرَاحِمُكَ الْأُوَلُ يَا رَبُّ، الَّتِي حَلَفْتَ بِهَ…
katameros:422,reference,,,draft,0,,,فَلْيَرْفَعُوهُ في كَنِيسَةِ شَعْبِهِ، وَلْيُبَارِكُوهُ في مَجْلِسِ الشُّيوخِ. جَعَلَ أبوَّةً مِثْلَ الْخِرَافِ. يُبْصِ…
katameros:4220,reference,,,draft,0,,,هذِهِ هيَ وَصِيَّتِي: أَنْ تُحِبُّوا بَعْضُكُمْ بَعْضًا كَمَا أَحْبَبْتُكُمْ. لَيْسَ لأَحَدٍ حُبٌّ أَعْظَمُ مِنْ هذَا: …
katameros:4221,reference,,,draft,0,,,لَا أُعْطِي لِعَيْنَيَّ نَوْمًا، وَلَا لِأَجْفَانِي نُعَاسًا، وَلَا رَاحَةً لِصُدْغِي، إِلَى أَنْ أَجِدَ مَوْضِعًا لِلر…
katameros:4222,reference,,,draft,0,,,"وَفِي أَحَدِ الْأَيَّامِ رَكِبَ سَفِينَةً هُوَ وَتَلَامِيذُهُ، وَقَالَ لَهُمْ: "" لِنَمْضِ إِلَى عَبْرِ الْبُحَيْرَةِ "".…"
katameros:4223,reference,,,draft,0,,,عَلَى الأَفْعَى وَمَلِكِ الْحَيَّاتِ تَطَأُ. وَتَسْحَقُ الأَسَدَ وَالتِّـنِّينَ. لِأَنَّهُ عَلَيَّ اتَّكَلَ فَأُنَجِّيه…
katameros:4224,reference,,,draft,0,,,وَحَدَثَ بَعْدَ ذَلِكَ، أَنَّهُ كَانَ يَسِيرُ في كُلِّ مَدِينَةٍ وَقَرْيَةٍ يَكْرِزُ وَيُبَشِّرُ بِمَلَكُوتِ اللَّهِ، و…
katameros:4225,reference,,,draft,0,,,إِنِّي أُحِبُّ أَنْ تَنْطِقُوا جَمِيعُكُمْ بِأَلْسِنَةٍ، وَلَكِنْ بَالْأَحْرَى أَنْ تَتَنَبَّأُوا. لِأَنَّ الَّذِي يَتَ…
katameros:4226,reference,,,draft,0,,,مِنْ أجْلِ ذلِكَ، مَتَى جِئْتُ فَسَأُذَكِّرُهُ بِأَعْمَالِهِ الَّتِي يَعْمَلُهَا، حَيثُ يَهْذِي عَلَيْنَا بِأَقْوَالٍ خ…
katameros:4227,reference,,,draft,0,,,"فَبَعْدَمَا حَصَلَتْ مُنَاظَرَةٌ كَثِيرَةٌ قَامَ بُطْرُسُ وَقَالَ لَهُمْ: "" أيُّهَا الرِّجَالُ الْإِخْوَةُ، أَنْتُمْ تَ…"
katameros:4228,reference,,,draft,0,,,لِيُنِرْ وَجْهُكَ، عَلَى عَبْدِكَ. وَخَلِّصْنِي بِرَحْمَتِكَ يَا رَبُّ. لَا تُخْزِنِي لِأَنِّي دَعَوْتُكَ.  هَــلِّـلُـ…
katameros:4229,reference,,,draft,0,,,بِهذَا أَوْصَيْتُكُمْ حَتَّى تُحِبُّوا بَعْضُكُمْ بَعْضًا. إِنْ كَانَ الْعَالَمُ يُبْغِضُكُمْ فَاعْلَمُوا أَنَّـهُ قَدْ…
katameros:423,reference,,,draft,0,,,""" الْحَقَّ الْحَقَّ أَقُولُ لَكُمْ: إنَّ الَّذِي لا يَدْخُلُ مِنَ الْبَابِ إلى حَظِيرَةِ الْخِرَافِ، بَلْ يَطْلَعُ مِنْ…"
katameros:4230,reference,,,draft,0,,,بالنَّهَارِ، يَأْمُرُ الرَّبُّ بِرَحْمَتِهِ. وَبِاللَّيْلِ، يُظْهِرُهَا.    هَــلِّـلُـــويَـــا.
katameros:4231,reference,,,draft,0,,,وَإِذَا خَرَجَ الرُّوحُ النَّجِسُ مِنَ الْإِنْسَانِ، يَجْتَازُ فِي أَمَاكِنَ لَيْسَ فِيها مَاءٌ يَطْلُبُ رَاحَةً، وَإِذ…
katameros:4232,reference,,,draft,0,,,لِكُلِّ تَمَامٍ رَأَيْتُ مُنْــتَــهَى، أَمَّـــا وَصَـــايَاكَ فَوَاسِـــعَةٌ جِـــدًّا. يَا رَبُّ كَلِمَتُكَ دَائِمَة…
katameros:4233,reference,,,draft,0,,,فَانْظُرُوا كَيْفَ تَسْمَعُونَ؛ لِأَنَّ مَنْ لَهُ يُعْطَى وَالَّذِي لَيْسَ لَهُ، فَالَّذِي يَظُنُّهُ أَنَّهُ لَهُ يُنْز…
katameros:4234,reference,,,draft,0,,,هَكَذَا أَنْتُمْ أَيْضًا، بِمَا أَنَّكُمْ مُتَنَافِسُونَ فِي الْمَوَاهِبِ الرُّوحِيَّةِ، فَاطْلُبُوا لِأَجْلِ بُنْيَانِ…
katameros:4235,reference,,,draft,0,,,وَبَكِّتُوا الْبَعْضَ عِنْدَمَا يَكُونُونَ مُدَانِينَ، وَخَلِّصُوا الْبَعْضَ، وَاخْتَطِفُوهُمْ مِنَ النَّارِ، وَارْحَمُ…
katameros:4236,reference,,,draft,0,,,"وَبَعْدَمَا سَكَتَا، أَجَابَ يَعْقُوبُ قَائِلًا: "" أيُّهَا الرِّجَالُ إخْوَتُنَا، اسْمَعُونِي. سِمْعَانُ قَدْ أَخْبَرَ …"
katameros:4237,reference,,,draft,0,,,إِلَيْكَ يَا رَبُّ رَفَعْتُ نَفْسِي، إِلَهِي عَلَيْكَ تَوَكَّلْتُ فَلَا تُخْزِنِي إِلَى الْأَبَدِ. ولا تُضْحِكْ بِي أعْ…
katameros:4238,reference,,,draft,0,,,"وَفِي الْيَوْمِ الْأَخِيرِ الْعَظِيمِ مِنَ الْعِيدِ، وَقَفَ يَسُوعُ وَنَادَى قَائِلًا: "" إِنْ عَطِشَ أَحَدٌ فَلْيُقْبِل…"
katameros:4239,reference,,,draft,0,,,الَّذِينَ أَنْقَذَهُمْ مِنْ أَيْدِي أَعْدَائِهِمْ. وَمِنَ البُلْدَانِ جَمَعَهُمْ. مِنَ الْمَشَارِقِ والْمَغَارِبِ، وَال…
katameros:424,reference,,,draft,0,,,أَجْعَلُ ذُرِّيَتَهُ إلى دَهْرِ الدَّهرِ، وعَرْشَهُ مِثْلَ أيامِ السَّمَاءِ. نسْلُهُ إلى الدَّهْرِ يَدُومُ، وعَرْشُهُ م…
katameros:4240,reference,,,draft,0,,,فَلَمَّا رَجَعَ يَسُوعُ اسْتَقْبَلَهُ الْجَمْعُ لِأَنَّهُمْ كَانُوا جَمِيعُهُمْ يَنْتَظِرُونَهُ. وَجَاءَ إِلَيْهِ رَجُل…
katameros:4241,reference,,,draft,0,,,امْتَلأَتِ الْأَرْضُ مِنْ رَحْمَةِ الرَّبِّ. بِكَلِمَةِ الرَّبِّ تَشَدَّدَتِ السَّمَاوَاتُ. وَبِرُوحِ فِيهِ، كُلُّ قُوَ…
katameros:4242,reference,,,draft,0,,,"ولَمَّا تَكَلَّمَ يَسوعُ بِهَذَا رَفَعَ عَيْنَيْهِ إِلَى السَّمَاءِ وقَالَ: "" يا أَبَتِ، قَدْ أتَتِ السَّاعَةُ. مَجِّدِ…"
katameros:4243,reference,,,draft,0,,,وَأَنَا أُرِيكُمْ طَرِيقًا أَفْضَلَ جِدًّا: لَوْ كُنْتُ أَنْطِقُ بِأَلْسِنَةِ النَّاسِ وَالْمَلَائِكَةِ وَلَمْ تَكُنْ ف…
katameros:4244,reference,,,draft,0,,,أَكْتُبُ إِلَيْكُمْ أَيُّهَا الْأَوْلَادُ، لِأَنَّهُ قَدْ غُفِرَتْ لَكُمُ خَطَايَاكُمْ مِنْ أَجْلِ اسْمِهِ. أَكْتُبُ إِ…
katameros:4245,reference,,,draft,0,,,وَفِي تِلْكَ الأَيَّامِ قَامَ بُطْرُسُ فِي وَسَطِ الْإِخوةِ، وَكَانَ عددُ الأَسماءِ جَميعًا نحوَ مائةٍ وعِشْرِينَ اسمًا…
katameros:4246,reference,,,draft,0,,,فَأَعْتَرِفُ لَكَ فِي الشُّعُوبِ يَا رَبُّ، وَأُرَتِّلُ لَكَ فِي الأُمَمِ؛ لِأَنَّ رَحْمَتَكَ قَدْ عَظُمَتْ فَوْقَ السَ…
katameros:4247,reference,,,draft,0,,,أَنَا سَلَّمتُهُمْ كَلَامَكَ، فأَبْغَضَهُمُ العَالَمُ لِأَنَّهُمْ لَيْسُوا مِنَ العالَمِ، كَمَا أَنِّي أَنَا أَيْضًا لَ…
katameros:4248,reference,,,draft,0,,,اِمْنَحْنِي بَهْجَةَ خَلَاصِكَ، وَبِرُوحٍ رِئَاسِيٍّ اُعْضُدْنِي. نَجِّنِي مِنَ الدِّمَاءِ يا أللَّهُ إِلَهَ خَلَاصِي، …
katameros:4249,reference,,,draft,0,,,"وَفِي الْيَوْمِ الْأَخِيرِ الْعَظِيمِ مِنَ الْعِيدِ، وَقَفَ يَسُوعُ وَنَادَى قَائِلًا: "" إِنْ عَطِشَ أَحَدٌ فَلْيُقْبِل…"
katameros:425,reference,,,draft,0,,,"وَإذْ كَانَ يُصَلِّي وَحْدَهُ عَلَى انْفِرَادٍ كَانَ التَّلامِيذُ مَعَهُ. فَسَأَلَهُمْ قَائِلاً: "" مَنْ يَقُولُ النَّاس…"
katameros:4250,reference,,,draft,0,,,تُرْسِلُ رُوحَكَ فَيُخْلَقُونَ. وَتُجَدِّدُ وَجْهَ الأَرْضِ دَفْعَةً أُخْرَى. فَلْيَكُنْ مَجْدُ الرَّبِّ، إِلَى الأَبَد…
katameros:4251,reference,,,draft,0,,,ومتى جَاءَ المُعَزِّي، الرُّوحُ القُدُسُ، الَّذِي سيُرْسِلُهُ الآبُ بِاسْمي، فَهُوَ يُعَلِّمُكُمْ كُلَّ شَيءٍ، ويُذَكِّ…
katameros:4252,reference,,,draft,0,,,وَأَمَّا مِنْ جِهَةِ الْمَوَاهِبِ الرُّوحِيَّةِ أَيُّهَا الْإِخْوَةُ، فَلَسْتُ أُرِيدُ أَنْ تَجْهَلُوا. أَنْتُمْ تَعْلَ…
katameros:4253,reference,,,draft,0,,,وَأمَّا أَنْتُمْ فَلَكُمْ أَيْضًا مَسْحَةٌ مِنَ الْقُدُّوسِ وَتَعْلَمُونَ كُلَّ شَيْءٍ. لَمْ أَكْتُبْ إلَيْكُمْ لِأَنَّ…
katameros:4254,reference,,,draft,0,,,فَلَمَّا حَضَرَ يَوْمُ الْخَمْسِينَ كَانَ الْجَمِيعُ مَعًا بِنَفْسٍ وَاحِدَةٍ، وَصَارَ مِنَ السَّمَاءِ بَغْتَةً صَوْتٌ …
katameros:4255,reference,,,draft,0,,,صَعِدَ اللَّهُ بِتَهْلِيلٍ، والرَّبُّ بِصَوْتِ الْبُوقِ؛ لِأَنَّ الرَّبَّ قَدْ مَلَكَ، عَلَى جَمِيعِ الأُمَمِ.   هَــلِ…
katameros:4256,reference,,,draft,0,,,مَتَى جَاءَ المُعَزِّي الَّذِي سَأُرْسِلُهُ أَنَا إلَيكُمْ مِنْ عِنْدِ أبي، رُوحُ الحَقِّ، المُنْبَثِقُ مِنَ الآبِ، فَه…
katameros:4257,reference,,,draft,0,,,هَلُمُّوا فَلْنَبْتَهِـجْ بِالرَّبِّ، وَلْنُهَلِّلْ لِلَّهِ مُخَلِّصِنَا. وَلْنُبَادِرْ فَنَبْلُغَ إِلَى وَجْهِهِ بِالا…
katameros:4258,reference,,,draft,0,,,وَكَانَ فِي ذَلِكَ الزَّمَانِ قَدْ حَضَرَ إِلَيْهِ قَوْمٌ يُخْبِرُونَهُ عَنِ الْجَلِيلِيِّينَ الَّذِينَ خَلَطَ بِيلَاطُ…
katameros:4259,reference,,,draft,0,,,"وَصَارَتْ كَلِمَةُ الرَّبِّ إِلَى يُونَانَ بْنِ أَمِتَّايَ قَائِلًا: "" قُمِ اِنْطَلِقْ إِلَى نِينَوَى الْمَدِينَةِ الْع…"
katameros:426,reference,,,draft,0,,,فَلْيَرْفَعُوهُ في كَنِيسَةِ شَعْبِهِ، وَلْيُبَارِكُوهُ في مَجْلِسِ الشُّيوخِ. جَعَلَ أبوَّةً مِثْلَ الْخِرَافِ. يُبْصِ…
katameros:4260,reference,,,draft,0,,,بَارِكِي يَا نَفْسِي الرَّبَّ، وَيَا جَمِيعَ مَا فِي دَاخِلِي بَارِكْ اِسْمَهُ الْقُدُّوسَ. الرَّبُّ رَؤُوفٌ رَحِيمٌ، ط…
katameros:4261,reference,,,draft,0,,,لَا تُعْطُوا الْقُدْسَ لِلْكِلَاب، وَلَا تُلْقُوا جَوَاهِرَكُمْ قُدَّامَ الْخَنَازِيرِ، لِئَلَّا تَدُوسَهَا بِأَرْجُلِه…
katameros:4262,reference,,,draft,0,,,فَشُكْرًا لِلَّهِ، أَنَّكُمْ قَدْ كُنْتُمْ عَبِيدًا لِلْخَطِيئَةِ، فَسَمِعْتُمَ وَأَطَعْتُمْ مِنْ قُلُوبِكُمْ رَسْمَ ال…
katameros:4263,reference,,,draft,0,,,يَهُوذَا، عَبْدُ يَسُوعَ الْمَسِيحِ، وَأَخُو يَعْقُوبَ، إِلَى الْمَحْبُوبِينَ فِي اللَّهِ الْآبِ، الْمَحْفُوظِينَ وَالْ…
katameros:4264,reference,,,draft,0,,,"فَقَالَ لَهُمْ بُطْرُسُ: "" تُوبُوا وَلْيَعْتَمِدْ كُلُّ وَاحِدٍ مِنْكُمْ عَلَى اسْمِ يَسُوعَ الْمَسِيحِ لِغُفْرَانِ خَط…"
katameros:4265,reference,,,draft,0,,,إِنْ كُنْتَ لِلْآثَامِ رَاصِدًا يَا رَبُّ، يَا رَبُّ مَنْ يَقْدِرُ أَنْ يَثْبُتَ أَمَامَكَ؟ لِأَنَّ مِنْ عِنْدِكَ هُوَ …
katameros:4266,reference,,,draft,0,,,الْإِنْسَانُ الصَّالِحُ مِنْ كَنْزِهِ الصَّالِحِ يُخْرِجُ الصَّلَاحَ. والْإِنْسَانُ الشِّرِّيرُ مِنْ كَنْزِهِ الشِّرِّي…
katameros:4267,reference,,,draft,0,,,"فَصَلَّى يُونَانُ إِلَى الرَّبِّ إِلَهِهِ مِنْ جَوْفِ الْحُوتِ، وَقَالَ: "" إِلَى الرَّبِّ إلَهِي صَرَخْتُ فِي ضِيْقِي، …"
katameros:4268,reference,,,draft,0,,,اُذْكُرْ يَا رَبُّ أَنَّنَا تُرَابٌ. الْإِنْسَانُ أَيَّامُهُ كَالْعُشْبِ. لَيْسَ إِلَى الْاِنْقِضَاءِ يَسْخَطُ وَلَا إِ…
katameros:4269,reference,,,draft,0,,,"وَقَالَ لَهُمْ هَذَا الْمَثَلَ: "" كَانَ لِوَاحِدٍ تِينَةٌ مَغرُوسَةٌ فِي كَرْمِهِ، فَجَاءَ يَطْلُبُ فِيهَا ثَمَرًا فَلَ…"
katameros:427,reference,,,draft,0,,,وَجَاءَ إلى بَيْتِ صَيْدَا، فَقَدَّمُوا إلَيْهِ أَعْمَى وَطَلَبُوا إلَيْهِ أنْ يَلْمِسَهُ، فَأخَذَ بِيَدِ الأَعْمَى وَأ…
katameros:4270,reference,,,draft,0,,,وَأَنْتُمْ أَيْضًا الَّذِينَ كُنْتُمْ حِينًا غُرَبَاءَ وَأَعْدَاءَ بِضَمَائِرِكُمْ، بِالْأَعْمَالِ الشِّرِّيرَةِ، قَدْ …
katameros:4271,reference,,,draft,0,,,لِأَنَّهُ يَكْفِيكُمُ الزَّمَانُ الَّذِي مَضَى إِذْ كُنْتُمْ تَصْنَعُونَ فِيهِ إِرَادَةَ الْأُمَمِ، وَتَسْلُكُونَ فِي ا…
katameros:4272,reference,,,draft,0,,,لِأَنَّ أَزْمِنَةَ الْجَهَالةِ قَدْ أَزَالَها اللَّهُ. وَالْآنَ فَهُوَ يُنذِرُ النَّاسَ لِكَيْ يَتُوبَ كُلُّ وَاحِدٍ فِ…
katameros:4273,reference,,,draft,0,,,يَا رَبُّ غَفَرْتَ إِثْمَ شَعْبِكَ. سَتَرْتَ جَمِيعَ خَطَايَاهُمْ. حَلَلْتَ كُلَّ رِجْزِكَ. رَجَعْتَ عَنْ سُخْطِ غَضَبِ…
katameros:4274,reference,,,draft,0,,,"وَإذِ اجْتَمَعَتِ الْجُمُوعُ، ابْتَدَأَ يَقُولُ: "" هَذَا الْجِيلُ جِيلٌ شِرِّيرٌ. يَطْلُبُ آيَةً، وَلَا تُعْطَى لَهُ آي…"
katameros:4275,reference,,,draft,0,,,"وَكَانَتْ كَلِمَةُ الرَّبِّ إِلَى يُونَانَ ثَانِيَةً قَائِلًا: "" قُمِ اِنْطَلِقْ إِلَى نِينَوَى الْمَدِينَةِ الْعَظِيمَ…"
katameros:4276,reference,,,draft,0,,,وَكَمَا يَتَرأَّفُ الْأَبُ عَلَى بَنِيهِ، كَذَلِكَ تَرَاءَفَ الرَّبُّ عَلَى خَائِفِيهِ. وَكَبُعْدِ الْمَشَارِقِ عَنِ ال…
katameros:4277,reference,,,draft,0,,,"فِي ذلِكَ الْوَقْتِ أَجَابَ يَسُوعُ وَقَالَ: "" أَشْكُرُكَ أَيُّهَا الْآبُ رَبُّ السَّمَاءِ وَالأَرْضِ، لِأَنَّكَ أَخْفَ…"
katameros:4278,reference,,,draft,0,,,وَأَنْتُمْ أَيْضًا إذْ كُنْتُمْ أَمْوَاتًا بِزَلَّاتِكُمْ وَخَطَايَاكُمْ، الَّتِي سَلَكْتُمْ فِيهَا قَبْلًا حَسَبَ دَهْ…
katameros:4279,reference,,,draft,0,,,أَكْتُبُ إِلَيْكُمْ أَيُّهَا الْأَوْلَادُ، لِأَنَّهُ قَدْ غُفِرَتْ لَكُمُ خَطَايَاكُمْ مِنْ أَجْلِ اسْمِهِ. أَكْتُبُ إِ…
katameros:428,reference,,,draft,0,,,فَإذْ لَنَا رَئِيسُ كَهَنَةٍ عَظِيمٌ قَدِ اجْتَازَ السَّمَوَاتِ، يَسُوعُ ابْنُ اللَّهِ، فَلْنَتَمَسَّكْ بِالإقْرَارِ. ل…
katameros:4280,reference,,,draft,0,,,فَسَكَتَ الْجُمْهُورُ كُلُّهُ. وَكَانُوا يَسْمَعُونَ بَرْنَابَا وَبُولُسَ يُحَدِّثَانِ بِجَمِيعِ مَا صَنَعَ اللَّــهُ م…
katameros:4281,reference,,,draft,0,,,طُوبَاهُمُ الَّذِينَ تُرِكَتْ لَهُمْ آثَامُهُمْ، وَالَّذِينَ سُتِرَتْ خَطَايَاهُمْ. قُلْتُ أَعْتَرِفُ لِلرَّبِّ بِإِثْم…
katameros:4282,reference,,,draft,0,,,"وَأَمَّا يَسُوعُ فَدَعَا تَلَامِيذَهُ وَقَالَ: "" إِنَّنِي أَتَحَنَّنُ عَلَى الْجَمْعِ، لِأَنَّ لَهُمْ مَعِي ثَلَاثَةَ أ…"
katameros:4283,reference,,,draft,0,,,سَمِعَ الرَّبُّ فَرَحِمَنِي. الرَّبُّ صَارَ لِي عَوْنًا. رَدَدْتَ نَوْحِي إِلَى فَرَحٍ لِي. مَزَّقْتَ مِسْحِيِ وَمَنْطَ…
katameros:4284,reference,,,draft,0,,,وَلِلْوَقْتِ رَكِبَ السَّفِينَةَ مَعَ تَلَامِيذِهِ وَجَاءَ إِلَى نَوَاحِي دَلْمَانُوثَا. فَخَرَجَ الْفَرِّيسِيُّونَ وَا…
katameros:4285,reference,,,draft,0,,,لِأَنَّ غَايَةَ النَّامُوسِ هيَ: الْمَسِيحُ لِلْبِرِّ لِكُلِّ مَنْ يُؤْمِنُ؛ لِأَنَّ مُوسَى كَتَبَ فِي الْبِرِّ الَّذِي…
katameros:4286,reference,,,draft,0,,,فَإِنَّهُ خَيْرٌ لَكُمْ أَنْ تَتَأَلَّمُوا وَأَنْتُمْ صَانِعُونَ خَيْرًا، إِنْ شَاءَتْ إرَادَةُ اللَّهِ، مِنْ أَنْ تَتَ…
katameros:4287,reference,,,draft,0,,,وَذَلِكَ أَنَّ مُوسَى قَدْ قَالَ: سَيُقِيمُ لَكُمْ الرَّبُّ الْإِلهُ نَبِيَّا مِثْلِي مِنْ بَيْنِ إِخْوَتِكُمْ. فَلَهُ …
katameros:4288,reference,,,draft,0,,,فِي ضِيقَتِي صَرَخْتُ إِلَى الرَّبِّ. فَاسْتَجَابَ لِي وَأَخْرَجَنِي إِلَى السَّعَةِ. أَدَبًا أَدَّبَنِي الرَّبُّ، وَإِ…
katameros:4289,reference,,,draft,0,,,وَبَعْدَ هَذَا انْحَدَرَ إِلَى كَفْرِنَاحُومَ، هُوَ وأُمُّهُ وَإِخْوَتُهُ وَتَلَامِيذُهُ، وَأَقَامُوا هُنَاكَ أيَّامًا …
katameros:429,reference,,,draft,0,,,بُطْرُسُ، رَسُولُ يَسُوعَ الْمَسِيحِ، إلى الْمُخْتَارِينَ الْمُتَغَرِّبِينَ في شَتَاتِ بُنْتُسَ وَغَلاَطِيَّةَ وَكَبَّا…
katameros:4290,reference,,,draft,0,,,رَتِّلُوا لِلرَّبِّ يَا جَمِيعَ قِدِّيسِيهِ، وَاعْتَرِفُوا لِذِكْرِ قُدْسِهِ. سَمِعَ الرَّبُّ فَرَحِمَنِي. الرَّبُّ صَا…
katameros:4291,reference,,,draft,0,,,الْحَقَّ أَقُولُ لَكُمْ: إنهُ لَمْ يَقُمْ أَحَدٌ بَيْنَ الْمَوْلُودِينَ مِنَ النِّسَاءِ أَعْظَمُ مِنْ يُوحَنَّا الْمَعْ…
katameros:4292,reference,,,draft,0,,,عَلَيْكَ يَارَبُّ تَوَكَّلْتُ. فَلاَ تُخْزِنِي إلى الأَبدِ. وَبِعَدْلِكَ نَجِّنِي. مَا أَعْظَمَ كَثْرَةَ صَلاحِكَ يَارَ…
katameros:4293,reference,,,draft,0,,,وَلَمَّا دَخَلَ الْهَيْكَلَ جَاءَ إلَيْهِ رُؤَسَاءُ الْكَهَنَةِ وَشُيُوخُ الشَّعْبِ بِيْنَمَا هُوَ يُعَلِّمُ، قَائِلِين…
katameros:4294,reference,,,draft,0,,,وَأَنا أَشْكُرُ الْمَسِيحَ يَسُوعَ رَبَّنَا الَّذِي قَوَّانِي، لأنهُ حَسِبَني أَمِيناً، إذْ جَعَلَنِي لِلْخِدْمَةِ، وَق…
katameros:4295,reference,,,draft,0,,,كُونُوا عَامِلِينَ بِالْكَلِمَةِ، لاَ سَامِعِينَ فَقَطْ خَادِعِينَ نُفُوسَكُمْ وَحْدَكُمْ. لأنَّ مَنْ يَسْمَعُ الْكَلِم…
katameros:4296,reference,,,draft,0,,,وَلَمَّا أَكْمَلَ يُوحَنَّا سَعْيَهُ جَعَلَ يَقُولُ: مَنْ تَظُنُّونَ أني أَنا؟ لَسْتُ أَنا إياهُ، لكِنْ هُوَذَا يَأْتِي…
katameros:4297,reference,,,draft,0,,,أَحِبُّوا الرَّبَّ يَا جَمِيعَ قِدِّيسِيهِ؛ لأنَّ الرَّبَّ ابْتَغَى الْحَقَائِقَ. مَا أَعْظَمَ كَثْرَةَ صَلاحِكَ يَارَب…
katameros:4298,reference,,,draft,0,,,"أَقُولُ لَكُمْ: "" إنَّهُ لَيْسَ أَحَدٌ في مَوَالِيدِ النِّسَاءِ أَعْظَمَ مِنْ يُوحَنَّا الْمَعْمَدَانِ، وَلكِنَّ الأصْغ…"
katameros:4299,reference,,,draft,0,,,صَادِقَةٌ هِيَ مَعُونَتي مِنْ عِنْدِ اللِّهِ، الْمُنَجِّي المُسْتَقِيمينَ في قَلْبِهِمْ. اللَّهُ قَاضٍ عَادِلٌ. وَقَوِي…
katameros:43,reference,,,draft,0,,,وَلكِنْ حَدَثَ لَمَّا اسْتَكْمَلْنَا الأيامَ خَرَجْنَا وَمَشَيْنَا، وَهُمْ يُشَيِّعُونَنَا، مَعَ نِسَاءٍ أيْضاً وَأَوْل…
katameros:430,reference,,,draft,0,,,وَفي ذَلِكَ الوَقْتِ رَفَعَ هِيرُودِسُ يَدَهُ عَلَى قَومٍ مِنَ الكَنْيسَةِ لِيُسِيئَ إليهم، فَقَتَلَ يَعْقُوبَ أخَا يُو…
katameros:4300,reference,,,draft,0,,,ثُمَّ قَامَ مِنَ الْمَجْمَعِ، وَدَخَلَ بَيْتَ سِمْعَانَ. وَكَانَتْ حَمَاةُ سِمْعَانَ بِحُمَّى شَدِيدَةٍ. فَسَأَلُوهُ مِ…
katameros:4301,reference,,,draft,0,,,أَيهَا الرَّبُّ رَبُّنَا، مِثْلَ عَجَبٍ صَارَ اسْمُكَ عَلَى الأَرْضِ كُلِّها. مَنْ هُوَ الإنْسَانُ حَتَّى تَذْكُرَهُ، أ…
katameros:4302,reference,,,draft,0,,,وَقَامَ في الصُّبْحِ بَاكِرَاً جِدّاً وَخَرَجَ وَمَضَى إلى مَكَانٍ خَلاَءٍ، وَكَانَ يُصَلِّي هُنَاكَ، وَكَانَ يَتبَعَهُ…
katameros:4303,reference,,,draft,0,,,لِهَذَا أَنا أَحْتَمِلُ هَذِهِ الآلامَ. لكِنَّنِي لَسْتُ أَخْجَلُ، لأننِي عَارِفٌ بِمَنْ آمَنْتُ، وَقَلْبِي وَاثِقٌ أنه…
katameros:4304,reference,,,draft,0,,,اسْمَعُوا يَا إخْوَتِي الأَحِبَّاءَ: أَمَا اخْتَارَ اللَّهُ فُقَرَاءَ الْعَالَمِ أَغْنِيَاءَ في الإيمَانِ، وَوَرَثَةَ ا…
katameros:4305,reference,,,draft,0,,,أَمَّا الَّذِينَ تَشَتَّتُوا مِنَ الضِّيقِ الَّذِي حَلَّ عَلَى اسْتِفَانُوسَ فَأَتوْا إلى فِينِيقِيَةَ وَقُبْرُسَ وَأنْ…
katameros:4306,reference,,,draft,0,,,يَارَبُّ، بِقُوَّتِكَ يَفْرَحُ الْمَلِكُ، وَبِخَلاصِكَ يَتَهَلَّلُ جِدّاً. شَهْوَةَ قَلْبِهِ أَعْطَيْتَهُ، وَسُؤالَ شَف…
katameros:4307,reference,,,draft,0,,,"وَفي تِلْكَ السَّاعَةِ تَهَلَّلَ يَسُوعُ بِالرُّوحِ الْقُدُسِ وَقَالَ: "" أَشْكُرُكَ أيهَا الآبُ، رَبُّ السَّمَاءِ وَالأ…"
katameros:4308,reference,,,draft,0,,,أَعْتَرِفُ لَكَ يَارَبُّ مِنْ كُلِّ قَلْبي. وَأُحَدِّثُ بِجَمِيعِ عَجَائِبِكَ. أَفْرَحُ وَأَتَهَلَّلُ بِكَ. أُرَتِّلُ ل…
katameros:4309,reference,,,draft,0,,,وَلِلْوَقْتِ لَمَّا خَرَجُوا مِنَ الْمَجْمَعِ دَخَلُوا بَيْتَ سِمْعَانَ وَأَندَرَاوسَ، وَمَعَهُمْ يَعْقُوبُ وَيُوحَنَّا…
katameros:431,reference,,,draft,0,,,"أَقْسَمَ الرَّبُّ وَلَنْ يَنْدَمَ: "" إِنَّكَ أَنْتَ هُوَ الْكَاهِنُ إلى الأَبدِ عَلَى طَقْسِ مَلْشِيصَادَقَ "". الرَّبُّ…"
katameros:4310,reference,,,draft,0,,,وَيَتَّكِلُ عَلَيْكَ الَّذِينَ يَعْرِفُونَ اسْمَكَ، فَلاَ تَتْرُكْ طَالِبِيكَ يَارَبُّ. رَتِّلُوا لِلرَّبِّ السَّاكِنِ …
katameros:4311,reference,,,draft,0,,,"وَلَمَّا دَخَلَ كَفْرَنَاحُومَ، جَاءَ إلَيْهِ قَائِدُ مِئَةٍ يَطْلُبُ إلَيْهِ قَائِلاً: "" يَا سَيِّدي، غُلاَمِي مَطْرُو…"
katameros:4312,reference,,,draft,0,,,وَأَنا أيْضاً لَمَّا أَتَيْتُ إلَيْكُمْ يَا إخْوَتِي، مَا أَتَيْتُ بِسُمُوِّ الْكَلاَمِ أَوْ الْحِكْمَةِ مُعلِمَاً إيَّ…
katameros:4313,reference,,,draft,0,,,لِذلِكَ مَنْطِقُوا أَحْقَاءَ ذِهْنِكُمْ صَاحِينَ بِالتَّمَامِ، وَتَوَكَّلُوا عَلَى النِّعْمَةِ الَّتي يُؤْتَى بِهَا إلَ…
katameros:4314,reference,,,draft,0,,,"وَأمَّا شَاوُلُ فَكَانَ يَزْدَادُ قُوَّةً، وَكَانَ يُزْعِجُ الْيَهُودَ السَّاكِنِينَ في دِمَشْقَ مُبَيِّنَاً لَهُمْ "" أ…"
katameros:4315,reference,,,draft,0,,,حَيٌّ هُوَ الرَّبُّ وَمُبَارَكٌ هُوَ إلهِي، وَيَتَعَالَى إلَهُ خَلاَصِي. مِنْ أَجْلِ هَذَا أعْتَرِفُ لَكَ يَارَبُّ في ا…
katameros:4316,reference,,,draft,0,,,وَلَمَّا دَخَلَ كَانَ يَمْشِي في أَرِيحَا. وَإذَا رَجُلٌ يُدْعَى اسْمُهُ زَكَّا، وَهَذَا كَانَ رَئِيسَاً لِلعَشَّارِينَ…
katameros:4317,reference,,,draft,0,,,لأَنَّ كَلِمَةَ الرَّبِّ مُسْتَقِيمَةٌ، وَكُلَّ أَعْمَالِهِ بِالأَمَانَةِ. يُحِبُّ الْرَّحْمَةَ وَالْحُكْمَ، امْتَلأَتِ…
katameros:4318,reference,,,draft,0,,,"وَفِيمَا هُوَ يُكَلِّمُهُمْ بِهَذَا، إذَا رَئِيسٌ قَدْ جَاءَ فَسَجَدَ لَهُ قَائِلاً: "" إنَّ ابْنَتِي الآنَ مَاتَتْ، لكِ…"
katameros:4319,reference,,,draft,0,,,نَفْسُنَا تَنْتَظِرُ الرَّبَّ في كُلِّ حِينٍ؛ لأنهُ هُوَ مُعِيِنُنَا وَنَاصِرُنَا. وَبِهِ يَفْرَحُ قَلْبُنَا؛ لأننَا عَ…
katameros:432,reference,,,draft,0,,,"وَلَمَّا جَاءَ يَسُوعُ إلى نَوَاحِي قَيْصَرِيَّةِ فِيلُبُّسَ سَألَ تَلاَمِيذَهُ قَائِلاً: "" مَاذا يَقُولُ النَّاسُ في ا…"
katameros:4320,reference,,,draft,0,,,ثُمَّ خَرَجَ يَسُوعُ مِنْ هُنَاكَ وَانْصَرَفَ إلى نَوَاحِي صُورَ وَصَيْدَاءَ. وَإذَا امْرَأةٌ كَنْعَانِيَّةٌ خَرَجَتْ م…
katameros:4321,reference,,,draft,0,,,بُولُسُ، رَسُولُ يَسُوعَ الْمَسِيحِ بِمَشِيئَةِ اللَّهِ، وَتِيمُوثَاوُسُ الأَخُ، إلى كَنِيسَةِ اللَّهِ الَّتي في كُورِن…
katameros:4322,reference,,,draft,0,,,لأَجْلِ هَذَا ظَهَرَ ابْنُ اللَّهِ لِكَيْ يَنْقُضَ أَعْمَالَ إِبْلِيسَ. كُلُّ مَنْ وُلِدَ مِنَ اللَّهِ لا يَفْعَلُ خَطِ…
katameros:4323,reference,,,draft,0,,,وَكَانَ بِيَافَا امْرَأةٌ تِلْمِيذَةٌ اسْمُهَا طَابِيثَا، التي تَفْسِيرُهَا وتَسْمِيَتُها غَزَالَةٌ. وَهَذِهِ كَانَتْ م…
katameros:4324,reference,,,draft,0,,,الرَّبُّ عِزٌّ لِشَعْبِهِ. وَهُوَ مُؤازِرُ خَلاَصِ مَسِيحِهِ. خَلِّصْ شَعْبَكَ، بَارِكْ مِيرَاثَكَ. ارْعَهُمْ، وَارْفَع…
katameros:4325,reference,,,draft,0,,,وَسَأَلَهُ وَاحِدٌ مِنَ الْفَرِّيسِيِّينَ أنْ يَأْكُلَ مَعَهُ، فَلَمَّا دَخَلَ بَيْتَ الفَرِّيسِيِّ اتَّكَأَ. وَإذَا ام…
katameros:4326,reference,,,draft,0,,,يَارَبُّ مَنْ يَسْكُنُ في مَسْكَنِكَ؟ أَوْ مَنْ يَحِلُّ في جَبَلِكَ الْمُقَدَّسِ؟ إلاَّ السَّالِكُ بِلاَ عَيْبٍ، وَيَعْ…
katameros:4327,reference,,,draft,0,,,وَكَانَ في كَفْرِنَاحُومَ رَجُلٌ مَلَكِيٌّ لَهُ وَلَدٌ مَرِيضٌ. هَذَا إذْ سَمِعَ أنَّ يَسُوعَ قَدْ جَاءَ مِنَ الْيَهُود…
katameros:4328,reference,,,draft,0,,,مَنْ يَقْدِرُ أنْ يَصْعَدَ إلى جَبَلِ الرَّبِّ؟ أَوْ مَنْ يَقُومُ في مَوْضِعِهِ الْمُقَدَّسِ؟ الطَّاهِرُ بِيَدِيِهِ، ال…
katameros:4329,reference,,,draft,0,,,لأنهُ لَمْ يُرْسِلِ اللَّهُ ابْنَهُ إلى الْعَالَمِ لِيَدِينَ الْعَالَمَ، بَلْ لِيَخْلُصَ بِهِ الْعَالَمُ. مَنْ يُؤْمِنُ…
katameros:433,reference,,,draft,0,,,الَّذِي يُعَلِّمُ يَدَيَّ الْقِتَالَ، وَجَعَلَ سَاعِدَيَّ أقْوَاسَاً مِنْ نُحَاسٍ. وَمَنْطَقْتَنِي قُوَّةً في الْحَرْبِ…
katameros:4330,reference,,,draft,0,,,لأَنَّ مَلْكِي صَادِقَ هَذَا، مَلِكَ سَالِيمَ، كَاهِنَ اللَّهِ الْعَلِيِّ، الَّذِي خَرَجَ لاسْتَقْبَالِ إبْرَاهِيمَ حَا…
katameros:4331,reference,,,draft,0,,,مِنَ الشَّيخِ إلى السَّيِّدَةِ الْمُخْتَارَةِ، وَإلى أَوْلاَدِهَا الَّذِينَ أَنا أُحِبُّهُمْ بِالْحَقِّ، وَلَسْتُ أَنا …
katameros:4332,reference,,,draft,0,,,"فَقَالَ الرَّبُّ لِبُولُسَ بِرُؤْيَا في اللَّيْلِ: "" لا تَخَفْ، بَلْ تَكَلَّمْ وَلا تَسْكُتْ، لأني أَنا مَعَكَ، وَلا يَ…"
katameros:4333,reference,,,draft,0,,,قَدِّمُوا لِلرَّبِّ يَا جَمِيعَ أُبوَّاتِ الأُمَمِ. قَدِّمُوا لِلرَّبِّ مَجْداً وَكَرَامَةً، قَدِّمُوا لِلرَّبِّ مَجْدا…
katameros:4334,reference,,,draft,0,,,"فَرَفَعَ يَسُوعُ عَيْنَيْهِ وَرَأَى جَمْعَاً عَظِيماً مُقْبِلاً إلَيْهِ، فَقَالَ لِفِيلِبُّسَ: "" أيْنَ نَجِدُ خُبْزَاً …"
katameros:4335,reference,,,draft,0,,,لِيَتَرَأَفِ اللَّهُ عَلَيْنَا وَيُبَارِكْنَا. وَلِيُظْهِرْ وَجْهَهُ عَلَيْنَا وَيَرْحَمْنَا. لِيُعْرَفَ في الأَرْضِ طَ…
katameros:4336,reference,,,draft,0,,,"وَلَمَّا كَانَ الْمَسَاءُ جَاءَ إلَيْهِ تَلاَمِيذُهُ قَائِلِينَ: "" إنَّ الْمَوْضِعَ قَفْرٌ وَالْوَقْتَ قَدْ عَبَرَ. فَا…"
katameros:4337,reference,,,draft,0,,,يَا اللَّهُ إلهِي إلَيْكَ أُبكِّرُ؛ لأنَّ نَفْسِي عَطِشَتْ إلَيْكَ. هَكَذَا ظَهَرْتُ لَكَ في القُدْسِ، لأَرَى قُوَّتَكَ…
katameros:4338,reference,,,draft,0,,,وَبَعْدَ السَّبْتِ، عِنْدَ فَجْرِ الأَحَدِ ( أوَّلِ الأُسْبُوعِ ) جَاءَتْ مَرْيَمُ الْمَجْدَلِيَّةُ وَمَرْيَمُ الأُخْرَ…
katameros:4339,reference,,,draft,0,,,وَلَمَّا أَتَيْتُ إلى ترُوَاسَ، لأَجْلِ إنْجِيلِ الْمَسِيحِ، وَانْفَتَحَ لي بَابٌ في الرَّبِّ، لَمْ تَسْتَرِحْ رُوحِي، …
katameros:434,reference,,,draft,0,,,هَا أَنَا أُرْسِلُكُمْ كَخِرَافٍ في وَسَطِ ذِئَابٍ فَكُونُوا حُكَمَاءَ كَالْحَيَّاتِ وَبُسَطَاءَ كَالْحَمَامِ. وَاحْذَر…
katameros:4340,reference,,,draft,0,,,فَإذْ قَدْ طَهَّرْتُمْ نُفُوسَكُمْ في طَاعَةِ الْحَقِّ بِمَحَبَّةٍ أَخَوِيَّةٍ عَدِيمَةِ الرِّيَاءِ بِقَلْبٍ طَاهِرٍ، أ…
katameros:4341,reference,,,draft,0,,,وَأمَّا دَاوُدُ فَقَدْ خَدَمَ مَشُورَةَ اللَّهِ في جِيلِهِ، وَرَقَدَ وَضُمَّ إلى آبائِهِ، وَرَأَى الْفَسَادَ. وَأمَّا ا…
katameros:4342,reference,,,draft,0,,,أُبارِكُ الرَّبَّ في كُلِّ وَقْتٍ. وَفي كُلِّ حِينٍ تَسْبِحَتُهُ في فَمِي. بِالرَّبِّ تَفْتَخِرُ نَفْسِي. فَلْيَسْمَعِ …
katameros:4343,reference,,,draft,0,,,ثُمَّ دَخَلَ كَفْرَنَاحُومَ أَيْضاً بَعْدَ أَيامٍ، فَسُمِعَ أَنهُ مَوْجُودٌ في بَيْتٍ. فَاجْتَمَعَ كَثِيرُونَ حَتَّى لَ…
katameros:4344,reference,,,draft,0,,,فَلْتَعْتَرِفْ لَكَ الشُّعُوبُ يَا اللَّهُ، فَلْتَعْتَرِفْ لَكَ الشُّعُوبُ كُلُّها. لأنكَ تَحْكُمُ في الشُّعُوبِ بِالاس…
katameros:4345,reference,,,draft,0,,,"وَلَمَّا جَاءُوا إلى كَفْرَنَاحُومَ تَقَدَّمَ الَّذِينَ يَأْخُذُونَ الْجِزْيَةَ إلى بُطْرُسَ وَقَالُوا لَهُ: "" أَمَا يُ…"
katameros:4346,reference,,,draft,0,,,كُنْتُ أَذْكُرُكَ عَلَى فِرَاشِي، وَفي أَوْقَاتِ الأَسْحَارِ كُنْتُ أُرَتِّلُ لَكَ. شَفَتَايَ تُسَبِّحَانِكَ، لِذلِكَ أ…
katameros:4347,reference,,,draft,0,,,وَعِنْدَ فَجْرِ الأَحَدِ ( أَوَّلِ الأُسْبُوعِ ) أَتَيْنَ إلى الْقَبْرِ، إذْ طَلَعَتِ الشَّمْسُ. وَكُنَّ يَقُلْنَ لِبَع…
katameros:4348,reference,,,draft,0,,,فَإنَّنَا لَسْنَا نَكْرِزُ بِأَنْفُسِنَا، بَلْ بِالْمَسِيحِ يَسُوعَ رَبِّنَا، وَنَحْنُ أيْضاً عَبِيدٌ لَكُمْ مِنْ قِبَل…
katameros:4349,reference,,,draft,0,,,مَنْ هُوَ الْحَكِيمُ وَالفَهِيمُ فِيكُمْ، فَلْيُرِنَا أَعْمَالَهُ بِتَصَرُّفِهِ الْحَسَنِ في وَدَاعَةِ الْحِكْمَةِ. وَإ…
katameros:435,reference,,,draft,0,,,تَقَلَّدْ سَيْفَكَ عَلَى فَخْذِكَ أيهَا الْقَويُّ. بِحُسْنِكَ وَجَمَالِكَ اسْتَلَّهُ وَانْجَحْ وَامْلِكْ. كُرْسِيُّكَ ي…
katameros:4350,reference,,,draft,0,,,وَلَمَّا اجْتَازَا في بِيسِيدِيَّةَ أَتَيَا إلى بَمْفِيلِيَّةَ. وَتَكَلَّمَا بِالْكَلِمَةِ في بَرْجَةَ، ثُمَّ نَزَلاَ إ…
katameros:4351,reference,,,draft,0,,,هَلِّلُوا لِلَّهِ يَا كُلَّ الأَرْضِ، وَرَتِّلُوا لاِسْمِهِ، وَأَعْطُوا مَجْدَاً لِتَسْبِيحِهِ. فَلْتَسْجُدْ لَكَ الأَر…
katameros:4352,reference,,,draft,0,,,وَحَدَثَ لَمَّا اجْتَمَعَتْ إِلَيْهِ الجُمُوعُ لِيَسْمَعُوا كَلاَمَ اللَّهِ، كَانَ هُوَ وَاقِفَاً عِنْدَ بُحَيْرَةِ جَن…
katameros:4353,reference,,,draft,0,,,لأَنكَ أَنْتَ يَارَبُّ هُوَ صَبْرِي. الرَّبُّ هُوَ رَجَائِي مُنْذُ صِبَايَ. بِكَ تَسْبِيحِي كُلَّ حِينٍ. صِرْتُ مِثْلَ …
katameros:4354,reference,,,draft,0,,,"وَقَالَ لَهُمْ في ذلِكَ الْيَوْمِ لَمَّا كَانَ الْمَسَاءُ: "" لِنَعْبُرْ إلى الْعَبْرِ "". فَتَرَكُوا الْجَمْعَ وَأَخَذُو…"
katameros:4355,reference,,,draft,0,,,سَأَقُومُ سَحَراً. أَعْتَرِفُ لَكَ في الشُّعُوبِ يَارَبُّ. وَأُرَتِّلُ لَكَ في الأُمَمِ. لأنَّ رَحْمَتَكَ قَدْ عَظُمَتْ…
katameros:4356,reference,,,draft,0,,,وَفي الأَحَدِ ( أَوَّلِ الأُسْبُوعِ ) بَاكِراً جِدّاً، أَتَيْنَ إلى الْقَبْرِ وَقَدَّمْنَ الْحَنُوطَ الَّذِي أَعْدَدْنَ…
katameros:4357,reference,,,draft,0,,,وَأمَّا مِنْ جِهَةِ أَبلُّوسَ الأَخِ، فَطَلَبْتُ إلَيْهِ كَثِيراً أَنْ يَأَتِيَ إلَيْكُمْ مَعَ الإخْوَةِ، وَلَمْ تَكُنْ…
katameros:4358,reference,,,draft,0,,,فَاخْضَعُوا لِلَّهِ. قَاوِمُوا إبْلِيسَ فَيَهْرُبَ مِنْكُمْ. اقْتَرِبُوا إلى اللَّهِ فَيَقْتَرِبَ إلَيْكُمْ. نَقُّوا أَ…
katameros:4359,reference,,,draft,0,,,وَلَمَّا قَدِمُوا إلى أَورُشَلِيمَ قَبِلَهُمْ أَهْلُ الكَنِيسَةِ وَالرُّسُلُ والأحْبَارُ، فَأَخْبَرُوهُمْ بِكُلِّ مَا ص…
katameros:436,reference,,,draft,0,,,وَلَمَّا صَارَ الْغَدُ مَضَى يَسُوعُ إلى مَدِينَةٍ تُدْعَى نَايِينَ، وَذَهَبَ مَعَهُ تَلاَمِيذُهُ وَجَمْعٌ كَثِيرٌ. فَل…
katameros:4360,reference,,,draft,0,,,أَنْتَ مُعِينٌ عَزِيزٌ. فَلْيَمْتَلِئْ فَمِي سُبْحَاً، لِكَيْمَا أُسَبِّحَ مَجْدَكَ، وعِظَمَ جَلاَلِكَ الْيَوْمَ كُلَّه…
katameros:4361,reference,,,draft,0,,,حِينَئِذٍ أُحْضِرَ إلَيْهِ أَعْمَى بِهِ شَيْطَانٌ، وَهُوَ أَخْرَسُ فَشَفَاهُ، حَتَّى إنَّ الأَخْرَسَ تَكَلَّمَ وَأَبْصَ…
katameros:4362,reference,,,draft,0,,,أَعْتَرِفُ لَكَ يَارَبُّ، بِاسْتِقَامَةِ قَلْبِي. إذْ عَرَفْتُ أَحْكَامَ عَدْلِكَ. وَحُقُوقُكَ أَحْفَظُهَا.   هَلِّلُوي…
katameros:4363,reference,,,draft,0,,,وَلِلْوَقْتِ أَلْزَمَ تَلاَمِيذَهُ أَنْ يَرْكَبُوا الْسَّفِينَةَ وَيَسْبِقُوهُ إلى الْعَبْرِ حَتَّى يَصْرِفَ الْجُمُوعَ…
katameros:4364,reference,,,draft,0,,,أَعْتَرِفُ لَكَ يَارَبُّ في الْجَمَاعَةِ الكَثِيرَةِ، وَفي شَعْبٍ جَزِيلٍ أُسَبِّحُكَ. لِسَانِي يَلْهَجُ بِعَدْلِكَ، وَ…
katameros:4365,reference,,,draft,0,,,وَفي الأَحَدِ ( أَوَّلِ الأُسْبُوعِ ) جَاءَتْ مَرْيَمُ الْمَجْدَلِيَّةُ إلى الْقَبْرِ بَاكِراً، وَالظَّلاَمُ بَاقٍ. فَر…
katameros:4366,reference,,,draft,0,,,إنْ كَانَ أَحَدٌ يُعَلِّمُ تَعْلِيماً آخَرَ، وَلا يُقْبِلُ إلى كَلِمَاتِ رَبِّنَا يَسُوعَ الْمَسِيحِ الصَّحِيحَةِ، وَال…
katameros:4367,reference,,,draft,0,,,"مَنْ يَعْرِفُ أنْ يَعْمَلَ حَسَنَاً وَلاَ يَعْمَلُ فَذَلِكَ خَطِيَّةٌ لَهُ.

هَلُمَّ الآنَ أيهَا الأَغْنِيَاءُ، ابْكُوا…"
katameros:4368,reference,,,draft,0,,,"مِنْ بَعْدِ أيامٍ قَالَ بُولُسُ لِبَرْنَابَا: "" لِنَرْجِعْ وَنَتَفَقَّدِ الإخْوَةَ في كُلِّ مَدِينَةٍ بَشَّرْنَا فِيهَا…"
katameros:4369,reference,,,draft,0,,,شَاكِرِينَ لَكَ إلى الدَّهْرِ، مِنْ جِيلٍ إلى جِيلٍ؛ لأننا نَحْنُ شَعْبُكَ، وَغَنَمُ رَعِيَّتِكَ.   هَلِّلُويَا.
katameros:437,reference,,,draft,0,,,فَاشْتَرِكْ أَنْتَ في احْتِمَالِ الآلامِ كَجُنْدِيٍّ صَالِحٍ لِلْمَسِيحِ يَسُوعَ. لأنهُ لَيْسَ أَحَدٌ وَهُوَ يَتَجَنَّد…
katameros:4370,reference,,,draft,0,,,وَلَمَّا صَارَ الْغَدُ مَضَى يَسُوعُ إلى مَدِينَةٍ تُدْعَى نَايِينَ، وَذَهَبَ مَعَهُ تَلاَمِيذُهُ وَجَمْعٌ كَثِيرٌ. فَل…
katameros:4371,reference,,,draft,0,,,يَارَبُّ مَنْ يَسْكُنُ في مَسْكَنِكَ؟ أَوْ مَنْ يَحِلُّ في جَبَلِكَ الْمُقَدَّسِ؟ إلاَّ السَّالِكُ بِلاَ عَيْبٍ، وَيَعْ…
katameros:4372,reference,,,draft,0,,,وَكَانَ في كَفْرِنَاحُومَ رَجُلٌ مَلَكِيٌّ لَهُ وَلَدٌ مَرِيضٌ. هَذَا إذْ سَمِعَ أنَّ يَسُوعَ قَدْ جَاءَ مِنَ الْيَهُود…
katameros:4373,reference,,,draft,0,,,مَنْ يَقْدِرُ أنْ يَصْعَدَ إلى جَبَلِ الرَّبِّ؟ أَوْ مَنْ يَقُومُ في مَوْضِعِهِ الْمُقَدَّسِ؟ الطَّاهِرُ بِيَدِيِهِ، ال…
katameros:4374,reference,,,draft,0,,,لأنهُ لَمْ يُرْسِلِ اللَّهُ ابْنَهُ إلى الْعَالَمِ لِيَدِينَ الْعَالَمَ، بَلْ لِيَخْلُصَ بِهِ الْعَالَمُ. مَنْ يُؤْمِنُ…
katameros:4375,reference,,,draft,0,,,لأَنَّ مَلْكِي صَادِقَ هَذَا، مَلِكَ سَالِيمَ، كَاهِنَ اللَّهِ الْعَلِيِّ، الَّذِي خَرَجَ لاسْتَقْبَالِ إبْرَاهِيمَ حَا…
katameros:4376,reference,,,draft,0,,,مِنَ الشَّيخِ إلى السَّيِّدَةِ الْمُخْتَارَةِ، وَإلى أَوْلاَدِهَا الَّذِينَ أَنا أُحِبُّهُمْ بِالْحَقِّ، وَلَسْتُ أَنا …
katameros:4377,reference,,,draft,0,,,"فَقَالَ الرَّبُّ لِبُولُسَ بِرُؤْيَا في اللَّيْلِ: "" لا تَخَفْ، بَلْ تَكَلَّمْ وَلا تَسْكُتْ، لأني أَنا مَعَكَ، وَلا يَ…"
katameros:4378,reference,,,draft,0,,,قَدِّمُوا لِلرَّبِّ يَا جَمِيعَ أُبوَّاتِ الأُمَمِ. قَدِّمُوا لِلرَّبِّ مَجْداً وَكَرَامَةً، قَدِّمُوا لِلرَّبِّ مَجْدا…
katameros:4379,reference,,,draft,0,,,"فَرَفَعَ يَسُوعُ عَيْنَيْهِ وَرَأَى جَمْعَاً عَظِيماً مُقْبِلاً إلَيْهِ، فَقَالَ لِفِيلِبُّسَ: "" أيْنَ نَجِدُ خُبْزَاً …"
katameros:438,reference,,,draft,0,,,وَالنِّهَايَةُ، كُونُوا جَمِيعَاً بِرَأيٍ وَاحِدٍ، وَكُونُوا مُشْتَرِكِينَ في الآلامِ. وَكُونُوا مُحِبِّينَ الإخْوَةَ، …
katameros:4380,reference,,,draft,0,,,ظَهَرَتْ عُيُونُ الْمِيَاهِ، وَانْكَشَفَتْ أَسَاسَاتُ الْمَسْكُونَةِ. دَعَوْتُ الرَّبَّ وَإلى إلهِي صَرَخْتُ، فَسَمِعَ …
katameros:4381,reference,,,draft,0,,,"وَلَمَّا كَانَ وَحْدَهُ، سَأَلَهُ الَّذِينَ حَوْلَهُ مَعَ الاثْنَيْ عَشَرَ عَنِ الأَمْثَالِ، فَقَالَ لَهُمْ: "" أَنْتُمْ…"
katameros:4382,reference,,,draft,0,,,تَعَهَّدْتَ الأَرْضَ وَرَوَيْتهَا، وَأَكْثَرْتهَا بِغِنىً، وَامْتَلأَ نَهْرُ اللهِ مِيَاهَاً، هَيَّأَتَ طَعَامَهُمْ لأَ…
katameros:4383,reference,,,draft,0,,,وَبَعْدَ السَّبْتِ، عِنْدَ فَجْرِ الأَحَدِ ( أوَّلِ الأُسْبُوعِ ) جَاءَتْ مَرْيَمُ الْمَجْدَلِيَّةُ وَمَرْيَمُ الأُخْرَ…
katameros:4384,reference,,,draft,0,,,فَإنَّهُ مِنْ جِهَةِ الْخِدْمَةِ الَّتي تُصْنَعُ لِلْقِدِّيسِينَ، فَهُوَ فُضُولٌ مِنِّي، أَنْ أَكْتُبَ إلَيْكُمْ عَنْهَ…
katameros:4385,reference,,,draft,0,,,لاَ تَكُونُوا مُعَلِّمِينَ كَثِيرِينَ يَا إخْوَتِي، عَالِمِينَ أَنكُمْ تَأْخُذُونَ دَيْنُونَةً أَعْظَمَ! لأَننا في أَشْ…
katameros:4386,reference,,,draft,0,,,أنْتُمْ تَعْرِفُونَ القَوْلَ الَّذِي كَانَ في كُلِّ اليَهُودِيَّةِ مُبْتَدِئَاً مِنَ الْجَلِيلِ، بَعْدَ الْمَعْمُودِيَّ…
katameros:4387,reference,,,draft,0,,,لِيُروَ حَرْثُهَا وَلْتَكْثُرْ أَثْمَارُهَا. وَتَفْرَحُ بِقَطَرَاتِهَا فَتُنْبتُ. تبَارِكُ إكْلِيلَ السَّنَةِ بِصَلاَحِ…
katameros:4388,reference,,,draft,0,,,"فَلَمَّا اجْتَمَعَ جَمْعٌ كَثِيرٌ أيْضاً مِنَ الَّذِينَ جَاءُوا إلَيْهِ مِنْ كُلِّ مَدِينَةٍ، قَالَ بِمَثَلٍ: "" خَرَجَ …"
katameros:4389,reference,,,draft,0,,,الَّذِي يَسْقِي الْجِبَالَ مِنْ عَلاَلِيهِ. مِنْ ثَمَرَةِ أَعْمَالِكَ تَشْبَعُ الأَرْضُ. الَّذِي يُنْبِتُ عُشْباً لِلْب…
katameros:439,reference,,,draft,0,,,فَتَشاورَ الْجُنْدُ كَيْ يَقْتُلُوا الأَسْرَى لِئَلاَّ يَسْبَحَ أَحَدٌ مِنْهُمْ فَيَهْرُبَ. وَلكِنَّ قَائِدَ الْمِئَةِ،…
katameros:4390,reference,,,draft,0,,,تَأَمَّلُوا الزُّهُورَ كَيْفَ تَنْمُو: لاَ تَتْعَبُ وَلاَ تَحْتَرِفُ حِرْفَةٍ، وَلكِنْ أَقُولُ لَكُمْ: إنَّهُ وَلاَ سُل…
katameros:4391,reference,,,draft,0,,,الأَرْضُ أَعْطَتْ ثَمَرَتَهَا. لِيُبَارِكنَا اللَّهُ إلَهُنا. فَلْتَخْشَهُ، جَمِيعُ أَقْطَارِ الأَرْضِ. هَلِّلُويَا.
katameros:4392,reference,,,draft,0,,,وَعِنْدَ فَجْرِ الأَحَدِ ( أَوَّلِ الأُسْبُوعِ ) أَتَيْنَ إلى الْقَبْرِ، إذْ طَلَعَتِ الشَّمْسُ. وَكُنَّ يَقُلْنَ لِبَع…
katameros:4393,reference,,,draft,0,,,لأَنَّ الأَرْضَ الَّتي تَشْرَبُ الْمَطَرَ الْهَاطلَ عَلَيْهَا مِرَارَاً كَثِيرَةً، وَتُنْبِتُ عُشْباً صَالِحَاً لِلَّذِ…
katameros:4394,reference,,,draft,0,,,"وَتَنَبَّأَ عَنْ هَؤُلاَءِ أيْضاً أَخْنُوخُ السَّابِعُ مِنْ آدَمَ قَائِلاً: "" هُوَذَا قَدْ جَاءَ الرَّبُّ في رَبَوَاتِ …"
katameros:4395,reference,,,draft,0,,,"أمَّا مَلاَكُ الرَّبِّ فَفَتَحَ أَبْوَابَ السِّجْنِ في اللَّيْلِ وَأَخْرَجَهُمْ وَقَالَ: "" اذْهَبُوا وَكَلِّمُوا الشَّع…"
katameros:4396,reference,,,draft,0,,,تَشْبَعُ جَمِيعُ شَجَرِ الْحَقْلِ. وَأَرْزُ لُبْنَانَ الَّذِي غَرَسْتَهُ. الَّذِي يُرْسِلُ الْعُيُونَ في الأَوْدِيَةِ. …
katameros:4397,reference,,,draft,0,,,في ذلِكَ الْيَوْمِ لمَّا خَرَجَ يَسُوعُ مِنَ الْبَيْتِ، وَكَانَ يَجْلِسُ عَلَى جَانِبِ الْبَحْرِ، اجْتَمَعَ إلَيْهِ جُم…
katameros:4398,reference,,,draft,0,,,خَلِّصْ عَبْدَكَ يَا إلهِي، الْمُتكِلَ عَلَيْكَ. ارْحَمْنِي يَارَبُّ فَإِني صَرَخْتُ إِلَيْكَ النّهَارَ كُلَّهُ. فَرِّح…
katameros:4399,reference,,,draft,0,,,"في ذلِكَ الْوَقْتِ أَجَابَ يَسُوعُ وَقَالَ: "" أَشْكُرُكَ أيهَا الآبُ رَبُّ السَّمَاءِ وَالأَرْضِ، لأنكَ أَخْفَيْتَ هَذِ…"
katameros:44,reference,,,draft,0,,,يُدْخِلْنَ للْمَلِكِ عَذَارَى في إثْرِهَا. جَمِيعُ صَاحِبَاتِهَا لَهُ يُقَدَّمْنَ. يُدْخِلْنَهُنَّ بِفَرَحٍ وَابْتِهَاج…
katameros:440,reference,,,draft,0,,,وَعَلَى الأَفْعَى وَمَلِكِ الْحَيَّاتِ تَطَأُ. وَتَسْحَقُ الأَسَدَ وَالتنِّينَ. لأنهُ يُوصِي مَلاَئِكَتَهُ مِنْ أَجْلِك…
katameros:4400,reference,,,draft,0,,,مِنْ مَشَارِقِ الشَّمْسِ إلى مَغَارِبِهَا، بَارِكُوا اسْمَ الرَّبِّ. الرَّبُّ عَالٍ عَلَى كُلِّ الأُمَمِ، وَعَلَى السَّ…
katameros:4401,reference,,,draft,0,,,وَفي الأَحَدِ ( أَوَّلِ الأُسْبُوعِ ) بَاكِراً جِدّاً، أَتَيْنَ إلى الْقَبْرِ وَقَدَّمْنَ الْحَنُوطَ الَّذِي أَعْدَدْنَ…
katameros:4402,reference,,,draft,0,,,بُولُسُ وَسِلْوَانُسُ وَتِيمُوثَاوُسُ، إلى كَنِيسَةِ التَّسَالُونِيكِيِّينَ، في اللَّهِ أَبِينَا وَرَبِّنَا يَسُوعَ الْ…
katameros:4403,reference,,,draft,0,,,لأنهُ يَكْفِيكُمُ الزَّمَانُ الَّذِي مَضَى إذْ كُنْتُمْ تَصْنَعُونَ فِيهِ إرَادَةَ الأُمَمِ، وَتَسْلُكُونَ في النَّجَاس…
katameros:4404,reference,,,draft,0,,,إلَهُ آبائِنَا أَقَامَ يَسُوعَ الَّذِي أَنتُمْ أَلْقَيتُمْ أَيادِيَكُمْ عَلَيْهِ، مُعَلِّقِينَ إيَّاهُ عَلَى خَشَبَةٍ. …
katameros:4405,reference,,,draft,0,,,وَأَنْتَ أيهَا الرَّبُّ الإلَهُ أَنْتَ رَحُومٌ وَرَؤُوفٌ. أَنْتَ طَوِيلُ الرُّوحِ وَكَثِيرُ الرَّحْمَةِ وَصَادِقٌ. اُنْ…
katameros:4406,reference,,,draft,0,,,"وَكَانَ جُمُوعٌ كَثِيرَةٌ سَائِرِينَ مَعَهُ، فَالْتَفَتَ وَقَالَ لَهُمْ: "" مَنْ يَأتِي إلَيَّ وَلا يُبْغِضُ أباهُ وَأُم…"
katameros:4407,reference,,,draft,0,,,أَعْتَرِفُ لَكَ أَيهَا الرَّبُّ إلَهِي مِنْ كُلِّ قَلْبِي، وَأُمَجِّدُ اسْمَكَ إلى الأَبدِ. لأنكَ أَنتَ عَظِيمٌ وَصَانِ…
katameros:4408,reference,,,draft,0,,,"وَلَمَّا جَاءُوا إلى الْجَمْعِ تَقَدَّمَ إلَيْهِ رَجُلٌ جَاثِياً عَلَى رُكْبَتِيهِ. قَائِلاً: "" يَاربُّ، ارْحَمِ ابْنِي…"
katameros:4409,reference,,,draft,0,,,فَلأَسْمَعْ في الأسْحَارِ رَحْمَتَكَ، فَإني عَلَيْكَ تَوَكَّلْتُ. عَرِّفْنِي يَارَبُّ الطَّرِيقَ الَّتي أَسْلُكُ فِيهَا…
katameros:441,reference,,,draft,0,,,"وَفي تِلْكَ السَّاعَةِ تَهَلَّلَ يَسُوعُ بِالرُّوحِ الْقُدُسِ وَقَالَ: "" أَشْكُرُكَ أيهَا الآبُ، رَبُّ السَّمَاءِ وَالأ…"
katameros:4410,reference,,,draft,0,,,وَفي الأَحَدِ ( أَوَّلِ الأُسْبُوعِ ) جَاءَتْ مَرْيَمُ الْمَجْدَلِيَّةُ إلى الْقَبْرِ بَاكِراً، وَالظَّلاَمُ بَاقٍ. فَر…
katameros:4411,reference,,,draft,0,,,هَكَذَا فَلْيَحْسِبْنَا النَّاسُ كَخُدَّامِ الْمَسِيحِ، وَوُكَلاَءِ أَسْرَارِ اللَّهِ، ثُمَّ يُسْأَلُ في الْوُكَلاَءِ ل…
katameros:4412,reference,,,draft,0,,,سِمْعَانُ بُطْرُسُ عَبْدُ يَسُوعَ الْمَسِيحِ وَرَسُولُهُ، إلى الَّذِينَ نَالُوا مَعَنَا إيمَاناً مُكَرَّمَاً مُسَاوِياً…
katameros:4413,reference,,,draft,0,,,"فَلمَّا خَرَجَا مِنَ السِّجْنِ، دَخَلاَ بَيْتَ لِيدِيّا، فَأَبْصَرَا الإخْوَةَ وَعَزَّيَاهُمْ ثُمَّ خَرَجَا.

فَلمَّا ا…"
katameros:4414,reference,,,draft,0,,,اِعْلَمُوا أنَّ الرَّبَّ هُوَ إلَهُنا. هُوَ خَلَقَنا وَلَيْسَ نَحْنُ. وَنَحْنُ شَعْبُهُ، وَغَنَمُ رَعِيَّتهِ.   هَلِّلُ…
katameros:4415,reference,,,draft,0,,,"وَفِيمَا هُوَ خَارجٌ إلى الطَّرِيقِ، أَسْرَعَ وَاحِدٌ وَجَثَا عَلَى رُكْبَتَيْهِ وَسَأَلَهُ: "" أيهَا الْمُعَلِّمُ الصَّ…"
katameros:4416,reference,,,draft,0,,,يَارَبُّ مَنْ يَسْكُنُ في مَسْكَنِكَ؟ أَوْ مَنْ يَحِلُّ في جَبَلِكَ الْمُقَدَّسِ؟ إلاَّ السَّالِكُ بِلاَ عَيْبٍ، وَيَعْ…
katameros:4417,reference,,,draft,0,,,وَكَانَ في كَفْرِنَاحُومَ رَجُلٌ مَلَكِيٌّ لَهُ وَلَدٌ مَرِيضٌ. هَذَا إذْ سَمِعَ أنَّ يَسُوعَ قَدْ جَاءَ مِنَ الْيَهُود…
katameros:4418,reference,,,draft,0,,,مَنْ يَقْدِرُ أنْ يَصْعَدَ إلى جَبَلِ الرَّبِّ؟ أَوْ مَنْ يَقُومُ في مَوْضِعِهِ الْمُقَدَّسِ؟ الطَّاهِرُ بِيَدِيِهِ، ال…
katameros:4419,reference,,,draft,0,,,لأنهُ لَمْ يُرْسِلِ اللَّهُ ابْنَهُ إلى الْعَالَمِ لِيَدِينَ الْعَالَمَ، بَلْ لِيَخْلُصَ بِهِ الْعَالَمُ. مَنْ يُؤْمِنُ…
katameros:442,reference,,,draft,0,,,افْرَحُوا أيهَا الصِّدِّيقُونَ بِالرَّبِّ وَابْتَهِجُوا. وَافْتَخِرُوا يا جَمِيعَ مُسْتَقِيمِي الْقُلُوبِ. مِنْ أَجْلِ …
katameros:4420,reference,,,draft,0,,,لأَنَّ مَلْكِي صَادِقَ هَذَا، مَلِكَ سَالِيمَ، كَاهِنَ اللَّهِ الْعَلِيِّ، الَّذِي خَرَجَ لاسْتَقْبَالِ إبْرَاهِيمَ حَا…
katameros:4421,reference,,,draft,0,,,مِنَ الشَّيخِ إلى السَّيِّدَةِ الْمُخْتَارَةِ، وَإلى أَوْلاَدِهَا الَّذِينَ أَنا أُحِبُّهُمْ بِالْحَقِّ، وَلَسْتُ أَنا …
katameros:4422,reference,,,draft,0,,,"فَقَالَ الرَّبُّ لِبُولُسَ بِرُؤْيَا في اللَّيْلِ: "" لا تَخَفْ، بَلْ تَكَلَّمْ وَلا تَسْكُتْ، لأني أَنا مَعَكَ، وَلا يَ…"
katameros:4423,reference,,,draft,0,,,قَدِّمُوا لِلرَّبِّ يَا جَمِيعَ أُبوَّاتِ الأُمَمِ. قَدِّمُوا لِلرَّبِّ مَجْداً وَكَرَامَةً، قَدِّمُوا لِلرَّبِّ مَجْدا…
katameros:4424,reference,,,draft,0,,,"فَرَفَعَ يَسُوعُ عَيْنَيْهِ وَرَأَى جَمْعَاً عَظِيماً مُقْبِلاً إلَيْهِ، فَقَالَ لِفِيلِبُّسَ: "" أيْنَ نَجِدُ خُبْزَاً …"
katameros:4425,reference,,,draft,0,,,إلى مَتَى يَارَبُّ تَنْسانِي إلى الانْقِضَاءِ؟ حَتَّى مَتَى تَصْرِفُ وَجْهَكَ عَنِّي؟ اُنْظُرْ وَاسْتَجِبْ لِي يَا رَبي…
katameros:4426,reference,,,draft,0,,,وَفِيمَا كَانَ في بَيْتِ عَنْيَا في بَيْتِ سِمْعَانَ الأبْرَصِ مُتَّكِئاً، جَاءَتِ امْرَأةٌ مَعَهَا قَارُورَةُ طِيبِ نَ…
katameros:4427,reference,,,draft,0,,,الرَّبُّ نَظَرَ مِنَ السَّمَاءِ عَلَى الأرْضِ؛ لِيَسْمَعَ تَنَهُّدَ الْمَغْلُولينَ. لِيُخْبِرُوا في صِهْيَوْنَ بِاسْمِ …
katameros:4428,reference,,,draft,0,,,ثُمَّ جَلَسَ يَسُوعُ قُدَّامَ الْخِزَانَةِ، وَكَانَ يَنْظُرُ كَيْفَ يُلْقِي الْجَمْعُ نُحَاساً في الْخِزَانَةِ. وَكَانَ…
katameros:4429,reference,,,draft,0,,,بُولُسُ، عَبْدٌ لِيَسُوعَ الْمَسِيحِ، الْمَدْعُوُّ رَسُولاً، الْمُفْرَزُ لإنْجِيلِ اللَّهِ، الَّذِي سَبَقَ فَوَعَدَ بِه…
katameros:443,reference,,,draft,0,,,"وَكَانَتْ بَيْنَهُمْ أيْضاً مُشَاجَرَةٌ أنهُ مَنْ مِنْهُمْ يَكُونُ الأَكْبَرَ. فَقَالَ لَهُمْ: "" مُلُوكُ الأُمَمِ يَسُو…"
katameros:4430,reference,,,draft,0,,,يَعْقُوبُ، عَبْدُ اللَّهِ وَرَبِّنَا يَسُوعَ الْمَسِيحِ، يُهْدِي السَّلامَ إلَى الاثْنَيْ عَشَرَ سِبْطاً الَّذِينَ في ا…
katameros:4431,reference,,,draft,0,,,الْكَلاَمُ الأوَّلُ أَنْشَأْتُهُ يَا ثَاؤفِيلُسُ، عَنْ جَمِيعِ مَا ابْتَدَأَ يَسُوعُ يَفْعَلُهُ وَيُعَلِّمُ بِهِ، إلى ا…
katameros:4432,reference,,,draft,0,,,وَأنْتَ يارَبُّ تَرْجِعُ وَتَتَرَأَّفُ عَلَى صِهْيَوْنَ؛ لأنهُ وَقْتُ التَّراؤفِ عَليهَا؛ لأنَّ الرَّبَّ يَبْنِي صِهْيَ…
katameros:4433,reference,,,draft,0,,,مِنْ أَجْلِ أنَّ كَثِيرِينَ أَخَذُوا في كِتَابَةِ أَقْوَالٍ مِنْ أَجْلِ الأَعْمَالِ الَّتي أُكْمِلَتْ فِينَا، كَمَا سَل…
katameros:4434,reference,,,draft,0,,,يَارَبُّ طَأْطِئِ السَّمَوَاتِ وَانْزِلْ. الْمِسِ الْجِبَالَ فَتُدَخِّنَ. أَرْسِلْ يَدَكَ مِنَ الْعَلاءِ. أَنْقِذْنِي و…
katameros:4435,reference,,,draft,0,,,وَسَأَلَهُ وَاحِدٌ مِنَ الْفَرِّيسِيِّينَ أنْ يَأْكُلَ مَعَهُ، فَلَمَّا دَخَلَ بَيْتَ الفَرِّيسِيِّ اتَّكَأَ. وَإذَا ام…
katameros:4436,reference,,,draft,0,,,يَنْزِلُ مِثْلَ الْمَطَرِ عَلَى الْجَزَّةِ، وَمِثْلَ قَطَرَاتٍ تَقْطُرُ عَلَى الأَرْضِ. يُشْرِقُ في أَيامِهِ الْعَدْلُ،…
katameros:4437,reference,,,draft,0,,,إنْ كُنْتُ أَنَا بِإِصْبَعِ اللَّهِ أُخْرجُ الشَّيَاطِينَ، فَقَدْ أَقْبَلَ عَلَيْكُمْ مَلَكُوتُ اللَّهِ. إذَا تَسَلَّحَ…
katameros:4438,reference,,,draft,0,,,إذَاً مَا هُوَ فَضْلُ الْيَهُودِيِّ، أَوْ مَا هِيَ مَنْفَعَةُ الْخِتَانِ؟ عَظِيمٌ عَلَى كُلِّ وَجْهٍ! أَمَّا أَوَّلاً ف…
katameros:4439,reference,,,draft,0,,,الَّذِي كَانَ مِنَ الْبَدْءِ، الَّذِي سَمِعْنَاهُ، الَّذِي رَأيْنَاهُ بِعُيُوننَا، الَّذِي شَاهَدْنَاهُ، وَلَمَسَتْهُ أ…
katameros:444,reference,,,draft,0,,,ابْتَهِجُوا أيهَا الصِّدِّيقُونَ بِالرَّبِّ. لِلْمُسْتَقِيمِينَ يَنْبَغِي التَّسْبِيحُ. طُوبَى لِلأُمَّةِ التِي الرَّبُ…
katameros:4440,reference,,,draft,0,,,النص بالعربيوَلَمَّا كَمُلَتْ أَرْبَعُونَ سَنَةً، ظَهَرَ لَهُ مَلاكٌ في بَرِّيَّةِ طُورِ سِينا في لَهِيبِ نَارٍ عَلَى ع…
katameros:4441,reference,,,draft,0,,,اِسْمَعِي يَا ابْنَتِي وَانْظُرِي وَأَمِيلِي سَمْعَكِ، وَانْسَيْ شَعْبَكِ وَبَيْتَ أَبِيكِ، فَإنَّ الْمَلِكَ قَدْ اشْتَ…
katameros:4442,reference,,,draft,0,,,وَفي الشَّهْرِ السَّادِسِ أُرْسِلَ جِبْرَائِيلُ الْمَلاَكُ مِنْ قِبَلِ اللَّهِ إلى مَدِينَةٍ مِنَ الْجَلِيلِ اسْمُهَا ن…
katameros:4443,reference,,,draft,0,,,لأَنَّ الرَّبَّ اخْتَارَ صِهْيَوْنَ. وَرَضِيَهَا مَسْكَناً لَهُ. هَهُنَا أَسْكُنُ لأَني أَرَدْتهُ. لِصَيْدِهَا أُبارِكُ…
katameros:4444,reference,,,draft,0,,,"وَلِلْوَقْتِ كَانَ في مَجْمَعِهِمْ رَجُلٌ بِهِ رُوحٌ نَجِسٌ، فَصَرَخَ قَائِلاً: "" آهِ! مَا لَنَا وَلَكَ يَا يَسُوعُ الن…"
katameros:4445,reference,,,draft,0,,,أَرِنَا يَارَبُّ رَحْمَتَكَ وَأَعْطِنَا خَلاَصَكَ. سَأَسْمَعُ مَا يَتَكَلَّمُ بِهِ الرَّبُّ الإلَهُ فيَّ؛ لأَنهُ يَتَكَ…
katameros:4446,reference,,,draft,0,,,ثُمَّ خَرَجَ يَسُوعُ مِنْ هُنَاكَ وَانْصَرَفَ إلى نَوَاحِي صُورَ وَصَيْدَاءَ. وَإذَا امْرَأةٌ كَنْعَانِيَّةٌ خَرَجَتْ م…
katameros:4447,reference,,,draft,0,,,الَّذِي يَعْمَلُ فَلاَ تُحْسَبُ لَهُ الأُجْرَةُ عَلَى سَبِيلِ نِعْمَةٍ، بَلْ كَأَنهَا دَيْنٌ. وَأَمَّا الَّذِي لا يَعْم…
katameros:4448,reference,,,draft,0,,,يَا أَحِبَّائِي، لَسْتُ أَكْتُبُ إلَيْكُمْ وَصِيَّةً جَدِيدَةً، بَلْ وَصِيَّةً قَدِيمَةً الَّتي كَانَتْ عِنْدَكُمْ مِنَ…
katameros:4449,reference,,,draft,0,,,هَذَا هُوَ مُوسَى الَّذِي أَنْكَرُوهُ قَائِلِينَ: مَنْ أَقَامَكَ رَئِيساً أَوْ قَاضِياً عَلينَا؟ هَذَا أَرْسَلَهُ اللَّ…
katameros:445,reference,,,draft,0,,,وَكَأنمَا إنْسَانٌ مُسَافِرٌ دَعَا عَبِيدَهُ وَسَلَّمَهُمْ أَمْوَالَهُ، فَأَعْطَى وَاحِداً خَمْسَ وَزَنَاتٍ، وَآخَرَ وَ…
katameros:4450,reference,,,draft,0,,,الرَّحْمَةُ وَالْحَقُّ الْتَقَيَا. الْعَدْلُ وَالسَّلاَمُ تَلاَثَمَا. الْحَقُّ مِنَ الأَرْضِ أَشْرَقَ، وَالْعَدْلُ مِنَ…
katameros:4451,reference,,,draft,0,,,فَقَامَتْ مَرْيَمُ في تِلْكَ الأيامِ وَذَهَبَتْ بِسُرْعَةٍ إلى الْجِبَالِ إلى مَدِينَةٍ مِنْ يَهُوذَا، وَدَخَلَتْ بَيْت…
katameros:4452,reference,,,draft,0,,,الأُمُّ صِهيَونُ تَقُولُ: إنَّ إنْسَاناً وَإنْسَاناً حَلَّ فيها، وهُوَ الْعَلِيُّ، الَّذِي أسَّسَها إلى الأبدِ.   هَلِّ…
katameros:4453,reference,,,draft,0,,,وَحَدَثَ بَعْدَ ذَلِكَ، أنهُ كَانَ يَسِيرُ في كُلِّ مَدِينَةٍ وَقَرْيَةٍ يَكْرِزُ وَيُبَشِّرُ بِمَلَكُوتِ اللَّهِ، وَمَ…
katameros:4454,reference,,,draft,0,,,فَلتَفْرَحِ السَّمَوَاتُ وَلْتَبْتَهِجِ الأَرْضُ، وَلِيَتَحَرَّكِ الْبَحْرُ وَكُلُّ مِلْئِهِ. يَبْتَهِجُ كُلُّ شَجَرِ ا…
katameros:4455,reference,,,draft,0,,,الْحَقَّ أَقُولُ لَكُمْ: إنَّ كُلَّ شَيْءٍ يُغْفَرُ لِبَنِي البَشَرِ، الْخَطَايَا وَجَمِيعُ التَّجَادِيفِ الَّتي يُجَدِ…
katameros:4456,reference,,,draft,0,,,وَكَذلِكَ لَمْ تَسْقُطْ كَلِمَةُ اللَّهِ قَطْ. فَلَيْسَ جَمِيعُ الَّذِينَ مِنْ إسْرَائِيلَ هُمْ إسْرَائِيلِيُّونَ. وَلا…
katameros:4457,reference,,,draft,0,,,أَمَّا أَنْتُمْ أيْضاً فَمَا سَمِعْتُموُهُ مِنَ الْبَدْءِ فَلْيَثْبُتْ فِيكُمْ. إنْ ثَبَتَ فِيكُمْ مَا سَمِعْتُمُوهُ مِ…
katameros:4458,reference,,,draft,0,,,وَأَعْطَاهُ عَهْدَ الْخِتَانِ، وَهكَذَا وَلَدَ إسْحَقَ وَخَتَنَهُ في الْيَوْمِ الثَّامِنِ. وَإسْحَقُ وَلَدَ يَعْقُوبَ، …
katameros:4459,reference,,,draft,0,,,أيها الْجَالِسُ عَلَى الشَّارُوبِيمِ اظْهَرْ. قُدَّامَ افْرَايم وَبِنْيَامِينَ وَمَنَسَّى. لِخَلاصِنَا يَا اللَّهُ اُرْ…
katameros:446,reference,,,draft,0,,,اُذْكُرُوا مُدَبِّرِيكُم الَّذِينَ كَلَّمُوكُمْ بِكَلِمَةِ اللَّهِ. هؤلاءِ الَّذِينَ تَنْظُرُونَ إلى نِهَايَةِ سِيرَتِه…
katameros:4460,reference,,,draft,0,,,وَلَمَّا تَمَّ زَمَانُ أَلِيصَابَاتَ لِتَلِدَ، وَلَدَتِ ابْناً. وَسَمِعَ جِيرانُهَا وَأَقْرِبَاؤُهَا أنَّ الرَّبَّ قَدْ…
katameros:4461,reference,,,draft,0,,,يَارَبُّ مَنْ يَسْكُنُ في مَسْكَنِكَ؟ أَوْ مَنْ يَحِلُّ في جَبَلِكَ الْمُقَدَّسِ؟ إلاَّ السَّالِكُ بِلاَ عَيْبٍ، وَيَعْ…
katameros:4462,reference,,,draft,0,,,وَكَانَ في كَفْرِنَاحُومَ رَجُلٌ مَلَكِيٌّ لَهُ وَلَدٌ مَرِيضٌ. هَذَا إذْ سَمِعَ أنَّ يَسُوعَ قَدْ جَاءَ مِنَ الْيَهُود…
katameros:4463,reference,,,draft,0,,,مَنْ يَقْدِرُ أنْ يَصْعَدَ إلى جَبَلِ الرَّبِّ؟ أَوْ مَنْ يَقُومُ في مَوْضِعِهِ الْمُقَدَّسِ؟ الطَّاهِرُ بِيَدِيِهِ، ال…
katameros:4464,reference,,,draft,0,,,لأنهُ لَمْ يُرْسِلِ اللَّهُ ابْنَهُ إلى الْعَالَمِ لِيَدِينَ الْعَالَمَ، بَلْ لِيَخْلُصَ بِهِ الْعَالَمُ. مَنْ يُؤْمِنُ…
katameros:4465,reference,,,draft,0,,,لأَنَّ مَلْكِي صَادِقَ هَذَا، مَلِكَ سَالِيمَ، كَاهِنَ اللَّهِ الْعَلِيِّ، الَّذِي خَرَجَ لاسْتَقْبَالِ إبْرَاهِيمَ حَا…
katameros:4466,reference,,,draft,0,,,مِنَ الشَّيخِ إلى السَّيِّدَةِ الْمُخْتَارَةِ، وَإلى أَوْلاَدِهَا الَّذِينَ أَنا أُحِبُّهُمْ بِالْحَقِّ، وَلَسْتُ أَنا …
katameros:4467,reference,,,draft,0,,,"فَقَالَ الرَّبُّ لِبُولُسَ بِرُؤْيَا في اللَّيْلِ: "" لا تَخَفْ، بَلْ تَكَلَّمْ وَلا تَسْكُتْ، لأني أَنا مَعَكَ، وَلا يَ…"
katameros:4468,reference,,,draft,0,,,قَدِّمُوا لِلرَّبِّ يَا جَمِيعَ أُبوَّاتِ الأُمَمِ. قَدِّمُوا لِلرَّبِّ مَجْداً وَكَرَامَةً، قَدِّمُوا لِلرَّبِّ مَجْدا…
katameros:4469,reference,,,draft,0,,,"فَرَفَعَ يَسُوعُ عَيْنَيْهِ وَرَأَى جَمْعَاً عَظِيماً مُقْبِلاً إلَيْهِ، فَقَالَ لِفِيلِبُّسَ: "" أيْنَ نَجِدُ خُبْزَاً …"
katameros:447,reference,,,draft,0,,,أَطْلُبُ إلى الشُّيُوخِ الَّذِينَ بَيْنَكُمْ، أنا الشَّيْخَ شَرِيكَكُمْ، وَالشَّاهِدَ لآلاَمِ الْمَسِيحِ، وَشَرِيكَ الْ…
katameros:4470,reference,,,draft,0,,,يَا جَمِيعَ الأُمَمِ صَفِّقُوا بِأَيدِيكُمْ. هَلِّلُوا لِلَّهِ بِصَوتِ الابْتِهَاجِ؛ لأَنَّ الرَّبَّ عَلِيٌّ وَمَرْهُوب…
katameros:4471,reference,,,draft,0,,,وَعِنْدَ غُرُوبِ الشَّمْسِ، كَانَ كُلُّ الَّذِينَ عِنْدَهُمْ مَرْضَى بِأَنوَاعِ أَمْرَاضٍ كَثِيرَةٍ يُقَدِّمُونَهُمْ إل…
katameros:4472,reference,,,draft,0,,,الرَّبُّ قَدْ مَلَكَ، وَلَبِسَ الْجَلاَلَ. لَبِسَ الرَّبُّ الْقُوَّةَ، وَتَمَنْطَقَ بِهَا. كُرْسِيُّكَ مُسْتَعِدٌّ مُنْ…
katameros:4473,reference,,,draft,0,,,وَنَزَلَ إلى كَفْرِنَاحُومَ، مَدِينَةٍ مِنَ الْجَلِيلِ، وَكَانَ يُعَلِّمُهُمْ في السُّبُوتِ. فَبُهِتُوا مِنْ تَعْلِيمِه…
katameros:4474,reference,,,draft,0,,,فَإنَّ كُلَّ شَيْءٍ كُتِبَ مِنْ قَبْلُ، إنَّمَا كُتِبَ لأَجْلِ تَعْلِيمِنَا، حَتَّى بِالصَّبْرِ وَالتَّعْزِيَةِ بِمَا ف…
katameros:4475,reference,,,draft,0,,,اُنْظُرُوا أَيةَ مَحَبَّةٍ أَعْطَانَا الآبُ حَتَّى نُدْعَى أَوْلادَ اللَّهِ وَنَحْنُ قَوْمٌ مِنْهُمْ! مِنْ أَجْلِ هَذَا…
katameros:4476,reference,,,draft,0,,,النص بالعربيوَلَمَّا اجْتَازَا في بِيسِيدِيَّةَ أَتَيَا إلى بَمْفِيلِيَّةَ. وَتَكَلَّمَا بِالْكَلِمَةِ في بَرْجَةَ، ثُم…
katameros:4477,reference,,,draft,0,,,أَعْلَنَ الرَّبُّ خَلاَصَهُ قُدَّامَ الأُمَمِ. وَكَشَفَ عَدْلَهُ لَهُمْ. ذَكَرَ رَحْمَتَهُ لِيَعْقُوبَ. وَحَقَّهُ لِبَي…
katameros:4478,reference,,,draft,0,,,"وَلَمَّا مَضَوْا، إذَا مَلاَكُ الرَّبِّ قَدْ ظَهَرَ لِيُوسُفَ في حُلْمٍ قَائِلاً: "" قُمْ وَخُذِ الصَّبِيَّ وَأُمَّهُ وَ…"
katameros:4479,reference,,,draft,0,,,نَظَرَتْ خَلاَصَ إلَهِنَا، أَقَاصِي الأَرْضِ جَمِيعُها. يَدِينُ الْمَسْكُونَةَ بِالْعَدْلِ، وَالشُّعُوبَ بِالاسْتِقَامَ…
katameros:448,reference,,,draft,0,,,فَسَكَتَ الْجُمْهُورُ كُلُّهُ. وَكَانُوا يَسْمَعُونَ بَرْنَابَا وَبُولُسَ يُحَدِّثَانِ بِجَمِيعِ مَا صَنَعَ اللَّهُ مِن…
katameros:4480,reference,,,draft,0,,,وَلِلْوَقْتِ أَلْزَمَ تَلاَمِيذَهُ أَنْ يَرْكَبُوا الْسَّفِينَةَ وَيَسْبِقُوهُ إلى الْعَبْرِ حَتَّى يَصْرِفَ الْجُمُوعَ…
katameros:4481,reference,,,draft,0,,,الرَّبُّ قَدْ مَلَكَ فَلْتَتَهَلَّلِ الأَرْضُ. وَلْتَفْرَحِ الْجَزَائِرُ الْكَثِيرَةُ. سَحَابٌ وَضَبَابٌ حَوْلَهُ. الْع…
katameros:4482,reference,,,draft,0,,,فَانْطَلَقَ يَسُوعُ مَعَ تَلامِيذِهِ إلى عَبْرِ الْبَحْرِ، وَتَبِعَهُ جَمْعٌ كَثِيرٌ مِنَ الْجَلِيلِ وَمِنَ الْيَهُودِي…
katameros:4483,reference,,,draft,0,,,هَا أَنا بُولُسَ أَقُولُ لَكُمْ: إنَّهُ إن اخْتَتَنْتُمْ لا يَنْفَعُكُمُ الْمَسِيحُ شَيْئاً! ولكِنْ أَنا أَشْهَدُ أيْضا…
katameros:4484,reference,,,draft,0,,,يَا أَوْلاَدِي، لا نُحِبَّ بِالْكَلاَمِ وَلا بِاللِّسَانِ، بَلْ بِالْعَمَلِ وَالْحَقِّ! وَبِهَذَا  نَعْرِفُ أَننَا مِنَ…
katameros:4485,reference,,,draft,0,,,حِينَئِذٍ رَأى الرُّسُلُ والقُسُوسُ وَكُلُّ الكَنِيسَةِ أنْ يَخْتَارُوا رِجَالاً مِنْهُمْ، لِيُرْسِلُوهُمْ إلى أنْطاكِي…
katameros:4486,reference,,,draft,0,,,لأَنَّ الْبَرَكَاتِ يُعْطِيها وَاضِعُ النَّامُوسِ. يَسِيرُونَ مِنْ قُوَّةٍ إلى قُوَّةٍ. اسْتَمِعْ يا اللَّهُ صَلاَتِي. …
katameros:4487,reference,,,draft,0,,,"وَفِيمَا هُوَ يَتَكَلَّمُ بِهَذَا، رَفَعَتِ امْرَأَةٌ صَوْتَهَا مِنَ الْجَمْعِ وَقَالَتْ لَهُ: "" طُوبَى لِلْبَطْنِ الَّ…"
katameros:4488,reference,,,draft,0,,,أَضَاءَتْ بُرُوقُكَ الْمَسْكُونَةَ. تَزَلْزَلَتِ الأَرْضُ وَارْتَعَدَتْ. يَا اللَّهُ في الْبَحْرِ طَرِيقُكَ، وَمَسَالِك…
katameros:4489,reference,,,draft,0,,,وَبَعْدَ هَذَا كَانَ عِيدُ الْيَهُودِ، فَصَعِدَ يَسُوعُ إلى أُورُشَلِيمَ. وَفي أُورُشَلِيمَ عِنْدَ بَابِ الضَّأْنِ كَان…
katameros:449,reference,,,draft,0,,,كَهَنَتُكَ يَلْبَسُونَ الْبِرَّ، وقِدِّيسُوكَ يَبْتَهِجُونَ مِنْ أَجْلِ دَاوُدَ عَبْدِكَ. اُذْكُرْ يَارَبُّ دَاودَ وَكُ…
katameros:4490,reference,,,draft,0,,,أَخْبَرَتِ السَّمَوَاتُ بِعَدْلِهِ، وَرَأَى جَمِيعُ الشُّعُوبِ مَجْدَهُ. أَضَاءَتْ بُرُوقُهُ الْمَسْكُونَةَ، نَظَرَتِ ا…
katameros:4491,reference,,,draft,0,,,وَكَانَ إنْسَانٌ مِنَ الْفَرِّيسِيِّينَ اسْمُهُ نِيقُودِيمُوسُ، رَئِيسٌ لِلْيَهُودِ. هَذَا أَتَى إلى يَسُوعَ لَيْلاً وَ…
katameros:4492,reference,,,draft,0,,,"فَإذْ لَنَا يَا إخْوَتِي ثِقَةٌ بِالدُّخُولِ إلى "" الأَقْدَاسِ "" بِدَمِ يَسُوعَ، طَرِيقاً جَدِيدَاً حَيَّاً صَنَعَهُ لَ…"
katameros:4493,reference,,,draft,0,,,يَا أَحِبَّائِي، إنْ كَانَ اللَّهُ قَدْ أَحَبَّنَا هكَذَا، يَنْبَغِي لَنَا أيْضاً أنْ نُحِبَّ بَعْضُنَا بَعْضاً. اللَّه…
katameros:4494,reference,,,draft,0,,,"فَقَالَ لَهُمْ بُطْرُسُ: "" تُوبُوا وَلْيَعْتَمِدْ كُلُّ وَاحِدٍ مِنْكُمْ عَلَى اسْمِ يَسُوعَ الْمَسِيحِ لِغُفْرَانِ خَط…"
katameros:4495,reference,,,draft,0,,,جُزْنَا في النَّارِ وَالْمَاءِ، وَأَخْرَجْتَنَا إلى الرَّاحَةِ. بَارِكُوا أَيهَا الأُمَمُ إلَهَنَا، وَاسْمَعُوا صَوْتَ …
katameros:4496,reference,,,draft,0,,,وَبَعْدَ هَذَا جَاءَ يَسُوعُ وَتَلامِيذُهُ إلى أَرْضِ الْيَهُودِيَّةِ، وَمَكَثَ مَعَهُمْ هُنَاكَ يُعَمِّدُ. وَقَدْ كَان…
katameros:4497,reference,,,draft,0,,,لأَنهُ ضَرَبَ الصَّخْرَةَ فَانْحَدَرَتِ الْمِيَاهُ، وَفَاَضَتِ الأَوْدِيَةُ مِيَاهاً. فَأَمَرَ السَّحَابَ مِنْ فَوْقُ، …
katameros:4498,reference,,,draft,0,,,إنْ كُنْتُ أَشْهَدُ لِنَفْسِي فَشَهَادَتِي لَيْسَتْ حَقَّاً. الَّذِي يَشْهَدُ لِي هُوَ آخَرُ، وَأَنا أَعْلَمُ أَنَّ شَه…
katameros:4499,reference,,,draft,0,,,أَيهَا الرَّبُّ إلَهُ الْقُوَّاتِ أَرْجِعْنَا، وَلِيُنِرْ وَجْهُكَ عَليْنَا فَنَخْلُصَ. فَلاَ نَرْتَدَّ عَنْكَ. أَحْيِن…
katameros:45,reference,,,draft,0,,,حِينَئِذٍ يُشْبِهُ مَلَكُوتُ السَّمَوَاتِ عَشْرَ عَذَارَى، أَخَذْنَ مَصَابِيحَهُنَّ وَخَرَجْنَ لِلِقَاءِ الْعَرِيسِ. وَ…
katameros:450,reference,,,draft,0,,,"وَجَاءَ إلى كَفْرِنَاحُومَ. وَلَمَّا دَخَلَ إلى الْبَيْتِ سَأَلَهُمْ: "" في أَيِّ شَيْءٍ كُنْتُمْ تُفَكِّرُونَ في الطَّر…"
katameros:4500,reference,,,draft,0,,,الْحَقَّ الْحَقَّ أَقُولُ لَكُمْ: إنَّ مَنْ يُؤْمِنُ بِي فَلَهُ حَيَاةٌ أَبدِيَّةٌ. أَنا هُوَ خُبْزُ الْحَيَاةِ. آباؤُك…
katameros:4501,reference,,,draft,0,,,فَإنِّي أَقُولُ لَكُمْ أَيهَا الأُمَمُ: بِمَا أني أَنا رَسُولٌ للأُمَمِ أُمَجِّدُ خِدْمَتِي، لَعَلِّي أُعْطِي غَيْرَةً …
katameros:4502,reference,,,draft,0,,,إنْ كُنَّا نَقْبَلُ شَهَادَةَ النَّاسِ، فَشَهَادَةُ اللَّهِ أَعْظَمُ، لأنَّ هَذِهِ هِيَ شَهَادَةُ اللَّهِ الَّتي قَدْ ش…
katameros:4503,reference,,,draft,0,,,"وَلَمَّا صَعِدَ بُطْرُسُ إلى أُورُشَلِيمَ، خَاصَمَهُ الَّذِينَ مِنْ أَهْلِ الْخِتَانِ، قَائِلِينَ: "" إنَّكَ دَخَلْتَ إل…"
katameros:4504,reference,,,draft,0,,,لأنَّ يَنْبُوعَ الْحَيَاةِ عِنْدَكَ. بِنُورِكَ يَارَبُّ نُعَاينُ النُّورَ. فَابْسِطْ رَحْمَتَكَ عَلَى الَّذِينَ يَعْرِف…
katameros:4505,reference,,,draft,0,,,"وَفِيمَا هُوَ مُجْتَازٌ رَأَى رَجُلاً وُلِدَ أَعْمَى. فَسَأَلَهُ تَلاَمِيذُهُ قَائِلِينَ: "" يَا مُعَلِّمُ، مَنْ أَخْطَأ…"
katameros:4506,reference,,,draft,0,,,يَارَبُّ مَنْ يَسْكُنُ في مَسْكَنِكَ؟ أَوْ مَنْ يَحِلُّ في جَبَلِكَ الْمُقَدَّسِ؟ إلاَّ السَّالِكُ بِلاَ عَيْبٍ، وَيَعْ…
katameros:4507,reference,,,draft,0,,,وَكَانَ في كَفْرِنَاحُومَ رَجُلٌ مَلَكِيٌّ لَهُ وَلَدٌ مَرِيضٌ. هَذَا إذْ سَمِعَ أنَّ يَسُوعَ قَدْ جَاءَ مِنَ الْيَهُود…
katameros:4508,reference,,,draft,0,,,مَنْ يَقْدِرُ أنْ يَصْعَدَ إلى جَبَلِ الرَّبِّ؟ أَوْ مَنْ يَقُومُ في مَوْضِعِهِ الْمُقَدَّسِ؟ الطَّاهِرُ بِيَدِيِهِ، ال…
katameros:4509,reference,,,draft,0,,,لأنهُ لَمْ يُرْسِلِ اللَّهُ ابْنَهُ إلى الْعَالَمِ لِيَدِينَ الْعَالَمَ، بَلْ لِيَخْلُصَ بِهِ الْعَالَمُ. مَنْ يُؤْمِنُ…
katameros:451,reference,,,draft,0,,,"لَمْ يَتْرُكْ إنْسَاناً يَظْلِمُهُمْ، وَبَكَّتَ ملوكاً مِنْ أجْلِهمْ، قَائِلاً: "" لا تَمَسُّوا مُسَحَائي، وَلا تُسِيئوا…"
katameros:4510,reference,,,draft,0,,,لأَنَّ مَلْكِي صَادِقَ هَذَا، مَلِكَ سَالِيمَ، كَاهِنَ اللَّهِ الْعَلِيِّ، الَّذِي خَرَجَ لاسْتَقْبَالِ إبْرَاهِيمَ حَا…
katameros:4511,reference,,,draft,0,,,مِنَ الشَّيخِ إلى السَّيِّدَةِ الْمُخْتَارَةِ، وَإلى أَوْلاَدِهَا الَّذِينَ أَنا أُحِبُّهُمْ بِالْحَقِّ، وَلَسْتُ أَنا …
katameros:4512,reference,,,draft,0,,,"فَقَالَ الرَّبُّ لِبُولُسَ بِرُؤْيَا في اللَّيْلِ: "" لا تَخَفْ، بَلْ تَكَلَّمْ وَلا تَسْكُتْ، لأني أَنا مَعَكَ، وَلا يَ…"
katameros:4513,reference,,,draft,0,,,قَدِّمُوا لِلرَّبِّ يَا جَمِيعَ أُبوَّاتِ الأُمَمِ. قَدِّمُوا لِلرَّبِّ مَجْداً وَكَرَامَةً، قَدِّمُوا لِلرَّبِّ مَجْدا…
katameros:4514,reference,,,draft,0,,,"فَرَفَعَ يَسُوعُ عَيْنَيْهِ وَرَأَى جَمْعَاً عَظِيماً مُقْبِلاً إلَيْهِ، فَقَالَ لِفِيلِبُّسَ: "" أيْنَ نَجِدُ خُبْزَاً …"
katameros:4515,reference,,,draft,0,,,قُمْ يَا اللَّهُ وَدِنِ الأَرْضَ، لأَنكَ أَنْتَ تَرِثُ في جَمِيعِ الأُمَمِ. أَنا قُلْتُ: إنَّكُمْ آلِهَةٌ، وَبَنُو الْع…
katameros:4516,reference,,,draft,0,,,وَلَمَّا رَأى يَسُوعُ أَنهُمْ مُهْتَمُّونَ بِأَنْ يَأْتوا ليَختَطِفُوهُ ويَجْعَلُوهُ مَلِكاً، انْصَرَفَ إلى الْجَبَلِ و…
katameros:4517,reference,,,draft,0,,,سِرَاجٌ لِرِجْلِيَّ هُوَ نَامُوسُكَ، وَنُورٌ لِسُبُلِي. فَليُضِئْ وَجْهُكَ عَلَى عَبْدِكَ، وَعَلِّمْنِي حُقُوقَكَ.   هَ…
katameros:4518,reference,,,draft,0,,,"الْحَقَّ الْحَقَّ أَقُولُ لَكُمْ: "" إنْ كَانَ أَحَدٌ يَحْفَظُ كَلاَمِي فَلَنْ يَرَى الْمَوْتَ إلى الأَبدِ "". فَقَالَ لَ…"
katameros:4519,reference,,,draft,0,,,إنْ كَانَ أَحَدٌ مَدْعُوٌّ أَخَاً زَانِياً أَوْ طَمَّاعاً أَوْ عَابِدَ وَثَنٍ أَوْ شَتَّاماً أَوْ سِكِّيراً أَوْ خَاطِف…
katameros:452,reference,,,draft,0,,,وَفِيمَا هُوَ يَتَكَلَّمُ سَألَهُ فَرِّيسِيٌّ أنْ يَأْكُلَ عِنْدَهُ، فَدَخَلَ وَاتَّكَأَ. وَأمَّا الفَرِّيسِيُّ لَمَّا …
katameros:4520,reference,,,draft,0,,,لِذَلِكَ يَا أَحِبَّائِي، إذْ نَحْنُ مُنْتَظِرُونَ هَذِهِ، أسْرِعُوا أَنْ تُوجَدُوا بِلاَ عَيْبٍ وَلاَ دَنَسٍ قُدَّامَه…
katameros:4521,reference,,,draft,0,,,وإذْ كَانَ مُنْطَلِقَاً وَاقْتَرَبَ مِنْ دِمَشْقَ فَبَغْتَةً أضَاءَ عَلَيْهِ نُورٌ مِنَ السَّمَاءِ، فَسَقَطَ عَلَى الأَ…
katameros:4522,reference,,,draft,0,,,الاعْتِرَافُ وَالْبَهَاءُ قُدَّامَهُ. الطُّهْرُ وَالْجَمَالُ الْعَظِيمُ في قُدْسِهِ. لأنَّ الرَّبَّ عَظِيمٌ هُوَ وَمُسب…
katameros:4523,reference,,,draft,0,,,وَفي الْغَدِ رَأَى الْجَمْعُ الَّذِي كَانَ وَاقِفَاً عِنْدَ عَبْرِ الْبَحْرِ أَنهُ لَمْ تَكُنْ هُنَاكَ سَفِينَةٌ أُخْرَ…
katameros:4524,reference,,,draft,0,,,يَارَبُّ مَنْ يَسْكُنُ في مَسْكَنِكَ؟ أَوْ مَنْ يَحِلُّ في جَبَلِكَ الْمُقَدَّسِ؟ إلاَّ السَّالِكُ بِلاَ عَيْبٍ، وَيَعْ…
katameros:4525,reference,,,draft,0,,,وَكَانَ في كَفْرِنَاحُومَ رَجُلٌ مَلَكِيٌّ لَهُ وَلَدٌ مَرِيضٌ. هَذَا إذْ سَمِعَ أنَّ يَسُوعَ قَدْ جَاءَ مِنَ الْيَهُود…
katameros:4526,reference,,,draft,0,,,مَنْ يَقْدِرُ أنْ يَصْعَدَ إلى جَبَلِ الرَّبِّ؟ أَوْ مَنْ يَقُومُ في مَوْضِعِهِ الْمُقَدَّسِ؟ الطَّاهِرُ بِيَدِيِهِ، ال…
katameros:4527,reference,,,draft,0,,,لأنهُ لَمْ يُرْسِلِ اللَّهُ ابْنَهُ إلى الْعَالَمِ لِيَدِينَ الْعَالَمَ، بَلْ لِيَخْلُصَ بِهِ الْعَالَمُ. مَنْ يُؤْمِنُ…
katameros:4528,reference,,,draft,0,,,لأَنَّ مَلْكِي صَادِقَ هَذَا، مَلِكَ سَالِيمَ، كَاهِنَ اللَّهِ الْعَلِيِّ، الَّذِي خَرَجَ لاسْتَقْبَالِ إبْرَاهِيمَ حَا…
katameros:4529,reference,,,draft,0,,,مِنَ الشَّيخِ إلى السَّيِّدَةِ الْمُخْتَارَةِ، وَإلى أَوْلاَدِهَا الَّذِينَ أَنا أُحِبُّهُمْ بِالْحَقِّ، وَلَسْتُ أَنا …
katameros:453,reference,,,draft,0,,,أَرْسَلَ مُوسَى عَبْدَهُ وَهارُونَ الَّذِي اخْتَارَهُ، جَعَلَ فِيهِمَا أَقْوَالَ آيَاتِهِ وَعَجَائِبِهِ، كَيْ يَحْفَظُو…
katameros:4530,reference,,,draft,0,,,"فَقَالَ الرَّبُّ لِبُولُسَ بِرُؤْيَا في اللَّيْلِ: "" لا تَخَفْ، بَلْ تَكَلَّمْ وَلا تَسْكُتْ، لأني أَنا مَعَكَ، وَلا يَ…"
katameros:4531,reference,,,draft,0,,,قَدِّمُوا لِلرَّبِّ يَا جَمِيعَ أُبوَّاتِ الأُمَمِ. قَدِّمُوا لِلرَّبِّ مَجْداً وَكَرَامَةً، قَدِّمُوا لِلرَّبِّ مَجْدا…
katameros:4532,reference,,,draft,0,,,"فَرَفَعَ يَسُوعُ عَيْنَيْهِ وَرَأَى جَمْعَاً عَظِيماً مُقْبِلاً إلَيْهِ، فَقَالَ لِفِيلِبُّسَ: "" أيْنَ نَجِدُ خُبْزَاً …"
katameros:4533,reference,,,draft,0,,,وَأَنا بِالْبِرِّ أُعَايِنُ وَجْهَكَ، وَأَشْبَعُ عِنْدَمَا يَظْهَرُ مَجْدُكَ. جَرَّبْتَ قَلْبِي، وَتَعهَّدْتنِي لَيْلاً…
katameros:4534,reference,,,draft,0,,,فَتِّشُوا الْكُتُبَ الَّتي تَظُنُّونَ أَنَّ لَكُمْ فِيهَا حَيَاةً أَبدِيَّةً. وَهِيَ الَّتي تَشْهَدُ لِي. وَلا تُرِيدُو…
katameros:4535,reference,,,draft,0,,,مُبَارَكٌ الرَّبُّ إلى الدَّهْرِ. يَكُونُ يَكُونُ. أيْنَ هِيَ مَرَاحِمُكَ الأُوَلُ يَارَبُّ، الَّتي حَلَفْتَ بِهَا لِدَ…
katameros:4536,reference,,,draft,0,,,"فَنَادَى يَسُوعُ وَقَالَ: "" الَّذِي يُؤْمِنُ بِي، لَيْسَ يُؤْمِنُ بِي بَلْ قَدْ آمَنَ بِالَّذِي أَرْسَلَنِي. وَالَّذِي …"
katameros:4537,reference,,,draft,0,,,مِنْ أَجْلِ ذلِكَ يَا إخْوَتِي القِدِّيسِينَ، وَشُرَكَاءَ الدَّعْوَةِ السَّمَاوِيَّةِ، تَأَمَّلُوا رَسُولَ وَرَئِيسَ كَ…
katameros:4538,reference,,,draft,0,,,"وَتَنَبَّأَ عَنْ هَؤُلاَءِ أيْضاً أَخْنُوخُ السَّابِعُ مِنْ آدَمَ قَائِلاً: "" هُوَذَا قَدْ جَاءَ الرَّبُّ في رَبَوَاتِ …"
katameros:4539,reference,,,draft,0,,,وَفي الأَحَدِ ( أَوَّلِ الأُسْبُوعِ ) إذْ اجْتَمَعْنَا لِكَسْرِ الْخُبْزِ، خَاطَبَهُمْ بُولُسُ وَهُوَ مُزْمِعٌ أنْ يَخْ…
katameros:454,reference,,,draft,0,,,وَبَعْدَ سِتَّةِ أيامٍ أخَذَ يَسُوعُ بُطْرُسَ وَيَعْقُوبَ وَيُوحَنَّا أخَاهُ وَأَصْعَدَهُمْ عَلَى جَبَلٍ عَالٍ مُنْفَرِ…
katameros:4540,reference,,,draft,0,,,مَرَاحِمُكَ يَارَبُّ أُسَبِّحُها إلى الدَّهْرِ. أُخْبِرُ بِحَقِّكَ بِفَمِي. لأنهُ مَنْ يَقْدِرُ في السَّحَابِ أنْ يُعَا…
katameros:4541,reference,,,draft,0,,,اِعْمَلُوا لا لِلطَّعَامِ البَائِدِ، بَلْ لِلطَّعَامِ الْبَاقِي لِلْحَيَاةِ الأَبدِيَّةِ الَّذِي يُعْطِيهِ لَكُمُ ابْنُ…
katameros:4542,reference,,,draft,0,,,لأَنكَ فَرَّحْتَني يَارَبُّ بِصَنِيعِكَ، وَبِأَعَمَالِ يَدَيْكَ أَبْتَهِجُ. كَمَا عَظُمَتْ أَعْمَالُكَ يَارَبُّ، وَأَفْ…
katameros:4543,reference,,,draft,0,,,"ثُمَّ قَالَ لِتَلاَمِيذِهِ: "" لا بُدَّ أَنْ تَأْتِيَ الْعَثَرَاتُ، وَلَكِنْ وَيْلٌ لِمَنْ تَأْتِي الْعَثْرَةُ مِنْ قِبَ…"
katameros:4544,reference,,,draft,0,,,لَكَ السَّمَوَاتُ وَلَكَ الأَرْضُ أيْضاً. أَنْتَ أَسَّسْتَ الْمَسْكُونَةَ وَكَمَالَهَا. مَرَاحِمُكَ يَارَبُّ أُسَبِّحُه…
katameros:4545,reference,,,draft,0,,,النص بالعربيوَحَدَثَ فِيمَا هُوَ ذَاهِبٌ إلى أُورُشَلِيمَ، اجْتَازَ في وَسَطِ السَّامِرَةِ وَالْجَلِيلِ. وَفِيمَا هُوَ …
katameros:4546,reference,,,draft,0,,,مِنْ بُولُسَ، الْمَدْعُوِّ رَسُولاً لِيَسُوعَ الْمَسِيحِ بِمَشِيئَةِ اللَّهِ، وَسُوسْتَانِيسَ الأَخِ، إلى كَنِيسَةِ الل…
katameros:4547,reference,,,draft,0,,,"لا يَقُلْ أَحَدٌ إذَا جُرِّبَ: "" إنَّ اللَّهَ قَدْ جَرَّبَنِي ""؛ لأنَّ اللَّهَ لا يُجَرِّبُ بِالشُّرُورِ، وَهُوَ لا يُج…"
katameros:4548,reference,,,draft,0,,,فَانْحَدَرَ فِيلِبُّسُ إلى مَدِينَةٍ مِنَ السَّامِرَةِ وَكَانَ يَكْرِزُ لَهُمْ بِالْمَسِيحِ. وَكَانَ الْجُمُوعُ يُصْغُو…
katameros:4549,reference,,,draft,0,,,لِلرَّبِّ الأَرْضُ وَمِلْؤُهَا. الْمَسْكُونَةُ وَجَمِيعُ السَّاكِنِينَ فِيهَا. هُوَ عَلَى الْبِحَارِ أَسَّسَهَا، وَعَلَ…
katameros:455,reference,,,draft,0,,,بِالإيمَانِ قَرَّبَ إبْرَاهِيمُ إسْحَقَ حِينَ جُرِّبَ. وَقَرَّبَ ابْنَهُ الوَحِيدَ ذَاكَ الَّذِي قَبِلَ الْمَوَاعِيدَ ب…
katameros:4550,reference,,,draft,0,,,وَلَمَّا دَخَلَ كَانَ يَمْشِي في أَرِيحَا. وَإذَا رَجُلٌ يُدْعَى اسْمُهُ زَكَّا، وَهَذَا كَانَ رَئِيسَاً لِلعَشَّارِينَ…
katameros:4551,reference,,,draft,0,,,يَارَبُّ مَنْ يَسْكُنُ في مَسْكَنِكَ؟ أَوْ مَنْ يَحِلُّ في جَبَلِكَ الْمُقَدَّسِ؟ إلاَّ السَّالِكُ بِلاَ عَيْبٍ، وَيَعْ…
katameros:4552,reference,,,draft,0,,,وَكَانَ في كَفْرِنَاحُومَ رَجُلٌ مَلَكِيٌّ لَهُ وَلَدٌ مَرِيضٌ. هَذَا إذْ سَمِعَ أنَّ يَسُوعَ قَدْ جَاءَ مِنَ الْيَهُود…
katameros:4553,reference,,,draft,0,,,مَنْ يَقْدِرُ أنْ يَصْعَدَ إلى جَبَلِ الرَّبِّ؟ أَوْ مَنْ يَقُومُ في مَوْضِعِهِ الْمُقَدَّسِ؟ الطَّاهِرُ بِيَدِيِهِ، ال…
katameros:4554,reference,,,draft,0,,,لأنهُ لَمْ يُرْسِلِ اللَّهُ ابْنَهُ إلى الْعَالَمِ لِيَدِينَ الْعَالَمَ، بَلْ لِيَخْلُصَ بِهِ الْعَالَمُ. مَنْ يُؤْمِنُ…
katameros:4555,reference,,,draft,0,,,لأَنَّ مَلْكِي صَادِقَ هَذَا، مَلِكَ سَالِيمَ، كَاهِنَ اللَّهِ الْعَلِيِّ، الَّذِي خَرَجَ لاسْتَقْبَالِ إبْرَاهِيمَ حَا…
katameros:4556,reference,,,draft,0,,,مِنَ الشَّيخِ إلى السَّيِّدَةِ الْمُخْتَارَةِ، وَإلى أَوْلاَدِهَا الَّذِينَ أَنا أُحِبُّهُمْ بِالْحَقِّ، وَلَسْتُ أَنا …
katameros:4557,reference,,,draft,0,,,"فَقَالَ الرَّبُّ لِبُولُسَ بِرُؤْيَا في اللَّيْلِ: "" لا تَخَفْ، بَلْ تَكَلَّمْ وَلا تَسْكُتْ، لأني أَنا مَعَكَ، وَلا يَ…"
katameros:4558,reference,,,draft,0,,,قَدِّمُوا لِلرَّبِّ يَا جَمِيعَ أُبوَّاتِ الأُمَمِ. قَدِّمُوا لِلرَّبِّ مَجْداً وَكَرَامَةً، قَدِّمُوا لِلرَّبِّ مَجْدا…
katameros:4559,reference,,,draft,0,,,"فَرَفَعَ يَسُوعُ عَيْنَيْهِ وَرَأَى جَمْعَاً عَظِيماً مُقْبِلاً إلَيْهِ، فَقَالَ لِفِيلِبُّسَ: "" أيْنَ نَجِدُ خُبْزَاً …"
katameros:456,reference,,,draft,0,,,وَثَابِتٌ عِنْدَنَا كَلامُ الأنبِيَاءِ، هذَا الَّذِي هُوَ نِعْمَ مَا تَصْنَعُونَهُ إذَا تَأمَّلْتُمْ إلَيْهِ، كَمِثْلِ …
katameros:4560,reference,,,draft,0,,,رَفَعَتِ الأَنهَارُ يَارَبُّ، رَفَعَتِ الأَنهَارُ صَوْتَهَا. تَرْفَعُ الأَنهَارُ صَوْتَهَا، مِنْ صَوْتِ مِيَاهٍ كَثِيرَ…
katameros:4561,reference,,,draft,0,,,"وَلَمَّا كَانَ الْمَسَاءُ جَاءَ إلَيْهِ تَلاَمِيذُهُ قَائِلِينَ: "" إنَّ الْمَوْضِعَ قَفْرٌ وَالْوَقْتَ قَدْ عَبَرَ. فَا…"
katameros:4562,reference,,,draft,0,,,نُورٌ أَشْرَقَ لِلصِّدِّيقِينَ، وَفَرَحٌ لِلْمُسْتَقِيمِينَ بِقَلْبِهِمْ. افْرَحُوا أيهَا الصِّدِّيقُونَ بِالرَّبِّ، وَ…
katameros:4563,reference,,,draft,0,,,"وَبَعْدَ سَاعَاتٍ كَثِيرَةٍ تَقَدَّمَ إلَيْهِ تَلاَمِيذُهُ وَقَالُوا: "" الْمَوْضِعُ قَفْرٌ وَالْوَقْتُ قَدْ مَضَى. اِصْ…"
katameros:4564,reference,,,draft,0,,,أَشْكُرُ اللَّهَ أَني أَتَكَلَّمُ بِأَلْسِنَةٍ أَكْثَرَ مِنْ جَمِيعِكُمْ. وَلكِنِّي أُرِيدُ أنْ أَقُولَ خَمْسَ كَلِمَات…
katameros:4565,reference,,,draft,0,,,هَلُمَّ الآنَ أيهَا الأَغْنِيَاءُ، ابْكُوا مُوَلْوِلِينَ عَلَى شَقَاوَتِكُمُ الآتِيَةِ عَلَيْكُمْ. غِنَاكُمْ قَدْ فَسَد…
katameros:4566,reference,,,draft,0,,,وَبَعْدَ خَمْسَةِ أَيامٍ انْحَدَرَ حَنَانِيَّا رَئِيسُ الْكَهَنَةِ مَعَ الأَحْبَارِ وَخَطِيبٌ اسْمُهُ تِرْتلُّوسُ. فَهَ…
katameros:4567,reference,,,draft,0,,,بَسَطْتُ يَدَيَّ إلَيْكَ. صَارَتْ لَكَ نَفْسِي مِثْلَ أَرْضٍ عَدِيمَةِ الْمَاءِ. اسْتَجِبْ لِي يَارَبُّ عَاجِلاً، فَقَد…
katameros:4568,reference,,,draft,0,,,"وَكَانَ النَّهَارُ قَدْ بَدأَ يَمِيلَ. فَتَقَدَّمَ إلَيْهِ الاثْنَا عَشَرَ وَقَالُوا لَهُ: "" اصْرِفِ الْجُمُوعَ لِيَذْه…"
katameros:4569,reference,,,draft,0,,,رَفَعَتِ الأَنهَارُ يَارَبُّ، رَفَعَتِ الأَنهَارُ صَوْتَهَا. تَرْفَعُ الأَنهَارُ صَوْتَهَا، مِنْ صَوْتِ مِيَاهٍ كَثِيرَ…
katameros:457,reference,,,draft,0,,,لأنَّ مُوسَى مُنْذُ الأجْيَالِ الْقَدِيمَةِ، لَهُ في كُلِّ مَدِينَةٍ مَنْ يَكْرِزُ بِهِ، إذْ يُقْرَأُ  في الْمَجَامِعِ …
katameros:4570,reference,,,draft,0,,,"وَلَمَّا كَانَ الْمَسَاءُ جَاءَ إلَيْهِ تَلاَمِيذُهُ قَائِلِينَ: "" إنَّ الْمَوْضِعَ قَفْرٌ وَالْوَقْتَ قَدْ عَبَرَ. فَا…"
katameros:4571,reference,,,draft,0,,,نُورٌ أَشْرَقَ لِلصِّدِّيقِينَ، وَفَرَحٌ لِلْمُسْتَقِيمِينَ بِقَلْبِهِمْ. افْرَحُوا أيهَا الصِّدِّيقُونَ بِالرَّبِّ، وَ…
katameros:4572,reference,,,draft,0,,,"وَبَعْدَ سَاعَاتٍ كَثِيرَةٍ تَقَدَّمَ إلَيْهِ تَلاَمِيذُهُ وَقَالُوا: "" الْمَوْضِعُ قَفْرٌ وَالْوَقْتُ قَدْ مَضَى. اِصْ…"
katameros:4573,reference,,,draft,0,,,أَشْكُرُ اللَّهَ أَني أَتَكَلَّمُ بِأَلْسِنَةٍ أَكْثَرَ مِنْ جَمِيعِكُمْ. وَلكِنِّي أُرِيدُ أنْ أَقُولَ خَمْسَ كَلِمَات…
katameros:4574,reference,,,draft,0,,,هَلُمَّ الآنَ أيهَا الأَغْنِيَاءُ، ابْكُوا مُوَلْوِلِينَ عَلَى شَقَاوَتِكُمُ الآتِيَةِ عَلَيْكُمْ. غِنَاكُمْ قَدْ فَسَد…
katameros:4575,reference,,,draft,0,,,وَبَعْدَ خَمْسَةِ أَيامٍ انْحَدَرَ حَنَانِيَّا رَئِيسُ الْكَهَنَةِ مَعَ الأَحْبَارِ وَخَطِيبٌ اسْمُهُ تِرْتلُّوسُ. فَهَ…
katameros:4576,reference,,,draft,0,,,بَسَطْتُ يَدَيَّ إلَيْكَ. صَارَتْ لَكَ نَفْسِي مِثْلَ أَرْضٍ عَدِيمَةِ الْمَاءِ. اسْتَجِبْ لِي يَارَبُّ عَاجِلاً، فَقَد…
katameros:4577,reference,,,draft,0,,,"وَكَانَ النَّهَارُ قَدْ بَدأَ يَمِيلَ. فَتَقَدَّمَ إلَيْهِ الاثْنَا عَشَرَ وَقَالُوا لَهُ: "" اصْرِفِ الْجُمُوعَ لِيَذْه…"
katameros:4578,reference,,,draft,0,,,لأَننَا نَحْنُ شَعْبُكَ، وَغَنَمُ رَعِيَّتِكَ. مِنْ أَجْلِ مَجْدِ اسْمِكَ يَارَبُّ خَلِّصْنَا، واغْفِر لَنا خَطَايَانا.…
katameros:4579,reference,,,draft,0,,,أَمَّا الْفَرِّيسِيُّونَ فَلَمَّا سَمِعُوا أَنهُ أَبْكَمَ الصَّدُّوقِيِّينَ اجْتَمَعُوا مَعاً، وَسَأَلَهُ وَاحِدٌ مِنْه…
katameros:458,reference,,,draft,0,,,مُوسَى وَهَارُونُ في كَهَنَتِهِ، وَصَمُوئيلُ في الَّذِينَ يَدْعُونَ بِاسْمِهِ. كَانُوا يَدْعُونَ الرَّبَّ وَهُوَ كَانَ …
katameros:4580,reference,,,draft,0,,,أمَّا اللَّهُ فَهُوَ مَلِكُنَا، قَبْلَ الدُّهُورِ، صَنَعَ خَلاصَاً في وَسَطِ الأرْضِ. اُذْكُرْ خَلِيقَتَكَ هَذِهِ.   هَ…
katameros:4581,reference,,,draft,0,,,وَفي الأَحَدِ ( أَوَّلِ الأُسْبُوعِ ) بَاكِراً جِدّاً، أَتَيْنَ إلى الْقَبْرِ وَقَدَّمْنَ الْحَنُوطَ الَّذِي أَعْدَدْنَ…
katameros:4582,reference,,,draft,0,,,وَأمَّا الإيمَانُ فَهُوَ الثِّقَةُ بِمَا يُرْجَى وَالإيقَانُ بِأُمُورٍ لا تُرَى. فَإنَّهُ في هَذَا شُهِدَ لِلْقُدَمَاءِ…
katameros:4583,reference,,,draft,0,,,مَنْ يَعْتَرِفْ أنَّ يَسُوعَ هُوَ ابْنُ اللَّهِ، فَاللهُ يَثْبُتُ فِيهِ وَهُوَ أيْضاً يَثْبُتُ في اللَّهِ. وَنَحْنُ قَد…
katameros:4584,reference,,,draft,0,,,وَفي السَّبْتِ التَّالِي اجْتَمَعَتْ كُلُّ الْمَدِينَةِ تَقْرِيباً لِتَسْمَعَ كَلِمَةَ اللَّهِ. فَلَمَّا رَأَى الْيَهُو…
katameros:4585,reference,,,draft,0,,,بَارِكُوا اللَّهَ في الْكَنَائِسِ، وَالرَّبَّ مِنْ يَنَابِيعِ إسْرَائِيلَ. مُبَارَكٌ الرَّبُّ الإلَهُ. مُبَارَكٌ الرَّب…
katameros:4586,reference,,,draft,0,,,"وَإذَا نَامُوسِيٌّ قَامَ يُجَرِّبُهُ قَائِلاً: "" يَا مُعَلِّمُ، مَاذَا أَعْمَلُ لأَرِثَ الْحَيَاةَ الأَبدِيَّةَ؟ "". أَم…"
katameros:4587,reference,,,draft,0,,,كُفُّوا وَاعْلَمُوا أني أَنا هُوَ اللَّهُ. أرْتَفِعُ في الأُمَمِ وأَتعَالَى عَلَى الأَرْضِ. الرَّبُّ إلَهُ الْقُوَّاتِ …
katameros:4588,reference,,,draft,0,,,"وَفِيمَا كَانَ الْفَرِّيسِيُّونَ مُجْتَمَعِينَ مَعَاً سَأَلَهُمْ يَسُوعُ قَائِلاً: "" مَاذَا تَظُنُّونَ في الْمَسِيحِ؟ ا…"
katameros:4589,reference,,,draft,0,,,رَتِّلُوا لإلَهِنَا رَتِّلُوا، رَتِّلُوا لِمَلِكِنَا رَتِّلُوا. لأنَّ الرَّبَّ هُوَ مَلِكُ الأَرْضِ كُلِّهَا، رَتِّلوا …
katameros:459,reference,,,draft,0,,,الْوَيْلُ لَكُمْ أيهَا الكَتَبَةُ والْفَرِّيسِيُّونَ الْمُرَاؤُونَ! لأنكُمْ تُغْلِقُونَ مَلَكُوتَ السَّمَوَاتِ قُدَّامَ…
katameros:4590,reference,,,draft,0,,,وَفي الأَحَدِ ( أَوَّلِ الأُسْبُوعِ ) جَاءَتْ مَرْيَمُ الْمَجْدَلِيَّةُ إلى الْقَبْرِ بَاكِراً، وَالظَّلاَمُ بَاقٍ. فَر…
katameros:4591,reference,,,draft,0,,,أَشْكُرُ اللَّهَ أَني أَتَكَلَّمُ بِأَلْسِنَةٍ أَكْثَرَ مِنْ جَمِيعِكُمْ. وَلكِنِّي أُرِيدُ أنْ أَقُولَ خَمْسَ كَلِمَات…
katameros:4592,reference,,,draft,0,,,مِنَ الشَّيْخِ، إلى غَايُوسَ الْحَبِيبِ الَّذِي أَنا أُحِبُّهُ بِالْحَقِّ. أيهَا الْحَبِيبُ، في كُلِّ شَيْءٍ أَرُومُ أَ…
katameros:4593,reference,,,draft,0,,,"وَلَمَّا صَعِدَ بُطْرُسُ إلى أُورُشَلِيمَ، خَاصَمَهُ الَّذِينَ مِنْ أَهْلِ الْخِتَانِ، قَائِلِينَ: "" إنَّكَ دَخَلْتَ إل…"
katameros:4594,reference,,,draft,0,,,فَلْتَسْجُدْ لَكَ الأَرْضُ كُلُّهَا. وَلْيُرَتِّلُوا لَكَ. هَلِّلُوا لِلَّهِ يَا كُلَّ الأَرْضِ، رَتِّلُوا لاِسْمِهِ.  …
katameros:4595,reference,,,draft,0,,,أَمَّا يَسُوعُ فَرَجَعَ مِنَ الأُرْدُنِّ مُمْتَلِئاً مِنَ الرُّوحِ الْقُدُسِ، وَحَمَلَهُ الرُّوحُ إلى الْبَرِّيةِ أَرْب…
katameros:4596,reference,,,draft,0,,,رَفَعَتِ الأَنهَارُ يَارَبُّ، رَفَعَتِ الأَنهَارُ صَوْتَهَا. تَرْفَعُ الأَنهَارُ صَوْتَهَا، مِنْ صَوْتِ مِيَاهٍ كَثِيرَ…
katameros:4597,reference,,,draft,0,,,"وَلَمَّا كَانَ الْمَسَاءُ جَاءَ إلَيْهِ تَلاَمِيذُهُ قَائِلِينَ: "" إنَّ الْمَوْضِعَ قَفْرٌ وَالْوَقْتَ قَدْ عَبَرَ. فَا…"
katameros:4598,reference,,,draft,0,,,نُورٌ أَشْرَقَ لِلصِّدِّيقِينَ، وَفَرَحٌ لِلْمُسْتَقِيمِينَ بِقَلْبِهِمْ. افْرَحُوا أيهَا الصِّدِّيقُونَ بِالرَّبِّ، وَ…
katameros:4599,reference,,,draft,0,,,"وَبَعْدَ سَاعَاتٍ كَثِيرَةٍ تَقَدَّمَ إلَيْهِ تَلاَمِيذُهُ وَقَالُوا: "" الْمَوْضِعُ قَفْرٌ وَالْوَقْتُ قَدْ مَضَى. اِصْ…"
katameros:46,reference,,,draft,0,,,"لَمْ يَتْرُكْ إنْسَاناً يَظْلِمُهُمْ، وَبَكَّتَ ملوكاً مِنْ أجْلِهمْ، قَائِلاً: "" لا تَمَسُّوا مُسَحَائي، وَلا تُسِيئوا…"
katameros:460,reference,,,draft,0,,,اِعْتَرِفُوا لِلرَّبِّ وَادْعُوا بِاسْمِهِ. نَادُوا في الأُمَمِ بِأَعْمَالِهِ. سَبِّحُوه وَرَتِّلُوا لَهُ، حَدِّثُوا بِ…
katameros:4600,reference,,,draft,0,,,أَشْكُرُ اللَّهَ أَني أَتَكَلَّمُ بِأَلْسِنَةٍ أَكْثَرَ مِنْ جَمِيعِكُمْ. وَلكِنِّي أُرِيدُ أنْ أَقُولَ خَمْسَ كَلِمَات…
katameros:4601,reference,,,draft,0,,,هَلُمَّ الآنَ أيهَا الأَغْنِيَاءُ، ابْكُوا مُوَلْوِلِينَ عَلَى شَقَاوَتِكُمُ الآتِيَةِ عَلَيْكُمْ. غِنَاكُمْ قَدْ فَسَد…
katameros:4602,reference,,,draft,0,,,وَبَعْدَ خَمْسَةِ أَيامٍ انْحَدَرَ حَنَانِيَّا رَئِيسُ الْكَهَنَةِ مَعَ الأَحْبَارِ وَخَطِيبٌ اسْمُهُ تِرْتلُّوسُ. فَهَ…
katameros:4603,reference,,,draft,0,,,بَسَطْتُ يَدَيَّ إلَيْكَ. صَارَتْ لَكَ نَفْسِي مِثْلَ أَرْضٍ عَدِيمَةِ الْمَاءِ. اسْتَجِبْ لِي يَارَبُّ عَاجِلاً، فَقَد…
katameros:4604,reference,,,draft,0,,,"وَكَانَ النَّهَارُ قَدْ بَدأَ يَمِيلَ. فَتَقَدَّمَ إلَيْهِ الاثْنَا عَشَرَ وَقَالُوا لَهُ: "" اصْرِفِ الْجُمُوعَ لِيَذْه…"
katameros:4605,reference,,,draft,0,,,وَيَتَّكِلُ عَلَيْكَ، الَّذِينَ يَعْرِفُونَ اسْمَكَ، فَلاَ تَتْرُكْ طَالِبِيكَ، يَارَبُّ.   هَلِّلُويَا.
katameros:4606,reference,,,draft,0,,,وَبَعْدَ سِتَّةِ أيامٍ أخَذَ يَسُوعُ بُطْرُسَ وَيَعْقُوبَ وَيُوحَنَّا أخَاهُ وَأَصْعَدَهُمْ عَلَى جَبَلٍ عَالٍ مُنْفَرِ…
katameros:4607,reference,,,draft,0,,,لِيَتَرَأَفِ اللَّهُ عَلَيْنَا وَيُبَارِكْنَا. وَلِيُظْهِرْ وَجْهَهُ عَلَيْنَا وَيَرْحَمْنَا. لِيُعْرَفَ في الأَرْضِ طَ…
katameros:4608,reference,,,draft,0,,,وَبَعْدَ السَّبْتِ، عِنْدَ فَجْرِ الأَحَدِ ( أوَّلِ الأُسْبُوعِ ) جَاءَتْ مَرْيَمُ الْمَجْدَلِيَّةُ وَمَرْيَمُ الأُخْرَ…
katameros:4609,reference,,,draft,0,,,وَلْيَمْلأْكُمْ إلَهُ الرَّجَاءِ مِنْ كُلِّ فَرَحٍ وَسَلاَمٍ عِنْدَمَا تُؤْمِنُونَ وَتَزْدَادُونَ في الرَّجَاءِ بِقُوَّ…
katameros:461,reference,,,draft,0,,,ودَعَا الاثْنَيْ عَشَرَ رَسُولاً، وَأَعْطَاهُمْ قُوَّةً وَسُلْطَاناً عَلَى جَمِيعِ الشَّيَاطِينِ وَشِفَاءِ الأمْرَاضِ، …
katameros:4610,reference,,,draft,0,,,بُطْرُسُ، رَسُولُ يَسُوعَ الْمَسِيحِ، إلى الْمُخْتَارِينَ الْمُتَغَرِّبِينَ في شَتَاتِ بُنْتُسَ وَغَلاَطِيَّةَ وَكَبَّا…
katameros:4611,reference,,,draft,0,,,وَرَجَعَ بَرْنَابَا وَشَاوُلُ مِنْ أُورُشَلِيمَ بَعْدَ مَا كَمَّلاَ الْخِدْمَةَ، وَأَخَذَا مَعَهُمَا يُوحَنَّا أيْضاً ا…
katameros:4612,reference,,,draft,0,,,رُوحُكَ الْقُدُّوسُ، فَلْيَهْدِني إلى الاسْتِقَامَةِ. فَلأَسْمَعْ في الأسْحَارِ رَحْمَتَكَ، فَإني عَلَيْكَ تَوَكَّلْتُ.…
katameros:4613,reference,,,draft,0,,,"النص بالعربيوإذْ كَانَ يُصَلِّي في مَوْضِعٍ، فَلَمَّا فَرَغَ، قَالَ لَهُ وَاحِدٌ مِنْ تَلاَمِيذِه: "" يَارَبُّ عَلِّمْنَ…"
katameros:4614,reference,,,draft,0,,,أُبارِكُ الرَّبَّ الَّذِي أَفْهَمَنِي، وَأيْضاً في اللَّيْلِ أَدَّبَتْنِي كُلْيَتَايَ. تَقَدَّمْتُ فَرَأَيْتُ الرَّبَّ …
katameros:4615,reference,,,draft,0,,,ثُمَّ قَامَ مِنَ الْمَجْمَعِ، وَدَخَلَ بَيْتَ سِمْعَانَ. وَكَانَتْ حَمَاةُ سِمْعَانَ بِحُمَّى شَدِيدَةٍ. فَسَأَلُوهُ مِ…
katameros:4616,reference,,,draft,0,,,أُبارِكُ الرَّبَّ في كُلِّ وَقْتٍ. وَفي كُلِّ حِينٍ تَسْبِحَتُهُ في فَمِي. بِالرَّبِّ تَفْتَخِرُ نَفْسِي. فَلْيَسْمَعِ …
katameros:4617,reference,,,draft,0,,,وَعِنْدَ فَجْرِ الأَحَدِ ( أَوَّلِ الأُسْبُوعِ ) أَتَيْنَ إلى الْقَبْرِ، إذْ طَلَعَتِ الشَّمْسُ. وَكُنَّ يَقُلْنَ لِبَع…
katameros:4618,reference,,,draft,0,,,لكِنَّنَا نَتَكَلَّمُ بِحِكْمَةٍ بَيْنَ الْكَامِلِينَ، بِحِكْمَةٍ لَيْسَتْ مِنْ هَذَا الدَّهْرِ، وَلاَ بِحِكْمَةِ رُؤَس…
katameros:4619,reference,,,draft,0,,,سِمْعَانُ بُطْرُسُ عَبْدُ يَسُوعَ الْمَسِيحِ وَرَسُولُهُ، إلى الَّذِينَ نَالُوا مَعَنَا إيمَاناً مُكَرَّمَاً مُسَاوِياً…
katameros:462,reference,,,draft,0,,,مِنْ قِبَلِهِ رَأُوْا مَسَالِكَكَ يا اللَّهُ. مَسَالِكَ إلَهِي. بَارِكُوا اللَّهَ في الْكَنَائِسِ، وَالرَّبَّ مِنْ يَنَ…
katameros:4620,reference,,,draft,0,,,وَكَانَ يَجْلِسُ في لِسْتَرَةَ رَجُلٌ عَاجِزُ الرِّجْلَيْنِ، مُقْعَدٌ مِنْ بَطْنِ أُمِّهِ، وَلَمْ يَمْشِ قَطُّ. هَذَا ك…
katameros:4621,reference,,,draft,0,,,أُسَبِّحُ الرَّبَّ الَّذِي أَحْسَنَ إليَّ. وَأُرَتِّلُ لاِسْمِ الرَّبِّ الْعَلِيِّ. أَمَّا أَنا فَعَلَى رَحْمَتِكَ تَوَ…
katameros:4622,reference,,,draft,0,,,وَفي أَحَدِ الأَيامِ كَانَ يُعَلِّمُ، وَكَانَ الْفرِّيسِيُّونَ وَمُعَلِّمُو النَّامُوسِ جَالِسِينَ وَهُمْ قَدْ أَتوْا م…
katameros:4623,reference,,,draft,0,,,يَارَبُّ لا تُبَكِّتْنِي بِغَضَبِكَ. وَلا تُؤَدِّبْنِي بِغَيْظِكَ. لأني تَوَكَّلْتُ عَلَيْكَ يَارَبُّ. أَنتَ تَسْتَجِيب…
katameros:4624,reference,,,draft,0,,,اِسْأَلُوا تُعْطَوْا. اُطْلُبُوا تَجِدُوا. اِقْرَعُوا يُفْتَحْ لَكُمْ. لأَنَّ كُلَّ مَنْ يَسْأَلُ يَأْخُذُ، وَمَنْ يَطْ…
katameros:4625,reference,,,draft,0,,,لا تُهْمِلْنِي أَيهَا الرَّبُّ إلَهِي، وَلا تَتَبَاعَدْ عَنِّي. الْتَفِتْ إلى مَعُونَتِي، يَارَبَّ خَلاَصِي.   هَلِّلُو…
katameros:4626,reference,,,draft,0,,,وَفي الأَحَدِ ( أَوَّلِ الأُسْبُوعِ ) بَاكِراً جِدّاً، أَتَيْنَ إلى الْقَبْرِ وَقَدَّمْنَ الْحَنُوطَ الَّذِي أَعْدَدْنَ…
katameros:4627,reference,,,draft,0,,,هَكَذَا فَلْيَحْسِبْنَا النَّاسُ كَخُدَّامِ الْمَسِيحِ، وَوُكَلاَءِ أَسْرَارِ اللَّهِ، ثُمَّ يُسْأَلُ في الْوُكَلاَءِ ل…
katameros:4628,reference,,,draft,0,,,وَثَابِتٌ عِنْدَنَا كَلامُ الأنبِيَاءِ، هَذَا الَّذِي هُوَ نِعْمَ مَا تَصْنَعُونَهُ إذَا تَأمَّلْتُمْ إلَيْهِ، كَمِثْلِ…
katameros:4629,reference,,,draft,0,,,فَلمَّا اجْتَازَا في أَمْفِيبُولِيسَ وَأَبولُونيَّةَ، أَتَيَا إلى تَسَالُونيكِي، حَيْثُ كَانَ مَجْمَعُ الْيَهُودِ. فَدَ…
katameros:463,reference,,,draft,0,,,"فَقَالَ الرُّسُلُ لِلرَّبِّ: "" زِدْ إيمَانَنَا‍! "". فَقَالَ الرَّبُّ: "" لَوْ كَانَ لَكُمْ إيمَانٌ مِثْلُ حَبَّةِ خَرْدَ…"
katameros:4630,reference,,,draft,0,,,أنْتَ يا اللَّهُ اسْتَمَعْتَ صَلَوَاتِي، أَعْطَيْتَ مِيرَاثاً لِخَائِفِي اسْمِكَ. هَكَذَا أُرَتِّلُ لاِسْمِكَ إلى دَهْر…
katameros:4631,reference,,,draft,0,,,حِينَئِذٍ أُحْضِرَ إلَيْهِ أَعْمَى بِهِ شَيْطَانٌ، وَهُوَ أَخْرَسُ فَشَفَاهُ، حَتَّى إنَّ الأَخْرَسَ تَكَلَّمَ وَأَبْصَ…
katameros:4632,reference,,,draft,0,,,أَيهَا الرَّبُّ إلَهُ الْقُوَّاتِ اسْتَمِعْ صَلاتِي. أَنْصِتْ يَا إلَهَ يَعْقُوبَ. طُوبَى لِكُلِّ السُّكَّانِ في بَيْتِ…
katameros:4633,reference,,,draft,0,,,أمَّا أَنا فَأَقُولُ لَكُمْ: لا تَحْلِفُوا الْبَتَّةَ، لا تَحْلِفُوا بِالسَّمَاءِ لأَنهَا عَرْشُ اللَّهِ، وَلا بِالأَرْ…
katameros:4634,reference,,,draft,0,,,أنتَ يا اللَّهُ اسْتَمَعْتَ صَلَوَاتِي، أَعْطَيْتَ مِيرَاثاً لِخَائِفِي اسْمِكَ. هَكَذَا أُرَتِّلُ لاِسْمِكَ إلى دَهْرِ…
katameros:4635,reference,,,draft,0,,,وَفي الأَحَدِ ( أَوَّلِ الأُسْبُوعِ ) جَاءَتْ مَرْيَمُ الْمَجْدَلِيَّةُ إلى الْقَبْرِ بَاكِراً، وَالظَّلاَمُ بَاقٍ. فَر…
katameros:4636,reference,,,draft,0,,,كُونُوا مُوَاظِبِينَ عَلَى الصَّلاةِ سَاهِرِينَ فِيهَا بِالشُّكْرِ، مُصَلِّينَ في ذلِكَ لأَجْلِنَا نَحْنُ أيْضاً، لِكَي…
katameros:4637,reference,,,draft,0,,,لا يَئِنَّ بَعْضُكُمْ عَلَى بَعْضٍ يا إخْوَتي لِئَلاَّ تُدَانُوا. هُوَذا الدَّيَّانُ وَاقِفٌ عَلَى الأبْوَابِ. خُذُوا ل…
katameros:4638,reference,,,draft,0,,,وَبَعْدَ هَذَا مَضَى بُولُسُ مِنْ أَثِينَا وَجَاءَ إلى كُورِنْثُوسَ، فَوَجَدَ يَهُودِيَّاً اسْمُهُ أَكِيلاَ، بُنْطِيَّ …
katameros:4639,reference,,,draft,0,,,اُطْلُبُوا اللَّهَ فَتَحْيَا نَفْسُكُمْ. لأنَّ الرَّبَّ قَدِ اسْتَجَابَ لِلْبَائِسِينَ. أُسَبِّحُ اسْمَ اللَّهِ بِنَشِي…
katameros:464,reference,,,draft,0,,,كُونُوا مُوَاظِبِينَ عَلَى الصَّلاةِ سَاهِرِينَ فِيهَا بِالشُّكْرِ، مُصَلِّينَ في ذلِكَ لأَجْلِنَا نَحْنُ أيْضاً، لِكَي…
katameros:4640,reference,,,draft,0,,,لَكِنِّي أَقُولُ لَكُمْ أَيهَا السَّامِعُونَ: أَحِبُّوا أَعْدَاءَكُمْ، أَحْسِنُوا إلى مُبْغِضِيكُمْ، بَارِكُوا لاعِنِيك…
katameros:4641,reference,,,draft,0,,,رَفَعَتِ الأَنهَارُ يَارَبُّ، رَفَعَتِ الأَنهَارُ صَوْتَهَا. تَرْفَعُ الأَنهَارُ صَوْتَهَا، مِنْ صَوْتِ مِيَاهٍ كَثِيرَ…
katameros:4642,reference,,,draft,0,,,"وَلَمَّا كَانَ الْمَسَاءُ جَاءَ إلَيْهِ تَلاَمِيذُهُ قَائِلِينَ: "" إنَّ الْمَوْضِعَ قَفْرٌ وَالْوَقْتَ قَدْ عَبَرَ. فَا…"
katameros:4643,reference,,,draft,0,,,نُورٌ أَشْرَقَ لِلصِّدِّيقِينَ، وَفَرَحٌ لِلْمُسْتَقِيمِينَ بِقَلْبِهِمْ. افْرَحُوا أيهَا الصِّدِّيقُونَ بِالرَّبِّ، وَ…
katameros:4644,reference,,,draft,0,,,"وَبَعْدَ سَاعَاتٍ كَثِيرَةٍ تَقَدَّمَ إلَيْهِ تَلاَمِيذُهُ وَقَالُوا: "" الْمَوْضِعُ قَفْرٌ وَالْوَقْتُ قَدْ مَضَى. اِصْ…"
katameros:4645,reference,,,draft,0,,,أَشْكُرُ اللَّهَ أَني أَتَكَلَّمُ بِأَلْسِنَةٍ أَكْثَرَ مِنْ جَمِيعِكُمْ. وَلكِنِّي أُرِيدُ أنْ أَقُولَ خَمْسَ كَلِمَات…
katameros:4646,reference,,,draft,0,,,هَلُمَّ الآنَ أيهَا الأَغْنِيَاءُ، ابْكُوا مُوَلْوِلِينَ عَلَى شَقَاوَتِكُمُ الآتِيَةِ عَلَيْكُمْ. غِنَاكُمْ قَدْ فَسَد…
katameros:4647,reference,,,draft,0,,,وَبَعْدَ خَمْسَةِ أَيامٍ انْحَدَرَ حَنَانِيَّا رَئِيسُ الْكَهَنَةِ مَعَ الأَحْبَارِ وَخَطِيبٌ اسْمُهُ تِرْتلُّوسُ. فَهَ…
katameros:4648,reference,,,draft,0,,,بَسَطْتُ يَدَيَّ إلَيْكَ. صَارَتْ لَكَ نَفْسِي مِثْلَ أَرْضٍ عَدِيمَةِ الْمَاءِ. اسْتَجِبْ لِي يَارَبُّ عَاجِلاً، فَقَد…
katameros:4649,reference,,,draft,0,,,"وَكَانَ النَّهَارُ قَدْ بَدأَ يَمِيلَ. فَتَقَدَّمَ إلَيْهِ الاثْنَا عَشَرَ وَقَالُوا لَهُ: "" اصْرِفِ الْجُمُوعَ لِيَذْه…"
katameros:465,reference,,,draft,0,,,كُونُوا مُسْتَعِدِّينَ في كُلِّ حِينٍ لِمُجَاوَبَةِ كُلِّ مَنْ يَسْأَلُكُمْ كَلِمَةً عَنْ سَبَبِ الرَّجَاءِ الَّذِي فِي…
katameros:4650,reference,,,draft,0,,,الآنَ عَلِمْتُ أَنَّ الرَّبَّ قَدْ خَلَّصَ مَسِيحَهُ، يَسْتَجِيبُ لَهُ مِنْ سَمَاءِ قُدْسِهِ. يَارَبُّ خَلِّصْ مَلِكَكَ…
katameros:4651,reference,,,draft,0,,,ودَعَا الاثْنَيْ عَشَرَ رَسُولاً، وَأَعْطَاهُمْ قُوَّةً وَسُلْطَاناً عَلَى جَمِيعِ الشَّيَاطِينِ وَشِفَاءِ الأمْرَاضِ، …
katameros:4652,reference,,,draft,0,,,أَحِبُّوا الرَّبَّ يَا جَمِيعَ قِدِّيسِيهِ، لأنَّ الرَّبَّ ابْتَغَى الْحَقَائِقَ. مَا أَعْظَمَ كَثْرَةَ صَلاحِكَ يَارَب…
katameros:4653,reference,,,draft,0,,,وَبَعْدَ السَّبْتِ، عِنْدَ فَجْرِ الأَحَدِ ( أوَّلِ الأُسْبُوعِ ) جَاءَتْ مَرْيَمُ الْمَجْدَلِيَّةُ وَمَرْيَمُ الأُخْرَ…
katameros:4654,reference,,,draft,0,,,أَلَسْتُ أَنا حُرَّاً؟ أَلَسْتُ أَنا رَسُولاً؟ أَمَا رَأَيْتُ يَسُوعَ الْمَسِيحَ رَبَّنَا؟ أَلَسْتُمْ أَنْتُمْ عَمَلِي …
katameros:4655,reference,,,draft,0,,,بُطْرُسُ، رَسُولُ يَسُوعَ الْمَسِيحِ، إلى الْمُخْتَارِينَ الْمُتَغَرِّبِينَ في شَتَاتِ بُنْتُسَ وَغَلاَطِيَّةَ وَكَبَّا…
katameros:4656,reference,,,draft,0,,,وَجَرَتْ عَلَى أَيْدِي الرُّسُلِ آياتٌ وَعَجَائِبُ كَثِيرَةٌ في الشَّعْبِ. وَكَانَ الْجَمِيعُ مُجْتَمِعِينَ بِنَفْسٍ وَ…
katameros:4657,reference,,,draft,0,,,اللَّهُ الْمُمَجَّدُ، في مَشُورَةِ الْقِدِّيسِينَ، عَظِيمٌ هُوَ وَمَرْهُوبٌ، عَلَى جَمِيعِ الَّذِينَ حَوْلَهُ.   هَلِّل…
katameros:4658,reference,,,draft,0,,,وَبَعَدَ ذلِكَ عَيَّنَ الرَّبُّ سَبْعِينَ آخَرِينَ، وَأَرْسَلَهُمُ اثْنَيْنِ اثْنَيْنِ أمَامَ وَجْهِهِ إلى كُلِّ مَدِين…
katameros:4659,reference,,,draft,0,,,طُوبَى لِجَمِيعِ الَّذِينَ يَتَّقُونَ الرَّبَّ، السَّالِكِينَ في طُرُقِهِ. يُبَارِكُكَ الرَّبُّ مِنْ صِهْيَوْنَ. وَتُبْ…
katameros:466,reference,,,draft,0,,,الْكَلاَمُ الأوَّلُ أَنْشَأْتُهُ يَا ثَاؤفِيلُسُ، عَنْ جَمِيعِ مَا ابْتَدَأَ يَسُوعُ يَفْعَلُهُ وَيُعَلِّمُ بِهِ، إلى ا…
katameros:4660,reference,,,draft,0,,,"وَقَالَ أيْضاً لِتَلامِيذِهِ: "" كَانَ إنْسَانٌ غَنِيٌّ لَهُ وَكِيلٌ، فَوُشِيَ بِهِ إلَيْهِ بِأَنهُ يُبَذِّرُ أَمْوَالَه…"
katameros:4661,reference,,,draft,0,,,طُوبَى لِلَّذِي يَتَفَهَّمُ في أَمْرِ الْمِسْكِينِ وَالْفَقِيرِ، في يَوْمِ الشَّرِّ يُنَجِّيهِ الرَّبُّ. الرَّبُّ يَحْف…
katameros:4662,reference,,,draft,0,,,وَعِنْدَ فَجْرِ الأَحَدِ ( أَوَّلِ الأُسْبُوعِ ) أَتَيْنَ إلى الْقَبْرِ، إذْ طَلَعَتِ الشَّمْسُ. وَكُنَّ يَقُلْنَ لِبَع…
katameros:4663,reference,,,draft,0,,,بُولُسُ، رَسُولٌ لا مِنَ النَّاسِ وَلا بِإنْسَانٍ، بَلْ بِيَسُوعَ الْمَسِيحِ وَاللَّهِ الآبِ الَّذِي أَقَامَهُ مِنْ بَي…
katameros:4664,reference,,,draft,0,,,"وَتَنَبَّأَ عَنْ هَؤُلاَءِ أيْضاً أَخْنُوخُ السَّابِعُ مِنْ آدَمَ قَائِلاً: "" هُوَذَا قَدْ جَاءَ الرَّبُّ في رَبَوَاتِ …"
katameros:4665,reference,,,draft,0,,,"أمَّا مَلاَكُ الرَّبِّ فَفَتَحَ أَبْوَابَ السِّجْنِ في اللَّيْلِ وَأَخْرَجَهُمْ وَقَالَ: "" اذْهَبُوا وَكَلِّمُوا الشَّع…"
katameros:4666,reference,,,draft,0,,,طُوبَاهُمُ الَّذِينَ بِلاَ عَيْبٍ في الطَّرِيقِ، السَّالِكُونَ في نَامُوسِ الرَّبِّ. طُوبَاهُمُ الَّذِينَ يَفْحَصُونَ ع…
katameros:4667,reference,,,draft,0,,,"في تِلْكَ السَّاعَةِ تَقَدَّمَ التَّلامِيذُ إلى يَسُوعَ قَائِلِينَ: "" مَنْ تُرَى هُوَ الأَعْظَمُ في مَلَكُوتِ السَّمَوَ…"
katameros:4668,reference,,,draft,0,,,أَتمَسَّكُ بِاسْمِكَ فإنَّهُ حلوٌ، قُدَّامَ قِدِّيسِيكَ. تَوَكَّلْتُ عَلَى رَحْمَةِ اللَّهِ، إلى الأَبدِ وَإلى أَبدِ ال…
katameros:4669,reference,,,draft,0,,,وَكَانَ يَقُولُ لِلْمَدْعُوِّينَ مَثَلاً، وَهُوَ يُلاَحِظُ كَيْفَ كَانُوا يَخْتَارُونَ الْمُتَّكَآتِ الأُولَى قَائِلاً:…
katameros:467,reference,,,draft,0,,,سَبِّحوا الرَّبَّ، وَبَارِكُوا اسْمَهُ، بَشِّرُوا مِنْ يَوْمٍ إلى يَوْمٍ بِخَلاصِهِ. أَخْبِرُوا في الأُمَمِ بِمَجْدِهِ.…
katameros:4670,reference,,,draft,0,,,سَبِّحُوا اسْمَ الرَّبِّ. سَبِّحُوا الرَّبَّ يَا عَبِيدَ الرَّبِّ، الْوَاقِفِينَ في بَيْتِ الرَّبِّ، في دِيَارِ بَيْتِ …
katameros:4671,reference,,,draft,0,,,وَفي الأَحَدِ ( أَوَّلِ الأُسْبُوعِ ) بَاكِراً جِدّاً، أَتَيْنَ إلى الْقَبْرِ وَقَدَّمْنَ الْحَنُوطَ الَّذِي أَعْدَدْنَ…
katameros:4672,reference,,,draft,0,,,إنْ كَانَ أَحَدٌ يُعَلِّمُ تَعْلِيماً آخَرَ، وَلا يُقْبِلُ إلى كَلِمَاتِ رَبِّنَا يَسُوعَ الْمَسِيحِ الصَّحِيحَةِ، وَال…
katameros:4673,reference,,,draft,0,,,لاَ تَكُونُوا مُعَلِّمِينَ كَثِيرِينَ يَا إخْوَتِي، عَالِمِينَ أَنكُمْ تَأْخُذُونَ دَيْنُونَةً أَعْظَمَ! لأَننا في أَشْ…
katameros:4674,reference,,,draft,0,,,وَلَمَّا كَانَ غَالِيُونُ يَتَوَلَّى أَخَائِيَةَ، اجْتَمَعَ الْيَهُودُ بِنَفْسٍ وَاحِدَةٍ عَلَى بُولُسَ، وَأَتوْا بِهِ …
katameros:4675,reference,,,draft,0,,,الرَّبُّ بارٌّ في كُلِّ طُرُقِهِ، وَقدُّوسٌ في سَائِرِ أَعْمَالِهِ. الرَّبُّ قَرِيبٌ لِكُلِّ الَّذِينَ يَصْرُخُونَ إلَي…
katameros:4676,reference,,,draft,0,,,ولَمَّا رَجَعَ الرُّسُلُ حَدَّثُوهُ بِمَا فَعَلُوا، فَأخَذَهُمْ مَعَهُ وَدَخَلَ على انْفِرادٍ مَدِينَةً تُسَمَّى بَيْتَ…
katameros:4677,reference,,,draft,0,,,أَنْتَ يَا اللَّهُ نَاصِري، إلَهِي رَحْمَتُهُ تَسْبِقُ فَتُدْرِكُنِي. أَنْتَ مُعِيني، لَكَ أُرَتِّلُ يَا إلَهِي.   هَلِ…
katameros:4678,reference,,,draft,0,,,وَلَمَّا أَكْمَلَ أَقْوَالَهُ كُلَّهَا في مَسَامِعِ الشَّعْبِ دَخَلَ كَفْرَنَاحُومَ. وَكَانَ عَبْدٌ لِقَائِدِ مِئَةٍ، م…
katameros:4679,reference,,,draft,0,,,أَعْتَرِفُ لَكَ أيهَا الرَّبُّ إلَهِي، وَأُمَجِّدُ اسْمَكَ إلى الأَبدِ. لأَنَّ رَحْمَتَكَ عَظِيمَةٌ عَلَيَّ، وَقَدْ نَج…
katameros:468,reference,,,draft,0,,,وَبَعَدَ ذلِكَ عَيَّنَ الرَّبُّ سَبْعِينَ آخَرِينَ، وَأَرْسَلَهُمُ اثْنَيْنِ اثْنَيْنِ أمَامَ وَجْهِهِ إلى كُلِّ مَدِين…
katameros:4680,reference,,,draft,0,,,وَفي الأَحَدِ ( أَوَّلِ الأُسْبُوعِ ) جَاءَتْ مَرْيَمُ الْمَجْدَلِيَّةُ إلى الْقَبْرِ بَاكِراً، وَالظَّلاَمُ بَاقٍ. فَر…
katameros:4681,reference,,,draft,0,,,فَقَطْ عِيشُوا كَمَا يَحِقُّ لإنْجِيلِ الْمَسِيحِ، حَتَّى إذَا جِئْتُ وَرَأَيْتُكُمْ، أَوْ كُنْتُ غَائِباً أَسْمَعُ عَن…
katameros:4682,reference,,,draft,0,,,وَهَذِهِ هِيَ الْكَلِمَةُ الَّتي بُشِّرْتُمْ بِهَا. فَاطْرَحُوا عَنْكُمْ إذاً كُلَّ شَرٍّ وَكُلَّ غِشٍّ وَكُلَّ رِيَاءٍ…
katameros:4683,reference,,,draft,0,,,وَكَانَ اللَّهُ يَصْنَعُ عَلَى يَدَيْ بُولُسَ قُوَّاتٍ كَثِيرَةً، حَتَّى إِنَّهُمْ كَانُوا يَأخُذُونَ مَنادِيلَ وَخِرَق…
katameros:4684,reference,,,draft,0,,,وَأَنْتَ أَيهَا الرَّبُّ إلَهِي جَعَلْتَ عَجَائِبَكَ كَثِيرَةً. وَفي أَفْكَارِكَ لَيْسَ مَنْ يُشْبِهُكَ. وَلِيَقُلْ في …
katameros:4685,reference,,,draft,0,,,وَكَانَ وَاحِدٌ مَرِيضاً وَهُوَ لِعَازَرُ، مِنْ بَيْتِ عَنْيَا مِنْ قَرْيَةِ مَرْيَمَ وَمَرْثَا أُخْتِهَا. وَكَانَتْ هَ…
katameros:4686,reference,,,draft,0,,,رَفَعَتِ الأَنهَارُ يَارَبُّ، رَفَعَتِ الأَنهَارُ صَوْتَهَا. تَرْفَعُ الأَنهَارُ صَوْتَهَا، مِنْ صَوْتِ مِيَاهٍ كَثِيرَ…
katameros:4687,reference,,,draft,0,,,"وَلَمَّا كَانَ الْمَسَاءُ جَاءَ إلَيْهِ تَلاَمِيذُهُ قَائِلِينَ: "" إنَّ الْمَوْضِعَ قَفْرٌ وَالْوَقْتَ قَدْ عَبَرَ. فَا…"
katameros:4688,reference,,,draft,0,,,نُورٌ أَشْرَقَ لِلصِّدِّيقِينَ، وَفَرَحٌ لِلْمُسْتَقِيمِينَ بِقَلْبِهِمْ. افْرَحُوا أيهَا الصِّدِّيقُونَ بِالرَّبِّ، وَ…
katameros:4689,reference,,,draft,0,,,"وَبَعْدَ سَاعَاتٍ كَثِيرَةٍ تَقَدَّمَ إلَيْهِ تَلاَمِيذُهُ وَقَالُوا: "" الْمَوْضِعُ قَفْرٌ وَالْوَقْتُ قَدْ مَضَى. اِصْ…"
katameros:469,reference,,,draft,0,,,رَفَعْتُ مُخْتَاراً مِنْ شَعْبِي. وَجَدْتُ دَاوُدَ عَبْدِي، مَسَحْتُهُ بِدُهْنٍ مُقَدَّسٍ، لأنَّ يَدِي تُعَضِّدُهُ.   ه…
katameros:4690,reference,,,draft,0,,,أَشْكُرُ اللَّهَ أَني أَتَكَلَّمُ بِأَلْسِنَةٍ أَكْثَرَ مِنْ جَمِيعِكُمْ. وَلكِنِّي أُرِيدُ أنْ أَقُولَ خَمْسَ كَلِمَات…
katameros:4691,reference,,,draft,0,,,هَلُمَّ الآنَ أيهَا الأَغْنِيَاءُ، ابْكُوا مُوَلْوِلِينَ عَلَى شَقَاوَتِكُمُ الآتِيَةِ عَلَيْكُمْ. غِنَاكُمْ قَدْ فَسَد…
katameros:4692,reference,,,draft,0,,,وَبَعْدَ خَمْسَةِ أَيامٍ انْحَدَرَ حَنَانِيَّا رَئِيسُ الْكَهَنَةِ مَعَ الأَحْبَارِ وَخَطِيبٌ اسْمُهُ تِرْتلُّوسُ. فَهَ…
katameros:4693,reference,,,draft,0,,,بَسَطْتُ يَدَيَّ إلَيْكَ. صَارَتْ لَكَ نَفْسِي مِثْلَ أَرْضٍ عَدِيمَةِ الْمَاءِ. اسْتَجِبْ لِي يَارَبُّ عَاجِلاً، فَقَد…
katameros:4694,reference,,,draft,0,,,"وَكَانَ النَّهَارُ قَدْ بَدأَ يَمِيلَ. فَتَقَدَّمَ إلَيْهِ الاثْنَا عَشَرَ وَقَالُوا لَهُ: "" اصْرِفِ الْجُمُوعَ لِيَذْه…"
katameros:4695,reference,,,draft,0,,,فَلْتَكُنْ رَحْمَتُكَ يَارَبُّ عَلَيْنَا، كَمِثلِ اتكَالِنَا عَلَيْكَ. هُوَذَا عَيْنَا الرَّبِّ عَلَى خَائِفِيِهِ، وَال…
katameros:4696,reference,,,draft,0,,,وَلِلْوَقْتِ أَلْزَمَ تَلاَمِيذَهُ أَنْ يَرْكَبُوا السَّفِينَةَ وَيَسْبِقُوهُ إلى الْعَبْرِ، إلى بَيْتِ صَيْدَا، حَتَّى…
katameros:4697,reference,,,draft,0,,,نَفْسُنَا تَنْتَظِرُ الرَّبَّ في كُلِّ حِينٍ؛ لأنهُ هُوَ مُعِيِنُنَا وَنَاصِرُنَا. وَبِهِ يَفْرَحُ قَلْبُنَا؛ لأننَا عَ…
katameros:4698,reference,,,draft,0,,,وَبَعْدَ السَّبْتِ، عِنْدَ فَجْرِ الأَحَدِ ( أوَّلِ الأُسْبُوعِ ) جَاءَتْ مَرْيَمُ الْمَجْدَلِيَّةُ وَمَرْيَمُ الأُخْرَ…
katameros:4699,reference,,,draft,0,,,أَلَسْتُ أَنا حُرَّاً؟ أَلَسْتُ أَنا رَسُولاً؟ أَمَا رَأَيْتُ يَسُوعَ الْمَسِيحَ رَبَّنَا؟ أَلَسْتُمْ أَنْتُمْ عَمَلِي …
katameros:47,reference,,,draft,0,,,وَفِيمَا هُوَ يَتَكَلَّمُ سَألَهُ فَرِّيسِيٌّ أنْ يَأْكُلَ عِنْدَهُ، فَدَخَلَ وَاتَّكَأَ. وَأمَّا الفَرِّيسِيُّ لَمَّا …
katameros:470,reference,,,draft,0,,,لا تَظُنُّوا أني جِئْتُ لأُلْقِيَ سَلاَماً عَلَى الأَرْضِ، مَا جِئْتُ لأُلْقِيَ سَلاماً بَلْ سَيْفاً. فَإنِّي أَتَيْتُ …
katameros:4700,reference,,,draft,0,,,وَالنِّهَايَةُ، كُونُوا جَمِيعَاً بِرَأيٍ وَاحِدٍ، وَكُونُوا مُشْتَرِكِينَ في الآلامِ. وَكُونُوا مُحِبِّينَ الإخْوَةَ، …
katameros:4701,reference,,,draft,0,,,وَحَدَثَ في ذَلِكَ الْوَقْتِ اضطرَابٌ لَيْسَ بِقَلِيلٍ بِسَبَبِ الطَّرِيقِ؛ لأنَّ وَاحداً اسْمُهُ دِيمِتْرِيُوس، صَائِغ…
katameros:4702,reference,,,draft,0,,,أَيهَا الرَّبُّ إلَهُ الْقُوَّاتِ ارْجِعْ وَاطَّلِعْ مِنَ السَّمَاءِ، وَانْظُرْ وَتَعَهَّدْ هَذِهِ الْكَرْمَةَ، أَصْلِح…
katameros:4703,reference,,,draft,0,,,"وَبدَأَ يُكَلِّمُ الشَّعْبَ بِهَذَا الْمَثَلِ: "" إنْسَانٌ غَرَسَ كَرْماً وَسَلَّمَهُ إلى كَرَّامِينَ وَسَافَرَ زَمَانَا…"
katameros:4704,reference,,,draft,0,,,صَرَخْتُ مِنْ كُلِّ قَلْبِي، فَاسْتَجِبْ لِي يَارَبُّ. صَرَخْتُ إلَيْكَ فَخَلِّصْنِي، وَأحْفَظُ شَهَادَاتِكَ.   هَلِّلُ…
katameros:4705,reference,,,draft,0,,,وَقَالَ مِنْ أَجْلِ قَوْمٍ يَقُولُونَ عَنْ أَنْفُسِهِمْ أَنهُمْ أَبْرَارٌ، وَيَحْتَقِرُونَ الآخَرِينَ هَذَا الْمَثَلَ ق…
katameros:4706,reference,,,draft,0,,,مَرَاحِمُكَ يَارَبُّ أُسَبِّحُهَا إلى الدَّهْرِ. مِنْ جِيلٍ إلى جِيلٍ أُخْبِرُ بِحَقِّكَ بِفَمِي. لأَنكَ قُلْتَ: إنَّ ا…
katameros:4707,reference,,,draft,0,,,وَعِنْدَ فَجْرِ الأَحَدِ ( أَوَّلِ الأُسْبُوعِ ) أَتَيْنَ إلى الْقَبْرِ، إذْ طَلَعَتِ الشَّمْسُ. وَكُنَّ يَقُلْنَ لِبَع…
katameros:4708,reference,,,draft,0,,,"أَيهَا الأَوْلاَدُ، أَطِيعُوا وَالِدِيكُمْ في الرَّبِّ لأَنَّ هَذَا أَمْرٌ حَقٌّ. "" أَكْرِمْ أَباكَ وَأُمَّكَ ""، الَّتِ…"
katameros:4709,reference,,,draft,0,,,يَا أَحِبَّائِي، لَسْتُ أَكْتُبُ إلَيْكُمْ وَصِيَّةً جَدِيدَةً، بَلْ وَصِيَّةً قَدِيمَةً الَّتي كَانَتْ عِنْدَكُمْ مِنَ…
katameros:471,reference,,,draft,0,,,كَهَنَتُكَ يَلْبَسُونَ الْبِرَّ، وقِدِّيسُوكَ يَبْتَهِجُونَ مِنْ أَجْلِ دَاوُدَ عَبْدِكَ. هَيَّأْتُ سِرَاجاً لِمَسِيحِي…
katameros:4710,reference,,,draft,0,,,وَبَعْدَمَا انْتَهَى الاضْطِرَابُ، دَعَا بُولُسُ التَّلاَمِيذَ وَعَزَّاهُمْ وَوَدَّعَهُمْ، وَخَرَجَ لِيَذْهَبَ إلى مَكِ…
katameros:4711,reference,,,draft,0,,,تَعْتَرِفُ السَّمَوَاتُ بِعَجَائِبِكَ يَارَبُّ، وَبِحَقِّكَ في كَنِيَسةِ الْقِدِّيسِينَ. طُوبَى لِلشَّعْبِ الَّذِي يَعْ…
katameros:4712,reference,,,draft,0,,,"وَبَعْدَ هَذَا خَرَجَ يَسُوعُ فَنَظَرَ عَشَّاراً اسْمُهُ لاوِي جَالِسَاً عِنْدَ مَكَانِ الْجِبَايَةِ، فَقَالَ لَهُ: "" ا…"
katameros:4713,reference,,,draft,0,,,وَأَنا بِكَثْرَةِ رَحْمَتِكَ أَدْخُلُ إلى بَيْتِكَ، وَأَسْجُدُ قُدَّام هَيْكَلِكَ الْمُقَدَّسِ بِمَخَافَتِكَ. وَلِيَفْر…
katameros:4714,reference,,,draft,0,,,"وَفِيمَا هُوَ يَتَكَلَّمُ بِهَذَا، رَفَعَتِ امْرَأَةٌ صَوْتَهَا مِنَ الْجَمْعِ وَقَالَتْ لَهُ: "" طُوبَى لِلْبَطْنِ الذِ…"
katameros:4715,reference,,,draft,0,,,يَارَبُّ مَنْ يَسْكُنُ في مَسْكَنِكَ؟ أَوْ مَنْ يَحِلُّ في جَبَلِكَ الْمُقَدَّسِ؟ إلاَّ السَّالِكُ بِلاَ عَيْبٍ، وَيَعْ…
katameros:4716,reference,,,draft,0,,,وَفي الأَحَدِ ( أَوَّلِ الأُسْبُوعِ ) بَاكِراً جِدّاً، أَتَيْنَ إلى الْقَبْرِ وَقَدَّمْنَ الْحَنُوطَ الَّذِي أَعْدَدْنَ…
katameros:4717,reference,,,draft,0,,,وَأَطْلُبُ إلَيْكُمْ أَيهَا الإخْوَةُ أَنْ تُلاحِظُوا الَّذِينَ يَصْنَعُونَ الشِّقَاقَاتِ وَالعَثَرَاتِ، خِلاَفاً لِلتَ…
katameros:4718,reference,,,draft,0,,,أيهَا العَبِيدُ، كُونُوا خَاضِعِينَ لِسَادَتِكُمْ بِكُلِّ خَوْفٍ، لَيْسَ فَقَطْ للصَّالِحِينَ الْمُتَرَفِّقِينَ، بَلْ ل…
katameros:4719,reference,,,draft,0,,,ثُمَّ خَرَجْنَا في الْغَدِ وَجِئْنَا إلى قَيْصَرِيَّةَ، فَدَخَلْنَا بَيْتَ فِيلِبُّسَ الْمُبَشِّرِ، إذْ كَانَ وَاحِداً …
katameros:472,reference,,,draft,0,,,وَنَزَلَ مَعَهُمْ وَوَقَفَ في مَوْضِعٍ خَلاءٍ، مَعَ جَمْعٍ مِنْ تَلامِيذِهِ، وَجُمْهورٍ كَثِيرٍ مِنَ الشَّعْبِ، مِنْ جَ…
katameros:4720,reference,,,draft,0,,,اسْتَمِعْ يَارَبُّ صَوْتَ تَضَرُّعِي. الرَّبُّ هُوَ عَوْنِي وَنَاصِرِي. مُبَارَكٌ الرَّبُّ الإلَهُ؛ لأَنهُ سَمِعَ صَوْت…
katameros:4721,reference,,,draft,0,,,"وَكَانَ الكَتَبَةُ الَّذِينَ أَتوْا مِنْ أُورُشَلِيمَ يَقُولُونَ: "" إنَّ مَعَهُ بَعْلَزَبُولَ! وَإنَّهُ بِرَئِيسِ الشَّ…"
katameros:4722,reference,,,draft,0,,,فَليَدْنُ تَوَسُّلِي قُدَّامَكَ يَارَبُّ، كَقَولكَ فَهِّمْنِي. ضَلَلْتُ مِثْلَ الْخَرُوفِ الضَّالِّ، فَاطْلُبْ عَبْدَكَ…
katameros:4723,reference,,,draft,0,,,"وَلَمَّا سَأَلَهُ الْفَرِّيسِيُّونَ: "" مَتَى يَأْتِي مَلَكُوتُ اللَّهِ؟ "". أَجَابَهُمْ وَقَالَ: "" لا يَأْتِي مَلَكُوتُ …"
katameros:4724,reference,,,draft,0,,,أَيهَا الرَّبُّ كُنْتَ لَنَا مَلْجَأً، مِنْ جِيلٍ إلى جِيلٍ. مِنْ قَبْلِ أَنْ تَكُونَ الْجِبَالُ، قَبْلَ أَنْ تُخْلَقَ …
katameros:4725,reference,,,draft,0,,,وَفي الأَحَدِ ( أَوَّلِ الأُسْبُوعِ ) جَاءَتْ مَرْيَمُ الْمَجْدَلِيَّةُ إلى الْقَبْرِ بَاكِراً، وَالظَّلاَمُ بَاقٍ. فَر…
katameros:4726,reference,,,draft,0,,,وَلِهَذَا نَحْنُ أيْضاً نَشْكُرُ اللَّهَ بِلا انْقِطَاعٍ، لأَنكُمْ إذْ تَسَلَّمْتُمْ مِنَّا كَلِمَةَ سَمَاعِ اللَّهِ، ق…
katameros:4727,reference,,,draft,0,,,فَاخْضَعُوا لِلَّهِ. قَاوِمُوا إبْلِيسَ فَيَهْرُبَ مِنْكُمْ. اقْتَرِبُوا إلى اللَّهِ فَيَقْتَرِبَ إلَيْكُمْ. نَقُّوا أَ…
katameros:4728,reference,,,draft,0,,,أَمَّا الَّذِينَ تَشَتَّتُوا مِنَ الضِّيقِ الَّذِي حَلَّ عَلَى اسْتِفَانُوسَ فَأَتوْا إلى فِينِيقِيَةَ وَقُبْرُسَ وَأنْ…
katameros:4729,reference,,,draft,0,,,لَكَ السَّمَوَاتُ وَلَكَ الأَرْضُ أيْضاً. أَنتَ أَسَّسْتَ الْمَسْكُونَةَ وَكَمَالَهَا. أَنتَ خَلَقْتَ الشَّمَالَ وَالْب…
katameros:473,reference,,,draft,0,,,فَإنَّهُ يَصِيرُ إبْطَالُ الْوَصِيَّةِ الأُولَى مِنْ أَجْلِ ضَعْفِهَا وَعَدَمِ نَفْعِهَا، إذِ النَّامُوسُ لَمْ يُكَمِّل…
katameros:4730,reference,,,draft,0,,,وَفِيمَا هُوَ جَالِسٌ عَلَى جَبَلِ الزَّيْتُونِ، أَمَامَ الْهَيْكَلِ، سَأَلَهُ بُطْرُسُ وَيَعْقُوبُ وَيُوحَنَّا وَأَنْد…
katameros:4731,reference,,,draft,0,,,رَفَعَتِ الأَنهَارُ يَارَبُّ، رَفَعَتِ الأَنهَارُ صَوْتَهَا. تَرْفَعُ الأَنهَارُ صَوْتَهَا، مِنْ صَوْتِ مِيَاهٍ كَثِيرَ…
katameros:4732,reference,,,draft,0,,,"وَلَمَّا كَانَ الْمَسَاءُ جَاءَ إلَيْهِ تَلاَمِيذُهُ قَائِلِينَ: "" إنَّ الْمَوْضِعَ قَفْرٌ وَالْوَقْتَ قَدْ عَبَرَ. فَا…"
katameros:4733,reference,,,draft,0,,,نُورٌ أَشْرَقَ لِلصِّدِّيقِينَ، وَفَرَحٌ لِلْمُسْتَقِيمِينَ بِقَلْبِهِمْ. افْرَحُوا أيهَا الصِّدِّيقُونَ بِالرَّبِّ، وَ…
katameros:4734,reference,,,draft,0,,,"وَبَعْدَ سَاعَاتٍ كَثِيرَةٍ تَقَدَّمَ إلَيْهِ تَلاَمِيذُهُ وَقَالُوا: "" الْمَوْضِعُ قَفْرٌ وَالْوَقْتُ قَدْ مَضَى. اِصْ…"
katameros:4735,reference,,,draft,0,,,أَشْكُرُ اللَّهَ أَني أَتَكَلَّمُ بِأَلْسِنَةٍ أَكْثَرَ مِنْ جَمِيعِكُمْ. وَلكِنِّي أُرِيدُ أنْ أَقُولَ خَمْسَ كَلِمَات…
katameros:4736,reference,,,draft,0,,,هَلُمَّ الآنَ أيهَا الأَغْنِيَاءُ، ابْكُوا مُوَلْوِلِينَ عَلَى شَقَاوَتِكُمُ الآتِيَةِ عَلَيْكُمْ. غِنَاكُمْ قَدْ فَسَد…
katameros:4737,reference,,,draft,0,,,وَبَعْدَ خَمْسَةِ أَيامٍ انْحَدَرَ حَنَانِيَّا رَئِيسُ الْكَهَنَةِ مَعَ الأَحْبَارِ وَخَطِيبٌ اسْمُهُ تِرْتلُّوسُ. فَهَ…
katameros:4738,reference,,,draft,0,,,بَسَطْتُ يَدَيَّ إلَيْكَ. صَارَتْ لَكَ نَفْسِي مِثْلَ أَرْضٍ عَدِيمَةِ الْمَاءِ. اسْتَجِبْ لِي يَارَبُّ عَاجِلاً، فَقَد…
katameros:4739,reference,,,draft,0,,,"وَكَانَ النَّهَارُ قَدْ بَدأَ يَمِيلَ. فَتَقَدَّمَ إلَيْهِ الاثْنَا عَشَرَ وَقَالُوا لَهُ: "" اصْرِفِ الْجُمُوعَ لِيَذْه…"
katameros:474,reference,,,draft,0,,,مِنَ الشَّيْخِ، إلى غَايُوسَ الْحَبِيبِ الَّذِي أنا أُحِبُّهُ بِالْحَقِّ. أيهَا الْحَبِيبُ، في كُلِّ شَيْءٍ أَرُومُ أَن…
katameros:4740,reference,,,draft,0,,,مُبَارَكٌ الرَّبُّ إلهُ إسْرَائِيلَ، مِنَ الأَزَلِ وَإلى الأَبدِ يَكُونُ يَكُونُ. وَأَنا مِنْ أَجْلِ دِعَتِي قَبِلْتَنِ…
katameros:4741,reference,,,draft,0,,,وَقَبْلَ هَذَا كُلِّهِ يُلْقُونَ أَيْدِيَهُمْ عَلَيْكُمْ وَيَطْرُدُونَكُمْ، وَيُسَلِّمُونَكُمْ إلى مَجَامِعَ وَسُجُونٍ،…
katameros:4742,reference,,,draft,0,,,وَأَنتَ أيهَا الرَّبُّ كَائِنٌ إلى الأَبدِ، وَذِكْرُكَ إلى أَجْيَالِ الأَجْيَالِ. أَخْبِرْني عَنْ قِلَّةِ أيامِي، وَلا …
katameros:4743,reference,,,draft,0,,,وَأَمَّا ذَلِكَ الْيَوْمُ وَتِلْكَ السَّاعَةُ فَلاَ يَعْلَمُهُمَا أَحَدٌ، وَلا الْمَلائِكَةُ الَّذِينَ في السَّمَاءِ، و…
katameros:4744,reference,,,draft,0,,,ثُمَّ نَسْأَلُكُمْ أَيهَا الإخْوَةُ مِنْ جِهَةِ ظُهُورِ رَبِّنَا يَسُوعَ الْمَسِيحِ وَاجْتِمَاعِنَا إلَيْهِ، أَنْ لا تَ…
katameros:4745,reference,,,draft,0,,,يَا أَحِبَّائِي، هَذِهِ رِسَالَةٌ ثَانِيَةٌ أَكْتُبُهَا إلَيْكُمْ، فِيهِمَا أُنْهِضُ بِالتَّذْكِرَةِ ذِهْنَكُمْ النَّقِ…
katameros:4746,reference,,,draft,0,,,"فَوَقَفَ بُطْرُسُ مَعَ الأَحَدَ عَشَرَ وَرَفَعَ صَوْتَهُ وَأَجَابَهُمْ: "" أَيهَا الرِّجَالُ الْيَهُودُ وَالسَّاكِنُونَ …"
katameros:4747,reference,,,draft,0,,,مِنْ جِيلٍ إلى جِيلٍ سِنُوكَ، أَنتَ يَارَبُّ مُنْذُ الْبَدْءِ أَسَّسْتَ الأَرْضَ، وَالسَّمَوَاتُ هِيَ أَعْمَالُ يَدَيْك…
katameros:4748,reference,,,draft,0,,,وَفِيمَا هُوَ جَالِسٌ عَلَى جَبَلِ الزَّيْتُونِ، تَقَدَّمَ إلَيْهِ تَلاَمِيذُهُ عَلَى انْفِرَادٍ وَحْدَهُمْ قَائِلِينَ:…
katameros:475,reference,,,draft,0,,,"مِنْ بَعْدِ أيامٍ قَالَ بُولُسُ لِبَرْنَابَا: "" لِنَرْجِعْ وَنَتَفَقَّدِ الإخْوَةَ في كُلِّ مَدِينَةٍ بَشَّرْنَا فِيهَا…"
katameros:476,reference,,,draft,0,,,مُوسَى وَهَارُونُ في كَهَنَتِهِ، وَصَمُوئيلُ في الَّذِينَ يَدْعُونَ بِاسْمِهِ. كَانُوا يَدْعُونَ الرَّبَّ وَهُوَ كَانَ …
katameros:477,reference,,,draft,0,,,""" الْحَقَّ الْحَقَّ أَقُولُ لَكُمْ: إنَّكُمْ سَتَبْكُونَ وَتَنُوحُونَ وَالْعَالَمُ يَفْرَحُ. أَنْتُمْ سَتَحْزَنُونَ، وَ…"
katameros:478,reference,,,draft,0,,,افْرَحُوا أيهَا الصِّدِّيقُونَ بِالرَّبِّ وَتَهَلَّلُوا. لِلْمُسْتَقِيمِينَ يَنْبَغِي التَّسْبِيحُ. مِنْ أَجْلِ هذَا يَ…
katameros:479,reference,,,draft,0,,,وَكَأنمَا إنْسَانٌ مُسَافِرٌ دَعَا عَبِيدَهُ وَسَلَّمَهُمْ أَمْوَالَهُ، فَأَعْطَى وَاحِداً خَمْسَ وَزَنَاتٍ، وَآخَرَ وَ…
katameros:48,reference,,,draft,0,,,أَرْسَلَ مُوسَى عَبْدَهُ وَهارُونَ الَّذِي اخْتَارَهُ، جَعَلَ فِيهِمَا أَقْوَالَ آيَاتِهِ وَعَجَائِبِهِ، كَيْ يَحْفَظُو…
katameros:480,reference,,,draft,0,,,ابْتَهِجُوا أيهَا الصِّدِّيقُونَ بِالرَّبِّ. لِلْمُسْتَقِيمِينَ يَنْبَغِي التَّسْبِيحُ. طُوبَى لِلأُمَّةِ التِي الرَّبُ…
katameros:481,reference,,,draft,0,,,وَإذْ كَانُوا يَسْمَعُونَ هذَا عَادَ فَقَالَ مَثَلاً، لأنهُ كَانَ قَرِيباً مِنْ أُورُشَلِيمَ، وَكَانُوا يَظُنُّونَ أنَّ…
katameros:482,reference,,,draft,0,,,فإنَّ وَطَنِيَّتَنَا نَحنُ هيَ في السَّمَواتِ. ومِنْ هُناكَ نَنْتَظِرُ مُخَلِّصَنَا: رَبَّنَا يَسُوعَ الْمَسِيحَ، هذَا …
katameros:483,reference,,,draft,0,,,لا يَئِنَّ بَعْضُكُمْ عَلَى بَعْضٍ يا إخْوَتي لِئَلاَّ تُدَانُوا. هُوَذا الدَّيَّانُ وَاقِفٌ عَلَى الأبْوَابِ. خُذُوا ل…
katameros:484,reference,,,draft,0,,,أَمَّا الَّذِينَ تَشَتَّتُوا مِنَ الضِّيقِ الَّذِي حَلَّ عَلَى اسْتِفَانُوسَ فَأَتوْا إلى فِينِيقِيَةَ وَقُبْرُسَ وَأنْ…
katameros:485,reference,,,draft,0,,,كَثِيرَةٌ هِيَ أَحْزَانُ الصِّدِّيقِينَ، وَمِنْ جَمِيعِهَا يُنَجِّيهِمِ الرَّبُّ. وَالصِّدِّيقُونَ يَفْرَحُونَ وَيَتَهَ…
katameros:486,reference,,,draft,0,,,لاَ تَخَفْ، أَيهَا الْقَطِيعُ الصَّغِيرُ، فَإنَّ أَباكُمْ قَدْ سُرَّ أَنْ يُعْطِيَكُمُ الْمَلَكُوتَ. بِيعُوا أَمْتعَتَك…
katameros:487,reference,,,draft,0,,,طُوبَى لِمَنْ اخْتَرْتَهُ وَقَبِلْتَهُ، يَسْكُنُ في دِيَارِكَ إلى الأَبدِ. اسْتَجِبْ لَنَا يَا اللَّهُ مُخَلِّصُنَا، يَ…
katameros:488,reference,,,draft,0,,,اسْهَرُوا إذَاً لأَنكُمْ لا تَعْلَمُونَ في أَيةِ سَاعَةٍ يَأتِي رَبكُمْ. وَاعْلَمُوا هَذَا: أنهُ لَوْ كَانَ رَبُّ الْبَ…
katameros:489,reference,,,draft,0,,,الرَّبُّ يُعَضِّدُ الصِّدِّيقِينَ، يَعْرِفُ الرَّبُّ طَرِيقَ الَّذِينَ لا عَيْبَ فِيهِمْ. وَيَكُونُ مِيرَاثَهُمْ إلى ال…
katameros:49,reference,,,draft,0,,,وَبَعْدَ سِتَّةِ أيامٍ أخَذَ يَسُوعُ بُطْرُسَ وَيَعْقُوبَ وَيُوحَنَّا أخَاهُ وَأَصْعَدَهُمْ عَلَى جَبَلٍ عَالٍ مُنْفَرِ…
katameros:490,reference,,,draft,0,,,اُنْظُرُوا، اسْهَرُوا وَصَلُّوا؛ لأَنكُمْ لا تَعْرفُونَ مَتَى يَكُونُ الْوَقْتُ. كَأنمَا إنْسَانٌ مسَافِرٌ تَرَكَ بَيْت…
katameros:491,reference,,,draft,0,,,"لأَنهُ إذَا قَالَ وَاحِدٌ: "" أَنا لِبُولُسَ "" وَآخَرُ: "" أَنا لأَبلُّوسَ "" أَفَلَسْتُمْ بَشَرِيِّينَ؟

فَمَنْ هُوَ أَبل…"
katameros:492,reference,,,draft,0,,,كَذلِكَ أَنْتُمْ أيهَا الشُّبَّانُ، اخْضَعُوا لِلشُّيُوخِ، وَكُونُوا جَمِيعاً مُتَسَرْبِلِينَ بِالتَّوَاضُعِ بَعْضُكُمْ…
katameros:493,reference,,,draft,0,,,وَكَانَ يُوجَدُ يَهُودِيٌّ اسْمُهُ أَبلُّوسُ، إسْكَنْدَرِيُّ الْجِنْسِ، رَجُلٌ فَصِيحٌ قَدُمَ إلى أَفَسُسَ مُقْتَدِرٌ ف…
katameros:494,reference,,,draft,0,,,فَمُ الصِّدِّيقِ يَتْلُو الْحِكْمَةَ، وَلِسَانُهُ يَنْطِقُ بِالْحُكْمِ. نَامُوسُ اللَّهِ في قَلْبِهِ. وَلا تَتَعَرْقَلُ…
katameros:495,reference,,,draft,0,,,"وَقَالَ أيْضاً لِتَلامِيذِهِ: "" كَانَ إنْسَانٌ غَنِيٌّ لَهُ وَكِيلٌ، فَوُشِيَ بِهِ إلَيْهِ بِأَنهُ يُبَذِّرُ أَمْوَالَه…"
katameros:496,reference,,,draft,0,,,وَليَفْرَحْ جَمِيعُ الْمُتَّكِلِينَ عَلَيْكَ، إلَى الأَبدِ يُسَرُّونَ. لأنكَ أنْتَ بَارَكْتَ الصِّدِّيقَ يَارَبُّ. مِثْ…
katameros:497,reference,,,draft,0,,,لَيْسَ تِلْمِيذٌ أَفْضَلَ مِنْ مُعَلِّمِهِ، وَلا عَبْدٌ أَفْضَلَ مِنْ سَيِّدِهِ. يَكْفِي التِّلْمِيذَ أنْ يَصِيرَ كَمُع…
katameros:498,reference,,,draft,0,,,كَثِيرَةٌ هيَ أَحْزَانُ الصِّدِّيقِينَ، وَمِنْ جَمِيعِهَا يُنَجِّيهِمِ الرَّبُّ. يَحْفَظُ الرَّبُّ جَمِيعَ عِظَامِهِمْ.…
katameros:499,reference,,,draft,0,,,وَكَانَ قَوْمٌ يُونَانِيُّونَ مِنَ الَّذِينَ صَعِدُوا لِيَسْجُدُوا في الْعِيدِ. فَتَقَدَّمَ هؤُلاءِ إلى فِيلُبُّسَ الَّ…
katameros:5,reference,,,draft,0,,,وَإذْ نَحْنُ عَارِفُونَ مَخَافَةَ الرَّبِّ، صِرْنَا نُقْنِعُ النَّاسِ. فَأمَّا اللَّهُ فَنَحْنُ ظَاهِرُونَ لَهُ، وَأَرْ…
katameros:50,reference,,,draft,0,,,بِالإيمَانِ قَرَّبَ إبْرَاهِيمُ إسْحَقَ حِينَ جُرِّبَ. وَقَرَّبَ ابْنَهُ الوَحِيدَ ذَاكَ الَّذِي قَبِلَ الْمَوَاعِيدَ ب…
katameros:500,reference,,,draft,0,,,أَقُولُ أيْضاً: لِئَلاَّ يَظُنَّ أَحَدٌ إنِّي غَبِيٌّ. وَإلاَّ فاقْبَلُوني وَلَوْ كَغَبِيٍّ، لأَفْتَخِرَ أنَا أيْضاً قَ…
katameros:501,reference,,,draft,0,,,وَهَذِهِ هِيَ الْكَلِمَةُ الَّتي بُشِّرْتُمْ بِهَا. فَاطْرَحُوا عَنْكُمْ إذاً كُلَّ شَرٍّ وَكُلَّ غِشٍّ وَكُلَّ رِيَاءٍ…
katameros:502,reference,,,draft,0,,,وَفى تِلْكَ الأيامِ إذْ تَكَاثَرَ التَّلامِيذُ، حَدَثَ تَذَمُّرٌ مِنَ الْيُونَانِيِّينَ عَلَى الْعِبْرَانِيِّينَ بِأنَّ…
katameros:503,reference,,,draft,0,,,أَدْرَكْتَهُ بِبَرَكَاتِ صَلاحِكَ. وَوَضَعْتَ عَلَى رَأْسِهِ إكْلِيلاً مِنْ حَجَرٍ كَرِيمٍ. مَجْدُهُ عَظِيمٌ بِخَلاَصِك…
katameros:504,reference,,,draft,0,,,وَبَعَدَ ذلِكَ عَيَّنَ الرَّبُّ سَبْعِينَ آخَرِينَ، وَأَرْسَلَهُمُ اثْنَيْنِ اثْنَيْنِ أمَامَ وَجْهِهِ إلى كُلِّ مَدِين…
katameros:505,reference,,,draft,0,,,طُوبَى لِلرَّجُلِ الْخَائِفِ مِنَ الرَّبِّ. وَيَهْوَى وَصَايَاه جِدّاً. يَقْوَى نَسْلُهُ عَلَى الأَرْضِ، وَيُبَارَكُ جِ…
katameros:506,reference,,,draft,0,,,وَكَأنمَا إنْسَانٌ مُسَافِرٌ دَعَا عَبِيدَهُ وَسَلَّمَهُمْ أَمْوَالَهُ، فَأَعْطَى وَاحِداً خَمْسَ وَزَنَاتٍ، وَآخَرَ وَ…
katameros:507,reference,,,draft,0,,,اُذْكُرْ يَارَبُّ دَاودَ وَكُلَّ دِعَتِهِ. كَمَا أَقْسَمَ لِلرَّبِّ وَنَذَرَ لإلَهِ يَعْقُوبَ. كَهَنَتُكَ يَلْبَسُونَ ا…
katameros:508,reference,,,draft,0,,,وَنَزَلَ مَعَهُمْ وَوَقَفَ في مَوْضِعٍ خَلاءٍ، مَعَ جَمْعٍ مِنْ تَلامِيذِهِ، وَجُمْهورٍ كَثِيرٍ مِنَ الشَّعْبِ، مِنْ جَ…
katameros:509,reference,,,draft,0,,,بِالإيمَانِ قَرَّبَ إبْرَاهِيمُ إسْحَقَ حِينَ جُرِّبَ. وَقَرَّبَ ابْنَهُ الوَحِيدَ ذَاكَ الَّذِي قَبِلَ الْمَوَاعِيدَ ب…
katameros:51,reference,,,draft,0,,,وَثَابِتٌ عِنْدَنَا كَلامُ الأنبِيَاءِ، هذَا الَّذِي هُوَ نِعْمَ مَا تَصْنَعُونَهُ إذَا تَأمَّلْتُمْ إلَيْهِ، كَمِثْلِ …
katameros:510,reference,,,draft,0,,,طُوبَى لِلرَّجُلِ الَّذِي يَصْبِرُ في التَّجْرِبَةِ، لأنهُ إذَا صَارَ مُخْتَارَاً يَنَالُ إكْلِيلَ الْحَيَاةِ، الَّذِي …
katameros:511,reference,,,draft,0,,,وَكَانَ اللَّهُ يَصْنَعُ عَلَى يَدَيْ بُولُسَ قُوَّاتٍ كَثِيرَةً، حَتَّى إِنَّهُمْ كَانُوا يَأخُذُونَ مَنادِيلَ وَخِرَق…
katameros:512,reference,,,draft,0,,,طُوبَى لِلرَّجُلِ، الَّذِي لَمْ يَسْلُكْ في مَشُورَةِ الْمُنَافِقِينَ، وَفي طَرِيقِ الْخُطَاةِ لَمْ يَقِفْ، وَفي مَجْلِ…
katameros:513,reference,,,draft,0,,,وَكَانَ يَسُوعُ يَطُوفُ في كُلِّ الْجَلِيلِ يُعَلِّمُ في مَجَامِعِهِمْ، وَيَكْرِزُ بِبِشَارَةِ الْمَلَكُوتِ، وَيَشْفِي …
katameros:514,reference,,,draft,0,,,الَّذِي يُعَلِّمُ يَدَيَّ الْقِتَالَ، وَجَعَلَ سَاعِدَيَّ أقْوَاسَاً مِنْ نُحَاسٍ. وَمَنْطَقْتَنِي قُوَّةً في الْحَرْبِ…
katameros:515,reference,,,draft,0,,,"وَلَمَّا دَخَلَ كَفْرَنَاحُومَ، جَاءَ إلَيْهِ قَائِدُ مِئَةٍ يَطْلُبُ إلَيْهِ قَائِلاً: "" يَا سَيِّدي، غُلاَمِي مَطْرُو…"
katameros:516,reference,,,draft,0,,,عَجِيبٌ هُوَ اللَّهُ في قِدِّيسِيهِ. إلَهُ إسْرَائِيلَ هُوَ يُعْطِي قُوَّةً وَعِزَّاً لِشَعْبِهِ. وَالصِّدِّيقُونَ يَفْ…
katameros:517,reference,,,draft,0,,,وَلكِنْ أَقُولُ لَكُمْ يَا أَصْدِقَائِي: لا تَخَافُوا مِنَ الَّذِينَ يَقْتُلُونَ جَسَدَكُمْ، وَبَعْدَ ذلِكَ لَيْسَ لَهُ…
katameros:518,reference,,,draft,0,,,أنَا نَفْسِي بُولُسُ أَطْلُبُ إلَيْكُمْ بِوَدَاعَةِ الْمَسِيحِ وَحِلْمِهِ، كَمَا أني ذَلِيلٌ بَيْنَكُمْ وَأمَامَكُمْ، و…
katameros:519,reference,,,draft,0,,,فَإذْ قَدْ تَألَّمَ الْمَسِيحُ بِالْجَسَدِ عَنَّا، تَسَلَّحُوا أَنْتُمْ أيْضاً بِهذَا الْمِثَالِ. فَإنَّ مَنْ تَألَّمَ …
katameros:52,reference,,,draft,0,,,لأنَّ مُوسَى مُنْذُ الأجْيَالِ الْقَدِيمَةِ، لَهُ في كُلِّ مَدِينَةٍ مَنْ يَكْرِزُ بِهِ، إذْ يُقْرَأُ  في الْمَجَامِعِ …
katameros:520,reference,,,draft,0,,,وَرَجَعَ بَرْنَابَا وَشَاوُلُ مِنْ أُورُشَلِيمَ بَعْدَ مَا كَمَّلاَ الْخِدْمَةَ، وَأَخَذَا مَعَهُمَا يُوحَنَّا أيْضاً ا…
katameros:521,reference,,,draft,0,,,تَقَلَّدْ سَيْفَكَ عَلَى فَخْذِكَ، أيهَا الْقَويُّ. بِحُسْنِكَ وَجَمَالِكَ، اسْتَلَّهُ وَانْجَحْ وَامْلِكْ.   هللويا.
katameros:522,reference,,,draft,0,,,"ثُمَّ انْتَقَلَ مِنْ هُنَاكَ وَدَخَلَ مَجْمَعَهُمْ، وَإذَا إنْسَانٌ يَدُهُ يَابِسَةٌ، فَسَأَلُوهُ قَائِلِينَ: "" هَلْ يَ…"
katameros:523,reference,,,draft,0,,,إلَهُنَا هُوَ مَلْجَأُنَا وَقُوَّتُنَا، وَمُعِينُنَا في شَدَائِدِنَا التي أصَابَتْنَا جِدّاً. الرَّبُّ إلهُ الْقُوَّاتِ…
katameros:524,reference,,,draft,0,,,وَفِيمَا هُوَ يَجْتَازُ عِنْدَ شَاطِئِ بَحْرِ الْجَلِيلِ أَبْصَرَ سِمْعَانَ وَأنْدَرَاوُسَ أَخَاهُ يُلْقِيَانِ شَبَكَةً…
katameros:525,reference,,,draft,0,,,سَبِّحِي يَا نَفْسِي الرَّبَّ. أُسَبِّحُ الرَّبَّ في حَيَاتِي. طُوبَى لِمَنْ إلهُ يَعْقُوبَ مُعِينُهُ. وَاتِّكَالُهُ عَ…
katameros:526,reference,,,draft,0,,,وَإذْ كَانَ مَاشِياً عَلَى شَاطِئِ بَحْرِ الْجَلِيلِ أَبْصَرَ أَخَوَيْنِ: سِمْعَانَ الَّذي يُقَالُ لَهُ بُطْرُسُ، وَأَن…
katameros:527,reference,,,draft,0,,,بُولُسُ، رَسُولٌ لا مِنَ النَّاسِ وَلا بِإنْسَانٍ، بَلْ بِيَسُوعَ الْمَسِيحِ وَاللَّهِ الآبِ الَّذِي أَقَامَهُ مِنْ بَي…
katameros:528,reference,,,draft,0,,,يَعْقُوبُ، عَبْدُ اللَّهِ وَرَبِّنَا يَسُوعَ الْمَسِيحِ، يُهْدِي السَّلامَ إلَى الاثْنَيْ عَشَرَ سِبْطاً الَّذِينَ في ا…
katameros:529,reference,,,draft,0,,,"وَبَعْدَمَا سَكَتَا، أَجَابَ يَعْقُوبُ قَائِلاً: "" أيهَا الرِّجَالُ إخْوَتُنَا، اسْمَعُونِي. سِمْعَانُ قَدْ أَخْبَرَ كَ…"
katameros:53,reference,,,draft,0,,,مُوسَى وَهَارُونُ في كَهَنَتِهِ، وَصَمُوئيلُ في الَّذِينَ يَدْعُونَ بِاسْمِهِ. كَانُوا يَدْعُونَ الرَّبَّ وَهُوَ كَانَ …
katameros:530,reference,,,draft,0,,,إذْ أَقَامَ الشَّهَادَةَ في يَعْقُوبَ، وَوَضَعَ النَّامُوسَ في إسْرَائِيلَ. لأني أَنَا قَدْ عَلِمْتُ أنَّ الرَّبَّ عَظِ…
katameros:531,reference,,,draft,0,,,"وَتَقَدَّمَ إلَيْهِ يَعْقُوبُ وَيُوحَنَّا ابْنَا زَبْدِي قَائِلَيْنِ لَهُ: "" يَا مُعَلِّمُ، نُرِيدُ أنْ تَفْعَلَ لَنَا …"
katameros:532,reference,,,draft,0,,,بَشَّرْتُ بِعَدلِكَ في جَمَاعَةٍ عَظِيمَةٍ، هُوَذَا لا أَمْنَعُ شَفَتَيَّ. أَقَامَ عَلَى الصَّخْرَةِ رِجْلَيَّ. وَسَهَّ…
katameros:533,reference,,,draft,0,,,وَكَانَ يَطُوفُ الْقُرَى الْمُحِيطَةَ يُعَلِّمُ. وَدَعَا الاثْنَيْ عَشَرَ وَابْتَدَأَ يُرْسِلُهُمُ اثْنَيْنِ اثْنَيْنِ،…
katameros:534,reference,,,draft,0,,,اِعْتَرِفُوا لِلرَّبِّ وَادْعُوا بِاسْمِهِ. نَادُوا في الأُمَمِ بِأَعْمَالِهِ. سَبِّحُوه وَرَتِّلُوا لَهُ. حَدِّثُوا بِ…
katameros:535,reference,,,draft,0,,,"وَفِيمَا هُوَ خَارجٌ إلى الطَّرِيقِ، أَسْرَعَ وَاحِدٌ وَجَثَا عَلَى رُكْبَتَيْهِ وَسَأَلَهُ: "" أيهَا الْمُعَلِّمُ الصَّ…"
katameros:536,reference,,,draft,0,,,وَأَمَّا أَنْتَ فَقَدْ اتَّبَعْتَ تَعْلِيمِي، وَمَثَالِي، وَرَسْمِي الأَوَّلَ، وَإيمَانِي، وَأَنَاتِي، وَمَحَبَّتِي، وَ…
katameros:537,reference,,,draft,0,,,أَطْلُبُ إلى الشُّيُوخِ الَّذِينَ بَيْنَكُمْ، أنا الشَّيْخَ شَرِيكَكُمْ، وَالشَّاهِدَ لآلاَمِ الْمَسِيحِ، وَشَرِيكَ الْ…
katameros:538,reference,,,draft,0,,,"مِنْ بَعْدِ أيامٍ قَالَ بُولُسُ لِبَرْنَابَا: "" لِنَرْجِعْ وَنَتَفَقَّدِ الإخْوَةَ في كُلِّ مَدِينَةٍ بَشَّرْنَا فِيهَا…"
katameros:539,reference,,,draft,0,,,سَبِّحُوا الرَّبَّ تَسْبِيحاً جَدِيداً، سَبِّحِي الرَّبَّ يا كُلَّ الأرْض. سَبِّحُوا الرَّبَّ وَبَارِكُوا اسْمَهُ، بَشِ…
katameros:54,reference,,,draft,0,,,الْوَيْلُ لَكُمْ أيهَا الكَتَبَةُ والْفَرِّيسِيُّونَ الْمُرَاؤُونَ! لأنكُمْ تُغْلِقُونَ مَلَكُوتَ السَّمَوَاتِ قُدَّامَ…
katameros:540,reference,,,draft,0,,,"بَدْءُ إنْجِيلِ يَسُوعَ الْمَسِيحِ ابْنِ اللَّهِ، كَمَا هُوَ مَكْتُوبٌ في إشَعْيَاءَ النَّبِيِّ: "" هَأَنَذَا أُرْسِلُ م…"
katameros:541,reference,,,draft,0,,,"أَقْسَمَ الرَّبُّ وَلَنْ يَنْدَمَ: "" إنكَ أَنْتَ هُوَ الْكَاهِنُ إلى الأَبدِ عَلَى طَقْسِ مَلْشِيصَادَقَ "". الرَّبُّ عَ…"
katameros:542,reference,,,draft,0,,,"وَلَمَّا جَاءَ يَسُوعُ إلى نَوَاحِي قَيْصَرِيَّةِ فِيلُبُّسَ سَألَ تَلاَمِيذَهُ قَائِلاً: "" مَاذا يَقُولُ النَّاسُ في ا…"
katameros:543,reference,,,draft,0,,,أَمْسَكْتَ بِيَدِي الْيُمْنَى. وَبِمَشُورَتكَ هَدَيْتَنِي وَبِالْمَجْدِ قَبِلْتَنِي. وَأنا خَيْرٌ لِي الالْتِصَاقُ بِال…
katameros:544,reference,,,draft,0,,,بِهذَا أَوْصَيْتُكُمْ حَتَّى تُحِبُّوا بَعْضُكُمْ بَعْضاً. إنْ كَانَ الْعَالَمُ يُبْغِضُكُمْ فَاعْلَمُوا أنهُ قَدْ أَبْ…
katameros:545,reference,,,draft,0,,,فَإنَّنَا لَسْنَا نَكْرِزُ بِأَنْفُسِنَا، بَلْ بِالْمَسِيحِ يَسُوعَ رَبِّنَا، وَنَحْنُ أيْضاً عَبِيدٌ لَكُمْ مِنْ قِبَل…
katameros:546,reference,,,draft,0,,,أيهَا العَبِيدُ، كُونُوا خَاضِعِينَ لِسَادَتِكُمْ بِكُلِّ خَوْفٍ، لَيْسَ فَقَطْ للصَّالِحِينَ الْمُتَرَفِّقِينَ، بَلْ ل…
katameros:547,reference,,,draft,0,,,"وَمِنْ مِيلِيتُسَ أَرْسَلَ إلى أَفَسُسَ وَاسْتَدْعَى أحْبَارَ الْكَنِيسَةِ. فَلَمَّا جَاءُوا إلَيْهِ قَالَ لَهُمْ: "" أَ…"
katameros:548,reference,,,draft,0,,,فَلْيَرْفَعُوهُ في كَنِيسَةِ شَعْبِهِ، وَلْيُبَارِكُوهُ في مَجْلِسِ الشُّيوخِ. جَعَلَ أبوَّةً مِثْلَ الْخِرَافِ. يُبْصِ…
katameros:549,reference,,,draft,0,,,""" الْحَقَّ الْحَقَّ أَقُولُ لَكُمْ: إنَّ الَّذِي لا يَدْخُلُ مِنَ الْبَابِ إلى حَظِيرَةِ الْخِرَافِ، بَلْ يَطْلَعُ مِنْ…"
katameros:55,reference,,,draft,0,,,"أَقْسَمَ الرَّبُّ وَلَنْ يَنْدَمَ: "" إنكَ أَنْتَ هُوَ الْكَاهِنُ إلى الأَبدِ عَلَى طَقْسِ مَلْشِيصَادَقَ "". الرَّبُّ عَ…"
katameros:550,reference,,,draft,0,,,أَجْعَلُ ذُرِّيَتَهُ إلى دَهْرِ الدَّهرِ، وعَرْشَهُ مِثْلَ أيامِ السَّمَاءِ. نسْلُهُ إلى الدَّهْرِ يَدُومُ، وعَرْشُهُ م…
katameros:551,reference,,,draft,0,,,"وَإذْ كَانَ يُصَلِّي وَحْدَهُ عَلَى انْفِرَادٍ كَانَ التَّلامِيذُ مَعَهُ. فَسَأَلَهُمْ قَائِلاً: "" مَنْ يَقُولُ النَّاس…"
katameros:552,reference,,,draft,0,,,فَلْيَرْفَعُوهُ في كَنِيسَةِ شَعْبِهِ، وَلْيُبَارِكُوهُ في مَجْلِسِ الشُّيوخِ. جَعَلَ أبوَّةً مِثْلَ الْخِرَافِ. يُبْصِ…
katameros:553,reference,,,draft,0,,,وَجَاءَ إلى بَيْتِ صَيْدَا، فَقَدَّمُوا إلَيْهِ أَعْمَى وَطَلَبُوا إلَيْهِ أنْ يَلْمِسَهُ، فَأخَذَ بِيَدِ الأَعْمَى وَأ…
katameros:554,reference,,,draft,0,,,فَإذْ لَنَا رَئِيسُ كَهَنَةٍ عَظِيمٌ قَدِ اجْتَازَ السَّمَوَاتِ، يَسُوعُ ابْنُ اللَّهِ، فَلْنَتَمَسَّكْ بِالإقْرَارِ. ل…
katameros:555,reference,,,draft,0,,,بُطْرُسُ، رَسُولُ يَسُوعَ الْمَسِيحِ، إلى الْمُخْتَارِينَ الْمُتَغَرِّبِينَ في شَتَاتِ بُنْتُسَ وَغَلاَطِيَّةَ وَكَبَّا…
katameros:556,reference,,,draft,0,,,وَفي ذَلِكَ الوَقْتِ رَفَعَ هِيرُودِسُ يَدَهُ عَلَى قَومٍ مِنَ الكَنْيسَةِ لِيُسِيئَ إليهم، فَقَتَلَ يَعْقُوبَ أخَا يُو…
katameros:557,reference,,,draft,0,,,"أَقْسَمَ الرَّبُّ وَلَنْ يَنْدَمَ: "" إِنَّكَ أَنْتَ هُوَ الْكَاهِنُ إلى الأَبدِ عَلَى طَقْسِ مَلْشِيصَادَقَ "". الرَّبُّ…"
katameros:558,reference,,,draft,0,,,"وَلَمَّا جَاءَ يَسُوعُ إلى نَوَاحِي قَيْصَرِيَّةِ فِيلُبُّسَ سَألَ تَلاَمِيذَهُ قَائِلاً: "" مَاذا يَقُولُ النَّاسُ في ا…"
katameros:559,reference,,,draft,0,,,افْرَحُوا أيهَا الصِّدِّيقُونَ بِالرَّبِّ وَابْتَهِجُوا. وَافْتَخِرُوا يا جَمِيعَ مُسْتَقِيمِي الْقُلُوبِ. مِنْ أَجْلِ …
katameros:56,reference,,,draft,0,,,"وَلَمَّا جَاءَ يَسُوعُ إلى نَوَاحِي قَيْصَرِيَّةِ فِيلُبُّسَ سَألَ تَلاَمِيذَهُ قَائِلاً: "" مَاذا يَقُولُ النَّاسُ في ا…"
katameros:560,reference,,,draft,0,,,وَكَأنمَا إنْسَانٌ مُسَافِرٌ دَعَا عَبِيدَهُ وَسَلَّمَهُمْ أَمْوَالَهُ، فَأَعْطَى وَاحِداً خَمْسَ وَزَنَاتٍ، وَآخَرَ وَ…
katameros:561,reference,,,draft,0,,,طُوبَى لِلرَّجُلِ الْخَائِفِ مِنَ الرَّبِّ. وَيَهْوَى وَصَايَاه جِدّاً. يَقْوَى نَسْلُهُ عَلَى الأَرْضِ، وَيُبَارَكُ جِ…
katameros:562,reference,,,draft,0,,,وَنَزَلَ مَعَهُمْ وَوَقَفَ في مَوْضِعٍ خَلاءٍ، مَعَ جَمْعٍ مِنْ تَلامِيذِهِ، وَجُمْهورٍ كَثِيرٍ مِنَ الشَّعْبِ، مِنْ جَ…
katameros:563,reference,,,draft,0,,,فَإنَّهُ لَيْسَ بِالنَّامُوسِ أُعْطِيَ الْوَعْدُ لإبْرَاهِيمَ أوْ لِنَسْلِهِ أنْ يَكُونَ وَارِثاً لِلْعَالَمِ، بَلْ بِب…
katameros:564,reference,,,draft,0,,,مُبَارَكٌ اللَّهُ أَبو رَبِّنَا يَسُوعَ الْمَسِيحِ، الَّذِي بِكَثْرَةِ رَحْمَتِهِ وَلَدَنَا ثَانِيَةً لِرَجَاءٍ حَيٍّ، …
katameros:565,reference,,,draft,0,,,فَلَمَّا ابْتَدَأْتُ أَتَكَلَّمُ، حَلَّ الرُّوحُ القُدُسُ عَلَيْهِمْ كَمَا حَلَّ عَلِينَا نَحْنُ أيْضاً في البُدَاءَةِ.…
katameros:566,reference,,,draft,0,,,في كُلِّ الأَرْضِ خَرَجَ مَنْطِقُهُمْ. وَإلى أَقْطَارِ الْمَسْكُونَةِ بَلَغَتْ أَقْوَالُهُمْ. كَهَنَتُكَ يَلْبَسُونَ ال…
katameros:567,reference,,,draft,0,,,"وَلَمَّا جَاءَ يَسُوعُ إلى نَوَاحِي قَيْصَرِيَّةِ فِيلُبُّسَ سَألَ تَلاَمِيذَهُ قَائِلاً: "" مَاذا يَقُولُ النَّاسُ في ا…"
katameros:568,reference,,,draft,0,,,رَفَعْتُ مُخْتَاراً مِنْ شَعْبِي. وَجَدْتُ دَاوُدَ عَبْدِي، مَسَحْتُهُ بِدُهْنٍ مُقَدَّسٍ، لأنَّ يَدِي تُعَضِّدُهُ.   ه…
katameros:569,reference,,,draft,0,,,لا تَظُنُّوا أني جِئْتُ لأُلْقِيَ سَلاَماً عَلَى الأَرْضِ، مَا جِئْتُ لأُلْقِيَ سَلاماً بَلْ سَيْفاً. فَإنِّي أَتَيْتُ …
katameros:57,reference,,,draft,0,,,أَمْسَكْتَ بِيَدِي الْيُمْنَى. وَبِمَشُورَتكَ هَدَيْتَنِي وَبِالْمَجْدِ قَبِلْتَنِي. وَأنا خَيْرٌ لِي الالْتِصَاقُ بِال…
katameros:570,reference,,,draft,0,,,كَهَنَتُكَ يَلْبَسُونَ الْبِرَّ، وقِدِّيسُوكَ يَبْتَهِجُونَ مِنْ أَجْلِ دَاوُدَ عَبْدِكَ. هَيَّأْتُ سِرَاجاً لِمَسِيحِي…
katameros:571,reference,,,draft,0,,,وَنَزَلَ مَعَهُمْ وَوَقَفَ في مَوْضِعٍ خَلاءٍ، مَعَ جَمْعٍ مِنْ تَلامِيذِهِ، وَجُمْهورٍ كَثِيرٍ مِنَ الشَّعْبِ، مِنْ جَ…
katameros:572,reference,,,draft,0,,,فَإنَّهُ يَصِيرُ إبْطَالُ الْوَصِيَّةِ الأُولَى مِنْ أَجْلِ ضَعْفِهَا وَعَدَمِ نَفْعِهَا، إذِ النَّامُوسُ لَمْ يُكَمِّل…
katameros:573,reference,,,draft,0,,,مِنَ الشَّيْخِ، إلى غَايُوسَ الْحَبِيبِ الَّذِي أنا أُحِبُّهُ بِالْحَقِّ. أيهَا الْحَبِيبُ، في كُلِّ شَيْءٍ أَرُومُ أَن…
katameros:574,reference,,,draft,0,,,"مِنْ بَعْدِ أيامٍ قَالَ بُولُسُ لِبَرْنَابَا: "" لِنَرْجِعْ وَنَتَفَقَّدِ الإخْوَةَ في كُلِّ مَدِينَةٍ بَشَّرْنَا فِيهَا…"
katameros:575,reference,,,draft,0,,,مُوسَى وَهَارُونُ في كَهَنَتِهِ، وَصَمُوئيلُ في الَّذِينَ يَدْعُونَ بِاسْمِهِ. كَانُوا يَدْعُونَ الرَّبَّ وَهُوَ كَانَ …
katameros:576,reference,,,draft,0,,,""" الْحَقَّ الْحَقَّ أَقُولُ لَكُمْ: إنَّكُمْ سَتَبْكُونَ وَتَنُوحُونَ وَالْعَالَمُ يَفْرَحُ. أَنْتُمْ سَتَحْزَنُونَ، وَ…"
katameros:577,reference,,,draft,0,,,إلَهُنَا هُوَ مَلْجَأُنَا وَقُوَّتُنَا، وَمُعِينُنَا في شَدَائِدِنَا التي أصَابَتْنَا جِدّاً. الرَّبُّ إلهُ الْقُوَّاتِ…
katameros:578,reference,,,draft,0,,,وَفِيمَا هُوَ يَجْتَازُ عِنْدَ شَاطِئِ بَحْرِ الْجَلِيلِ أَبْصَرَ سِمْعَانَ وَأنْدَرَاوُسَ أَخَاهُ يُلْقِيَانِ شَبَكَةً…
katameros:579,reference,,,draft,0,,,سَبِّحِي يَا نَفْسِي الرَّبَّ. أُسَبِّحُ الرَّبَّ في حَيَاتِي. طُوبَى لِمَنْ إلهُ يَعْقُوبَ مُعِينُهُ. وَاتِّكَالُهُ عَ…
katameros:58,reference,,,draft,0,,,بِهذَا أَوْصَيْتُكُمْ حَتَّى تُحِبُّوا بَعْضُكُمْ بَعْضاً. إنْ كَانَ الْعَالَمُ يُبْغِضُكُمْ فَاعْلَمُوا أنهُ قَدْ أَبْ…
katameros:580,reference,,,draft,0,,,وَإذْ كَانَ مَاشِياً عَلَى شَاطِئِ بَحْرِ الْجَلِيلِ أَبْصَرَ أَخَوَيْنِ: سِمْعَانَ الَّذي يُقَالُ لَهُ بُطْرُسُ، وَأَن…
katameros:581,reference,,,draft,0,,,بُولُسُ، رَسُولٌ لا مِنَ النَّاسِ وَلا بِإنْسَانٍ، بَلْ بِيَسُوعَ الْمَسِيحِ وَاللَّهِ الآبِ الَّذِي أَقَامَهُ مِنْ بَي…
katameros:582,reference,,,draft,0,,,يَعْقُوبُ، عَبْدُ اللَّهِ وَرَبِّنَا يَسُوعَ الْمَسِيحِ، يُهْدِي السَّلامَ إلَى الاثْنَيْ عَشَرَ سِبْطاً الَّذِينَ في ا…
katameros:583,reference,,,draft,0,,,"وَبَعْدَمَا سَكَتَا، أَجَابَ يَعْقُوبُ قَائِلاً: "" أيهَا الرِّجَالُ إخْوَتُنَا، اسْمَعُونِي. سِمْعَانُ قَدْ أَخْبَرَ كَ…"
katameros:584,reference,,,draft,0,,,إذْ أَقَامَ الشَّهَادَةَ في يَعْقُوبَ، وَوَضَعَ النَّامُوسَ في إسْرَائِيلَ. لأني أَنَا قَدْ عَلِمْتُ أنَّ الرَّبَّ عَظِ…
katameros:585,reference,,,draft,0,,,"وَتَقَدَّمَ إلَيْهِ يَعْقُوبُ وَيُوحَنَّا ابْنَا زَبْدِي قَائِلَيْنِ لَهُ: "" يَا مُعَلِّمُ، نُرِيدُ أنْ تَفْعَلَ لَنَا …"
katameros:586,reference,,,draft,0,,,كَهَنَتُكَ يَلْبَسُونَ الْبِرَّ، وقِدِّيسُوكَ يَبْتَهِجُونَ مِنْ أَجْلِ دَاوُدَ عَبْدِكَ. هَيَّأْتُ سِرَاجاً لِمَسِيحِي…
katameros:587,reference,,,draft,0,,,وَكَانَ يَسُوعُ يَطُوفُ في كُلِّ الْجَلِيلِ يُعَلِّمُ في مَجَامِعِهِمْ، وَيَكْرِزُ بِبِشَارَةِ الْمَلَكُوتِ، وَيَشْفِي …
katameros:588,reference,,,draft,0,,,"أَقْسَمَ الرَّبُّ وَلَنْ يَنْدَمَ: "" إِنَّكَ أَنْتَ هُوَ الْكَاهِنُ إلى الأَبدِ عَلَى طَقْسِ مَلْشِيصَادَقَ "". الرَّبُّ…"
katameros:589,reference,,,draft,0,,,وَنَزَلَ مَعَهُمْ وَوَقَفَ في مَوْضِعٍ خَلاءٍ، مَعَ جَمْعٍ مِنْ تَلامِيذِهِ، وَجُمْهورٍ كَثِيرٍ مِنَ الشَّعْبِ، مِنْ جَ…
katameros:59,reference,,,draft,0,,,فَإنَّنَا لَسْنَا نَكْرِزُ بِأَنْفُسِنَا، بَلْ بِالْمَسِيحِ يَسُوعَ رَبِّنَا، وَنَحْنُ أيْضاً عَبِيدٌ لَكُمْ مِنْ قِبَل…
katameros:590,reference,,,draft,0,,,وَأَمَّا أَنْتَ فَقَدْ اتَّبَعْتَ تَعْلِيمِي، وَمَثَالِي، وَرَسْمِي الأَوَّلَ، وَإيمَانِي، وَأَنَاتِي، وَمَحَبَّتِي، وَ…
katameros:591,reference,,,draft,0,,,أَطْلُبُ إلى الشُّيُوخِ الَّذِينَ بَيْنَكُمْ، أنا الشَّيْخَ شَرِيكَكُمْ، وَالشَّاهِدَ لآلاَمِ الْمَسِيحِ، وَشَرِيكَ الْ…
katameros:592,reference,,,draft,0,,,"وَمِنْ مِيلِيتُسَ أَرْسَلَ إلى أَفَسُسَ وَاسْتَدْعَى أحْبَارَ الْكَنِيسَةِ. فَلَمَّا جَاءُوا إلَيْهِ قَالَ لَهُمْ: "" أَ…"
katameros:593,reference,,,draft,0,,,أَمْسَكْتَ بِيَدِي الْيُمْنَى. وَبِمَشُورَتِكَ هَدَيْتَنِي وَبِالْمَجْدِ قَبِلْتَنِي. وَأنا خَيْرٌ لِي الالْتِصَاقُ بِا…
katameros:594,reference,,,draft,0,,,""" الْحَقَّ الْحَقَّ أَقُولُ لَكُمْ: إنَّ الَّذِي لا يَدْخُلُ مِنَ الْبَابِ إلى حَظِيرَةِ الْخِرَافِ، بَلْ يَطْلَعُ مِنْ…"
katameros:595,reference,,,draft,0,,,الصِّدِّيقُونَ صَرَخُوا وَالرَّبُّ اسْتَجَابَ لَهُمْ، وَمِنْ جَمِيعِ شَدَائِدِهِمْ نَجَّاهُمْ. قَرِيبٌ هُوَ الرَّبُّ مِ…
katameros:596,reference,,,draft,0,,,هَا أَنَا أُرْسِلُكُمْ كَخِرَافٍ في وَسَطِ ذِئَابٍ فَكُونُوا حُكَمَاءَ كَالْحَيَّاتِ وَبُسَطَاءَ كَالْحَمَامِ. وَاحْذَر…
katameros:597,reference,,,draft,0,,,كَثِيرَةٌ هيَ أَحْزَانُ الصِّدِّيقِينَ، وَمِنْ جَمِيعِهَا يُنَجِّيهِمِ الرَّبُّ. يَحْفَظُ الرَّبُّ جَمِيعَ عِظَامِهِمْ.…
katameros:598,reference,,,draft,0,,,"وَدَعَا الْجَمْعَ وَتَلامِيذَهُ وَقَالَ لَهُمْ: "" مَنْ أرَادَ أنْ يَأتِيَ وَرَائِي فَلْيُنْكِرْ نَفْسَهُ وَيَحْمِلْ صَل…"
katameros:599,reference,,,draft,0,,,وَنَحْنُ نَعْلَمُ أنَّ الَّذِينَ يُحِبُّونَ اللَّهَ، وهُمُ الَّذِينَ دَعَاهُمْ حَسَبَ قَصْدِهِ السَّابِقِ، يَجْعَلُ كُل…
katameros:6,reference,,,draft,0,,,يَا أَحِبَّائِي، لَسْتُ أَكْتُبُ إلَيْكُمْ وَصِيَّةً جَدِيدَةً، بَلْ وَصِيَّةً قَدِيمَةً الَّتي كَانَتْ عِنْدَكُمْ مِنَ…
katameros:60,reference,,,draft,0,,,أيهَا العَبِيدُ، كُونُوا خَاضِعِينَ لِسَادَتِكُمْ بِكُلِّ خَوْفٍ، لَيْسَ فَقَطْ للصَّالِحِينَ الْمُتَرَفِّقِينَ، بَلْ ل…
katameros:600,reference,,,draft,0,,,فَإذْ قَدْ تَألَّمَ الْمَسِيحُ بِالْجَسَدِ عَنَّا، تَسَلَّحُوا أَنْتُمْ أيْضاً بِهذَا الْمِثَالِ. فَإنَّ مَنْ تَألَّمَ …
katameros:601,reference,,,draft,0,,,وَحَدَثَ بَيْنَمَا كُنَّا ذَاهِبِينَ لِلصَّلاةِ، أنَّ جَارِيَةً بِهَا رُوحُ عِرَافَةٍ قَدْ خَرَجَتْ لاسْتَقْبَالِنَا. و…
katameros:602,reference,,,draft,0,,,نُورٌ أَشْرَقَ لِلصِّدِّيقِينَ، وَفَرَحٌ لِلْمُسْتَقِيمِينَ بِقَلْبِهِمْ. افْرَحُوا أيهَا الصِّدِّيقُونَ بِالرَّبِّ، وَ…
katameros:603,reference,,,draft,0,,,وَقَبْلَ هَذَا كُلِّهِ يُلْقُونَ أَيْدِيَهُمْ عَلَيْكُمْ وَيَطْرُدُونَكُمْ، وَيُسَلِّمُونَكُمْ إلى مَجَامِعَ وَسُجُونٍ،…
katameros:604,reference,,,draft,0,,,مَرْكَبَةُ اللَّهِ بِالرِّبْوَاتِ الْمُضَاعَفَةِ، وَالأُلُوفِ الْمُخْصَبين. فَإنَّ الرَّبَّ يَسْكُنُ إلى الانْقِضَاءِ. …
katameros:605,reference,,,draft,0,,,"وَدَعَا الْجَمْعَ وَتَلامِيذَهُ وَقَالَ لَهُمْ: "" مَنْ أرَادَ أنْ يَأتيَ وَرَائِي فَلْيُنْكِرْ نَفْسَهُ وَيَحْمِلْ صَلِ…"
katameros:606,reference,,,draft,0,,,بِكَلِمَةِ الرَّبِّ تَشَدَّدَتِ السَّمَوَاتُ. وَبِرُوحِ فِيهِ كُلُّ قُوَّاتِهَا. لأنهُ هُوَ قَالَ فَكَانُوا. هُوَ أَمَر…
katameros:607,reference,,,draft,0,,,مَنْ يَخْدِمْنِي فَلْيَتْبَعْنِي، وَحَيْثُ أَكُونُ أَنا هُنَاكَ يَكُونُ خَادِمِي مَعِي. وَمَنْ يَخْدِمُنِي يُكْرِمُهُ أ…
katameros:608,reference,,,draft,0,,,"لأنَّ مُوسَى قَال: "" إنِّي مُرْتَعِبٌ وَمُرْتَعِدٌ "". بَلْ قَدْ أَتَيْتُمْ إلى جَبَلِ صِهْيَوْنَ، وَإلى مَدِينَةِ اللَّ…"
katameros:609,reference,,,draft,0,,,كُونُوا مُسْتَعِدِّينَ في كُلِّ حِينٍ لِمُجَاوَبَةِ كُلِّ مَنْ يَسْأَلُكُمْ كَلِمَةً عَنْ سَبَبِ الرَّجَاءِ الَّذِي فِي…
katameros:61,reference,,,draft,0,,,"وَمِنْ مِيلِيتُسَ أَرْسَلَ إلى أَفَسُسَ وَاسْتَدْعَى أحْبَارَ الْكَنِيسَةِ. فَلَمَّا جَاءُوا إلَيْهِ قَالَ لَهُمْ: "" أَ…"
katameros:610,reference,,,draft,0,,,"وَلَمَّا صَعِدَ بُطْرُسُ إلى أُورُشَلِيمَ، خَاصَمَهُ الَّذِينَ مِنْ أَهْلِ الْخِتَانِ، قَائِلِينَ: "" إنَّكَ دَخَلْتَ إل…"
katameros:611,reference,,,draft,0,,,أيها الْجَالِسُ عَلَى الشَّارُوبِيمِ اظْهَرْ، قُدَّامَ افْرَايم وَبِنْيَامِينَ وَمَنَسَّى. أَنْهِضْ قُوَّتَكَ وَهَلُمَّ…
katameros:612,reference,,,draft,0,,,"وَفي الْغَدِ أيْضاً أرَادَ أنْ يَأتِيَ إلى الْجَلِيلِ، فَوَجَدَ فِيلُبُّسَ فَقَالَ لَهُ يَسُوعُ: "" اتْبَعْنِي "" وَكَانَ…"
katameros:613,reference,,,draft,0,,,افْرَحُوا أيهَا الصِّدِّيقُونَ بِالرَّبِّ وَابْتَهِجُوا. وَافْتَخِرُوا يا جَمِيعَ مُسْتَقِيمِي الْقُلُوبِ. مِنْ أَجْلِ …
katameros:614,reference,,,draft,0,,,وَكَأنمَا إنْسَانٌ مُسَافِرٌ دَعَا عَبِيدَهُ وَسَلَّمَهُمْ أَمْوَالَهُ، فَأَعْطَى وَاحِداً خَمْسَ وَزَنَاتٍ، وَآخَرَ وَ…
katameros:615,reference,,,draft,0,,,طُوبَى لِلرَّجُلِ الْخَائِفِ مِنَ الرَّبِّ. وَيَهْوَى وَصَايَاه جِدّاً. يَقْوَى نَسْلُهُ عَلَى الأَرْضِ، وَيُبَارَكُ جِ…
katameros:616,reference,,,draft,0,,,وَنَزَلَ مَعَهُمْ وَوَقَفَ في مَوْضِعٍ خَلاءٍ، مَعَ جَمْعٍ مِنْ تَلامِيذِهِ، وَجُمْهورٍ كَثِيرٍ مِنَ الشَّعْبِ، مِنْ جَ…
katameros:617,reference,,,draft,0,,,فَإنَّهُ لَيْسَ بِالنَّامُوسِ أُعْطِيَ الْوَعْدُ لإبْرَاهِيمَ أوْ لِنَسْلِهِ أنْ يَكُونَ وَارِثاً لِلْعَالَمِ، بَلْ بِب…
katameros:618,reference,,,draft,0,,,مُبَارَكٌ اللَّهُ أَبو رَبِّنَا يَسُوعَ الْمَسِيحِ، الَّذِي بِكَثْرَةِ رَحْمَتِهِ وَلَدَنَا ثَانِيَةً لِرَجَاءٍ حَيٍّ، …
katameros:619,reference,,,draft,0,,,فَلَمَّا ابْتَدَأْتُ أَتَكَلَّمُ، حَلَّ الرُّوحُ القُدُسُ عَلَيْهِمْ كَمَا حَلَّ عَلِينَا نَحْنُ أيْضاً في البُدَاءَةِ.…
katameros:62,reference,,,draft,0,,,فَلْيَرْفَعُوهُ في كَنِيسَةِ شَعْبِهِ، وَلْيُبَارِكُوهُ في مَجْلِسِ الشُّيوخِ. جَعَلَ أبوَّةً مِثْلَ الْخِرَافِ. يُبْصِ…
katameros:620,reference,,,draft,0,,,في كُلِّ الأَرْضِ خَرَجَ مَنْطِقُهُمْ. وَإلى أَقْطَارِ الْمَسْكُونَةِ بَلَغَتْ أَقْوَالُهُمْ. كَهَنَتُكَ يَلْبَسُونَ ال…
katameros:621,reference,,,draft,0,,,"وَلَمَّا جَاءَ يَسُوعُ إلى نَوَاحِي قَيْصَرِيَّةِ فِيلُبُّسَ سَألَ تَلاَمِيذَهُ قَائِلاً: "" مَاذا يَقُولُ النَّاسُ في ا…"
katameros:622,reference,,,draft,0,,,تُبَادِرُ الرُّؤَسَاءُ إلى كُلِّ الْمُرَتِّلِيْنَ، في وَسَطِ صَبَايَا ضَارِبَاتٍ بِالدُّفُوفِ. بَارِكُوا اللَّهَ في الْ…
katameros:623,reference,,,draft,0,,,وَفِيمَا كَانَ يَسُوعُ في بَيْتِ عَنْيَا في بَيْتِ سِمْعَانَ الأَبْرَصِ، جَاءَتْ إلَيْهِ امْرَأةٌ مَعَهَا قَارُورَةُ طِ…
katameros:624,reference,,,draft,0,,,مِنْ أَفْوَاهِ الأَطْفَالِ وَالرُّضعَانِ هَيَّأتَ سُبْحَاً؛ لأني أَرَى السَّمَوَاتِ أَعْمَالَ أصَابِعِكَ، الْقَمَرَ وَا…
katameros:625,reference,,,draft,0,,,"قَالَتْ لَهُ الْمَرْأَةُ: "" يَا سَيِّدي أَعْطِنِي هذَا الْمَاءَ؛ لِكَيْ لا أَعْطَشَ وَلا آتِيَ إلى هُنَا لأَسْتَقِيَ "".…"
katameros:626,reference,,,draft,0,,,سِيرُوا إذاً كَأَوْلاَدِ النُّورِ؛ لأنَّ ثَمَرَ النُّورِ هُوَ في كُلِّ صَلاَحٍ وَبِرٍّ وَحَقٍّ. مُخْتَبِرِينَ مَا هُوَ …
katameros:627,reference,,,draft,0,,,لأنهُ هَكَذَا كَانَتْ قَدِيماً النِّسَاءُ الْقِدِّيسَاتُ الْمُتَوَكِّلاَتُ أيْضاً عَلَى اللَّهِ، يُزَيِّنَّ أَنْفُسَهُن…
katameros:628,reference,,,draft,0,,,وَلكِنْ حَدَثَ لَمَّا اسْتَكْمَلْنَا الأيامَ خَرَجْنَا وَمَشَيْنَا، وَهُمْ يُشَيِّعُونَنَا، مَعَ نِسَاءٍ أيْضاً وَأَوْل…
katameros:629,reference,,,draft,0,,,يُدْخِلْنَ للْمَلِكِ عَذَارَى في إثْرِهَا. جَمِيعُ صَاحِبَاتِهَا لَهُ يُقَدَّمْنَ. يُدْخِلْنَهُنَّ بِفَرَحٍ وَابْتِهَاج…
katameros:63,reference,,,draft,0,,,""" الْحَقَّ الْحَقَّ أَقُولُ لَكُمْ: إنَّ الَّذِي لا يَدْخُلُ مِنَ الْبَابِ إلى حَظِيرَةِ الْخِرَافِ، بَلْ يَطْلَعُ مِنْ…"
katameros:630,reference,,,draft,0,,,حِينَئِذٍ يُشْبِهُ مَلَكُوتُ السَّمَوَاتِ عَشْرَ عَذَارَى، أَخَذْنَ مَصَابِيحَهُنَّ وَخَرَجْنَ لِلِقَاءِ الْعَرِيسِ. وَ…
katameros:631,reference,,,draft,0,,,"رَتِّلُوا لِلرَّبِّ السَّاكِنِ في صِهْيَوْنَ، وَأَخْبِرُوا في الأُمَمِ بِأعْمَالِهِ. لِكَيْ مَا أُخْبِرَ 
بِجَمِيعِ تَس…"
katameros:632,reference,,,draft,0,,,وَفِيمَا كَانَ في بَيْتِ عَنْيَا في بَيْتِ سِمْعَانَ الأبْرَصِ مُتَّكِئاً، جَاءَتِ امْرَأةٌ مَعَهَا قَارُورَةُ طِيبِ نَ…
katameros:633,reference,,,draft,0,,,الرَّبُّ نَظَرَ مِنَ السَّمَاءِ عَلَى الأرْضِ؛ لِيَسْمَعَ تَنَهُّدَ الْمَغْلُولينَ. لِيُخْبِرُوا في صِهْيَوْنَ بِاسْمِ …
katameros:634,reference,,,draft,0,,,ثُمَّ جَلَسَ يَسُوعُ قُدَّامَ الْخِزَانَةِ، وَكَانَ يَنْظُرُ كَيْفَ يُلْقِي الْجَمْعُ نُحَاساً في الْخِزَانَةِ. وَكَانَ…
katameros:635,reference,,,draft,0,,,"بُولُسُ، عَبْدٌ لِيَسُوعَ الْمَسِيحِ، الْمَدْعُوُّ رَسُولاً، الْمُفْرَزُ لإنْجِيلِ اللَّهِ، الَّذِي 
سَبَقَ فَوَعَدَ بِ…"
katameros:636,reference,,,draft,0,,,يَعْقُوبُ، عَبْدُ اللَّهِ وَرَبِّنَا يَسُوعَ الْمَسِيحِ، يُهْدِي السَّلامَ إلَى الاثْنَيْ عَشَرَ سِبْطاً الَّذِينَ في ا…
katameros:637,reference,,,draft,0,,,إلهُ الْمَجْدِ ظَهَرَ لأَبِينَا إبْرَاهِيمَ وَهُوَ في مَا بَيْنَ النَّهْرَيْنِ، قَبْلَمَا يَسْكُنُ في حَارَانَ وَقَالَ …
katameros:638,reference,,,draft,0,,,"وَأنْتَ يارَبُّ تَرْجِعُ وَتَتَرَأَّفُ عَلَى صِهْيَوْنَ؛ لأنهُ وَقْتُ التَّراؤفِ عَليهَا لأنَّ 
الزَّمَانَ قَدْ حَضَرَ؛…"
katameros:639,reference,,,draft,0,,,"مِنْ أَجْلِ أنَّ كَثِيرِينَ أَخَذُوا في كِتَابَةِ أَقْوَالٍ مِنْ أَجْلِ الأَعْمَالِ الَّتي أُكْمِلَتْ 
فِينَا، كَمَا سَ…"
katameros:64,reference,,,draft,0,,,"لَمْ يَتْرُكْ إنْسَاناً يَظْلِمُهُمْ، وَبَكَّتَ ملوكاً مِنْ أجْلِهمْ، قَائِلاً: "" لا تَمَسُّوا مُسَحَائي، وَلا تُسِيئوا…"
katameros:640,reference,,,draft,0,,,سَبِّحُوا الرَّبَّ مِنَ السَّمَوَاتِ. سَبِّحُوهُ في الأَعَالِي. سَبِّحُوهُ يَا جَمِيعَ مَلائِكَتِهِ. سَبِّحُوهُ يَا جَم…
katameros:641,reference,,,draft,0,,,يُشْبِهُ مَلكُوتُ السَّمَواتِ كَنْزاً مُخْفىً في حَقْلٍ، وَجَدَهُ إنْسَانٌ فَخبَّأهُ. وَمِنَ الفَرَحِ مَضَى وَبَاعَ كُل…
katameros:642,reference,,,draft,0,,,الَّذِي صَنَعَ مَلائِكَتَهُ أَرْوَاحَاً. وَخُدَّامَهُ نَاراً تَلْتَهِبُ. الَّذِي جَعَلَ مَسَالِكَهُ عَلَى السَّحَابِ. ا…
katameros:643,reference,,,draft,0,,,"افَخَاطَبَهُمْ بِهذا الْمَثَلِ قَائِلاً: "" أيُّ رَجُلٍ مِنْكُمْ لَهُ مِئَةُ خَرُوفٍ، إذَا أَضَاعَ وَاحِداً مِنْهَا، أَف…"
katameros:644,reference,,,draft,0,,,بِأنْوَاعٍ كَثِيرَةٍ وَأَشْبَاهٍ مُتَنَوِّعَةٍ كَلَّمَ اللَّهُ آباءَنَا بِالأنبِيَاءِ مُنذُ الْبَدءِ، وَأمَّا في هذِهِ …
katameros:645,reference,,,draft,0,,,يَهُوذَا، عَبْدُ يَسُوعَ الْمَسِيحِ، وَأَخُو يَعْقُوبَ، إلى الْمَحْبُوبِينَ في اللَّهِ الآبِ، الْمَحْفُوظِينَ وَالْمَدْ…
katameros:646,reference,,,draft,0,,,وَكَانَ في قَيْصَرِيَّةَ رَجُلٌ اسْمُهُ كُرْنيلِيُوسُ، قَائِدُ مِئَةٍ مِنَ الْكَتِيبَةِ التي تُدْعَى الإيطَالِيَّةَ. وَ…
katameros:647,reference,,,draft,0,,,بَارِكُوا الرَّبَّ يَا جَمِيعَ مَلائِكَتِهِ. الْمُقْتَدِرِينَ بِقُوَّتهِمْ، الصَّانِعِينَ قَوْلَهُ. بَارِكُوهُ يا جَمِي…
katameros:648,reference,,,draft,0,,,"وَضَرَبَ لَهُمْ مَثَلاً آخَرَ قَائِلاً: "" يُشْبِهُ مَلَكُوتُ السَّمَوَاتِ رَجُلاً زَرَع زَرْعاً جَيِّداً في حَقْلِهِ. و…"
katameros:649,reference,,,draft,0,,,"أَقْسَمَ الرَّبُّ وَلَنْ يَنْدَمَ: "" إنكَ أَنْتَ هُوَ الْكَاهِنُ إلى الأَبدِ عَلَى طَقْسِ مَلْشِيصَادَقَ "". الرَّبُّ عَ…"
katameros:65,reference,,,draft,0,,,وَفِيمَا هُوَ يَتَكَلَّمُ سَألَهُ فَرِّيسِيٌّ أنْ يَأْكُلَ عِنْدَهُ، فَدَخَلَ وَاتَّكَأَ. وَأمَّا الفَرِّيسِيُّ لَمَّا …
katameros:650,reference,,,draft,0,,,"وَلَمَّا جَاءَ يَسُوعُ إلى نَوَاحِي قَيْصَرِيَّةِ فِيلُبُّسَ سَألَ تَلاَمِيذَهُ قَائِلاً: "" مَاذا يَقُولُ النَّاسُ في ا…"
katameros:651,reference,,,draft,0,,,أَمْسَكْتَ بِيَدِي الْيُمْنَى. وَبِمَشُورَتكَ هَدَيْتَنِي وَبِالْمَجْدِ قَبِلْتَنِي. وَأنا خَيْرٌ لِي الالْتِصَاقُ بِال…
katameros:652,reference,,,draft,0,,,بِهذَا أَوْصَيْتُكُمْ حَتَّى تُحِبُّوا بَعْضُكُمْ بَعْضاً. إنْ كَانَ الْعَالَمُ يُبْغِضُكُمْ فَاعْلَمُوا أنهُ قَدْ أَبْ…
katameros:653,reference,,,draft,0,,,فَإنَّنَا لَسْنَا نَكْرِزُ بِأَنْفُسِنَا، بَلْ بِالْمَسِيحِ يَسُوعَ رَبِّنَا، وَنَحْنُ أيْضاً عَبِيدٌ لَكُمْ مِنْ قِبَل…
katameros:654,reference,,,draft,0,,,أيهَا العَبِيدُ، كُونُوا خَاضِعِينَ لِسَادَتِكُمْ بِكُلِّ خَوْفٍ، لَيْسَ فَقَطْ للصَّالِحِينَ الْمُتَرَفِّقِينَ، بَلْ ل…
katameros:655,reference,,,draft,0,,,"وَمِنْ مِيلِيتُسَ أَرْسَلَ إلى أَفَسُسَ وَاسْتَدْعَى أحْبَارَ الْكَنِيسَةِ. فَلَمَّا جَاءُوا إلَيْهِ قَالَ لَهُمْ: "" أَ…"
katameros:656,reference,,,draft,0,,,فَلْيَرْفَعُوهُ في كَنِيسَةِ شَعْبِهِ، وَلْيُبَارِكُوهُ في مَجْلِسِ الشُّيوخِ. جَعَلَ أبوَّةً مِثْلَ الْخِرَافِ. يُبْصِ…
katameros:657,reference,,,draft,0,,,""" الْحَقَّ الْحَقَّ أَقُولُ لَكُمْ: إنَّ الَّذِي لا يَدْخُلُ مِنَ الْبَابِ إلى حَظِيرَةِ الْخِرَافِ، بَلْ يَطْلَعُ مِنْ…"
katameros:658,reference,,,draft,0,,,رَفَعْتُ مُخْتَاراً مِنْ شَعْبِي. وَجَدْتُ دَاوُدَ عَبْدِي، مَسَحْتُهُ بِدُهْنٍ مُقَدَّسٍ، لأنَّ يَدِي تُعَضِّدُهُ.   ه…
katameros:659,reference,,,draft,0,,,لا تَظُنُّوا أني جِئْتُ لأُلْقِيَ سَلاَماً عَلَى الأَرْضِ، مَا جِئْتُ لأُلْقِيَ سَلاماً بَلْ سَيْفاً. فَإنِّي أَتَيْتُ …
katameros:66,reference,,,draft,0,,,أَرْسَلَ مُوسَى عَبْدَهُ وَهارُونَ الَّذِي اخْتَارَهُ، جَعَلَ فِيهِمَا أَقْوَالَ آيَاتِهِ وَعَجَائِبِهِ، كَيْ يَحْفَظُو…
katameros:660,reference,,,draft,0,,,كَهَنَتُكَ يَلْبَسُونَ الْبِرَّ، وقِدِّيسُوكَ يَبْتَهِجُونَ مِنْ أَجْلِ دَاوُدَ عَبْدِكَ. هَيَّأْتُ سِرَاجاً لِمَسِيحِي…
katameros:661,reference,,,draft,0,,,وَنَزَلَ مَعَهُمْ وَوَقَفَ في مَوْضِعٍ خَلاءٍ، مَعَ جَمْعٍ مِنْ تَلامِيذِهِ، وَجُمْهورٍ كَثِيرٍ مِنَ الشَّعْبِ، مِنْ جَ…
katameros:662,reference,,,draft,0,,,فَإنَّهُ يَصِيرُ إبْطَالُ الْوَصِيَّةِ الأُولَى مِنْ أَجْلِ ضَعْفِهَا وَعَدَمِ نَفْعِهَا، إذِ النَّامُوسُ لَمْ يُكَمِّل…
katameros:663,reference,,,draft,0,,,مِنَ الشَّيْخِ، إلى غَايُوسَ الْحَبِيبِ الَّذِي أنا أُحِبُّهُ بِالْحَقِّ. أيهَا الْحَبِيبُ، في كُلِّ شَيْءٍ أَرُومُ أَن…
katameros:664,reference,,,draft,0,,,"مِنْ بَعْدِ أيامٍ قَالَ بُولُسُ لِبَرْنَابَا: "" لِنَرْجِعْ وَنَتَفَقَّدِ الإخْوَةَ في كُلِّ مَدِينَةٍ بَشَّرْنَا فِيهَا…"
katameros:665,reference,,,draft,0,,,مُوسَى وَهَارُونُ في كَهَنَتِهِ، وَصَمُوئيلُ في الَّذِينَ يَدْعُونَ بِاسْمِهِ. كَانُوا يَدْعُونَ الرَّبَّ وَهُوَ كَانَ …
katameros:666,reference,,,draft,0,,,""" الْحَقَّ الْحَقَّ أَقُولُ لَكُمْ: إنَّكُمْ سَتَبْكُونَ وَتَنُوحُونَ وَالْعَالَمُ يَفْرَحُ. أَنْتُمْ سَتَحْزَنُونَ، وَ…"
katameros:667,reference,,,draft,0,,,عَجِيبٌ هُوَ اللَّهُ في قِدِّيسِيهِ. إلَهُ إسْرَائِيلَ هُوَ يُعْطِي قُوَّةً وَعِزَّاً لِشَعْبِهِ. وَالصِّدِّيقُونَ يَفْ…
katameros:668,reference,,,draft,0,,,هَا أَنَا أُرْسِلُكُمْ كَخِرَافٍ في وَسَطِ ذِئَابٍ فَكُونُوا حُكَمَاءَ كَالْحَيَّاتِ وَبُسَطَاءَ كَالْحَمَامِ. وَاحْذَر…
katameros:669,reference,,,draft,0,,,نُورٌ أَشْرَقَ لِلصِّدِّيقِينَ، وَفَرَحٌ لِلْمُسْتَقِيمِينَ بِقَلْبِهِمْ. افْرَحُوا أيهَا الصِّدِّيقُونَ بِالرَّبِّ، وَ…
katameros:67,reference,,,draft,0,,,وَبَعْدَ سِتَّةِ أيامٍ أخَذَ يَسُوعُ بُطْرُسَ وَيَعْقُوبَ وَيُوحَنَّا أخَاهُ وَأَصْعَدَهُمْ عَلَى جَبَلٍ عَالٍ مُنْفَرِ…
katameros:670,reference,,,draft,0,,,فَانْظُرُوا إلى نُفُوسِكُمْ. لأنهُمْ سَيُسَلِّمُونَكُمْ إلى مَجَالِسَ، وَسَيَضْربُونَكُمْ في الْمَحَافِلِ، وَتُوقَفُونَ…
katameros:671,reference,,,draft,0,,,فَتَفَكَّرُوا في الَّذِي احْتَمَلَ هكَذَا مِنَ الْخُطَاةِ الْمُقَاوِمِينَ لِنِفُوسِهِمْ وَحْدَهُمْ لِئَلاَّ تَكِلُّوا و…
katameros:672,reference,,,draft,0,,,يَا أَحِبْائِي، لا تَسْتَغْرِبُوا الْبَلْوَى الْمُحْرِقَةَ التي تَحْدُث بَيْنَكُمْ، لأَجْلِ تَجرِبَتِكُمْ، كَأنهُ أَمْر…
katameros:673,reference,,,draft,0,,,وَأمَّا خَيْمَةُ الشَّهَادَةِ فَكَانَتْ مَعَ آبَائِنَا في الْبَرِّيةِ، كَمَا أَمَرَ الَّذِي كَلَّمَ مُوسَى أنْ يَصْنَعَ…
katameros:674,reference,,,draft,0,,,كَثِيرَةٌ هيَ أَحْزَانُ الصِّدِّيقِينَ، وَمِنْ جَمِيعِهَا يُنَجِّيهِمِ الرَّبُّ. يَحْفَظُ الرَّبُّ جَمِيعَ عِظَامِهِمْ.…
katameros:675,reference,,,draft,0,,,وَفِيمَا هُوَ يَقُولُ هذَا، ابْتَدَأَ الْكَتَبَةُ وَالْفَرِّيسِيُّونَ يَنْظُرُونَ رَدِيَّاً، وَيُكَلِّمُونَهُ في أُمُور…
katameros:676,reference,,,draft,0,,,ذِكْرُ الصِّدِّيقِ يَكُونُ إلى الأبدِ. وَلا يَخْشَى مِنَ السَّمَاعِ الْخَبِيثِ. وَبِرُّهُ دَائِمٌ إلى أَبدِ الأبدِ. يَر…
katameros:677,reference,,,draft,0,,,اسْهَرُوا إذَاً لأَنكُمْ لا تَعْلَمُونَ في أَيةِ سَاعَةٍ يَأتِي رَبكُمْ. وَاعْلَمُوا هَذَا: أنهُ لَوْ كَانَ رَبُّ الْبَ…
katameros:678,reference,,,draft,0,,,وَيَرْتَفِعُ قَرْنِي مِثْلَ وَحِيدِ القَرْنِ. وَشَيخُوخَتِي في دُهْنٍ دَسِمٍ. وَيَكُونُونَ بِمَا هُمْ مُسْتَريحونَ، يُخ…
katameros:679,reference,,,draft,0,,,وَإذْ كَانُوا يَسْمَعُونَ هذَا عَادَ فَقَالَ مَثَلاً، لأنهُ كَانَ قَرِيباً مِنْ أُورُشَلِيمَ، وَكَانُوا يَظُنُّونَ أنَّ…
katameros:68,reference,,,draft,0,,,بِالإيمَانِ قَرَّبَ إبْرَاهِيمُ إسْحَقَ حِينَ جُرِّبَ. وَقَرَّبَ ابْنَهُ الوَحِيدَ ذَاكَ الَّذِي قَبِلَ الْمَوَاعِيدَ ب…
katameros:680,reference,,,draft,0,,,مَاذا أقُولُ أيْضاً؟ لأنهُ يُعْوِزُنِي الوَقْتُ إنْ أَخْبَرْتُ عَنْ جِدْعُونَ، وَبَارَاقَ، وَشَمْشُونَ، وَيَفْتَاحَ، وَ…
katameros:681,reference,,,draft,0,,,لا يَئِنَّ بَعْضُكُمْ عَلَى بَعْضٍ يا إخْوَتي لِئَلاَّ تُدَانُوا. هُوَذا الدَّيَّانُ وَاقِفٌ عَلَى الأبْوَابِ. خُذُوا ل…
katameros:682,reference,,,draft,0,,,وَكَانَ يُوجَدُ يَهُودِيٌّ اسْمُهُ أَبلُّوسُ، إسْكَنْدَرِيُّ الْجِنْسِ، رَجُلٌ فَصِيحٌ قَدُمَ إلى أَفَسُسَ مُقْتَدِرٌ ف…
katameros:683,reference,,,draft,0,,,الصِّدِّيقُ كَالنَّخْلَةِ يُزْهِرُ، وَكَمِثْلِ أَرْزِ لُبْنَانَ يَنْمُو. مَغْرُوسِينَ في بَيْتِ الرَّبِّ، وفي دِيَارِ ب…
katameros:684,reference,,,draft,0,,,لاَ تَخَفْ، أَيهَا الْقَطِيعُ الصَّغِيرُ، فَإنَّ أَباكُمْ قَدْ سُرَّ أَنْ يُعْطِيَكُمُ الْمَلَكُوتَ. بِيعُوا أَمْتعَتَك…
katameros:685,reference,,,draft,0,,,كَهَنَتُكَ يَلْبَسُونَ الْبِرَّ، وقِدِّيسُوكَ يَبْتَهِجُونَ مِنْ أَجْلِ دَاوُدَ عَبْدِكَ. هَيَّأْتُ سِرَاجاً لِمَسِيحِي…
katameros:686,reference,,,draft,0,,,وَكَانَ يَسُوعُ يَطُوفُ في كُلِّ الْجَلِيلِ يُعَلِّمُ في مَجَامِعِهِمْ، وَيَكْرِزُ بِبِشَارَةِ الْمَلَكُوتِ، وَيَشْفِي …
katameros:687,reference,,,draft,0,,,"أَقْسَمَ الرَّبُّ وَلَنْ يَنْدَمَ: "" إِنَّكَ أَنْتَ هُوَ الْكَاهِنُ إلى الأَبدِ عَلَى طَقْسِ مَلْشِيصَادَقَ "". الرَّبُّ…"
katameros:688,reference,,,draft,0,,,وَنَزَلَ مَعَهُمْ وَوَقَفَ في مَوْضِعٍ خَلاءٍ، مَعَ جَمْعٍ مِنْ تَلامِيذِهِ، وَجُمْهورٍ كَثِيرٍ مِنَ الشَّعْبِ، مِنْ جَ…
katameros:689,reference,,,draft,0,,,وَأَمَّا أَنْتَ فَقَدْ اتَّبَعْتَ تَعْلِيمِي، وَمَثَالِي، وَرَسْمِي الأَوَّلَ، وَإيمَانِي، وَأَنَاتِي، وَمَحَبَّتِي، وَ…
katameros:69,reference,,,draft,0,,,وَثَابِتٌ عِنْدَنَا كَلامُ الأنبِيَاءِ، هذَا الَّذِي هُوَ نِعْمَ مَا تَصْنَعُونَهُ إذَا تَأمَّلْتُمْ إلَيْهِ، كَمِثْلِ …
katameros:690,reference,,,draft,0,,,أَطْلُبُ إلى الشُّيُوخِ الَّذِينَ بَيْنَكُمْ، أنا الشَّيْخَ شَرِيكَكُمْ، وَالشَّاهِدَ لآلاَمِ الْمَسِيحِ، وَشَرِيكَ الْ…
katameros:691,reference,,,draft,0,,,"وَمِنْ مِيلِيتُسَ أَرْسَلَ إلى أَفَسُسَ وَاسْتَدْعَى أحْبَارَ الْكَنِيسَةِ. فَلَمَّا جَاءُوا إلَيْهِ قَالَ لَهُمْ: "" أَ…"
katameros:692,reference,,,draft,0,,,أَمْسَكْتَ بِيَدِي الْيُمْنَى. وَبِمَشُورَتِكَ هَدَيْتَنِي وَبِالْمَجْدِ قَبِلْتَنِي. وَأنا خَيْرٌ لِي الالْتِصَاقُ بِا…
katameros:693,reference,,,draft,0,,,""" الْحَقَّ الْحَقَّ أَقُولُ لَكُمْ: إنَّ الَّذِي لا يَدْخُلُ مِنَ الْبَابِ إلى حَظِيرَةِ الْخِرَافِ، بَلْ يَطْلَعُ مِنْ…"
katameros:694,reference,,,draft,0,,,الرَّبُّ يُعْطِي كَلِمَةً للمُبشِّرِينَ، بِقُوَّةٍ عَظِيمَةٍ. عَجِيبٌ هُوَ اللَّهُ في قِدِّيسِيهِ. إلَهُ إسْرَائِيلَ هُ…
katameros:695,reference,,,draft,0,,,فَانْطَلَقَ يَسُوعُ مَعَ تَلامِيذِهِ إلى عَبْرِ الْبَحْرِ، وَتَبِعَهُ جَمْعٌ كَثِيرٌ مِنَ الْجَلِيلِ وَمِنَ الْيَهُودِي…
katameros:696,reference,,,draft,0,,,قدِّيسُوكَ يُبَارِكُونَكَ. وَمَجْدَ مُلْكِكَ يَصِفُونَ. وَبِقُوَّتِكَ يَنْطقُونَ. لِيُظْهِرُوا لِبَنِي البَشَرِ قُدْرَت…
katameros:697,reference,,,draft,0,,,وَفي تِلْكَ الأيامِ خَرَجَ إلى الْجَبَلِ لِيُصَلِّيَ. وَكَانَ سَاهِراً في الصَّلاَةِ لِلَّهِ.  وَلَمَّا كَانَ النَّهَار…
katameros:698,reference,,,draft,0,,,لأنَّ غَايَةَ النَّامُوسِ هيَ: الْمَسِيحُ لِلْبِرِّ لِكُلِّ مَنْ يُؤْمِنُ؛ لأنَّ مُوسَى كَتَبَ في الْبِرِّ الَّذِي مِنَ…
katameros:699,reference,,,draft,0,,,لِذلِكَ سَوْفَ أُذَكِّرُكُمْ في كُلِّ حِينٍ بِهذِهِ الأُمُورِ، وَلَوْ إنَّكُمْ عَالِمُونَ وَثَابِتُونَ في الْحَقِّ الْح…
katameros:7,reference,,,draft,0,,,وَأمَّا بُولُس فَكَانَ في أثِينَا يَنْتَظِرُهُمَا فَاحْتَدَّتْ رُوحُهُ فِيهِ، إذْ رَأى الْمَدِينَةَ كَثيرةً في عبادةِ ا…
katameros:70,reference,,,draft,0,,,لأنَّ مُوسَى مُنْذُ الأجْيَالِ الْقَدِيمَةِ، لَهُ في كُلِّ مَدِينَةٍ مَنْ يَكْرِزُ بِهِ، إذْ يُقْرَأُ  في الْمَجَامِعِ …
katameros:700,reference,,,draft,0,,,وَصَعِدَ بُطْرُسُ وَيُوحَنَّا إلى الْهَيْكَلِ في وَقْتِ صَلاةِ السَّاعَةِ التَّاسِعَةِ. وَكَانَ رَجُلٌ أَعْرَجُ مِنْ بَ…
katameros:701,reference,,,draft,0,,,السَّمَوَاتُ تُذِيعُ مَجْدَ اللَّهِ، الْفَلَكُ يُخْبِرُ بِعَمَلِ يَدَيْهِ. في كُلِّ الأَرْضِ خَرَجَ مَنْطِقُهُمْ. وَإلى…
katameros:702,reference,,,draft,0,,,ثُمَّ دَعَا تَلاَمِيذَهُ الاثْنَيْ عَشَرَ وَأَعْطَاهُمْ سُلْطَاناً عَلَى أَرْوَاحٍ نَجِسَةٍ حَتَّى يُخْرِجُوهَا وَيَشْف…
katameros:703,reference,,,draft,0,,,كَثِيرَةٌ هيَ أَحْزَانُ الصِّدِّيقِينَ، وَمِنْ جَمِيعِهَا يُنَجِّيهِمِ الرَّبُّ. يَحْفَظُ الرَّبُّ جَمِيعَ عِظَامِهِمْ.…
katameros:704,reference,,,draft,0,,,"حِينَئِذٍ قَالَ يَسُوعُ لِتَلامِيذِهِ: "" مَنْ أَرَادَ أنْ يَتْبَعْنِي فَلْيُنْكِرْ نَفْسَهُ وَيَحْمِلْ صَلِيبَهُ وَيَتْ…"
katameros:705,reference,,,draft,0,,,خَلاَصُ الصِّدِّيقِينَ مِنْ قِبَلِ الرَّبِّ، وَهُوَ نَاصِرُهُمْ في زَمَانِ الضِّيقِ. يُعِينُهُمُ الرَّبُّ وَيُنَجِّيهِم…
katameros:706,reference,,,draft,0,,,فَانْظُرُوا إلى نُفُوسِكُمْ. لأنهُمْ سَيُسَلِّمُونَكُمْ إلى مَجَالِسَ، وَسَيَضْربُونَكُمْ في الْمَحَافِلِ، وَتُوقَفُونَ…
katameros:707,reference,,,draft,0,,,أنَا نَفْسِي بُولُسُ أَطْلُبُ إلَيْكُمْ بِوَدَاعَةِ الْمَسِيحِ وَحِلْمِهِ، كَمَا أني ذَلِيلٌ بَيْنَكُمْ وَأمَامَكُمْ، و…
katameros:708,reference,,,draft,0,,,فَإذْ قَدْ تَألَّمَ الْمَسِيحُ بِالْجَسَدِ عَنَّا، تَسَلَّحُوا أَنْتُمْ أيْضاً بِهذَا الْمِثَالِ. فَإنَّ مَنْ تَألَّمَ …
katameros:709,reference,,,draft,0,,,وَرَجَعَ بَرْنَابَا وَشَاوُلُ مِنْ أُورُشَلِيمَ بَعْدَ مَا كَمَّلاَ الْخِدْمَةَ، وَأَخَذَا مَعَهُمَا يُوحَنَّا أيْضاً ا…
katameros:71,reference,,,draft,0,,,مُوسَى وَهَارُونُ في كَهَنَتِهِ، وَصَمُوئيلُ في الَّذِينَ يَدْعُونَ بِاسْمِهِ. كَانُوا يَدْعُونَ الرَّبَّ وَهُوَ كَانَ …
katameros:710,reference,,,draft,0,,,نُورٌ أَشْرَقَ لِلصِّدِّيقِينَ، وَفَرَحٌ لِلْمُسْتَقِيمِينَ بِقَلْبِهِمْ. افْرَحُوا أيهَا الصِّدِّيقُونَ بِالرَّبِّ، وَ…
katameros:711,reference,,,draft,0,,,وَفِيمَا هُوَ يَقُولُ هذَا، ابْتَدَأَ الْكَتَبَةُ وَالْفَرِّيسِيُّونَ يَنْظُرُونَ رَدِيَّاً، وَيُكَلِّمُونَهُ في أُمُور…
katameros:712,reference,,,draft,0,,,بَشَّرْتُ بِعَدلِكَ في جَمَاعَةٍ عَظِيمَةٍ، هُوَذَا لا أَمْنَعُ شَفَتَيَّ. أَقَامَ عَلَى الصَّخْرَةِ رِجْلَيَّ. وَسَهَّ…
katameros:713,reference,,,draft,0,,,وَكَانَ يَطُوفُ الْقُرَى الْمُحِيطَةَ يُعَلِّمُ. وَدَعَا الاثْنَيْ عَشَرَ وَابْتَدَأَ يُرْسِلُهُمُ اثْنَيْنِ اثْنَيْنِ،…
katameros:714,reference,,,draft,0,,,اِعْتَرِفُوا لِلرَّبِّ وَادْعُوا بِاسْمِهِ. نَادُوا في الأُمَمِ بِأَعْمَالِهِ. سَبِّحُوه وَرَتِّلُوا لَهُ. حَدِّثُوا بِ…
katameros:715,reference,,,draft,0,,,"وَفِيمَا هُوَ خَارجٌ إلى الطَّرِيقِ، أَسْرَعَ وَاحِدٌ وَجَثَا عَلَى رُكْبَتَيْهِ وَسَأَلَهُ: "" أيهَا الْمُعَلِّمُ الصَّ…"
katameros:716,reference,,,draft,0,,,وَأَمَّا أَنْتَ فَقَدْ اتَّبَعْتَ تَعْلِيمِي، وَمَثَالِي، وَرَسْمِي الأَوَّلَ، وَإيمَانِي، وَأَنَاتِي، وَمَحَبَّتِي، وَ…
katameros:717,reference,,,draft,0,,,أَطْلُبُ إلى الشُّيُوخِ الَّذِينَ بَيْنَكُمْ، أنا الشَّيْخَ شَرِيكَكُمْ، وَالشَّاهِدَ لآلاَمِ الْمَسِيحِ، وَشَرِيكَ الْ…
katameros:718,reference,,,draft,0,,,"مِنْ بَعْدِ أيامٍ قَالَ بُولُسُ لِبَرْنَابَا: "" لِنَرْجِعْ وَنَتَفَقَّدِ الإخْوَةَ في كُلِّ مَدِينَةٍ بَشَّرْنَا فِيهَا…"
katameros:719,reference,,,draft,0,,,سَبِّحُوا الرَّبَّ تَسْبِيحاً جَدِيداً، سَبِّحِي الرَّبَّ يا كُلَّ الأرْض. سَبِّحُوا الرَّبَّ وَبَارِكُوا اسْمَهُ، بَشِ…
katameros:72,reference,,,draft,0,,,الْوَيْلُ لَكُمْ أيهَا الكَتَبَةُ والْفَرِّيسِيُّونَ الْمُرَاؤُونَ! لأنكُمْ تُغْلِقُونَ مَلَكُوتَ السَّمَوَاتِ قُدَّامَ…
katameros:720,reference,,,draft,0,,,"بَدْءُ إنْجِيلِ يَسُوعَ الْمَسِيحِ ابْنِ اللَّهِ، كَمَا هُوَ مَكْتُوبٌ في إشَعْيَاءَ النَّبِيِّ: "" هَأَنَذَا أُرْسِلُ م…"
katameros:721,reference,,,draft,0,,,كَهَنَتُكَ يَلْبَسُونَ الْبِرَّ، وقِدِّيسُوكَ يَبْتَهِجُونَ مِنْ أَجْلِ دَاوُدَ عَبْدِكَ. هَيَّأْتُ سِرَاجاً لِمَسِيحِي…
katameros:722,reference,,,draft,0,,,وَكَانَ يَسُوعُ يَطُوفُ في كُلِّ الْجَلِيلِ يُعَلِّمُ في مَجَامِعِهِمْ، وَيَكْرِزُ بِبِشَارَةِ الْمَلَكُوتِ، وَيَشْفِي …
katameros:723,reference,,,draft,0,,,"أَقْسَمَ الرَّبُّ وَلَنْ يَنْدَمَ: "" إِنَّكَ أَنْتَ هُوَ الْكَاهِنُ إلى الأَبدِ عَلَى طَقْسِ مَلْشِيصَادَقَ "". الرَّبُّ…"
katameros:724,reference,,,draft,0,,,وَنَزَلَ مَعَهُمْ وَوَقَفَ في مَوْضِعٍ خَلاءٍ، مَعَ جَمْعٍ مِنْ تَلامِيذِهِ، وَجُمْهورٍ كَثِيرٍ مِنَ الشَّعْبِ، مِنْ جَ…
katameros:725,reference,,,draft,0,,,وَأَمَّا أَنْتَ فَقَدْ اتَّبَعْتَ تَعْلِيمِي، وَمَثَالِي، وَرَسْمِي الأَوَّلَ، وَإيمَانِي، وَأَنَاتِي، وَمَحَبَّتِي، وَ…
katameros:726,reference,,,draft,0,,,أَطْلُبُ إلى الشُّيُوخِ الَّذِينَ بَيْنَكُمْ، أنا الشَّيْخَ شَرِيكَكُمْ، وَالشَّاهِدَ لآلاَمِ الْمَسِيحِ، وَشَرِيكَ الْ…
katameros:727,reference,,,draft,0,,,"وَمِنْ مِيلِيتُسَ أَرْسَلَ إلى أَفَسُسَ وَاسْتَدْعَى أحْبَارَ الْكَنِيسَةِ. فَلَمَّا جَاءُوا إلَيْهِ قَالَ لَهُمْ: "" أَ…"
katameros:728,reference,,,draft,0,,,أَمْسَكْتَ بِيَدِي الْيُمْنَى. وَبِمَشُورَتِكَ هَدَيْتَنِي وَبِالْمَجْدِ قَبِلْتَنِي. وَأنا خَيْرٌ لِي الالْتِصَاقُ بِا…
katameros:729,reference,,,draft,0,,,""" الْحَقَّ الْحَقَّ أَقُولُ لَكُمْ: إنَّ الَّذِي لا يَدْخُلُ مِنَ الْبَابِ إلى حَظِيرَةِ الْخِرَافِ، بَلْ يَطْلَعُ مِنْ…"
katameros:73,reference,,,draft,0,,,رَفَعْتُ مُخْتَاراً مِنْ شَعْبِي. وَجَدْتُ دَاوُدَ عَبْدِي، مَسَحْتُهُ بِدُهْنٍ مُقَدَّسٍ، لأنَّ يَدِي تُعَضِّدُهُ.   ه…
katameros:730,reference,,,draft,0,,,اعْلَمُوا أنَّ الرَّبَّ قَدْ جَعَلَ قُدُّوسَهُ عَجَبَاً. الرَّبُّ يَسْتَجِيبُ لي إذَا مَا صَرَخْتُ إلَيْهِ. قَدِ ارْتَس…
katameros:731,reference,,,draft,0,,,لَيْسَ تِلْمِيذٌ أَفْضَلَ مِنْ مُعَلِّمِهِ، وَلا عَبْدٌ أَفْضَلَ مِنْ سَيِّدِهِ. يَكْفِي التِّلْمِيذَ أنْ يَصِيرَ كَمُع…
katameros:732,reference,,,draft,0,,,سَبِّحُوا أيهَا الْفِتْيَانُ الرَّبَّ، سَبِّحُوا اسْمَ الرَّبِّ، لِيَكُنْ اسْمُ الرَّبِّ مُبَارَكَاً، مِنَ الآنَ وَإلى …
katameros:733,reference,,,draft,0,,,"وَدَعَا الْجَمْعَ وَتَلامِيذَهُ وَقَالَ لَهُمْ: "" مَنْ أرَادَ أنْ يَأتيَ وَرَائِي فَلْيُنْكِرْ نَفْسَهُ وَيَحْمِلْ صَلِ…"
katameros:734,reference,,,draft,0,,,لأنَّ كُلَّ الَّذِينَ يَنْقَادُونَ بِرُوحِ اللَّهِ، فَأُولئِكَ هُمْ أَبنَاءُ اللَّهِ. إذْ لَمْ تَأْخُذُوا رُوحَ الْعُبُ…
katameros:735,reference,,,draft,0,,,أيهَا الأحِبَّاءُ، أَطْلُبُ إلَيْكُمْ كَغُرَبَاءَ وَنُزَلاَءَ، أنْ تَبْتَعِدُوا عَنِ الشَّهَوَاتِ الْجَسَدِيَّةِ التي ت…
katameros:736,reference,,,draft,0,,,وَكَانَ اللَّهُ يَصْنَعُ عَلَى يَدَيْ بُولُسَ قُوَّاتٍ كَثِيرَةً، حَتَّى إِنَّهُمْ كَانُوا يَأخُذُونَ مَنادِيلَ وَخِرَق…
katameros:737,reference,,,draft,0,,,جُزْنا في النَّارِ وَالْمَاءِ، وَأَخْرَجْتَنَا إلى الرَّاحَةِ. أَدْخُلُ إلى بَيْتِكَ بِالْمُحْرَقَاتِ، وَأُوفِيكَ النُّ…
katameros:738,reference,,,draft,0,,,وَقَبْلَ هَذَا كُلِّهِ يُلْقُونَ أَيْدِيَهُمْ عَلَيْكُمْ وَيَطْرُدُونَكُمْ، وَيُسَلِّمُونَكُمْ إلى مَجَامِعَ وَسُجُونٍ،…
katameros:739,reference,,,draft,0,,,رَفَعْتُ مُخْتَاراً مِنْ شَعْبِي. وَجَدْتُ دَاوُدَ عَبْدِي، مَسَحْتُهُ بِدُهْنٍ مُقَدَّسٍ، لأنَّ يَدِي تُعَضِّدُهُ.   ه…
katameros:74,reference,,,draft,0,,,لا تَظُنُّوا أني جِئْتُ لأُلْقِيَ سَلاَماً عَلَى الأَرْضِ، مَا جِئْتُ لأُلْقِيَ سَلاماً بَلْ سَيْفاً. فَإنِّي أَتَيْتُ …
katameros:740,reference,,,draft,0,,,لا تَظُنُّوا أني جِئْتُ لأُلْقِيَ سَلاَماً عَلَى الأَرْضِ، مَا جِئْتُ لأُلْقِيَ سَلاماً بَلْ سَيْفاً. فَإنِّي أَتَيْتُ …
katameros:741,reference,,,draft,0,,,كَهَنَتُكَ يَلْبَسُونَ الْبِرَّ، وقِدِّيسُوكَ يَبْتَهِجُونَ مِنْ أَجْلِ دَاوُدَ عَبْدِكَ. هَيَّأْتُ سِرَاجاً لِمَسِيحِي…
katameros:742,reference,,,draft,0,,,وَنَزَلَ مَعَهُمْ وَوَقَفَ في مَوْضِعٍ خَلاءٍ، مَعَ جَمْعٍ مِنْ تَلامِيذِهِ، وَجُمْهورٍ كَثِيرٍ مِنَ الشَّعْبِ، مِنْ جَ…
katameros:743,reference,,,draft,0,,,فَإنَّهُ يَصِيرُ إبْطَالُ الْوَصِيَّةِ الأُولَى مِنْ أَجْلِ ضَعْفِهَا وَعَدَمِ نَفْعِهَا، إذِ النَّامُوسُ لَمْ يُكَمِّل…
katameros:744,reference,,,draft,0,,,مِنَ الشَّيْخِ، إلى غَايُوسَ الْحَبِيبِ الَّذِي أنا أُحِبُّهُ بِالْحَقِّ. أيهَا الْحَبِيبُ، في كُلِّ شَيْءٍ أَرُومُ أَن…
katameros:745,reference,,,draft,0,,,"مِنْ بَعْدِ أيامٍ قَالَ بُولُسُ لِبَرْنَابَا: "" لِنَرْجِعْ وَنَتَفَقَّدِ الإخْوَةَ في كُلِّ مَدِينَةٍ بَشَّرْنَا فِيهَا…"
katameros:746,reference,,,draft,0,,,مُوسَى وَهَارُونُ في كَهَنَتِهِ، وَصَمُوئيلُ في الَّذِينَ يَدْعُونَ بِاسْمِهِ. كَانُوا يَدْعُونَ الرَّبَّ وَهُوَ كَانَ …
katameros:747,reference,,,draft,0,,,""" الْحَقَّ الْحَقَّ أَقُولُ لَكُمْ: إنَّكُمْ سَتَبْكُونَ وَتَنُوحُونَ وَالْعَالَمُ يَفْرَحُ. أَنْتُمْ سَتَحْزَنُونَ، وَ…"
katameros:748,reference,,,draft,0,,,اسْجُدُوا لَهُ يَا جَمِيعَ مَلائِكَتِهِ. سَمِعَتْ صِهْيَوْنُ فَفَرِحَتْ، وَتَهلَّلَتْ بَنَاتُ الْيَهُودِيَّةِ، مِنْ أَج…
katameros:749,reference,,,draft,0,,,"في ذلِكَ الْوَقْتِ أَجَابَ يَسُوعُ وَقَالَ: "" أَشْكُرُكَ أيهَا الآبُ رَبُّ السَّمَاءِ وَالأَرْضِ، لأنكَ أَخْفَيْتَ هذِه…"
katameros:75,reference,,,draft,0,,,كَهَنَتُكَ يَلْبَسُونَ الْبِرَّ، وقِدِّيسُوكَ يَبْتَهِجُونَ مِنْ أَجْلِ دَاوُدَ عَبْدِكَ. هَيَّأْتُ سِرَاجاً لِمَسِيحِي…
katameros:750,reference,,,draft,0,,,أَعْتَرِفُ لَكَ يَارَبُّ مِنْ كُلِّ قَلْبِي؛ لأنكَ اسْتَمَعْتَ كُلَّ كَلِمَاتِ فَمِي. أمَامَ الْمَلائِكَةِ أُرَتِّلُ لَ…
katameros:751,reference,,,draft,0,,,في ذلِكَ الْوَقْتِ ذَهَبَ يَسُوعُ في السَّبْتِ بَيْنَ الزُّرُوعِ، فَجَاعَ تَلامِيذُهُ وَابْتَدَأُوا يَقْطِفُونَ سَنَابِ…
katameros:752,reference,,,draft,0,,,أمَّا القُسُوسُ الْمُدَبِّرُونَ حَسَناً فَلْيَسْتَحِقُّوا كَرَامَةً مُضَاعَفَةً، وَلا سِيَّمَا الذِينَ يَتْعَبُونَ في ا…
katameros:753,reference,,,draft,0,,,أَطْلُبُ إلى الشُّيُوخِ الَّذِينَ بَيْنَكُمْ، أنَا الشَّيْخَ شَرِيكَكُمْ، وَالشَّاهِدَ لآلاَمِ الْمَسِيحِ، وَشَرِيكَ ال…
katameros:754,reference,,,draft,0,,,فَاجْتَمَعَ الرُّسُلُ والأحْبَارُ لِيَنْظُرُوا في هذَا الأَمْرِ. فَبَعْدَمَا حَصَلَتْ مُنَاظَرَةٌ كَثِيرَةٌ قَامَ بُطْر…
katameros:755,reference,,,draft,0,,,كَهَنَتُكَ يَلْبَسُونَ الْبِرَّ، وقِدِّيسُوكَ يَبْتَهِجُونَ مِنْ أَجْلِ دَاوُدَ عَبْدِكَ. هَيَّأْتُ سِرَاجاً لِمَسِيحِي…
katameros:756,reference,,,draft,0,,,في الْبَدْءِ كَانَ الْكَلِمَةُ، وَالْكَلِمَةُ كَانَ عِنْدَ اللَّهِ، وَكَانَ الْكَلِمَةُ اللَّهَ. هذَا كَانَ في الْبَدْء…
katameros:757,reference,,,draft,0,,,الَّذِي يُعَلِّمُ يَدَيَّ الْقِتَالَ، وَجَعَلَ سَاعِدَيَّ أقْوَاسَاً مِنْ نُحَاسٍ. وَمَنْطَقْتَنِي قُوَّةً في الْحَرْبِ…
katameros:758,reference,,,draft,0,,,"وَلَمَّا دَخَلَ كَفْرَنَاحُومَ، جَاءَ إلَيْهِ قَائِدُ مِئَةٍ يَطْلُبُ إلَيْهِ قَائِلاً: "" يَا سَيِّدي، غُلاَمِي مَطْرُو…"
katameros:759,reference,,,draft,0,,,عَجِيبٌ هُوَ اللَّهُ في قِدِّيسِيهِ. إلَهُ إسْرَائِيلَ هُوَ يُعْطِي قُوَّةً وَعِزَّاً لِشَعْبِهِ. وَالصِّدِّيقُونَ يَفْ…
katameros:76,reference,,,draft,0,,,وَنَزَلَ مَعَهُمْ وَوَقَفَ في مَوْضِعٍ خَلاءٍ، مَعَ جَمْعٍ مِنْ تَلامِيذِهِ، وَجُمْهورٍ كَثِيرٍ مِنَ الشَّعْبِ، مِنْ جَ…
katameros:760,reference,,,draft,0,,,وَلكِنْ أَقُولُ لَكُمْ يَا أَصْدِقَائِي: لا تَخَافُوا مِنَ الَّذِينَ يَقْتُلُونَ جَسَدَكُمْ، وَبَعْدَ ذلِكَ لَيْسَ لَهُ…
katameros:761,reference,,,draft,0,,,أنَا نَفْسِي بُولُسُ أَطْلُبُ إلَيْكُمْ بِوَدَاعَةِ الْمَسِيحِ وَحِلْمِهِ، كَمَا أني ذَلِيلٌ بَيْنَكُمْ وَأمَامَكُمْ، و…
katameros:762,reference,,,draft,0,,,فَإذْ قَدْ تَألَّمَ الْمَسِيحُ بِالْجَسَدِ عَنَّا، تَسَلَّحُوا أَنْتُمْ أيْضاً بِهذَا الْمِثَالِ. فَإنَّ مَنْ تَألَّمَ …
katameros:763,reference,,,draft,0,,,وَرَجَعَ بَرْنَابَا وَشَاوُلُ مِنْ أُورُشَلِيمَ بَعْدَ مَا كَمَّلاَ الْخِدْمَةَ، وَأَخَذَا مَعَهُمَا يُوحَنَّا أيْضاً ا…
katameros:764,reference,,,draft,0,,,تَقَلَّدْ سَيْفَكَ عَلَى فَخْذِكَ، أيهَا الْقَويُّ. بِحُسْنِكَ وَجَمَالِكَ، اسْتَلَّهُ وَانْجَحْ وَامْلِكْ.   هللويا.
katameros:765,reference,,,draft,0,,,"ثُمَّ انْتَقَلَ مِنْ هُنَاكَ وَدَخَلَ مَجْمَعَهُمْ، وَإذَا إنْسَانٌ يَدُهُ يَابِسَةٌ، فَسَأَلُوهُ قَائِلِينَ: "" هَلْ يَ…"
katameros:766,reference,,,draft,0,,,اعْلَمُوا أنَّ الرَّبَّ قَدْ جَعَلَ قُدُّوسَهُ عَجَبَاً. الرَّبُّ يَسْتَجِيبُ لي إذَا مَا صَرَخْتُ إلَيْهِ. قَدِ ارْتَس…
katameros:767,reference,,,draft,0,,,لَيْسَ تِلْمِيذٌ أَفْضَلَ مِنْ مُعَلِّمِهِ، وَلا عَبْدٌ أَفْضَلَ مِنْ سَيِّدِهِ. يَكْفِي التِّلْمِيذَ أنْ يَصِيرَ كَمُع…
katameros:768,reference,,,draft,0,,,سَبِّحُوا أيهَا الْفِتْيَانُ الرَّبَّ، سَبِّحُوا اسْمَ الرَّبِّ، لِيَكُنْ اسْمُ الرَّبِّ مُبَارَكَاً، مِنَ الآنَ وَإلى …
katameros:769,reference,,,draft,0,,,"وَدَعَا الْجَمْعَ وَتَلامِيذَهُ وَقَالَ لَهُمْ: "" مَنْ أرَادَ أنْ يَأتيَ وَرَائِي فَلْيُنْكِرْ نَفْسَهُ وَيَحْمِلْ صَلِ…"
katameros:77,reference,,,draft,0,,,فَإنَّهُ يَصِيرُ إبْطَالُ الْوَصِيَّةِ الأُولَى مِنْ أَجْلِ ضَعْفِهَا وَعَدَمِ نَفْعِهَا، إذِ النَّامُوسُ لَمْ يُكَمِّل…
katameros:770,reference,,,draft,0,,,لأنَّ كُلَّ الَّذِينَ يَنْقَادُونَ بِرُوحِ اللَّهِ، فَأُولئِكَ هُمْ أَبنَاءُ اللَّهِ. إذْ لَمْ تَأْخُذُوا رُوحَ الْعُبُ…
katameros:771,reference,,,draft,0,,,أيهَا الأحِبَّاءُ، أَطْلُبُ إلَيْكُمْ كَغُرَبَاءَ وَنُزَلاَءَ، أنْ تَبْتَعِدُوا عَنِ الشَّهَوَاتِ الْجَسَدِيَّةِ التي ت…
katameros:772,reference,,,draft,0,,,وَكَانَ اللَّهُ يَصْنَعُ عَلَى يَدَيْ بُولُسَ قُوَّاتٍ كَثِيرَةً، حَتَّى إِنَّهُمْ كَانُوا يَأخُذُونَ مَنادِيلَ وَخِرَق…
katameros:773,reference,,,draft,0,,,جُزْنا في النَّارِ وَالْمَاءِ، وَأَخْرَجْتَنَا إلى الرَّاحَةِ. أَدْخُلُ إلى بَيْتِكَ بِالْمُحْرَقَاتِ، وَأُوفِيكَ النُّ…
katameros:774,reference,,,draft,0,,,وَقَبْلَ هَذَا كُلِّهِ يُلْقُونَ أَيْدِيَهُمْ عَلَيْكُمْ وَيَطْرُدُونَكُمْ، وَيُسَلِّمُونَكُمْ إلى مَجَامِعَ وَسُجُونٍ،…
katameros:775,reference,,,draft,0,,,إلَهُنَا هُوَ مَلْجَأُنَا وَقُوَّتُنَا، وَمُعِينُنَا في شَدَائِدِنَا التي أصَابَتْنَا جِدّاً. الرَّبُّ إلهُ الْقُوَّاتِ…
katameros:776,reference,,,draft,0,,,وَفِيمَا هُوَ يَجْتَازُ عِنْدَ شَاطِئِ بَحْرِ الْجَلِيلِ أَبْصَرَ سِمْعَانَ وَأنْدَرَاوُسَ أَخَاهُ يُلْقِيَانِ شَبَكَةً…
katameros:777,reference,,,draft,0,,,سَبِّحِي يَا نَفْسِي الرَّبَّ. أُسَبِّحُ الرَّبَّ في حَيَاتِي. طُوبَى لِمَنْ إلهُ يَعْقُوبَ مُعِينُهُ. وَاتِّكَالُهُ عَ…
katameros:778,reference,,,draft,0,,,وَإذْ كَانَ مَاشِياً عَلَى شَاطِئِ بَحْرِ الْجَلِيلِ أَبْصَرَ أَخَوَيْنِ: سِمْعَانَ الَّذي يُقَالُ لَهُ بُطْرُسُ، وَأَن…
katameros:779,reference,,,draft,0,,,بُولُسُ، رَسُولٌ لا مِنَ النَّاسِ وَلا بِإنْسَانٍ، بَلْ بِيَسُوعَ الْمَسِيحِ وَاللَّهِ الآبِ الَّذِي أَقَامَهُ مِنْ بَي…
katameros:78,reference,,,draft,0,,,مِنَ الشَّيْخِ، إلى غَايُوسَ الْحَبِيبِ الَّذِي أنا أُحِبُّهُ بِالْحَقِّ. أيهَا الْحَبِيبُ، في كُلِّ شَيْءٍ أَرُومُ أَن…
katameros:780,reference,,,draft,0,,,يَعْقُوبُ، عَبْدُ اللَّهِ وَرَبِّنَا يَسُوعَ الْمَسِيحِ، يُهْدِي السَّلامَ إلَى الاثْنَيْ عَشَرَ سِبْطاً الَّذِينَ في ا…
katameros:781,reference,,,draft,0,,,"وَبَعْدَمَا سَكَتَا، أَجَابَ يَعْقُوبُ قَائِلاً: "" أيهَا الرِّجَالُ إخْوَتُنَا، اسْمَعُونِي. سِمْعَانُ قَدْ أَخْبَرَ كَ…"
katameros:782,reference,,,draft,0,,,إذْ أَقَامَ الشَّهَادَةَ في يَعْقُوبَ، وَوَضَعَ النَّامُوسَ في إسْرَائِيلَ. لأني أَنَا قَدْ عَلِمْتُ أنَّ الرَّبَّ عَظِ…
katameros:783,reference,,,draft,0,,,"وَتَقَدَّمَ إلَيْهِ يَعْقُوبُ وَيُوحَنَّا ابْنَا زَبْدِي قَائِلَيْنِ لَهُ: "" يَا مُعَلِّمُ، نُرِيدُ أنْ تَفْعَلَ لَنَا …"
katameros:784,reference,,,draft,0,,,رَفَعْتُ مُخْتَاراً مِنْ شَعْبِي. وَجَدْتُ دَاوُدَ عَبْدِي، مَسَحْتُهُ بِدُهْنٍ مُقَدَّسٍ، لأنَّ يَدِي تُعَضِّدُهُ.   ه…
katameros:785,reference,,,draft,0,,,لا تَظُنُّوا أني جِئْتُ لأُلْقِيَ سَلاَماً عَلَى الأَرْضِ، مَا جِئْتُ لأُلْقِيَ سَلاماً بَلْ سَيْفاً. فَإنِّي أَتَيْتُ …
katameros:786,reference,,,draft,0,,,كَهَنَتُكَ يَلْبَسُونَ الْبِرَّ، وقِدِّيسُوكَ يَبْتَهِجُونَ مِنْ أَجْلِ دَاوُدَ عَبْدِكَ. هَيَّأْتُ سِرَاجاً لِمَسِيحِي…
katameros:787,reference,,,draft,0,,,وَنَزَلَ مَعَهُمْ وَوَقَفَ في مَوْضِعٍ خَلاءٍ، مَعَ جَمْعٍ مِنْ تَلامِيذِهِ، وَجُمْهورٍ كَثِيرٍ مِنَ الشَّعْبِ، مِنْ جَ…
katameros:788,reference,,,draft,0,,,فَإنَّهُ يَصِيرُ إبْطَالُ الْوَصِيَّةِ الأُولَى مِنْ أَجْلِ ضَعْفِهَا وَعَدَمِ نَفْعِهَا، إذِ النَّامُوسُ لَمْ يُكَمِّل…
katameros:789,reference,,,draft,0,,,مِنَ الشَّيْخِ، إلى غَايُوسَ الْحَبِيبِ الَّذِي أنا أُحِبُّهُ بِالْحَقِّ. أيهَا الْحَبِيبُ، في كُلِّ شَيْءٍ أَرُومُ أَن…
katameros:79,reference,,,draft,0,,,"مِنْ بَعْدِ أيامٍ قَالَ بُولُسُ لِبَرْنَابَا: "" لِنَرْجِعْ وَنَتَفَقَّدِ الإخْوَةَ في كُلِّ مَدِينَةٍ بَشَّرْنَا فِيهَا…"
katameros:790,reference,,,draft,0,,,"مِنْ بَعْدِ أيامٍ قَالَ بُولُسُ لِبَرْنَابَا: "" لِنَرْجِعْ وَنَتَفَقَّدِ الإخْوَةَ في كُلِّ مَدِينَةٍ بَشَّرْنَا فِيهَا…"
katameros:791,reference,,,draft,0,,,مُوسَى وَهَارُونُ في كَهَنَتِهِ، وَصَمُوئيلُ في الَّذِينَ يَدْعُونَ بِاسْمِهِ. كَانُوا يَدْعُونَ الرَّبَّ وَهُوَ كَانَ …
katameros:792,reference,,,draft,0,,,""" الْحَقَّ الْحَقَّ أَقُولُ لَكُمْ: إنَّكُمْ سَتَبْكُونَ وَتَنُوحُونَ وَالْعَالَمُ يَفْرَحُ. أَنْتُمْ سَتَحْزَنُونَ، وَ…"
katameros:793,reference,,,draft,0,,,أَجْعَلُ ذُرِّيَتَهُ إلى دَهْرِ الدَّهرِ، وعَرْشَهُ مِثْلَ أيامِ السَّمَاءِ. نسْلُهُ إلى الدَّهْرِ يَدُومُ، وعَرْشُهُ م…
katameros:794,reference,,,draft,0,,,"وَإذْ كَانَ يُصَلِّي وَحْدَهُ عَلَى انْفِرَادٍ كَانَ التَّلامِيذُ مَعَهُ. فَسَأَلَهُمْ قَائِلاً: "" مَنْ يَقُولُ النَّاس…"
katameros:795,reference,,,draft,0,,,فَلْيَرْفَعُوهُ في كَنِيسَةِ شَعْبِهِ، وَلْيُبَارِكُوهُ في مَجْلِسِ الشُّيوخِ. جَعَلَ أبوَّةً مِثْلَ الْخِرَافِ. يُبْصِ…
katameros:796,reference,,,draft,0,,,وَجَاءَ إلى بَيْتِ صَيْدَا، فَقَدَّمُوا إلَيْهِ أَعْمَى وَطَلَبُوا إلَيْهِ أنْ يَلْمِسَهُ، فَأخَذَ بِيَدِ الأَعْمَى وَأ…
katameros:797,reference,,,draft,0,,,فَإذْ لَنَا رَئِيسُ كَهَنَةٍ عَظِيمٌ قَدِ اجْتَازَ السَّمَوَاتِ، يَسُوعُ ابْنُ اللَّهِ، فَلْنَتَمَسَّكْ بِالإقْرَارِ. ل…
katameros:798,reference,,,draft,0,,,بُطْرُسُ، رَسُولُ يَسُوعَ الْمَسِيحِ، إلى الْمُخْتَارِينَ الْمُتَغَرِّبِينَ في شَتَاتِ بُنْتُسَ وَغَلاَطِيَّةَ وَكَبَّا…
katameros:799,reference,,,draft,0,,,وَفي ذَلِكَ الوَقْتِ رَفَعَ هِيرُودِسُ يَدَهُ عَلَى قَومٍ مِنَ الكَنْيسَةِ لِيُسِيئَ إليهم، فَقَتَلَ يَعْقُوبَ أخَا يُو…
katameros:8,reference,,,draft,0,,,تبَارِكُ إكْلِيلَ السَّنَةِ بِصَلاَحِكَ. وبِقَاعُكَ تَمْتَليءُ مِنَ الدَّسَمِ. ابتهجوا باللَّهِ مُعينُنا. هلِّلوا لإلَه…
katameros:80,reference,,,draft,0,,,مُوسَى وَهَارُونُ في كَهَنَتِهِ، وَصَمُوئيلُ في الَّذِينَ يَدْعُونَ بِاسْمِهِ. كَانُوا يَدْعُونَ الرَّبَّ وَهُوَ كَانَ …
katameros:800,reference,,,draft,0,,,"أَقْسَمَ الرَّبُّ وَلَنْ يَنْدَمَ: "" إِنَّكَ أَنْتَ هُوَ الْكَاهِنُ إلى الأَبدِ عَلَى طَقْسِ مَلْشِيصَادَقَ "". الرَّبُّ…"
katameros:801,reference,,,draft,0,,,"وَلَمَّا جَاءَ يَسُوعُ إلى نَوَاحِي قَيْصَرِيَّةِ فِيلُبُّسَ سَألَ تَلاَمِيذَهُ قَائِلاً: "" مَاذا يَقُولُ النَّاسُ في ا…"
katameros:802,reference,,,draft,0,,,"أَقْسَمَ الرَّبُّ وَلَنْ يَنْدَمَ: "" إنكَ أَنْتَ هُوَ الْكَاهِنُ إلى الأَبدِ عَلَى طَقْسِ مَلْشِيصَادَقَ "". الرَّبُّ عَ…"
katameros:803,reference,,,draft,0,,,"وَلَمَّا جَاءَ يَسُوعُ إلى نَوَاحِي قَيْصَرِيَّةِ فِيلُبُّسَ سَألَ تَلاَمِيذَهُ قَائِلاً: "" مَاذا يَقُولُ النَّاسُ في ا…"
katameros:804,reference,,,draft,0,,,أَمْسَكْتَ بِيَدِي الْيُمْنَى. وَبِمَشُورَتكَ هَدَيْتَنِي وَبِالْمَجْدِ قَبِلْتَنِي. وَأنا خَيْرٌ لِي الالْتِصَاقُ بِال…
katameros:805,reference,,,draft,0,,,بِهذَا أَوْصَيْتُكُمْ حَتَّى تُحِبُّوا بَعْضُكُمْ بَعْضاً. إنْ كَانَ الْعَالَمُ يُبْغِضُكُمْ فَاعْلَمُوا أنهُ قَدْ أَبْ…
katameros:806,reference,,,draft,0,,,فَإنَّنَا لَسْنَا نَكْرِزُ بِأَنْفُسِنَا، بَلْ بِالْمَسِيحِ يَسُوعَ رَبِّنَا، وَنَحْنُ أيْضاً عَبِيدٌ لَكُمْ مِنْ قِبَل…
katameros:807,reference,,,draft,0,,,أيهَا العَبِيدُ، كُونُوا خَاضِعِينَ لِسَادَتِكُمْ بِكُلِّ خَوْفٍ، لَيْسَ فَقَطْ للصَّالِحِينَ الْمُتَرَفِّقِينَ، بَلْ ل…
katameros:808,reference,,,draft,0,,,"وَمِنْ مِيلِيتُسَ أَرْسَلَ إلى أَفَسُسَ وَاسْتَدْعَى أحْبَارَ الْكَنِيسَةِ. فَلَمَّا جَاءُوا إلَيْهِ قَالَ لَهُمْ: "" أَ…"
katameros:809,reference,,,draft,0,,,فَلْيَرْفَعُوهُ في كَنِيسَةِ شَعْبِهِ، وَلْيُبَارِكُوهُ في مَجْلِسِ الشُّيوخِ. جَعَلَ أبوَّةً مِثْلَ الْخِرَافِ. يُبْصِ…
katameros:81,reference,,,draft,0,,,""" الْحَقَّ الْحَقَّ أَقُولُ لَكُمْ: إنَّكُمْ سَتَبْكُونَ وَتَنُوحُونَ وَالْعَالَمُ يَفْرَحُ. أَنْتُمْ سَتَحْزَنُونَ، وَ…"
katameros:810,reference,,,draft,0,,,""" الْحَقَّ الْحَقَّ أَقُولُ لَكُمْ: إنَّ الَّذِي لا يَدْخُلُ مِنَ الْبَابِ إلى حَظِيرَةِ الْخِرَافِ، بَلْ يَطْلَعُ مِنْ…"
katameros:811,reference,,,draft,0,,,كَهَنَتُكَ يَلْبَسُونَ الْبِرَّ، وقِدِّيسُوكَ يَبْتَهِجُونَ مِنْ أَجْلِ دَاوُدَ عَبْدِكَ. هَيَّأْتُ سِرَاجاً لِمَسِيحِي…
katameros:812,reference,,,draft,0,,,وَكَانَ يَسُوعُ يَطُوفُ في كُلِّ الْجَلِيلِ يُعَلِّمُ في مَجَامِعِهِمْ، وَيَكْرِزُ بِبِشَارَةِ الْمَلَكُوتِ، وَيَشْفِي …
katameros:813,reference,,,draft,0,,,"أَقْسَمَ الرَّبُّ وَلَنْ يَنْدَمَ: "" إِنَّكَ أَنْتَ هُوَ الْكَاهِنُ إلى الأَبدِ عَلَى طَقْسِ مَلْشِيصَادَقَ "". الرَّبُّ…"
katameros:814,reference,,,draft,0,,,وَنَزَلَ مَعَهُمْ وَوَقَفَ في مَوْضِعٍ خَلاءٍ، مَعَ جَمْعٍ مِنْ تَلامِيذِهِ، وَجُمْهورٍ كَثِيرٍ مِنَ الشَّعْبِ، مِنْ جَ…
katameros:815,reference,,,draft,0,,,وَأَمَّا أَنْتَ فَقَدْ اتَّبَعْتَ تَعْلِيمِي، وَمَثَالِي، وَرَسْمِي الأَوَّلَ، وَإيمَانِي، وَأَنَاتِي، وَمَحَبَّتِي، وَ…
katameros:816,reference,,,draft,0,,,أَطْلُبُ إلى الشُّيُوخِ الَّذِينَ بَيْنَكُمْ، أنا الشَّيْخَ شَرِيكَكُمْ، وَالشَّاهِدَ لآلاَمِ الْمَسِيحِ، وَشَرِيكَ الْ…
katameros:817,reference,,,draft,0,,,"وَمِنْ مِيلِيتُسَ أَرْسَلَ إلى أَفَسُسَ وَاسْتَدْعَى أحْبَارَ الْكَنِيسَةِ. فَلَمَّا جَاءُوا إلَيْهِ قَالَ لَهُمْ: "" أَ…"
katameros:818,reference,,,draft,0,,,أَمْسَكْتَ بِيَدِي الْيُمْنَى. وَبِمَشُورَتِكَ هَدَيْتَنِي وَبِالْمَجْدِ قَبِلْتَنِي. وَأنا خَيْرٌ لِي الالْتِصَاقُ بِا…
katameros:819,reference,,,draft,0,,,""" الْحَقَّ الْحَقَّ أَقُولُ لَكُمْ: إنَّ الَّذِي لا يَدْخُلُ مِنَ الْبَابِ إلى حَظِيرَةِ الْخِرَافِ، بَلْ يَطْلَعُ مِنْ…"
katameros:82,reference,,,draft,0,,,تُبَادِرُ الرُّؤَسَاءُ إلى كُلِّ الْمُرَتِّلِيْنَ، في وَسَطِ صَبَايَا ضَارِبَاتٍ بِالدُّفُوفِ. بَارِكُوا اللَّهَ في الْ…
katameros:820,reference,,,draft,0,,,ذِكْرُ الصِّدِّيقِ يَكُونُ إلى الأبدِ. وَلا يَخْشَى مِنَ السَّمَاعِ الْخَبِيثِ. وَبِرُّهُ دَائِمٌ إلى أَبدِ الأبدِ. يَر…
katameros:821,reference,,,draft,0,,,اسْهَرُوا إذَاً لأَنكُمْ لا تَعْلَمُونَ في أَيةِ سَاعَةٍ يَأتِي رَبكُمْ. وَاعْلَمُوا هَذَا: أنهُ لَوْ كَانَ رَبُّ الْبَ…
katameros:822,reference,,,draft,0,,,وَيَرْتَفِعُ قَرْنِي مِثْلَ وَحِيدِ القَرْنِ. وَشَيخُوخَتِي في دُهْنٍ دَسِمٍ. وَيَكُونُونَ بِمَا هُمْ مُسْتَريحونَ، يُخ…
katameros:823,reference,,,draft,0,,,وَإذْ كَانُوا يَسْمَعُونَ هذَا عَادَ فَقَالَ مَثَلاً، لأنهُ كَانَ قَرِيباً مِنْ أُورُشَلِيمَ، وَكَانُوا يَظُنُّونَ أنَّ…
katameros:824,reference,,,draft,0,,,مَاذا أقُولُ أيْضاً؟ لأنهُ يُعْوِزُنِي الوَقْتُ إنْ أَخْبَرْتُ عَنْ جِدْعُونَ، وَبَارَاقَ، وَشَمْشُونَ، وَيَفْتَاحَ، وَ…
katameros:825,reference,,,draft,0,,,لا يَئِنَّ بَعْضُكُمْ عَلَى بَعْضٍ يا إخْوَتي لِئَلاَّ تُدَانُوا. هُوَذا الدَّيَّانُ وَاقِفٌ عَلَى الأبْوَابِ. خُذُوا ل…
katameros:826,reference,,,draft,0,,,وَكَانَ يُوجَدُ يَهُودِيٌّ اسْمُهُ أَبلُّوسُ، إسْكَنْدَرِيُّ الْجِنْسِ، رَجُلٌ فَصِيحٌ قَدُمَ إلى أَفَسُسَ مُقْتَدِرٌ ف…
katameros:827,reference,,,draft,0,,,الصِّدِّيقُ كَالنَّخْلَةِ يُزْهِرُ، وَكَمِثْلِ أَرْزِ لُبْنَانَ يَنْمُو. مَغْرُوسِينَ في بَيْتِ الرَّبِّ، وفي دِيَارِ ب…
katameros:828,reference,,,draft,0,,,لاَ تَخَفْ، أَيهَا الْقَطِيعُ الصَّغِيرُ، فَإنَّ أَباكُمْ قَدْ سُرَّ أَنْ يُعْطِيَكُمُ الْمَلَكُوتَ. بِيعُوا أَمْتعَتَك…
katameros:829,reference,,,draft,0,,,أَعْمَالٌ مَجِيدَةٌ قَدْ قِيلَتْ لأَجْلِكِ، يَا مَدِينةَ اللَّهِ. وَهُوَ الْعَلِيُّ الَّذِي أسَّسَهَا إلى الأَبدِ. لأنَ…
katameros:83,reference,,,draft,0,,,وَفِيمَا كَانَ يَسُوعُ في بَيْتِ عَنْيَا في بَيْتِ سِمْعَانَ الأَبْرَصِ، جَاءَتْ إلَيْهِ امْرَأةٌ مَعَهَا قَارُورَةُ طِ…
katameros:830,reference,,,draft,0,,,وَفِيمَا هُمْ سَائِرُونَ دَخَلَ قَرْيَةً، فَقَبِلَتْهُ امْرَأَةٌ اسْمُهَا مَرْثَا في بَيْتِهَا. وَكَانَتْ لِهذِهِ أُخْت…
katameros:831,reference,,,draft,0,,,كَمِثْلِ مَا سَمِعْنَا كَذلِكَ رَأَيْنَا، في مَدِينَةِ رَبِّ الْقُوَّاتِ في مَدِينَةِ إلَهِنَا. عَظِيمٌ هُوَ الرَّبُّ و…
katameros:832,reference,,,draft,0,,,الإنْسَانُ الصَّالِحُ مِنْ كَنْزِهِ الصَّالِحِ يُخْرِجُ الصَّلاَحَ. والإنْسَانُ الشِّرِّيرُ مِنْ كَنْزِهِ الشِّرِّيرِ ي…
katameros:833,reference,,,draft,0,,,فَأمَّا القُبَّةُ الأُولَى فَكَانَ فِيها وَصَايَا الْخِدْمَةِ وَقُدسٌ مُزيَّنٌ، لأنَّ القُبَّةَ الأُولَى صُنِعَتْ وَهيَ…
katameros:834,reference,,,draft,0,,,مِنَ الشَّيخِ إلى السَّيِّدَةِ الْمُخْتَارَةِ، وَإلى أَوْلاَدِهَا الَّذِينَ أَنا أُحِبُّهُمْ بِالْحَقِّ، وَلَسْتُ أَنا …
katameros:835,reference,,,draft,0,,,الْكَلاَمُ الأوَّلُ أَنْشَأْتُهُ يَا ثَاؤفِيلُسُ، عَنْ جَمِيعِ مَا ابْتَدَأَ يَسُوعُ يَفْعَلُهُ وَيُعَلِّمُ بِهِ، إلى ا…
katameros:836,reference,,,draft,0,,,وَلَهُ تَسْجُدُ بَنَاتُ صُورَ بِالْهَدَايَا، وَيَتَلَقَّوْنَ وَجْهَهُ أَغْنِيَاءُ شَعْبِ الأَرْضِ. كُلُّ مَجْدِ ابْنَةِ…
katameros:837,reference,,,draft,0,,,فَقَامَتْ مَرْيَمُ في تِلْكَ الأيامِ وَذَهَبَتْ بِسُرْعَةٍ إلى الْجَبَلِ إلى مَدِينَةِ يَهُوذَا، وَدَخَلَتْ بَيْتَ زَكَ…
katameros:838,reference,,,draft,0,,,الرَّبُّ يُعْطِي كَلِمَةً للمُبشِّرِينَ، بِقُوَّةٍ عَظِيمَةٍ. عَجِيبٌ هُوَ اللَّهُ في قِدِّيسِيهِ. إلَهُ إسْرَائِيلَ هُ…
katameros:839,reference,,,draft,0,,,فَانْطَلَقَ يَسُوعُ مَعَ تَلامِيذِهِ إلى عَبْرِ الْبَحْرِ، وَتَبِعَهُ جَمْعٌ كَثِيرٌ مِنَ الْجَلِيلِ وَمِنَ الْيَهُودِي…
katameros:84,reference,,,draft,0,,,مِنْ أَفْوَاهِ الأَطْفَالِ وَالرُّضعَانِ هَيَّأتَ سُبْحَاً؛ لأني أَرَى السَّمَوَاتِ أَعْمَالَ أصَابِعِكَ، الْقَمَرَ وَا…
katameros:840,reference,,,draft,0,,,قدِّيسُوكَ يُبَارِكُونَكَ. وَمَجْدَ مُلْكِكَ يَصِفُونَ. وَبِقُوَّتِكَ يَنْطقُونَ. لِيُظْهِرُوا لِبَنِي البَشَرِ قُدْرَت…
katameros:841,reference,,,draft,0,,,وَفي تِلْكَ الأيامِ خَرَجَ إلى الْجَبَلِ لِيُصَلِّيَ. وَكَانَ سَاهِراً في الصَّلاَةِ لِلَّهِ.  وَلَمَّا كَانَ النَّهَار…
katameros:842,reference,,,draft,0,,,لأنَّ غَايَةَ النَّامُوسِ هيَ: الْمَسِيحُ لِلْبِرِّ لِكُلِّ مَنْ يُؤْمِنُ؛ لأنَّ مُوسَى كَتَبَ في الْبِرِّ الَّذِي مِنَ…
katameros:843,reference,,,draft,0,,,لِذلِكَ سَوْفَ أُذَكِّرُكُمْ في كُلِّ حِينٍ بِهذِهِ الأُمُورِ، وَلَوْ إنَّكُمْ عَالِمُونَ وَثَابِتُونَ في الْحَقِّ الْح…
katameros:844,reference,,,draft,0,,,وَصَعِدَ بُطْرُسُ وَيُوحَنَّا إلى الْهَيْكَلِ في وَقْتِ صَلاةِ السَّاعَةِ التَّاسِعَةِ. وَكَانَ رَجُلٌ أَعْرَجُ مِنْ بَ…
katameros:845,reference,,,draft,0,,,السَّمَوَاتُ تُذِيعُ مَجْدَ اللَّهِ، الْفَلَكُ يُخْبِرُ بِعَمَلِ يَدَيْهِ. في كُلِّ الأَرْضِ خَرَجَ مَنْطِقُهُمْ. وَإلى…
katameros:846,reference,,,draft,0,,,ثُمَّ دَعَا تَلاَمِيذَهُ الاثْنَيْ عَشَرَ وَأَعْطَاهُمْ سُلْطَاناً عَلَى أَرْوَاحٍ نَجِسَةٍ حَتَّى يُخْرِجُوهَا وَيَشْف…
katameros:847,reference,,,draft,0,,,"لَمْ يَتْرُكْ إنْسَاناً يَظْلِمُهُمْ، وَبَكَّتَ ملوكاً مِنْ أجْلِهمْ، قَائِلاً: "" لا تَمَسُّوا مُسَحَائي، وَلا تُسِيئوا…"
katameros:848,reference,,,draft,0,,,وَفِيمَا هُوَ يَتَكَلَّمُ سَألَهُ فَرِّيسِيٌّ أنْ يَأْكُلَ عِنْدَهُ، فَدَخَلَ وَاتَّكَأَ. وَأمَّا الفَرِّيسِيُّ لَمَّا …
katameros:849,reference,,,draft,0,,,أَرْسَلَ مُوسَى عَبْدَهُ وَهارُونَ الَّذِي اخْتَارَهُ، جَعَلَ فِيهِمَا أَقْوَالَ آيَاتِهِ وَعَجَائِبِهِ، كَيْ يَحْفَظُو…
katameros:85,reference,,,draft,0,,,"قَالَتْ لَهُ الْمَرْأَةُ: "" يَا سَيِّدي أَعْطِنِي هذَا الْمَاءَ؛ لِكَيْ لا أَعْطَشَ وَلا آتِيَ إلى هُنَا لأَسْتَقِيَ "".…"
katameros:850,reference,,,draft,0,,,وَبَعْدَ سِتَّةِ أيامٍ أخَذَ يَسُوعُ بُطْرُسَ وَيَعْقُوبَ وَيُوحَنَّا أخَاهُ وَأَصْعَدَهُمْ عَلَى جَبَلٍ عَالٍ مُنْفَرِ…
katameros:851,reference,,,draft,0,,,بِالإيمَانِ قَرَّبَ إبْرَاهِيمُ إسْحَقَ حِينَ جُرِّبَ. وَقَرَّبَ ابْنَهُ الوَحِيدَ ذَاكَ الَّذِي قَبِلَ الْمَوَاعِيدَ ب…
katameros:852,reference,,,draft,0,,,وَثَابِتٌ عِنْدَنَا كَلامُ الأنبِيَاءِ، هذَا الَّذِي هُوَ نِعْمَ مَا تَصْنَعُونَهُ إذَا تَأمَّلْتُمْ إلَيْهِ، كَمِثْلِ …
katameros:853,reference,,,draft,0,,,لأنَّ مُوسَى مُنْذُ الأجْيَالِ الْقَدِيمَةِ، لَهُ في كُلِّ مَدِينَةٍ مَنْ يَكْرِزُ بِهِ، إذْ يُقْرَأُ  في الْمَجَامِعِ …
katameros:854,reference,,,draft,0,,,مُوسَى وَهَارُونُ في كَهَنَتِهِ، وَصَمُوئيلُ في الَّذِينَ يَدْعُونَ بِاسْمِهِ. كَانُوا يَدْعُونَ الرَّبَّ وَهُوَ كَانَ …
katameros:855,reference,,,draft,0,,,الْوَيْلُ لَكُمْ أيهَا الكَتَبَةُ والْفَرِّيسِيُّونَ الْمُرَاؤُونَ! لأنكُمْ تُغْلِقُونَ مَلَكُوتَ السَّمَوَاتِ قُدَّامَ…
katameros:856,reference,,,draft,0,,,"أَقْسَمَ الرَّبُّ وَلَنْ يَنْدَمَ: "" إنكَ أَنْتَ هُوَ الْكَاهِنُ إلى الأَبدِ عَلَى طَقْسِ مَلْشِيصَادَقَ "". الرَّبُّ عَ…"
katameros:857,reference,,,draft,0,,,"وَلَمَّا جَاءَ يَسُوعُ إلى نَوَاحِي قَيْصَرِيَّةِ فِيلُبُّسَ سَألَ تَلاَمِيذَهُ قَائِلاً: "" مَاذا يَقُولُ النَّاسُ في ا…"
katameros:858,reference,,,draft,0,,,أَمْسَكْتَ بِيَدِي الْيُمْنَى. وَبِمَشُورَتكَ هَدَيْتَنِي وَبِالْمَجْدِ قَبِلْتَنِي. وَأنا خَيْرٌ لِي الالْتِصَاقُ بِال…
katameros:859,reference,,,draft,0,,,بِهذَا أَوْصَيْتُكُمْ حَتَّى تُحِبُّوا بَعْضُكُمْ بَعْضاً. إنْ كَانَ الْعَالَمُ يُبْغِضُكُمْ فَاعْلَمُوا أنهُ قَدْ أَبْ…
katameros:86,reference,,,draft,0,,,سِيرُوا إذاً كَأَوْلاَدِ النُّورِ؛ لأنَّ ثَمَرَ النُّورِ هُوَ في كُلِّ صَلاَحٍ وَبِرٍّ وَحَقٍّ. مُخْتَبِرِينَ مَا هُوَ …
katameros:860,reference,,,draft,0,,,فَإنَّنَا لَسْنَا نَكْرِزُ بِأَنْفُسِنَا، بَلْ بِالْمَسِيحِ يَسُوعَ رَبِّنَا، وَنَحْنُ أيْضاً عَبِيدٌ لَكُمْ مِنْ قِبَل…
katameros:861,reference,,,draft,0,,,أيهَا العَبِيدُ، كُونُوا خَاضِعِينَ لِسَادَتِكُمْ بِكُلِّ خَوْفٍ، لَيْسَ فَقَطْ للصَّالِحِينَ الْمُتَرَفِّقِينَ، بَلْ ل…
katameros:862,reference,,,draft,0,,,"وَمِنْ مِيلِيتُسَ أَرْسَلَ إلى أَفَسُسَ وَاسْتَدْعَى أحْبَارَ الْكَنِيسَةِ. فَلَمَّا جَاءُوا إلَيْهِ قَالَ لَهُمْ: "" أَ…"
katameros:863,reference,,,draft,0,,,فَلْيَرْفَعُوهُ في كَنِيسَةِ شَعْبِهِ، وَلْيُبَارِكُوهُ في مَجْلِسِ الشُّيوخِ. جَعَلَ أبوَّةً مِثْلَ الْخِرَافِ. يُبْصِ…
katameros:864,reference,,,draft,0,,,""" الْحَقَّ الْحَقَّ أَقُولُ لَكُمْ: إنَّ الَّذِي لا يَدْخُلُ مِنَ الْبَابِ إلى حَظِيرَةِ الْخِرَافِ، بَلْ يَطْلَعُ مِنْ…"
katameros:865,reference,,,draft,0,,,افْرَحُوا أيهَا الصِّدِّيقُونَ بِالرَّبِّ وَابْتَهِجُوا. وَافْتَخِرُوا يا جَمِيعَ مُسْتَقِيمِي الْقُلُوبِ. مِنْ أَجْلِ …
katameros:866,reference,,,draft,0,,,"وَكَانَتْ بَيْنَهُمْ أيْضاً مُشَاجَرَةٌ أنهُ مَنْ مِنْهُمْ يَكُونُ الأَكْبَرَ. فَقَالَ لَهُمْ: "" مُلُوكُ الأُمَمِ يَسُو…"
katameros:867,reference,,,draft,0,,,ابْتَهِجُوا أيهَا الصِّدِّيقُونَ بِالرَّبِّ. لِلْمُسْتَقِيمِينَ يَنْبَغِي التَّسْبِيحُ. طُوبَى لِلأُمَّةِ التِي الرَّبُ…
katameros:868,reference,,,draft,0,,,وَكَأنمَا إنْسَانٌ مُسَافِرٌ دَعَا عَبِيدَهُ وَسَلَّمَهُمْ أَمْوَالَهُ، فَأَعْطَى وَاحِداً خَمْسَ وَزَنَاتٍ، وَآخَرَ وَ…
katameros:869,reference,,,draft,0,,,اُذْكُرُوا مُدَبِّرِيكُم الَّذِينَ كَلَّمُوكُمْ بِكَلِمَةِ اللَّهِ. هؤلاءِ الَّذِينَ تَنْظُرُونَ إلى نِهَايَةِ سِيرَتِه…
katameros:87,reference,,,draft,0,,,لأنهُ هَكَذَا كَانَتْ قَدِيماً النِّسَاءُ الْقِدِّيسَاتُ الْمُتَوَكِّلاَتُ أيْضاً عَلَى اللَّهِ، يُزَيِّنَّ أَنْفُسَهُن…
katameros:870,reference,,,draft,0,,,أَطْلُبُ إلى الشُّيُوخِ الَّذِينَ بَيْنَكُمْ، أنا الشَّيْخَ شَرِيكَكُمْ، وَالشَّاهِدَ لآلاَمِ الْمَسِيحِ، وَشَرِيكَ الْ…
katameros:871,reference,,,draft,0,,,فَسَكَتَ الْجُمْهُورُ كُلُّهُ. وَكَانُوا يَسْمَعُونَ بَرْنَابَا وَبُولُسَ يُحَدِّثَانِ بِجَمِيعِ مَا صَنَعَ اللَّهُ مِن…
katameros:872,reference,,,draft,0,,,كَهَنَتُكَ يَلْبَسُونَ الْبِرَّ، وقِدِّيسُوكَ يَبْتَهِجُونَ مِنْ أَجْلِ دَاوُدَ عَبْدِكَ. اُذْكُرْ يَارَبُّ دَاودَ وَكُ…
katameros:873,reference,,,draft,0,,,"وَجَاءَ إلى كَفْرِنَاحُومَ. وَلَمَّا دَخَلَ إلى الْبَيْتِ سَأَلَهُمْ: "" في أَيِّ شَيْءٍ كُنْتُمْ تُفَكِّرُونَ في الطَّر…"
katameros:874,reference,,,draft,0,,,كَثِيرَةٌ هيَ أَحْزَانُ الصِّدِّيقِينَ، وَمِنْ جَمِيعِهَا يُنَجِّيهِمِ الرَّبُّ. يَحْفَظُ الرَّبُّ جَمِيعَ عِظَامِهِمْ.…
katameros:875,reference,,,draft,0,,,"حِينَئِذٍ قَالَ يَسُوعُ لِتَلامِيذِهِ: "" مَنْ أَرَادَ أنْ يَتْبَعْنِي فَلْيُنْكِرْ نَفْسَهُ وَيَحْمِلْ صَلِيبَهُ وَيَتْ…"
katameros:876,reference,,,draft,0,,,خَلاَصُ الصِّدِّيقِينَ مِنْ قِبَلِ الرَّبِّ، وَهُوَ نَاصِرُهُمْ في زَمَانِ الضِّيقِ. يُعِينُهُمُ الرَّبُّ وَيُنَجِّيهِم…
katameros:877,reference,,,draft,0,,,فَانْظُرُوا إلى نُفُوسِكُمْ. لأنهُمْ سَيُسَلِّمُونَكُمْ إلى مَجَالِسَ، وَسَيَضْربُونَكُمْ في الْمَحَافِلِ، وَتُوقَفُونَ…
katameros:878,reference,,,draft,0,,,أنَا نَفْسِي بُولُسُ أَطْلُبُ إلَيْكُمْ بِوَدَاعَةِ الْمَسِيحِ وَحِلْمِهِ، كَمَا أني ذَلِيلٌ بَيْنَكُمْ وَأمَامَكُمْ، و…
katameros:879,reference,,,draft,0,,,فَإذْ قَدْ تَألَّمَ الْمَسِيحُ بِالْجَسَدِ عَنَّا، تَسَلَّحُوا أَنْتُمْ أيْضاً بِهذَا الْمِثَالِ. فَإنَّ مَنْ تَألَّمَ …
katameros:88,reference,,,draft,0,,,وَلكِنْ حَدَثَ لَمَّا اسْتَكْمَلْنَا الأيامَ خَرَجْنَا وَمَشَيْنَا، وَهُمْ يُشَيِّعُونَنَا، مَعَ نِسَاءٍ أيْضاً وَأَوْل…
katameros:880,reference,,,draft,0,,,وَرَجَعَ بَرْنَابَا وَشَاوُلُ مِنْ أُورُشَلِيمَ بَعْدَ مَا كَمَّلاَ الْخِدْمَةَ، وَأَخَذَا مَعَهُمَا يُوحَنَّا أيْضاً ا…
katameros:881,reference,,,draft,0,,,نُورٌ أَشْرَقَ لِلصِّدِّيقِينَ، وَفَرَحٌ لِلْمُسْتَقِيمِينَ بِقَلْبِهِمْ. افْرَحُوا أيهَا الصِّدِّيقُونَ بِالرَّبِّ، وَ…
katameros:882,reference,,,draft,0,,,وَفِيمَا هُوَ يَقُولُ هذَا، ابْتَدَأَ الْكَتَبَةُ وَالْفَرِّيسِيُّونَ يَنْظُرُونَ رَدِيَّاً، وَيُكَلِّمُونَهُ في أُمُور…
katameros:883,reference,,,draft,0,,,افْرَحُوا أيهَا الصِّدِّيقُونَ بِالرَّبِّ وَتَهَلَّلُوا. لِلْمُسْتَقِيمِينَ يَنْبَغِي التَّسْبِيحُ. مِنْ أَجْلِ هذَا يَ…
katameros:884,reference,,,draft,0,,,وَكَأنمَا إنْسَانٌ مُسَافِرٌ دَعَا عَبِيدَهُ وَسَلَّمَهُمْ أَمْوَالَهُ، فَأَعْطَى وَاحِداً خَمْسَ وَزَنَاتٍ، وَآخَرَ وَ…
katameros:885,reference,,,draft,0,,,ابْتَهِجُوا أيهَا الصِّدِّيقُونَ بِالرَّبِّ. لِلْمُسْتَقِيمِينَ يَنْبَغِي التَّسْبِيحُ. طُوبَى لِلأُمَّةِ التِي الرَّبُ…
katameros:886,reference,,,draft,0,,,وَإذْ كَانُوا يَسْمَعُونَ هذَا عَادَ فَقَالَ مَثَلاً، لأنهُ كَانَ قَرِيباً مِنْ أُورُشَلِيمَ، وَكَانُوا يَظُنُّونَ أنَّ…
katameros:887,reference,,,draft,0,,,فإنَّ وَطَنِيَّتَنَا نَحنُ هيَ في السَّمَواتِ. ومِنْ هُناكَ نَنْتَظِرُ مُخَلِّصَنَا: رَبَّنَا يَسُوعَ الْمَسِيحَ، هذَا …
katameros:888,reference,,,draft,0,,,لا يَئِنَّ بَعْضُكُمْ عَلَى بَعْضٍ يا إخْوَتي لِئَلاَّ تُدَانُوا. هُوَذا الدَّيَّانُ وَاقِفٌ عَلَى الأبْوَابِ. خُذُوا ل…
katameros:889,reference,,,draft,0,,,أَمَّا الَّذِينَ تَشَتَّتُوا مِنَ الضِّيقِ الَّذِي حَلَّ عَلَى اسْتِفَانُوسَ فَأَتوْا إلى فِينِيقِيَةَ وَقُبْرُسَ وَأنْ…
katameros:89,reference,,,draft,0,,,يُدْخِلْنَ للْمَلِكِ عَذَارَى في إثْرِهَا. جَمِيعُ صَاحِبَاتِهَا لَهُ يُقَدَّمْنَ. يُدْخِلْنَهُنَّ بِفَرَحٍ وَابْتِهَاج…
katameros:890,reference,,,draft,0,,,كَثِيرَةٌ هِيَ أَحْزَانُ الصِّدِّيقِينَ، وَمِنْ جَمِيعِهَا يُنَجِّيهِمِ الرَّبُّ. وَالصِّدِّيقُونَ يَفْرَحُونَ وَيَتَهَ…
katameros:891,reference,,,draft,0,,,لاَ تَخَفْ، أَيهَا الْقَطِيعُ الصَّغِيرُ، فَإنَّ أَباكُمْ قَدْ سُرَّ أَنْ يُعْطِيَكُمُ الْمَلَكُوتَ. بِيعُوا أَمْتعَتَك…
katameros:892,reference,,,draft,0,,,رَفَعْتُ مُخْتَاراً مِنْ شَعْبِي. وَجَدْتُ دَاوُدَ عَبْدِي، مَسَحْتُهُ بِدُهْنٍ مُقَدَّسٍ، لأنَّ يَدِي تُعَضِّدُهُ.   ه…
katameros:893,reference,,,draft,0,,,لا تَظُنُّوا أني جِئْتُ لأُلْقِيَ سَلاَماً عَلَى الأَرْضِ، مَا جِئْتُ لأُلْقِيَ سَلاماً بَلْ سَيْفاً. فَإنِّي أَتَيْتُ …
katameros:894,reference,,,draft,0,,,كَهَنَتُكَ يَلْبَسُونَ الْبِرَّ، وقِدِّيسُوكَ يَبْتَهِجُونَ مِنْ أَجْلِ دَاوُدَ عَبْدِكَ. هَيَّأْتُ سِرَاجاً لِمَسِيحِي…
katameros:895,reference,,,draft,0,,,وَنَزَلَ مَعَهُمْ وَوَقَفَ في مَوْضِعٍ خَلاءٍ، مَعَ جَمْعٍ مِنْ تَلامِيذِهِ، وَجُمْهورٍ كَثِيرٍ مِنَ الشَّعْبِ، مِنْ جَ…
katameros:896,reference,,,draft,0,,,فَإنَّهُ يَصِيرُ إبْطَالُ الْوَصِيَّةِ الأُولَى مِنْ أَجْلِ ضَعْفِهَا وَعَدَمِ نَفْعِهَا، إذِ النَّامُوسُ لَمْ يُكَمِّل…
katameros:897,reference,,,draft,0,,,مِنَ الشَّيْخِ، إلى غَايُوسَ الْحَبِيبِ الَّذِي أنا أُحِبُّهُ بِالْحَقِّ. أيهَا الْحَبِيبُ، في كُلِّ شَيْءٍ أَرُومُ أَن…
katameros:898,reference,,,draft,0,,,"مِنْ بَعْدِ أيامٍ قَالَ بُولُسُ لِبَرْنَابَا: "" لِنَرْجِعْ وَنَتَفَقَّدِ الإخْوَةَ في كُلِّ مَدِينَةٍ بَشَّرْنَا فِيهَا…"
katameros:899,reference,,,draft,0,,,مُوسَى وَهَارُونُ في كَهَنَتِهِ، وَصَمُوئيلُ في الَّذِينَ يَدْعُونَ بِاسْمِهِ. كَانُوا يَدْعُونَ الرَّبَّ وَهُوَ كَانَ …
katameros:9,reference,,,draft,0,,,ثُمَّ رَجَعَ يَسُوعُ إلى الجَلِيلِ بِقُوَّةِ الرُّوحِ، وَذَاعَ الخَبَرُ عَنْهُ في تِلْكَ الكُورَةِ. وكَانَ هُوَ يُعَلِّ…
katameros:90,reference,,,draft,0,,,حِينَئِذٍ يُشْبِهُ مَلَكُوتُ السَّمَوَاتِ عَشْرَ عَذَارَى، أَخَذْنَ مَصَابِيحَهُنَّ وَخَرَجْنَ لِلِقَاءِ الْعَرِيسِ. وَ…
katameros:900,reference,,,draft,0,,,""" الْحَقَّ الْحَقَّ أَقُولُ لَكُمْ: إنَّكُمْ سَتَبْكُونَ وَتَنُوحُونَ وَالْعَالَمُ يَفْرَحُ. أَنْتُمْ سَتَحْزَنُونَ، وَ…"
katameros:901,reference,,,draft,0,,,ذِكْرُ الصِّدِّيقِ يَكُونُ إلى الأبدِ. وَلا يَخْشَى مِنَ السَّمَاعِ الْخَبِيثِ. وَبِرُّهُ دَائِمٌ إلى أَبدِ الأبدِ. يَر…
katameros:902,reference,,,draft,0,,,اسْهَرُوا إذَاً لأَنكُمْ لا تَعْلَمُونَ في أَيةِ سَاعَةٍ يَأتِي رَبكُمْ. وَاعْلَمُوا هَذَا: أنهُ لَوْ كَانَ رَبُّ الْبَ…
katameros:903,reference,,,draft,0,,,وَيَرْتَفِعُ قَرْنِي مِثْلَ وَحِيدِ القَرْنِ. وَشَيخُوخَتِي في دُهْنٍ دَسِمٍ. وَيَكُونُونَ بِمَا هُمْ مُسْتَريحونَ، يُخ…
katameros:904,reference,,,draft,0,,,وَإذْ كَانُوا يَسْمَعُونَ هذَا عَادَ فَقَالَ مَثَلاً، لأنهُ كَانَ قَرِيباً مِنْ أُورُشَلِيمَ، وَكَانُوا يَظُنُّونَ أنَّ…
katameros:905,reference,,,draft,0,,,مَاذا أقُولُ أيْضاً؟ لأنهُ يُعْوِزُنِي الوَقْتُ إنْ أَخْبَرْتُ عَنْ جِدْعُونَ، وَبَارَاقَ، وَشَمْشُونَ، وَيَفْتَاحَ، وَ…
katameros:906,reference,,,draft,0,,,لا يَئِنَّ بَعْضُكُمْ عَلَى بَعْضٍ يا إخْوَتي لِئَلاَّ تُدَانُوا. هُوَذا الدَّيَّانُ وَاقِفٌ عَلَى الأبْوَابِ. خُذُوا ل…
katameros:907,reference,,,draft,0,,,وَكَانَ يُوجَدُ يَهُودِيٌّ اسْمُهُ أَبلُّوسُ، إسْكَنْدَرِيُّ الْجِنْسِ، رَجُلٌ فَصِيحٌ قَدُمَ إلى أَفَسُسَ مُقْتَدِرٌ ف…
katameros:908,reference,,,draft,0,,,الصِّدِّيقُ كَالنَّخْلَةِ يُزْهِرُ، وَكَمِثْلِ أَرْزِ لُبْنَانَ يَنْمُو. مَغْرُوسِينَ في بَيْتِ الرَّبِّ، وفي دِيَارِ ب…
katameros:909,reference,,,draft,0,,,لاَ تَخَفْ، أَيهَا الْقَطِيعُ الصَّغِيرُ، فَإنَّ أَباكُمْ قَدْ سُرَّ أَنْ يُعْطِيَكُمُ الْمَلَكُوتَ. بِيعُوا أَمْتعَتَك…
katameros:91,reference,,,draft,0,,,قَدْ ارْتَسَمَ عَلَيْنَا نُورُ وَجْهِكَ يَارَبُّ. أَعْطيتَ سُرُوراً لِقَلْبِي؛ لأنكَ أنْتَ وَحْدَكَ يَارَبُّ، أَسْكَنْت…
katameros:910,reference,,,draft,0,,,طُوبَى لِمَنْ اخْتَرْتَهُ وَقَبِلْتَهُ، يَسْكُنُ في دِيَارِكَ إلى الأَبدِ. اسْتَجِبْ لَنَا يَا اللَّهُ مُخَلِّصُنَا، يَ…
katameros:911,reference,,,draft,0,,,اسْهَرُوا إذَاً لأَنكُمْ لا تَعْلَمُونَ في أَيةِ سَاعَةٍ يَأتِي رَبكُمْ. وَاعْلَمُوا هَذَا: أنهُ لَوْ كَانَ رَبُّ الْبَ…
katameros:912,reference,,,draft,0,,,الرَّبُّ يُعَضِّدُ الصِّدِّيقِينَ، يَعْرِفُ الرَّبُّ طَرِيقَ الَّذِينَ لا عَيْبَ فِيهِمْ. وَيَكُونُ مِيرَاثَهُمْ إلى ال…
katameros:913,reference,,,draft,0,,,اُنْظُرُوا، اسْهَرُوا وَصَلُّوا؛ لأَنكُمْ لا تَعْرفُونَ مَتَى يَكُونُ الْوَقْتُ. كَأنمَا إنْسَانٌ مسَافِرٌ تَرَكَ بَيْت…
katameros:914,reference,,,draft,0,,,"لأَنهُ إذَا قَالَ وَاحِدٌ: "" أَنا لِبُولُسَ "" وَآخَرُ: "" أَنا لأَبلُّوسَ "" أَفَلَسْتُمْ بَشَرِيِّينَ؟

فَمَنْ هُوَ أَبل…"
katameros:915,reference,,,draft,0,,,كَذلِكَ أَنْتُمْ أيهَا الشُّبَّانُ، اخْضَعُوا لِلشُّيُوخِ، وَكُونُوا جَمِيعاً مُتَسَرْبِلِينَ بِالتَّوَاضُعِ بَعْضُكُمْ…
katameros:916,reference,,,draft,0,,,وَكَانَ يُوجَدُ يَهُودِيٌّ اسْمُهُ أَبلُّوسُ، إسْكَنْدَرِيُّ الْجِنْسِ، رَجُلٌ فَصِيحٌ قَدُمَ إلى أَفَسُسَ مُقْتَدِرٌ ف…
katameros:917,reference,,,draft,0,,,فَمُ الصِّدِّيقِ يَتْلُو الْحِكْمَةَ، وَلِسَانُهُ يَنْطِقُ بِالْحُكْمِ. نَامُوسُ اللَّهِ في قَلْبِهِ. وَلا تَتَعَرْقَلُ…
katameros:918,reference,,,draft,0,,,"وَقَالَ أيْضاً لِتَلامِيذِهِ: "" كَانَ إنْسَانٌ غَنِيٌّ لَهُ وَكِيلٌ، فَوُشِيَ بِهِ إلَيْهِ بِأَنهُ يُبَذِّرُ أَمْوَالَه…"
katameros:919,reference,,,draft,0,,,ذِكْرُ الصِّدِّيقِ يَكُونُ إلى الأبدِ. وَلا يَخْشَى مِنَ السَّمَاعِ الْخَبِيثِ. وَبِرُّهُ دَائِمٌ إلى أَبدِ الأبدِ. يَر…
katameros:92,reference,,,draft,0,,,"حِينَئِذٍ قَالَ يَسُوعُ لِتَلامِيذِهِ: "" مَنْ أَرَادَ أنْ يَتْبَعْنِي فَلْيُنْكِرْ نَفْسَهُ وَيَحْمِلْ صَلِيبَهُ وَيَتْ…"
katameros:920,reference,,,draft,0,,,اسْهَرُوا إذَاً لأَنكُمْ لا تَعْلَمُونَ في أَيةِ سَاعَةٍ يَأتِي رَبكُمْ. وَاعْلَمُوا هَذَا: أنهُ لَوْ كَانَ رَبُّ الْبَ…
katameros:921,reference,,,draft,0,,,وَيَرْتَفِعُ قَرْنِي مِثْلَ وَحِيدِ القَرْنِ. وَشَيخُوخَتِي في دُهْنٍ دَسِمٍ. وَيَكُونُونَ بِمَا هُمْ مُسْتَريحونَ، يُخ…
katameros:922,reference,,,draft,0,,,وَإذْ كَانُوا يَسْمَعُونَ هذَا عَادَ فَقَالَ مَثَلاً، لأنهُ كَانَ قَرِيباً مِنْ أُورُشَلِيمَ، وَكَانُوا يَظُنُّونَ أنَّ…
katameros:923,reference,,,draft,0,,,مَاذا أقُولُ أيْضاً؟ لأنهُ يُعْوِزُنِي الوَقْتُ إنْ أَخْبَرْتُ عَنْ جِدْعُونَ، وَبَارَاقَ، وَشَمْشُونَ، وَيَفْتَاحَ، وَ…
katameros:924,reference,,,draft,0,,,لا يَئِنَّ بَعْضُكُمْ عَلَى بَعْضٍ يا إخْوَتي لِئَلاَّ تُدَانُوا. هُوَذا الدَّيَّانُ وَاقِفٌ عَلَى الأبْوَابِ. خُذُوا ل…
katameros:925,reference,,,draft,0,,,وَكَانَ يُوجَدُ يَهُودِيٌّ اسْمُهُ أَبلُّوسُ، إسْكَنْدَرِيُّ الْجِنْسِ، رَجُلٌ فَصِيحٌ قَدُمَ إلى أَفَسُسَ مُقْتَدِرٌ ف…
katameros:926,reference,,,draft,0,,,الصِّدِّيقُ كَالنَّخْلَةِ يُزْهِرُ، وَكَمِثْلِ أَرْزِ لُبْنَانَ يَنْمُو. مَغْرُوسِينَ في بَيْتِ الرَّبِّ، وفي دِيَارِ ب…
katameros:927,reference,,,draft,0,,,لاَ تَخَفْ، أَيهَا الْقَطِيعُ الصَّغِيرُ، فَإنَّ أَباكُمْ قَدْ سُرَّ أَنْ يُعْطِيَكُمُ الْمَلَكُوتَ. بِيعُوا أَمْتعَتَك…
katameros:928,reference,,,draft,0,,,قَدْ ارْتَسَمَ عَلَيْنَا نُورُ وَجْهِكَ يَارَبُّ. أَعْطيتَ سُرُوراً لِقَلْبِي؛ لأنكَ أنْتَ وَحْدَكَ يَارَبُّ، أَسْكَنْت…
katameros:929,reference,,,draft,0,,,"حِينَئِذٍ قَالَ يَسُوعُ لِتَلامِيذِهِ: "" مَنْ أَرَادَ أنْ يَتْبَعْنِي فَلْيُنْكِرْ نَفْسَهُ وَيَحْمِلْ صَلِيبَهُ وَيَتْ…"
katameros:93,reference,,,draft,0,,,يَفْتَخِرُ بِكَ كُلُّ الَّذِينَ يُحِبُّونَ اسْمَكَ؛ لأَنكَ أَنْتَ يَارَبُّ بَارَكْتَ الصِّدِّيقَ. مِثْلَ سِلاَحِ الْمَس…
katameros:930,reference,,,draft,0,,,يَفْتَخِرُ بِكَ كُلُّ الَّذِينَ يُحِبُّونَ اسْمَكَ؛ لأَنكَ أَنْتَ يَارَبُّ بَارَكْتَ الصِّدِّيقَ. مِثْلَ سِلاَحِ الْمَس…
katameros:931,reference,,,draft,0,,,لا تَظُنُّوا أني جِئْتُ لأُلْقِيَ سَلاَماً عَلَى الأَرْضِ، مَا جِئْتُ لأُلْقِيَ سَلاماً بَلْ سَيْفاً. فَإنِّي أَتَيْتُ …
katameros:932,reference,,,draft,0,,,لأني أَظُنُّ أنَّ آلامَ هذَا الزَّمَانِ الْحَاضِرِ لا تُقَاسُ بِالْمَجْدِ الْعَتِيدِ أنْ يُسْتَعْلَنَ فِينَا. لأنَّ انْ…
katameros:933,reference,,,draft,0,,,وَالنِّهَايَةُ، كُونُوا جَمِيعَاً بِرَأيٍ وَاحِدٍ، وَكُونُوا مُشْتَرِكِينَ في الآلامِ. وَكُونُوا مُحِبِّينَ الإخْوَةَ، …
katameros:934,reference,,,draft,0,,,وَحَدَثَ في ذَلِكَ الْوَقْتِ اضطرَابٌ لَيْسَ بِقَلِيلٍ بِسَبَبِ الطَّرِيقِ؛ لأنَّ وَاحداً اسْمُهُ دِيمِتْرِيُوس، صَائِغ…
katameros:935,reference,,,draft,0,,,عَجِيبٌ هُوَ اللَّهُ في قِدِّيسِيهِ. إلَهُ إسْرَائِيلَ هُوَ يُعْطِي قُوَّةً وَعِزَّاً لِشَعْبِهِ. وَالصِّدِّيقُونَ يَفْ…
katameros:936,reference,,,draft,0,,,وَلكِنْ أَقُولُ لَكُمْ يَا أَصْدِقَائِي: لا تَخَافُوا مِنَ الَّذِينَ يَقْتُلُونَ جَسَدَكُمْ، وَبَعْدَ ذلِكَ لَيْسَ لَهُ…
katameros:937,reference,,,draft,0,,,كَهَنَتُكَ يَلْبَسُونَ الْبِرَّ، وقِدِّيسُوكَ يَبْتَهِجُونَ مِنْ أَجْلِ دَاوُدَ عَبْدِكَ. هَيَّأْتُ سِرَاجاً لِمَسِيحِي…
katameros:938,reference,,,draft,0,,,وَكَانَ يَسُوعُ يَطُوفُ في كُلِّ الْجَلِيلِ يُعَلِّمُ في مَجَامِعِهِمْ، وَيَكْرِزُ بِبِشَارَةِ الْمَلَكُوتِ، وَيَشْفِي …
katameros:939,reference,,,draft,0,,,"أَقْسَمَ الرَّبُّ وَلَنْ يَنْدَمَ: "" إِنَّكَ أَنْتَ هُوَ الْكَاهِنُ إلى الأَبدِ عَلَى طَقْسِ مَلْشِيصَادَقَ "". الرَّبُّ…"
katameros:94,reference,,,draft,0,,,لا تَظُنُّوا أني جِئْتُ لأُلْقِيَ سَلاَماً عَلَى الأَرْضِ، مَا جِئْتُ لأُلْقِيَ سَلاماً بَلْ سَيْفاً. فَإنِّي أَتَيْتُ …
katameros:940,reference,,,draft,0,,,وَنَزَلَ مَعَهُمْ وَوَقَفَ في مَوْضِعٍ خَلاءٍ، مَعَ جَمْعٍ مِنْ تَلامِيذِهِ، وَجُمْهورٍ كَثِيرٍ مِنَ الشَّعْبِ، مِنْ جَ…
katameros:941,reference,,,draft,0,,,وَأَمَّا أَنْتَ فَقَدْ اتَّبَعْتَ تَعْلِيمِي، وَمَثَالِي، وَرَسْمِي الأَوَّلَ، وَإيمَانِي، وَأَنَاتِي، وَمَحَبَّتِي، وَ…
katameros:942,reference,,,draft,0,,,أَطْلُبُ إلى الشُّيُوخِ الَّذِينَ بَيْنَكُمْ، أنا الشَّيْخَ شَرِيكَكُمْ، وَالشَّاهِدَ لآلاَمِ الْمَسِيحِ، وَشَرِيكَ الْ…
katameros:943,reference,,,draft,0,,,"وَمِنْ مِيلِيتُسَ أَرْسَلَ إلى أَفَسُسَ وَاسْتَدْعَى أحْبَارَ الْكَنِيسَةِ. فَلَمَّا جَاءُوا إلَيْهِ قَالَ لَهُمْ: "" أَ…"
katameros:944,reference,,,draft,0,,,أَمْسَكْتَ بِيَدِي الْيُمْنَى. وَبِمَشُورَتِكَ هَدَيْتَنِي وَبِالْمَجْدِ قَبِلْتَنِي. وَأنا خَيْرٌ لِي الالْتِصَاقُ بِا…
katameros:945,reference,,,draft,0,,,""" الْحَقَّ الْحَقَّ أَقُولُ لَكُمْ: إنَّ الَّذِي لا يَدْخُلُ مِنَ الْبَابِ إلى حَظِيرَةِ الْخِرَافِ، بَلْ يَطْلَعُ مِنْ…"
katameros:946,reference,,,draft,0,,,إلَهُنَا هُوَ مَلْجَأُنَا وَقُوَّتُنَا، وَمُعِينُنَا في شَدَائِدِنَا التي أصَابَتْنَا جِدّاً. الرَّبُّ إلهُ الْقُوَّاتِ…
katameros:947,reference,,,draft,0,,,وَفِيمَا هُوَ يَجْتَازُ عِنْدَ شَاطِئِ بَحْرِ الْجَلِيلِ أَبْصَرَ سِمْعَانَ وَأنْدَرَاوُسَ أَخَاهُ يُلْقِيَانِ شَبَكَةً…
katameros:948,reference,,,draft,0,,,سَبِّحِي يَا نَفْسِي الرَّبَّ. أُسَبِّحُ الرَّبَّ في حَيَاتِي. طُوبَى لِمَنْ إلهُ يَعْقُوبَ مُعِينُهُ. وَاتِّكَالُهُ عَ…
katameros:949,reference,,,draft,0,,,وَإذْ كَانَ مَاشِياً عَلَى شَاطِئِ بَحْرِ الْجَلِيلِ أَبْصَرَ أَخَوَيْنِ: سِمْعَانَ الَّذي يُقَالُ لَهُ بُطْرُسُ، وَأَن…
katameros:95,reference,,,draft,0,,,لأني أَظُنُّ أنَّ آلامَ هذَا الزَّمَانِ الْحَاضِرِ لا تُقَاسُ بِالْمَجْدِ الْعَتِيدِ أنْ يُسْتَعْلَنَ فِينَا. لأنَّ انْ…
katameros:950,reference,,,draft,0,,,بُولُسُ، رَسُولٌ لا مِنَ النَّاسِ وَلا بِإنْسَانٍ، بَلْ بِيَسُوعَ الْمَسِيحِ وَاللَّهِ الآبِ الَّذِي أَقَامَهُ مِنْ بَي…
katameros:951,reference,,,draft,0,,,يَعْقُوبُ، عَبْدُ اللَّهِ وَرَبِّنَا يَسُوعَ الْمَسِيحِ، يُهْدِي السَّلامَ إلَى الاثْنَيْ عَشَرَ سِبْطاً الَّذِينَ في ا…
katameros:952,reference,,,draft,0,,,"وَبَعْدَمَا سَكَتَا، أَجَابَ يَعْقُوبُ قَائِلاً: "" أيهَا الرِّجَالُ إخْوَتُنَا، اسْمَعُونِي. سِمْعَانُ قَدْ أَخْبَرَ كَ…"
katameros:953,reference,,,draft,0,,,إذْ أَقَامَ الشَّهَادَةَ في يَعْقُوبَ، وَوَضَعَ النَّامُوسَ في إسْرَائِيلَ. لأني أَنَا قَدْ عَلِمْتُ أنَّ الرَّبَّ عَظِ…
katameros:954,reference,,,draft,0,,,"وَتَقَدَّمَ إلَيْهِ يَعْقُوبُ وَيُوحَنَّا ابْنَا زَبْدِي قَائِلَيْنِ لَهُ: "" يَا مُعَلِّمُ، نُرِيدُ أنْ تَفْعَلَ لَنَا …"
katameros:955,reference,,,draft,0,,,أَقَامَ عَلَى الصَّخْرَةِ رِجْلَيَّ. وَسَهَّلَ خُطُوَاتِي. وَجَعَلَ في فَمِي تَسْبِيحَاً جَدِيدَاً، وَسُبْحَاً لإلهِنَا…
katameros:956,reference,,,draft,0,,,لأنهُ يُوجَدُ كَثِيرُونَ سَيَقُولُونَ لِي في ذلِكَ الْيَوْمِ: يَارَبُّ، يَارَبُّ! أَلَيْسَ بِاسْمِكَ تَنَبَّأْنا، وَبِا…
katameros:957,reference,,,draft,0,,,حَقِّي وَرَحْمَتِي مَعَهُ، وَبِاسْمِي يَرْتَفِع قَرْنُهُ. حِينَئِذٍ بِالْوَحِيِّ تَكَلَّمْتُ مَعَ بَنِيِكَ، وَقُلْتُ: إ…
katameros:958,reference,,,draft,0,,,"فَقَالَ لَهُ وَاحِدٌ: "" يَارَبُّ، أَقَلِيلٌ هُمُ الَّذِينَ يَخْلُصُونَ؟ "". فَقَالَ لَهُمُ: "" اجْتَهِدُوا أنْ تَدْخُلُوا…"
katameros:959,reference,,,draft,0,,,وَأنَا أيْضاً أيهَا الإخْوَةُ لَمْ أَسْتَطِعْ أنْ أُكَلِّمَكُمْ كَرُوحِيِّينَ، بَلْ كَجَسَدِيِّينَ كَأَطْفَالٍ في الْمَ…
katameros:96,reference,,,draft,0,,,وَالنِّهَايَةُ، كُونُوا جَمِيعَاً بِرَأيٍ وَاحِدٍ، وَكُونُوا مُشْتَرِكِينَ في الآلامِ. وَكُونُوا مُحِبِّينَ الإخْوَةَ، …
katameros:960,reference,,,draft,0,,,سِمْعَانُ بُطْرُسُ عَبْدُ يَسُوعَ الْمَسِيحِ وَرَسُولُهُ، إلى الَّذِينَ نَالُوا مَعَنَا إيمَاناً مُكَرَّمَاً مُسَاوِياً…
katameros:961,reference,,,draft,0,,,"وَبَعْدَمَا سَكَتَا، أَجَابَ يَعْقُوبُ قَائِلاً: "" أيهَا الرِّجَالُ إخْوَتُنَا، اسْمَعُونِي. سِمْعَانُ قَدْ أَخْبَرَ كَ…"
katameros:962,reference,,,draft,0,,,اِسْتَمِعْ يَا اللَّهُ طِلْبَتِي، أصْغِ إلى صَلاَتِي. عَلَى الصَّخْرَةِ رَفَعْتَنِي وَأَرْشَدْتَنِي. صِرْتَ رَجَائِي وَ…
katameros:963,reference,,,draft,0,,,"وَكَانَ جُمُوعٌ كَثِيرَةٌ سَائِرِينَ مَعَهُ، فَالْتَفَتَ وَقَالَ لَهُمْ: "" مَنْ يَأتِي إلَيَّ وَلا يُبْغِضُ أباهُ وَأُم…"
katameros:964,reference,,,draft,0,,,اِعْتَرِفُوا لِلرَّبِّ وَادْعُوا بِاسْمِهِ. نَادُوا في الأُمَمِ بِأَعْمَالِهِ. سَبِّحُوه وَرَتِّلُوا لَهُ، حَدِّثُوا بِ…
katameros:965,reference,,,draft,0,,,ودَعَا الاثْنَيْ عَشَرَ رَسُولاً، وَأَعْطَاهُمْ قُوَّةً وَسُلْطَاناً عَلَى جَمِيعِ الشَّيَاطِينِ وَشِفَاءِ الأمْرَاضِ، …
katameros:966,reference,,,draft,0,,,مِنْ قِبَلِهِ رَأُوْا مَسَالِكَكَ يا اللَّهُ. مَسَالِكَ إلَهِي. بَارِكُوا اللَّهَ في الْكَنَائِسِ، وَالرَّبَّ مِنْ يَنَ…
katameros:967,reference,,,draft,0,,,"فَقَالَ الرُّسُلُ لِلرَّبِّ: "" زِدْ إيمَانَنَا‍! "". فَقَالَ الرَّبُّ: "" لَوْ كَانَ لَكُمْ إيمَانٌ مِثْلُ حَبَّةِ خَرْدَ…"
katameros:968,reference,,,draft,0,,,كُونُوا مُوَاظِبِينَ عَلَى الصَّلاةِ سَاهِرِينَ فِيهَا بِالشُّكْرِ، مُصَلِّينَ في ذلِكَ لأَجْلِنَا نَحْنُ أيْضاً، لِكَي…
katameros:969,reference,,,draft,0,,,كُونُوا مُسْتَعِدِّينَ في كُلِّ حِينٍ لِمُجَاوَبَةِ كُلِّ مَنْ يَسْأَلُكُمْ كَلِمَةً عَنْ سَبَبِ الرَّجَاءِ الَّذِي فِي…
katameros:97,reference,,,draft,0,,,وَحَدَثَ في ذَلِكَ الْوَقْتِ اضطرَابٌ لَيْسَ بِقَلِيلٍ بِسَبَبِ الطَّرِيقِ؛ لأنَّ وَاحداً اسْمُهُ دِيمِتْرِيُوس، صَائِغ…
katameros:970,reference,,,draft,0,,,الْكَلاَمُ الأوَّلُ أَنْشَأْتُهُ يَا ثَاؤفِيلُسُ، عَنْ جَمِيعِ مَا ابْتَدَأَ يَسُوعُ يَفْعَلُهُ وَيُعَلِّمُ بِهِ، إلى ا…
katameros:971,reference,,,draft,0,,,سَبِّحوا الرَّبَّ، وَبَارِكُوا اسْمَهُ، بَشِّرُوا مِنْ يَوْمٍ إلى يَوْمٍ بِخَلاصِهِ. أَخْبِرُوا في الأُمَمِ بِمَجْدِهِ.…
katameros:972,reference,,,draft,0,,,وَبَعَدَ ذلِكَ عَيَّنَ الرَّبُّ سَبْعِينَ آخَرِينَ، وَأَرْسَلَهُمُ اثْنَيْنِ اثْنَيْنِ أمَامَ وَجْهِهِ إلى كُلِّ مَدِين…
katameros:973,reference,,,draft,0,,,رَفَعْتُ مُخْتَاراً مِنْ شَعْبِي. وَجَدْتُ دَاوُدَ عَبْدِي، مَسَحْتُهُ بِدُهْنٍ مُقَدَّسٍ، لأنَّ يَدِي تُعَضِّدُهُ.   ه…
katameros:974,reference,,,draft,0,,,لا تَظُنُّوا أني جِئْتُ لأُلْقِيَ سَلاَماً عَلَى الأَرْضِ، مَا جِئْتُ لأُلْقِيَ سَلاماً بَلْ سَيْفاً. فَإنِّي أَتَيْتُ …
katameros:975,reference,,,draft,0,,,كَهَنَتُكَ يَلْبَسُونَ الْبِرَّ، وقِدِّيسُوكَ يَبْتَهِجُونَ مِنْ أَجْلِ دَاوُدَ عَبْدِكَ. هَيَّأْتُ سِرَاجاً لِمَسِيحِي…
katameros:976,reference,,,draft,0,,,وَنَزَلَ مَعَهُمْ وَوَقَفَ في مَوْضِعٍ خَلاءٍ، مَعَ جَمْعٍ مِنْ تَلامِيذِهِ، وَجُمْهورٍ كَثِيرٍ مِنَ الشَّعْبِ، مِنْ جَ…
katameros:977,reference,,,draft,0,,,فَإنَّهُ يَصِيرُ إبْطَالُ الْوَصِيَّةِ الأُولَى مِنْ أَجْلِ ضَعْفِهَا وَعَدَمِ نَفْعِهَا، إذِ النَّامُوسُ لَمْ يُكَمِّل…
katameros:978,reference,,,draft,0,,,مِنَ الشَّيْخِ، إلى غَايُوسَ الْحَبِيبِ الَّذِي أنا أُحِبُّهُ بِالْحَقِّ. أيهَا الْحَبِيبُ، في كُلِّ شَيْءٍ أَرُومُ أَن…
katameros:979,reference,,,draft,0,,,"مِنْ بَعْدِ أيامٍ قَالَ بُولُسُ لِبَرْنَابَا: "" لِنَرْجِعْ وَنَتَفَقَّدِ الإخْوَةَ في كُلِّ مَدِينَةٍ بَشَّرْنَا فِيهَا…"
katameros:98,reference,,,draft,0,,,عَجِيبٌ هُوَ اللَّهُ في قِدِّيسِيهِ. إلَهُ إسْرَائِيلَ هُوَ يُعْطِي قُوَّةً وَعِزَّاً لِشَعْبِهِ. وَالصِّدِّيقُونَ يَفْ…
katameros:980,reference,,,draft,0,,,مُوسَى وَهَارُونُ في كَهَنَتِهِ، وَصَمُوئيلُ في الَّذِينَ يَدْعُونَ بِاسْمِهِ. كَانُوا يَدْعُونَ الرَّبَّ وَهُوَ كَانَ …
katameros:981,reference,,,draft,0,,,""" الْحَقَّ الْحَقَّ أَقُولُ لَكُمْ: إنَّكُمْ سَتَبْكُونَ وَتَنُوحُونَ وَالْعَالَمُ يَفْرَحُ. أَنْتُمْ سَتَحْزَنُونَ، وَ…"
katameros:982,reference,,,draft,0,,,"لَمْ يَتْرُكْ إنْسَاناً يَظْلِمُهُمْ، وَبَكَّتَ ملوكاً مِنْ أجْلِهمْ، قَائِلاً: "" لا تَمَسُّوا مُسَحَائي، وَلا تُسِيئوا…"
katameros:983,reference,,,draft,0,,,وَفِيمَا هُوَ يَتَكَلَّمُ سَألَهُ فَرِّيسِيٌّ أنْ يَأْكُلَ عِنْدَهُ، فَدَخَلَ وَاتَّكَأَ. وَأمَّا الفَرِّيسِيُّ لَمَّا …
katameros:984,reference,,,draft,0,,,أَرْسَلَ مُوسَى عَبْدَهُ وَهارُونَ الَّذِي اخْتَارَهُ، جَعَلَ فِيهِمَا أَقْوَالَ آيَاتِهِ وَعَجَائِبِهِ، كَيْ يَحْفَظُو…
katameros:985,reference,,,draft,0,,,وَبَعْدَ سِتَّةِ أيامٍ أخَذَ يَسُوعُ بُطْرُسَ وَيَعْقُوبَ وَيُوحَنَّا أخَاهُ وَأَصْعَدَهُمْ عَلَى جَبَلٍ عَالٍ مُنْفَرِ…
katameros:986,reference,,,draft,0,,,بِالإيمَانِ قَرَّبَ إبْرَاهِيمُ إسْحَقَ حِينَ جُرِّبَ. وَقَرَّبَ ابْنَهُ الوَحِيدَ ذَاكَ الَّذِي قَبِلَ الْمَوَاعِيدَ ب…
katameros:987,reference,,,draft,0,,,وَثَابِتٌ عِنْدَنَا كَلامُ الأنبِيَاءِ، هذَا الَّذِي هُوَ نِعْمَ مَا تَصْنَعُونَهُ إذَا تَأمَّلْتُمْ إلَيْهِ، كَمِثْلِ …
katameros:988,reference,,,draft,0,,,لأنَّ مُوسَى مُنْذُ الأجْيَالِ الْقَدِيمَةِ، لَهُ في كُلِّ مَدِينَةٍ مَنْ يَكْرِزُ بِهِ، إذْ يُقْرَأُ  في الْمَجَامِعِ …
katameros:989,reference,,,draft,0,,,مُوسَى وَهَارُونُ في كَهَنَتِهِ، وَصَمُوئيلُ في الَّذِينَ يَدْعُونَ بِاسْمِهِ. كَانُوا يَدْعُونَ الرَّبَّ وَهُوَ كَانَ …
katameros:99,reference,,,draft,0,,,وَلكِنْ أَقُولُ لَكُمْ يَا أَصْدِقَائِي: لا تَخَافُوا مِنَ الَّذِينَ يَقْتُلُونَ جَسَدَكُمْ، وَبَعْدَ ذلِكَ لَيْسَ لَهُ…
katameros:990,reference,,,draft,0,,,الْوَيْلُ لَكُمْ أيهَا الكَتَبَةُ والْفَرِّيسِيُّونَ الْمُرَاؤُونَ! لأنكُمْ تُغْلِقُونَ مَلَكُوتَ السَّمَوَاتِ قُدَّامَ…
katameros:991,reference,,,draft,0,,,الرَّبُّ يُعْطِي كَلِمَةً للمُبشِّرِينَ، بِقُوَّةٍ عَظِيمَةٍ. عَجِيبٌ هُوَ اللَّهُ في قِدِّيسِيهِ. إلَهُ إسْرَائِيلَ هُ…
katameros:992,reference,,,draft,0,,,فَانْطَلَقَ يَسُوعُ مَعَ تَلامِيذِهِ إلى عَبْرِ الْبَحْرِ، وَتَبِعَهُ جَمْعٌ كَثِيرٌ مِنَ الْجَلِيلِ وَمِنَ الْيَهُودِي…
katameros:993,reference,,,draft,0,,,قدِّيسُوكَ يُبَارِكُونَكَ. وَمَجْدَ مُلْكِكَ يَصِفُونَ. وَبِقُوَّتِكَ يَنْطقُونَ. لِيُظْهِرُوا لِبَنِي البَشَرِ قُدْرَت…
katameros:994,reference,,,draft,0,,,وَفي تِلْكَ الأيامِ خَرَجَ إلى الْجَبَلِ لِيُصَلِّيَ. وَكَانَ سَاهِراً في الصَّلاَةِ لِلَّهِ.  وَلَمَّا كَانَ النَّهَار…
katameros:995,reference,,,draft,0,,,لأنَّ غَايَةَ النَّامُوسِ هيَ: الْمَسِيحُ لِلْبِرِّ لِكُلِّ مَنْ يُؤْمِنُ؛ لأنَّ مُوسَى كَتَبَ في الْبِرِّ الَّذِي مِنَ…
katameros:996,reference,,,draft,0,,,لِذلِكَ سَوْفَ أُذَكِّرُكُمْ في كُلِّ حِينٍ بِهذِهِ الأُمُورِ، وَلَوْ إنَّكُمْ عَالِمُونَ وَثَابِتُونَ في الْحَقِّ الْح…
katameros:997,reference,,,draft,0,,,وَصَعِدَ بُطْرُسُ وَيُوحَنَّا إلى الْهَيْكَلِ في وَقْتِ صَلاةِ السَّاعَةِ التَّاسِعَةِ. وَكَانَ رَجُلٌ أَعْرَجُ مِنْ بَ…
katameros:998,reference,,,draft,0,,,السَّمَوَاتُ تُذِيعُ مَجْدَ اللَّهِ، الْفَلَكُ يُخْبِرُ بِعَمَلِ يَدَيْهِ. في كُلِّ الأَرْضِ خَرَجَ مَنْطِقُهُمْ. وَإلى…
katameros:999,reference,,,draft,0,,,ثُمَّ دَعَا تَلاَمِيذَهُ الاثْنَيْ عَشَرَ وَأَعْطَاهُمْ سُلْطَاناً عَلَى أَرْوَاحٍ نَجِسَةٍ حَتَّى يُخْرِجُوهَا وَيَشْف…
